[2026-10-05T16:35:55.493+0000] {manager.py:470} INFO - Processing files using up to 2 processes at a time 
[2026-10-05T16:35:55.497+0000] {manager.py:471} INFO - Process each file at most once every 30 seconds
[2026-10-05T16:35:55.498+0000] {manager.py:472} INFO - Checking for new files in /opt/airflow/dags every 300 seconds
[2026-10-05T16:35:55.500+0000] {manager.py:737} INFO - Searching for files in /opt/airflow/dags
[2026-10-05T16:35:55.508+0000] {manager.py:740} INFO - There are 0 files in /opt/airflow/dags
[2026-10-05T16:36:36.439+0000] {manager.py:470} INFO - Processing files using up to 2 processes at a time 
[2026-10-05T16:36:36.441+0000] {manager.py:471} INFO - Process each file at most once every 30 seconds
[2026-10-05T16:36:36.442+0000] {manager.py:472} INFO - Checking for new files in /opt/airflow/dags every 300 seconds
[2026-10-05T16:36:36.443+0000] {manager.py:737} INFO - Searching for files in /opt/airflow/dags
[2026-10-05T16:36:36.447+0000] {manager.py:740} INFO - There are 0 files in /opt/airflow/dags
[2026-10-05T16:37:29.420+0000] {manager.py:470} INFO - Processing files using up to 2 processes at a time 
[2026-10-05T16:37:29.422+0000] {manager.py:471} INFO - Process each file at most once every 30 seconds
[2026-10-05T16:37:29.423+0000] {manager.py:472} INFO - Checking for new files in /opt/airflow/dags every 300 seconds
[2026-10-05T16:37:29.425+0000] {manager.py:737} INFO - Searching for files in /opt/airflow/dags
[2026-10-05T16:37:29.436+0000] {manager.py:740} INFO - There are 0 files in /opt/airflow/dags
[2026-10-05T16:40:55.924+0000] {manager.py:737} INFO - Searching for files in /opt/airflow/dags
[2026-10-05T16:40:55.959+0000] {manager.py:740} INFO - There are 0 files in /opt/airflow/dags
[2026-10-05T16:41:36.956+0000] {manager.py:737} INFO - Searching for files in /opt/airflow/dags
[2026-10-05T16:41:36.974+0000] {manager.py:740} INFO - There are 0 files in /opt/airflow/dags
[2026-10-05T16:42:29.933+0000] {manager.py:737} INFO - Searching for files in /opt/airflow/dags
[2026-10-05T16:42:29.955+0000] {manager.py:740} INFO - There are 0 files in /opt/airflow/dags
[2026-10-05T16:45:56.302+0000] {manager.py:737} INFO - Searching for files in /opt/airflow/dags
[2026-10-05T16:45:56.329+0000] {manager.py:740} INFO - There are 0 files in /opt/airflow/dags
[2026-10-05T16:46:37.318+0000] {manager.py:737} INFO - Searching for files in /opt/airflow/dags
[2026-10-05T16:46:37.337+0000] {manager.py:740} INFO - There are 0 files in /opt/airflow/dags
[2026-10-05T16:47:30.282+0000] {manager.py:737} INFO - Searching for files in /opt/airflow/dags
[2026-10-05T16:47:30.291+0000] {manager.py:740} INFO - There are 0 files in /opt/airflow/dags
[2026-10-05T16:50:56.677+0000] {manager.py:737} INFO - Searching for files in /opt/airflow/dags
[2026-10-05T16:50:56.689+0000] {manager.py:740} INFO - There are 0 files in /opt/airflow/dags
[2026-10-05T16:51:37.683+0000] {manager.py:737} INFO - Searching for files in /opt/airflow/dags
[2026-10-05T16:51:37.695+0000] {manager.py:740} INFO - There are 0 files in /opt/airflow/dags
[2026-10-05T16:52:30.635+0000] {manager.py:737} INFO - Searching for files in /opt/airflow/dags
[2026-10-05T16:52:30.650+0000] {manager.py:740} INFO - There are 0 files in /opt/airflow/dags
[2026-10-05T16:55:56.997+0000] {manager.py:737} INFO - Searching for files in /opt/airflow/dags
[2026-10-05T16:55:57.009+0000] {manager.py:740} INFO - There are 0 files in /opt/airflow/dags
[2026-10-05T16:56:38.019+0000] {manager.py:737} INFO - Searching for files in /opt/airflow/dags
[2026-10-05T16:56:38.030+0000] {manager.py:740} INFO - There are 0 files in /opt/airflow/dags
[2026-10-05T16:57:30.981+0000] {manager.py:737} INFO - Searching for files in /opt/airflow/dags
[2026-10-05T16:57:30.991+0000] {manager.py:740} INFO - There are 0 files in /opt/airflow/dags
[2026-10-05T17:00:57.345+0000] {manager.py:737} INFO - Searching for files in /opt/airflow/dags
[2026-10-05T17:00:57.356+0000] {manager.py:740} INFO - There are 0 files in /opt/airflow/dags
[2026-10-05T17:01:38.338+0000] {manager.py:737} INFO - Searching for files in /opt/airflow/dags
[2026-10-05T17:01:38.348+0000] {manager.py:740} INFO - There are 0 files in /opt/airflow/dags
[2026-10-05T17:02:31.323+0000] {manager.py:737} INFO - Searching for files in /opt/airflow/dags
[2026-10-05T17:02:31.333+0000] {manager.py:740} INFO - There are 0 files in /opt/airflow/dags
[2026-10-05T17:05:58.343+0000] {manager.py:737} INFO - Searching for files in /opt/airflow/dags
[2026-10-05T17:05:58.409+0000] {manager.py:740} INFO - There are 1 files in /opt/airflow/dags
[2026-10-05T17:06:04.687+0000] {manager.py:878} INFO - 
================================================================================
DAG File Processing Stats

File Path                               PID    Runtime      # DAGs    # Errors  Last Runtime    Last Run
--------------------------------------  -----  ---------  --------  ----------  --------------  -------------------
/opt/airflow/dags/daily_summary_dag.py                           1           0  1.95s           2026-10-05T17:06:00
================================================================================
[2026-10-05T17:06:34.897+0000] {manager.py:878} INFO - 
================================================================================
DAG File Processing Stats

File Path                               PID    Runtime      # DAGs    # Errors  Last Runtime    Last Run
--------------------------------------  -----  ---------  --------  ----------  --------------  -------------------
/opt/airflow/dags/daily_summary_dag.py                           1           0  0.21s           2026-10-05T17:06:31
================================================================================
[2026-10-05T17:06:38.492+0000] {manager.py:737} INFO - Searching for files in /opt/airflow/dags
[2026-10-05T17:06:38.562+0000] {manager.py:740} INFO - There are 1 files in /opt/airflow/dags
[2026-10-05T17:06:46.013+0000] {manager.py:878} INFO - 
================================================================================
DAG File Processing Stats

File Path                               PID    Runtime      # DAGs    # Errors  Last Runtime    Last Run
--------------------------------------  -----  ---------  --------  ----------  --------------  -------------------
/opt/airflow/dags/daily_summary_dag.py                           1           0  1.06s           2026-10-05T17:06:39
================================================================================
[2026-10-05T17:07:05.243+0000] {manager.py:878} INFO - 
================================================================================
DAG File Processing Stats

File Path                               PID    Runtime      # DAGs    # Errors  Last Runtime    Last Run
--------------------------------------  -----  ---------  --------  ----------  --------------  -------------------
/opt/airflow/dags/daily_summary_dag.py                           1           0  0.21s           2026-10-05T17:07:01
================================================================================
[2026-10-05T17:07:16.208+0000] {manager.py:878} INFO - 
================================================================================
DAG File Processing Stats

File Path                               PID    Runtime      # DAGs    # Errors  Last Runtime    Last Run
--------------------------------------  -----  ---------  --------  ----------  --------------  -------------------
/opt/airflow/dags/daily_summary_dag.py                           1           0  0.15s           2026-10-05T17:07:10
================================================================================
[2026-10-05T17:07:31.781+0000] {manager.py:737} INFO - Searching for files in /opt/airflow/dags
[2026-10-05T17:07:31.855+0000] {manager.py:740} INFO - There are 1 files in /opt/airflow/dags
[2026-10-05T17:07:35.622+0000] {manager.py:878} INFO - 
================================================================================
DAG File Processing Stats

File Path                               PID    Runtime      # DAGs    # Errors  Last Runtime    Last Run
--------------------------------------  -----  ---------  --------  ----------  --------------  -------------------
/opt/airflow/dags/daily_summary_dag.py                           1           0  0.18s           2026-10-05T17:07:31
================================================================================
[2026-10-05T17:07:38.320+0000] {manager.py:878} INFO - 
================================================================================
DAG File Processing Stats

File Path                               PID    Runtime      # DAGs    # Errors  Last Runtime    Last Run
--------------------------------------  -----  ---------  --------  ----------  --------------  -------------------
/opt/airflow/dags/daily_summary_dag.py                           1           0  1.02s           2026-10-05T17:07:33
================================================================================
[2026-10-05T17:07:46.490+0000] {manager.py:878} INFO - 
================================================================================
DAG File Processing Stats

File Path                               PID    Runtime      # DAGs    # Errors  Last Runtime    Last Run
--------------------------------------  -----  ---------  --------  ----------  --------------  -------------------
/opt/airflow/dags/daily_summary_dag.py                           1           0  0.15s           2026-10-05T17:07:40
================================================================================
[2026-10-05T17:08:05.974+0000] {manager.py:878} INFO - 
================================================================================
DAG File Processing Stats

File Path                               PID    Runtime      # DAGs    # Errors  Last Runtime    Last Run
--------------------------------------  -----  ---------  --------  ----------  --------------  -------------------
/opt/airflow/dags/daily_summary_dag.py                           1           0  0.16s           2026-10-05T17:08:02
================================================================================
[2026-10-05T17:08:08.511+0000] {manager.py:878} INFO - 
================================================================================
DAG File Processing Stats

File Path                               PID    Runtime      # DAGs    # Errors  Last Runtime    Last Run
--------------------------------------  -----  ---------  --------  ----------  --------------  -------------------
/opt/airflow/dags/daily_summary_dag.py                           1           0  0.13s           2026-10-05T17:08:03
================================================================================
[2026-10-05T17:08:16.680+0000] {manager.py:878} INFO - 
================================================================================
DAG File Processing Stats

File Path                               PID    Runtime      # DAGs    # Errors  Last Runtime    Last Run
--------------------------------------  -----  ---------  --------  ----------  --------------  -------------------
/opt/airflow/dags/daily_summary_dag.py                           1           0  0.13s           2026-10-05T17:08:10
================================================================================
[2026-10-05T17:08:36.274+0000] {manager.py:878} INFO - 
================================================================================
DAG File Processing Stats

File Path                               PID    Runtime      # DAGs    # Errors  Last Runtime    Last Run
--------------------------------------  -----  ---------  --------  ----------  --------------  -------------------
/opt/airflow/dags/daily_summary_dag.py                           1           0  0.14s           2026-10-05T17:08:32
================================================================================
[2026-10-05T17:08:38.771+0000] {manager.py:878} INFO - 
================================================================================
DAG File Processing Stats

File Path                               PID    Runtime      # DAGs    # Errors  Last Runtime    Last Run
--------------------------------------  -----  ---------  --------  ----------  --------------  -------------------
/opt/airflow/dags/daily_summary_dag.py                           1           0  0.14s           2026-10-05T17:08:33
================================================================================
[2026-10-05T17:08:46.931+0000] {manager.py:878} INFO - 
================================================================================
DAG File Processing Stats

File Path                               PID    Runtime      # DAGs    # Errors  Last Runtime    Last Run
--------------------------------------  -----  ---------  --------  ----------  --------------  -------------------
/opt/airflow/dags/daily_summary_dag.py                           1           0  0.14s           2026-10-05T17:08:40
================================================================================
[2026-10-05T17:09:06.468+0000] {manager.py:878} INFO - 
================================================================================
DAG File Processing Stats

File Path                               PID    Runtime      # DAGs    # Errors  Last Runtime    Last Run
--------------------------------------  -----  ---------  --------  ----------  --------------  -------------------
/opt/airflow/dags/daily_summary_dag.py                           1           0  0.13s           2026-10-05T17:09:02
================================================================================
[2026-10-05T17:09:08.970+0000] {manager.py:878} INFO - 
================================================================================
DAG File Processing Stats

File Path                               PID    Runtime      # DAGs    # Errors  Last Runtime    Last Run
--------------------------------------  -----  ---------  --------  ----------  --------------  -------------------
/opt/airflow/dags/daily_summary_dag.py                           1           0  0.14s           2026-10-05T17:09:04
================================================================================
[2026-10-05T17:09:17.133+0000] {manager.py:878} INFO - 
================================================================================
DAG File Processing Stats

File Path                               PID    Runtime      # DAGs    # Errors  Last Runtime    Last Run
--------------------------------------  -----  ---------  --------  ----------  --------------  -------------------
/opt/airflow/dags/daily_summary_dag.py                           1           0  0.14s           2026-10-05T17:09:11
================================================================================
[2026-10-05T17:09:36.724+0000] {manager.py:878} INFO - 
================================================================================
DAG File Processing Stats

File Path                               PID    Runtime      # DAGs    # Errors  Last Runtime    Last Run
--------------------------------------  -----  ---------  --------  ----------  --------------  -------------------
/opt/airflow/dags/daily_summary_dag.py                           1           0  0.16s           2026-10-05T17:09:32
================================================================================
[2026-10-05T17:09:39.239+0000] {manager.py:878} INFO - 
================================================================================
DAG File Processing Stats

File Path                               PID    Runtime      # DAGs    # Errors  Last Runtime    Last Run
--------------------------------------  -----  ---------  --------  ----------  --------------  -------------------
/opt/airflow/dags/daily_summary_dag.py                           1           0  0.14s           2026-10-05T17:09:34
================================================================================
[2026-10-05T17:09:47.405+0000] {manager.py:878} INFO - 
================================================================================
DAG File Processing Stats

File Path                               PID    Runtime      # DAGs    # Errors  Last Runtime    Last Run
--------------------------------------  -----  ---------  --------  ----------  --------------  -------------------
/opt/airflow/dags/daily_summary_dag.py                           1           0  0.12s           2026-10-05T17:09:41
================================================================================
[2026-10-05T17:10:06.945+0000] {manager.py:878} INFO - 
================================================================================
DAG File Processing Stats

File Path                               PID    Runtime      # DAGs    # Errors  Last Runtime    Last Run
--------------------------------------  -----  ---------  --------  ----------  --------------  -------------------
/opt/airflow/dags/daily_summary_dag.py                           1           0  0.15s           2026-10-05T17:10:03
================================================================================
[2026-10-05T17:10:09.430+0000] {manager.py:878} INFO - 
================================================================================
DAG File Processing Stats

File Path                               PID    Runtime      # DAGs    # Errors  Last Runtime    Last Run
--------------------------------------  -----  ---------  --------  ----------  --------------  -------------------
/opt/airflow/dags/daily_summary_dag.py                           1           0  0.15s           2026-10-05T17:10:04
================================================================================
[2026-10-05T17:10:17.596+0000] {manager.py:878} INFO - 
================================================================================
DAG File Processing Stats

File Path                               PID    Runtime      # DAGs    # Errors  Last Runtime    Last Run
--------------------------------------  -----  ---------  --------  ----------  --------------  -------------------
/opt/airflow/dags/daily_summary_dag.py                           1           0  0.14s           2026-10-05T17:10:11
================================================================================
[2026-10-05T17:10:37.309+0000] {manager.py:878} INFO - 
================================================================================
DAG File Processing Stats

File Path                               PID    Runtime      # DAGs    # Errors  Last Runtime    Last Run
--------------------------------------  -----  ---------  --------  ----------  --------------  -------------------
/opt/airflow/dags/daily_summary_dag.py                           1           0  0.73s           2026-10-05T17:10:33
================================================================================
[2026-10-05T17:10:39.761+0000] {manager.py:878} INFO - 
================================================================================
DAG File Processing Stats

File Path                               PID    Runtime      # DAGs    # Errors  Last Runtime    Last Run
--------------------------------------  -----  ---------  --------  ----------  --------------  -------------------
/opt/airflow/dags/daily_summary_dag.py                           1           0  0.77s           2026-10-05T17:10:35
================================================================================
[2026-10-05T17:10:47.888+0000] {manager.py:878} INFO - 
================================================================================
DAG File Processing Stats

File Path                               PID    Runtime      # DAGs    # Errors  Last Runtime    Last Run
--------------------------------------  -----  ---------  --------  ----------  --------------  -------------------
/opt/airflow/dags/daily_summary_dag.py                           1           0  0.39s           2026-10-05T17:10:42
================================================================================
[2026-10-05T17:10:58.413+0000] {manager.py:737} INFO - Searching for files in /opt/airflow/dags
[2026-10-05T17:10:58.439+0000] {manager.py:740} INFO - There are 1 files in /opt/airflow/dags
[2026-10-05T17:11:07.523+0000] {manager.py:878} INFO - 
================================================================================
DAG File Processing Stats

File Path                               PID    Runtime      # DAGs    # Errors  Last Runtime    Last Run
--------------------------------------  -----  ---------  --------  ----------  --------------  -------------------
/opt/airflow/dags/daily_summary_dag.py                           1           0  0.68s           2026-10-05T17:11:04
================================================================================
[2026-10-05T17:11:09.923+0000] {manager.py:878} INFO - 
================================================================================
DAG File Processing Stats

File Path                               PID    Runtime      # DAGs    # Errors  Last Runtime    Last Run
--------------------------------------  -----  ---------  --------  ----------  --------------  -------------------
/opt/airflow/dags/daily_summary_dag.py                           1           0  0.44s           2026-10-05T17:11:05
================================================================================
[2026-10-05T17:11:18.337+0000] {manager.py:878} INFO - 
================================================================================
DAG File Processing Stats

File Path                               PID    Runtime      # DAGs    # Errors  Last Runtime    Last Run
--------------------------------------  -----  ---------  --------  ----------  --------------  -------------------
/opt/airflow/dags/daily_summary_dag.py                           1           0  0.49s           2026-10-05T17:11:12
================================================================================
[2026-10-05T17:11:42.051+0000] {manager.py:737} INFO - Searching for files in /opt/airflow/dags
[2026-10-05T17:11:41.895+0000] {manager.py:878} INFO - 
================================================================================
DAG File Processing Stats

File Path                                 PID  Runtime      # DAGs    # Errors  Last Runtime    Last Run
--------------------------------------  -----  ---------  --------  ----------  --------------  -------------------
/opt/airflow/dags/daily_summary_dag.py    821  0.39s             1           0  0.44s           2026-10-05T17:11:05
================================================================================
[2026-10-05T17:12:12.228+0000] {manager.py:740} INFO - There are 1 files in /opt/airflow/dags
[2026-10-05T17:12:12.619+0000] {manager.py:878} INFO - 
================================================================================
DAG File Processing Stats

File Path                                 PID  Runtime      # DAGs    # Errors  Last Runtime    Last Run
--------------------------------------  -----  ---------  --------  ----------  --------------  -------------------
/opt/airflow/dags/daily_summary_dag.py    824  0.40s             1           0  0.68s           2026-10-05T17:11:04
================================================================================
[2026-10-05T17:12:14.704+0000] {manager.py:878} INFO - 
================================================================================
DAG File Processing Stats

File Path                                 PID  Runtime      # DAGs    # Errors  Last Runtime    Last Run
--------------------------------------  -----  ---------  --------  ----------  --------------  -------------------
/opt/airflow/dags/daily_summary_dag.py    821  33.94s            1           0  0.44s           2026-10-05T17:11:05
================================================================================
[2026-10-05T17:12:42.739+0000] {manager.py:878} INFO - 
================================================================================
DAG File Processing Stats

File Path                                 PID  Runtime      # DAGs    # Errors  Last Runtime    Last Run
--------------------------------------  -----  ---------  --------  ----------  --------------  -------------------
/opt/airflow/dags/daily_summary_dag.py    827  0.64s             1           0  0.49s           2026-10-05T17:11:12
================================================================================
[2026-10-05T17:13:22.628+0000] {manager.py:1203} ERROR - Processor for /opt/airflow/dags/daily_summary_dag.py with PID 824 started at 2026-10-05T17:11:43.455493+00:00 has timed out, killing it.
[2026-10-05T17:13:36.833+0000] {manager.py:737} INFO - Searching for files in /opt/airflow/dags
[2026-10-05T17:13:44.019+0000] {manager.py:740} INFO - There are 1 files in /opt/airflow/dags
[2026-10-05T17:13:44.098+0000] {manager.py:1203} ERROR - Processor for /opt/airflow/dags/daily_summary_dag.py with PID 827 started at 2026-10-05T17:12:23.273400+00:00 has timed out, killing it.
[2026-10-05T17:13:44.130+0000] {manager.py:878} INFO - 
================================================================================
DAG File Processing Stats

File Path                                 PID  Runtime      # DAGs    # Errors  Last Runtime    Last Run
--------------------------------------  -----  ---------  --------  ----------  --------------  -------------------
/opt/airflow/dags/daily_summary_dag.py    831  0.06s             0           1  83.73s          2026-10-05T17:13:07
================================================================================
[2026-10-05T17:13:44.202+0000] {manager.py:878} INFO - 
================================================================================
DAG File Processing Stats

File Path                               PID    Runtime      # DAGs    # Errors  Last Runtime    Last Run
--------------------------------------  -----  ---------  --------  ----------  --------------  -------------------
/opt/airflow/dags/daily_summary_dag.py                           0           1  80.82s          2026-10-05T17:13:44
================================================================================
[2026-10-05T17:13:44.261+0000] {manager.py:1203} ERROR - Processor for /opt/airflow/dags/daily_summary_dag.py with PID 821 started at 2026-10-05T17:11:40.702783+00:00 has timed out, killing it.
[2026-10-05T17:13:44.291+0000] {manager.py:878} INFO - 
================================================================================
DAG File Processing Stats

File Path                               PID    Runtime      # DAGs    # Errors  Last Runtime    Last Run
--------------------------------------  -----  ---------  --------  ----------  --------------  -------------------
/opt/airflow/dags/daily_summary_dag.py                           0           1  123.56s         2026-10-05T17:13:44
================================================================================
[2026-10-05T17:14:15.534+0000] {manager.py:878} INFO - 
================================================================================
DAG File Processing Stats

File Path                                 PID  Runtime      # DAGs    # Errors  Last Runtime    Last Run
--------------------------------------  -----  ---------  --------  ----------  --------------  -------------------
/opt/airflow/dags/daily_summary_dag.py    831  31.07s            0           1  83.73s          2026-10-05T17:13:07
================================================================================
[2026-10-05T17:14:47.057+0000] {manager.py:1203} ERROR - Processor for /opt/airflow/dags/daily_summary_dag.py with PID 831 started at 2026-10-05T17:13:44.022799+00:00 has timed out, killing it.
[2026-10-05T17:14:47.076+0000] {manager.py:878} INFO - 
================================================================================
DAG File Processing Stats

File Path                                 PID  Runtime      # DAGs    # Errors  Last Runtime    Last Run
--------------------------------------  -----  ---------  --------  ----------  --------------  -------------------
/opt/airflow/dags/daily_summary_dag.py    834  1.97s             0           1  80.82s          2026-10-05T17:13:44
================================================================================
[2026-10-05T17:14:47.149+0000] {manager.py:878} INFO - 
================================================================================
DAG File Processing Stats

File Path                                 PID  Runtime      # DAGs    # Errors  Last Runtime    Last Run
--------------------------------------  -----  ---------  --------  ----------  --------------  -------------------
/opt/airflow/dags/daily_summary_dag.py    835  2.85s             0           1  123.56s         2026-10-05T17:13:44
================================================================================
[2026-10-05T17:14:48.811+0000] {manager.py:1016} ERROR - Processor for /opt/airflow/dags/daily_summary_dag.py exited with return code 1.
[2026-10-05T17:15:11.145+0000] {manager.py:878} INFO - 
================================================================================
DAG File Processing Stats

File Path                               PID    Runtime      # DAGs    # Errors  Last Runtime    Last Run
--------------------------------------  -----  ---------  --------  ----------  --------------  -------------------
/opt/airflow/dags/daily_summary_dag.py                           0           1  63.03s          2026-10-05T17:14:47
================================================================================
[2026-10-05T17:15:17.260+0000] {manager.py:878} INFO - 
================================================================================
DAG File Processing Stats

File Path                               PID    Runtime      # DAGs    # Errors  Last Runtime    Last Run
--------------------------------------  -----  ---------  --------  ----------  --------------  -------------------
/opt/airflow/dags/daily_summary_dag.py                           0          -1  33.28s          2026-10-05T17:14:48
================================================================================
[2026-10-05T17:15:17.329+0000] {manager.py:878} INFO - 
================================================================================
DAG File Processing Stats

File Path                               PID    Runtime      # DAGs    # Errors  Last Runtime    Last Run
--------------------------------------  -----  ---------  --------  ----------  --------------  -------------------
/opt/airflow/dags/daily_summary_dag.py                           1           0  33.14s          2026-10-05T17:14:48
================================================================================
[2026-10-05T17:15:41.376+0000] {manager.py:878} INFO - 
================================================================================
DAG File Processing Stats

File Path                               PID    Runtime      # DAGs    # Errors  Last Runtime    Last Run
--------------------------------------  -----  ---------  --------  ----------  --------------  -------------------
/opt/airflow/dags/daily_summary_dag.py                           1           0  0.32s           2026-10-05T17:15:17
================================================================================
[2026-10-05T17:15:47.273+0000] {manager.py:878} INFO - 
================================================================================
DAG File Processing Stats

File Path                               PID    Runtime      # DAGs    # Errors  Last Runtime    Last Run
--------------------------------------  -----  ---------  --------  ----------  --------------  -------------------
/opt/airflow/dags/daily_summary_dag.py                           1           0  0.15s           2026-10-05T17:15:19
================================================================================
[2026-10-05T17:15:48.013+0000] {manager.py:878} INFO - 
================================================================================
DAG File Processing Stats

File Path                               PID    Runtime      # DAGs    # Errors  Last Runtime    Last Run
--------------------------------------  -----  ---------  --------  ----------  --------------  -------------------
/opt/airflow/dags/daily_summary_dag.py                           1           0  0.14s           2026-10-05T17:15:18
================================================================================
[2026-10-05T17:15:58.806+0000] {manager.py:737} INFO - Searching for files in /opt/airflow/dags
[2026-10-05T17:15:58.835+0000] {manager.py:740} INFO - There are 1 files in /opt/airflow/dags
[2026-10-05T17:16:11.928+0000] {manager.py:878} INFO - 
================================================================================
DAG File Processing Stats

File Path                               PID    Runtime      # DAGs    # Errors  Last Runtime    Last Run
--------------------------------------  -----  ---------  --------  ----------  --------------  -------------------
/opt/airflow/dags/daily_summary_dag.py                           1           0  0.17s           2026-10-05T17:15:47
================================================================================
[2026-10-05T17:16:17.440+0000] {manager.py:878} INFO - 
================================================================================
DAG File Processing Stats

File Path                               PID    Runtime      # DAGs    # Errors  Last Runtime    Last Run
--------------------------------------  -----  ---------  --------  ----------  --------------  -------------------
/opt/airflow/dags/daily_summary_dag.py                           1           0  0.15s           2026-10-05T17:15:49
================================================================================
[2026-10-05T17:16:18.283+0000] {manager.py:878} INFO - 
================================================================================
DAG File Processing Stats

File Path                               PID    Runtime      # DAGs    # Errors  Last Runtime    Last Run
--------------------------------------  -----  ---------  --------  ----------  --------------  -------------------
/opt/airflow/dags/daily_summary_dag.py                           1           0  0.17s           2026-10-05T17:15:49
================================================================================
[2026-10-05T17:16:42.190+0000] {manager.py:878} INFO - 
================================================================================
DAG File Processing Stats

File Path                               PID    Runtime      # DAGs    # Errors  Last Runtime    Last Run
--------------------------------------  -----  ---------  --------  ----------  --------------  -------------------
/opt/airflow/dags/daily_summary_dag.py                           1           0  0.15s           2026-10-05T17:16:18
================================================================================
[2026-10-05T17:16:42.618+0000] {manager.py:737} INFO - Searching for files in /opt/airflow/dags
[2026-10-05T17:16:42.639+0000] {manager.py:740} INFO - There are 1 files in /opt/airflow/dags
[2026-10-05T17:16:47.685+0000] {manager.py:878} INFO - 
================================================================================
DAG File Processing Stats

File Path                               PID    Runtime      # DAGs    # Errors  Last Runtime    Last Run
--------------------------------------  -----  ---------  --------  ----------  --------------  -------------------
/opt/airflow/dags/daily_summary_dag.py                           1           0  0.13s           2026-10-05T17:16:19
================================================================================
[2026-10-05T17:16:48.507+0000] {manager.py:878} INFO - 
================================================================================
DAG File Processing Stats

File Path                               PID    Runtime      # DAGs    # Errors  Last Runtime    Last Run
--------------------------------------  -----  ---------  --------  ----------  --------------  -------------------
/opt/airflow/dags/daily_summary_dag.py                           1           0  0.12s           2026-10-05T17:16:19
================================================================================
[2026-10-05T17:17:12.408+0000] {manager.py:878} INFO - 
================================================================================
DAG File Processing Stats

File Path                               PID    Runtime      # DAGs    # Errors  Last Runtime    Last Run
--------------------------------------  -----  ---------  --------  ----------  --------------  -------------------
/opt/airflow/dags/daily_summary_dag.py                           1           0  0.14s           2026-10-05T17:16:48
================================================================================
[2026-10-05T17:17:17.915+0000] {manager.py:878} INFO - 
================================================================================
DAG File Processing Stats

File Path                               PID    Runtime      # DAGs    # Errors  Last Runtime    Last Run
--------------------------------------  -----  ---------  --------  ----------  --------------  -------------------
/opt/airflow/dags/daily_summary_dag.py                           1           0  0.13s           2026-10-05T17:16:49
================================================================================
[2026-10-05T17:17:18.726+0000] {manager.py:878} INFO - 
================================================================================
DAG File Processing Stats

File Path                               PID    Runtime      # DAGs    # Errors  Last Runtime    Last Run
--------------------------------------  -----  ---------  --------  ----------  --------------  -------------------
/opt/airflow/dags/daily_summary_dag.py                           1           0  0.12s           2026-10-05T17:16:49
================================================================================
[2026-10-05T17:17:57.668+0000] {manager.py:878} INFO - 
================================================================================
DAG File Processing Stats

File Path                                 PID  Runtime      # DAGs    # Errors  Last Runtime    Last Run
--------------------------------------  -----  ---------  --------  ----------  --------------  -------------------
/opt/airflow/dags/daily_summary_dag.py    931  0.02s             1           0  0.19s           2026-10-05T17:17:18
================================================================================
[2026-10-05T17:18:08.381+0000] {manager.py:878} INFO - 
================================================================================
DAG File Processing Stats

File Path                                 PID  Runtime      # DAGs    # Errors  Last Runtime    Last Run
--------------------------------------  -----  ---------  --------  ----------  --------------  -------------------
/opt/airflow/dags/daily_summary_dag.py    933  6.71s             1           0  0.17s           2026-10-05T17:17:20
================================================================================
[2026-10-05T17:18:08.381+0000] {manager.py:878} INFO - 
================================================================================
DAG File Processing Stats

File Path                                 PID  Runtime      # DAGs    # Errors  Last Runtime    Last Run
--------------------------------------  -----  ---------  --------  ----------  --------------  -------------------
/opt/airflow/dags/daily_summary_dag.py    934  5.77s             1           0  0.22s           2026-10-05T17:17:19
================================================================================
[2026-10-05T17:19:16.086+0000] {manager.py:878} INFO - 
================================================================================
DAG File Processing Stats

File Path                                 PID  Runtime      # DAGs    # Errors  Last Runtime    Last Run
--------------------------------------  -----  ---------  --------  ----------  --------------  -------------------
/opt/airflow/dags/daily_summary_dag.py    931  60.27s            1           0  0.19s           2026-10-05T17:17:18
================================================================================
[2026-10-05T17:19:16.105+0000] {manager.py:737} INFO - Searching for files in /opt/airflow/dags
[2026-10-05T17:19:16.105+0000] {manager.py:1203} ERROR - Processor for /opt/airflow/dags/daily_summary_dag.py with PID 933 started at 2026-10-05T17:18:00.417912+00:00 has timed out, killing it.
[2026-10-05T17:19:16.117+0000] {manager.py:1203} ERROR - Processor for /opt/airflow/dags/daily_summary_dag.py with PID 931 started at 2026-10-05T17:17:57.640821+00:00 has timed out, killing it.
[2026-10-05T17:19:16.137+0000] {manager.py:878} INFO - 
================================================================================
DAG File Processing Stats

File Path                               PID    Runtime      # DAGs    # Errors  Last Runtime    Last Run
--------------------------------------  -----  ---------  --------  ----------  --------------  -------------------
/opt/airflow/dags/daily_summary_dag.py                           0           1  75.69s          2026-10-05T17:19:16
================================================================================
[2026-10-05T17:19:16.190+0000] {manager.py:740} INFO - There are 1 files in /opt/airflow/dags
[2026-10-05T17:19:16.250+0000] {manager.py:1203} ERROR - Processor for /opt/airflow/dags/daily_summary_dag.py with PID 934 started at 2026-10-05T17:18:00.417898+00:00 has timed out, killing it.
[2026-10-05T17:19:16.284+0000] {manager.py:878} INFO - 
================================================================================
DAG File Processing Stats

File Path                               PID    Runtime      # DAGs    # Errors  Last Runtime    Last Run
--------------------------------------  -----  ---------  --------  ----------  --------------  -------------------
/opt/airflow/dags/daily_summary_dag.py                           0           1  75.83s          2026-10-05T17:19:16
================================================================================
[2026-10-05T17:19:46.286+0000] {manager.py:878} INFO - 
================================================================================
DAG File Processing Stats

File Path                                 PID  Runtime      # DAGs    # Errors  Last Runtime    Last Run
--------------------------------------  -----  ---------  --------  ----------  --------------  -------------------
/opt/airflow/dags/daily_summary_dag.py    942  0.01s             0           1  78.48s          2026-10-05T17:19:16
================================================================================
[2026-10-05T17:19:46.312+0000] {manager.py:878} INFO - 
================================================================================
DAG File Processing Stats

File Path                                 PID  Runtime      # DAGs    # Errors  Last Runtime    Last Run
--------------------------------------  -----  ---------  --------  ----------  --------------  -------------------
/opt/airflow/dags/daily_summary_dag.py    945  0.01s             0           1  75.69s          2026-10-05T17:19:16
================================================================================
[2026-10-05T17:19:46.483+0000] {manager.py:878} INFO - 
================================================================================
DAG File Processing Stats

File Path                                 PID  Runtime      # DAGs    # Errors  Last Runtime    Last Run
--------------------------------------  -----  ---------  --------  ----------  --------------  -------------------
/opt/airflow/dags/daily_summary_dag.py    948  0.01s             0           1  75.83s          2026-10-05T17:19:16
================================================================================
[2026-10-05T17:19:47.462+0000] {manager.py:1016} ERROR - Processor for /opt/airflow/dags/daily_summary_dag.py exited with return code 1.
[2026-10-05T17:19:47.492+0000] {manager.py:1016} ERROR - Processor for /opt/airflow/dags/daily_summary_dag.py exited with return code 1.
[2026-10-05T17:20:16.468+0000] {manager.py:878} INFO - 
================================================================================
DAG File Processing Stats

File Path                               PID    Runtime      # DAGs    # Errors  Last Runtime    Last Run
--------------------------------------  -----  ---------  --------  ----------  --------------  -------------------
/opt/airflow/dags/daily_summary_dag.py                           0          -1  1.22s           2026-10-05T17:19:47
================================================================================
[2026-10-05T17:20:16.484+0000] {manager.py:878} INFO - 
================================================================================
DAG File Processing Stats

File Path                               PID    Runtime      # DAGs    # Errors  Last Runtime    Last Run
--------------------------------------  -----  ---------  --------  ----------  --------------  -------------------
/opt/airflow/dags/daily_summary_dag.py                           1           0  1.01s           2026-10-05T17:19:47
================================================================================
[2026-10-05T17:20:16.625+0000] {manager.py:878} INFO - 
================================================================================
DAG File Processing Stats

File Path                               PID    Runtime      # DAGs    # Errors  Last Runtime    Last Run
--------------------------------------  -----  ---------  --------  ----------  --------------  -------------------
/opt/airflow/dags/daily_summary_dag.py                           0          -1  0.99s           2026-10-05T17:19:47
================================================================================
[2026-10-05T17:20:46.708+0000] {manager.py:878} INFO - 
================================================================================
DAG File Processing Stats

File Path                               PID    Runtime      # DAGs    # Errors  Last Runtime    Last Run
--------------------------------------  -----  ---------  --------  ----------  --------------  -------------------
/opt/airflow/dags/daily_summary_dag.py                           1           0  0.13s           2026-10-05T17:20:17
================================================================================
[2026-10-05T17:20:46.820+0000] {manager.py:878} INFO - 
================================================================================
DAG File Processing Stats

File Path                               PID    Runtime      # DAGs    # Errors  Last Runtime    Last Run
--------------------------------------  -----  ---------  --------  ----------  --------------  -------------------
/opt/airflow/dags/daily_summary_dag.py                           1           0  0.16s           2026-10-05T17:20:17
================================================================================
[2026-10-05T17:20:46.826+0000] {manager.py:878} INFO - 
================================================================================
DAG File Processing Stats

File Path                               PID    Runtime      # DAGs    # Errors  Last Runtime    Last Run
--------------------------------------  -----  ---------  --------  ----------  --------------  -------------------
/opt/airflow/dags/daily_summary_dag.py                           1           0  0.14s           2026-10-05T17:20:17
================================================================================
[2026-10-05T17:20:59.006+0000] {manager.py:737} INFO - Searching for files in /opt/airflow/dags
[2026-10-05T17:20:59.033+0000] {manager.py:740} INFO - There are 1 files in /opt/airflow/dags
[2026-10-05T17:21:16.945+0000] {manager.py:878} INFO - 
================================================================================
DAG File Processing Stats

File Path                               PID    Runtime      # DAGs    # Errors  Last Runtime    Last Run
--------------------------------------  -----  ---------  --------  ----------  --------------  -------------------
/opt/airflow/dags/daily_summary_dag.py                           1           0  0.14s           2026-10-05T17:20:47
================================================================================
[2026-10-05T17:21:17.105+0000] {manager.py:878} INFO - 
================================================================================
DAG File Processing Stats

File Path                               PID    Runtime      # DAGs    # Errors  Last Runtime    Last Run
--------------------------------------  -----  ---------  --------  ----------  --------------  -------------------
/opt/airflow/dags/daily_summary_dag.py                           1           0  0.14s           2026-10-05T17:20:47
================================================================================
[2026-10-05T17:21:17.152+0000] {manager.py:878} INFO - 
================================================================================
DAG File Processing Stats

File Path                               PID    Runtime      # DAGs    # Errors  Last Runtime    Last Run
--------------------------------------  -----  ---------  --------  ----------  --------------  -------------------
/opt/airflow/dags/daily_summary_dag.py                           1           0  0.16s           2026-10-05T17:20:47
================================================================================
[2026-10-05T17:21:43.142+0000] {manager.py:737} INFO - Searching for files in /opt/airflow/dags
[2026-10-05T17:21:43.161+0000] {manager.py:740} INFO - There are 1 files in /opt/airflow/dags
[2026-10-05T17:21:47.197+0000] {manager.py:878} INFO - 
================================================================================
DAG File Processing Stats

File Path                               PID    Runtime      # DAGs    # Errors  Last Runtime    Last Run
--------------------------------------  -----  ---------  --------  ----------  --------------  -------------------
/opt/airflow/dags/daily_summary_dag.py                           1           0  0.13s           2026-10-05T17:21:18
================================================================================
[2026-10-05T17:21:47.287+0000] {manager.py:878} INFO - 
================================================================================
DAG File Processing Stats

File Path                               PID    Runtime      # DAGs    # Errors  Last Runtime    Last Run
--------------------------------------  -----  ---------  --------  ----------  --------------  -------------------
/opt/airflow/dags/daily_summary_dag.py                           1           0  0.13s           2026-10-05T17:21:18
================================================================================
[2026-10-05T17:21:47.342+0000] {manager.py:878} INFO - 
================================================================================
DAG File Processing Stats

File Path                               PID    Runtime      # DAGs    # Errors  Last Runtime    Last Run
--------------------------------------  -----  ---------  --------  ----------  --------------  -------------------
/opt/airflow/dags/daily_summary_dag.py                           1           0  0.13s           2026-10-05T17:21:18
================================================================================
[2026-10-05T17:22:17.397+0000] {manager.py:878} INFO - 
================================================================================
DAG File Processing Stats

File Path                               PID    Runtime      # DAGs    # Errors  Last Runtime    Last Run
--------------------------------------  -----  ---------  --------  ----------  --------------  -------------------
/opt/airflow/dags/daily_summary_dag.py                           1           0  0.14s           2026-10-05T17:21:48
================================================================================
[2026-10-05T17:22:17.570+0000] {manager.py:878} INFO - 
================================================================================
DAG File Processing Stats

File Path                               PID    Runtime      # DAGs    # Errors  Last Runtime    Last Run
--------------------------------------  -----  ---------  --------  ----------  --------------  -------------------
/opt/airflow/dags/daily_summary_dag.py                           1           0  0.12s           2026-10-05T17:21:48
================================================================================
[2026-10-05T17:22:17.597+0000] {manager.py:878} INFO - 
================================================================================
DAG File Processing Stats

File Path                               PID    Runtime      # DAGs    # Errors  Last Runtime    Last Run
--------------------------------------  -----  ---------  --------  ----------  --------------  -------------------
/opt/airflow/dags/daily_summary_dag.py                           1           0  0.13s           2026-10-05T17:21:48
================================================================================
[2026-10-05T17:22:47.668+0000] {manager.py:878} INFO - 
================================================================================
DAG File Processing Stats

File Path                               PID    Runtime      # DAGs    # Errors  Last Runtime    Last Run
--------------------------------------  -----  ---------  --------  ----------  --------------  -------------------
/opt/airflow/dags/daily_summary_dag.py                           1           0  0.14s           2026-10-05T17:22:18
================================================================================
[2026-10-05T17:22:47.746+0000] {manager.py:878} INFO - 
================================================================================
DAG File Processing Stats

File Path                               PID    Runtime      # DAGs    # Errors  Last Runtime    Last Run
--------------------------------------  -----  ---------  --------  ----------  --------------  -------------------
/opt/airflow/dags/daily_summary_dag.py                           1           0  0.14s           2026-10-05T17:22:18
================================================================================
[2026-10-05T17:22:47.786+0000] {manager.py:878} INFO - 
================================================================================
DAG File Processing Stats

File Path                               PID    Runtime      # DAGs    # Errors  Last Runtime    Last Run
--------------------------------------  -----  ---------  --------  ----------  --------------  -------------------
/opt/airflow/dags/daily_summary_dag.py                           1           0  0.14s           2026-10-05T17:22:18
================================================================================
[2026-10-05T17:23:17.851+0000] {manager.py:878} INFO - 
================================================================================
DAG File Processing Stats

File Path                               PID    Runtime      # DAGs    # Errors  Last Runtime    Last Run
--------------------------------------  -----  ---------  --------  ----------  --------------  -------------------
/opt/airflow/dags/daily_summary_dag.py                           1           0  0.13s           2026-10-05T17:22:48
================================================================================
[2026-10-05T17:23:18.046+0000] {manager.py:878} INFO - 
================================================================================
DAG File Processing Stats

File Path                               PID    Runtime      # DAGs    # Errors  Last Runtime    Last Run
--------------------------------------  -----  ---------  --------  ----------  --------------  -------------------
/opt/airflow/dags/daily_summary_dag.py                           1           0  0.13s           2026-10-05T17:22:48
================================================================================
[2026-10-05T17:23:18.055+0000] {manager.py:878} INFO - 
================================================================================
DAG File Processing Stats

File Path                               PID    Runtime      # DAGs    # Errors  Last Runtime    Last Run
--------------------------------------  -----  ---------  --------  ----------  --------------  -------------------
/opt/airflow/dags/daily_summary_dag.py                           1           0  0.13s           2026-10-05T17:22:48
================================================================================
[2026-10-05T17:23:48.112+0000] {manager.py:878} INFO - 
================================================================================
DAG File Processing Stats

File Path                               PID    Runtime      # DAGs    # Errors  Last Runtime    Last Run
--------------------------------------  -----  ---------  --------  ----------  --------------  -------------------
/opt/airflow/dags/daily_summary_dag.py                           1           0  0.13s           2026-10-05T17:23:18
================================================================================
[2026-10-05T17:23:48.228+0000] {manager.py:878} INFO - 
================================================================================
DAG File Processing Stats

File Path                               PID    Runtime      # DAGs    # Errors  Last Runtime    Last Run
--------------------------------------  -----  ---------  --------  ----------  --------------  -------------------
/opt/airflow/dags/daily_summary_dag.py                           1           0  0.13s           2026-10-05T17:23:19
================================================================================
[2026-10-05T17:23:48.228+0000] {manager.py:878} INFO - 
================================================================================
DAG File Processing Stats

File Path                               PID    Runtime      # DAGs    # Errors  Last Runtime    Last Run
--------------------------------------  -----  ---------  --------  ----------  --------------  -------------------
/opt/airflow/dags/daily_summary_dag.py                           1           0  0.14s           2026-10-05T17:23:19
================================================================================
[2026-10-05T17:24:16.488+0000] {manager.py:737} INFO - Searching for files in /opt/airflow/dags
[2026-10-05T17:24:16.507+0000] {manager.py:740} INFO - There are 1 files in /opt/airflow/dags
[2026-10-05T17:24:18.291+0000] {manager.py:878} INFO - 
================================================================================
DAG File Processing Stats

File Path                               PID    Runtime      # DAGs    # Errors  Last Runtime    Last Run
--------------------------------------  -----  ---------  --------  ----------  --------------  -------------------
/opt/airflow/dags/daily_summary_dag.py                           1           0  0.13s           2026-10-05T17:23:49
================================================================================
[2026-10-05T17:24:18.513+0000] {manager.py:878} INFO - 
================================================================================
DAG File Processing Stats

File Path                               PID    Runtime      # DAGs    # Errors  Last Runtime    Last Run
--------------------------------------  -----  ---------  --------  ----------  --------------  -------------------
/opt/airflow/dags/daily_summary_dag.py                           1           0  0.15s           2026-10-05T17:23:49
================================================================================
[2026-10-05T17:24:18.535+0000] {manager.py:878} INFO - 
================================================================================
DAG File Processing Stats

File Path                               PID    Runtime      # DAGs    # Errors  Last Runtime    Last Run
--------------------------------------  -----  ---------  --------  ----------  --------------  -------------------
/opt/airflow/dags/daily_summary_dag.py                           1           0  0.13s           2026-10-05T17:23:49
================================================================================
[2026-10-05T17:24:48.564+0000] {manager.py:878} INFO - 
================================================================================
DAG File Processing Stats

File Path                               PID    Runtime      # DAGs    # Errors  Last Runtime    Last Run
--------------------------------------  -----  ---------  --------  ----------  --------------  -------------------
/opt/airflow/dags/daily_summary_dag.py                           1           0  0.12s           2026-10-05T17:24:19
================================================================================
[2026-10-05T17:24:48.708+0000] {manager.py:878} INFO - 
================================================================================
DAG File Processing Stats

File Path                               PID    Runtime      # DAGs    # Errors  Last Runtime    Last Run
--------------------------------------  -----  ---------  --------  ----------  --------------  -------------------
/opt/airflow/dags/daily_summary_dag.py                           1           0  0.15s           2026-10-05T17:24:19
================================================================================
[2026-10-05T17:24:48.729+0000] {manager.py:878} INFO - 
================================================================================
DAG File Processing Stats

File Path                               PID    Runtime      # DAGs    # Errors  Last Runtime    Last Run
--------------------------------------  -----  ---------  --------  ----------  --------------  -------------------
/opt/airflow/dags/daily_summary_dag.py                           1           0  0.15s           2026-10-05T17:24:19
================================================================================
[2026-10-05T17:25:18.751+0000] {manager.py:878} INFO - 
================================================================================
DAG File Processing Stats

File Path                               PID    Runtime      # DAGs    # Errors  Last Runtime    Last Run
--------------------------------------  -----  ---------  --------  ----------  --------------  -------------------
/opt/airflow/dags/daily_summary_dag.py                           1           0  0.12s           2026-10-05T17:24:49
================================================================================
[2026-10-05T17:25:19.000+0000] {manager.py:878} INFO - 
================================================================================
DAG File Processing Stats

File Path                               PID    Runtime      # DAGs    # Errors  Last Runtime    Last Run
--------------------------------------  -----  ---------  --------  ----------  --------------  -------------------
/opt/airflow/dags/daily_summary_dag.py                           1           0  0.13s           2026-10-05T17:24:49
================================================================================
[2026-10-05T17:25:19.013+0000] {manager.py:878} INFO - 
================================================================================
DAG File Processing Stats

File Path                               PID    Runtime      # DAGs    # Errors  Last Runtime    Last Run
--------------------------------------  -----  ---------  --------  ----------  --------------  -------------------
/opt/airflow/dags/daily_summary_dag.py                           1           0  0.13s           2026-10-05T17:24:49
================================================================================
[2026-10-05T17:25:49.030+0000] {manager.py:878} INFO - 
================================================================================
DAG File Processing Stats

File Path                               PID    Runtime      # DAGs    # Errors  Last Runtime    Last Run
--------------------------------------  -----  ---------  --------  ----------  --------------  -------------------
/opt/airflow/dags/daily_summary_dag.py                           1           0  0.12s           2026-10-05T17:25:19
================================================================================
[2026-10-05T17:25:49.183+0000] {manager.py:878} INFO - 
================================================================================
DAG File Processing Stats

File Path                               PID    Runtime      # DAGs    # Errors  Last Runtime    Last Run
--------------------------------------  -----  ---------  --------  ----------  --------------  -------------------
/opt/airflow/dags/daily_summary_dag.py                           1           0  0.13s           2026-10-05T17:25:20
================================================================================
[2026-10-05T17:25:49.200+0000] {manager.py:878} INFO - 
================================================================================
DAG File Processing Stats

File Path                               PID    Runtime      # DAGs    # Errors  Last Runtime    Last Run
--------------------------------------  -----  ---------  --------  ----------  --------------  -------------------
/opt/airflow/dags/daily_summary_dag.py                           1           0  0.13s           2026-10-05T17:25:20
================================================================================
[2026-10-05T17:25:59.344+0000] {manager.py:737} INFO - Searching for files in /opt/airflow/dags
[2026-10-05T17:25:59.363+0000] {manager.py:740} INFO - There are 1 files in /opt/airflow/dags
[2026-10-05T17:26:19.225+0000] {manager.py:878} INFO - 
================================================================================
DAG File Processing Stats

File Path                               PID    Runtime      # DAGs    # Errors  Last Runtime    Last Run
--------------------------------------  -----  ---------  --------  ----------  --------------  -------------------
/opt/airflow/dags/daily_summary_dag.py                           1           0  0.18s           2026-10-05T17:25:50
================================================================================
[2026-10-05T17:26:19.460+0000] {manager.py:878} INFO - 
================================================================================
DAG File Processing Stats

File Path                               PID    Runtime      # DAGs    # Errors  Last Runtime    Last Run
--------------------------------------  -----  ---------  --------  ----------  --------------  -------------------
/opt/airflow/dags/daily_summary_dag.py                           1           0  0.17s           2026-10-05T17:25:50
================================================================================
[2026-10-05T17:26:19.494+0000] {manager.py:878} INFO - 
================================================================================
DAG File Processing Stats

File Path                               PID    Runtime      # DAGs    # Errors  Last Runtime    Last Run
--------------------------------------  -----  ---------  --------  ----------  --------------  -------------------
/opt/airflow/dags/daily_summary_dag.py                           1           0  0.17s           2026-10-05T17:25:50
================================================================================
[2026-10-05T17:26:43.379+0000] {manager.py:737} INFO - Searching for files in /opt/airflow/dags
[2026-10-05T17:26:43.398+0000] {manager.py:740} INFO - There are 1 files in /opt/airflow/dags
[2026-10-05T17:26:49.441+0000] {manager.py:878} INFO - 
================================================================================
DAG File Processing Stats

File Path                               PID    Runtime      # DAGs    # Errors  Last Runtime    Last Run
--------------------------------------  -----  ---------  --------  ----------  --------------  -------------------
/opt/airflow/dags/daily_summary_dag.py                           1           0  0.13s           2026-10-05T17:26:20
================================================================================
[2026-10-05T17:26:49.696+0000] {manager.py:878} INFO - 
================================================================================
DAG File Processing Stats

File Path                               PID    Runtime      # DAGs    # Errors  Last Runtime    Last Run
--------------------------------------  -----  ---------  --------  ----------  --------------  -------------------
/opt/airflow/dags/daily_summary_dag.py                           1           0  0.17s           2026-10-05T17:26:20
================================================================================
[2026-10-05T17:26:49.727+0000] {manager.py:878} INFO - 
================================================================================
DAG File Processing Stats

File Path                               PID    Runtime      # DAGs    # Errors  Last Runtime    Last Run
--------------------------------------  -----  ---------  --------  ----------  --------------  -------------------
/opt/airflow/dags/daily_summary_dag.py                           1           0  0.17s           2026-10-05T17:26:20
================================================================================
[2026-10-05T17:27:19.707+0000] {manager.py:878} INFO - 
================================================================================
DAG File Processing Stats

File Path                               PID    Runtime      # DAGs    # Errors  Last Runtime    Last Run
--------------------------------------  -----  ---------  --------  ----------  --------------  -------------------
/opt/airflow/dags/daily_summary_dag.py                           1           0  0.14s           2026-10-05T17:26:50
================================================================================
[2026-10-05T17:27:19.984+0000] {manager.py:878} INFO - 
================================================================================
DAG File Processing Stats

File Path                               PID    Runtime      # DAGs    # Errors  Last Runtime    Last Run
--------------------------------------  -----  ---------  --------  ----------  --------------  -------------------
/opt/airflow/dags/daily_summary_dag.py                           1           0  0.14s           2026-10-05T17:26:50
================================================================================
[2026-10-05T17:27:19.995+0000] {manager.py:878} INFO - 
================================================================================
DAG File Processing Stats

File Path                               PID    Runtime      # DAGs    # Errors  Last Runtime    Last Run
--------------------------------------  -----  ---------  --------  ----------  --------------  -------------------
/opt/airflow/dags/daily_summary_dag.py                           1           0  0.15s           2026-10-05T17:26:50
================================================================================
[2026-10-05T17:27:49.920+0000] {manager.py:878} INFO - 
================================================================================
DAG File Processing Stats

File Path                               PID    Runtime      # DAGs    # Errors  Last Runtime    Last Run
--------------------------------------  -----  ---------  --------  ----------  --------------  -------------------
/opt/airflow/dags/daily_summary_dag.py                           1           0  0.13s           2026-10-05T17:27:20
================================================================================
[2026-10-05T17:27:50.183+0000] {manager.py:878} INFO - 
================================================================================
DAG File Processing Stats

File Path                               PID    Runtime      # DAGs    # Errors  Last Runtime    Last Run
--------------------------------------  -----  ---------  --------  ----------  --------------  -------------------
/opt/airflow/dags/daily_summary_dag.py                           1           0  0.15s           2026-10-05T17:27:21
================================================================================
[2026-10-05T17:27:50.183+0000] {manager.py:878} INFO - 
================================================================================
DAG File Processing Stats

File Path                               PID    Runtime      # DAGs    # Errors  Last Runtime    Last Run
--------------------------------------  -----  ---------  --------  ----------  --------------  -------------------
/opt/airflow/dags/daily_summary_dag.py                           1           0  0.17s           2026-10-05T17:27:21
================================================================================
[2026-10-05T17:28:20.168+0000] {manager.py:878} INFO - 
================================================================================
DAG File Processing Stats

File Path                               PID    Runtime      # DAGs    # Errors  Last Runtime    Last Run
--------------------------------------  -----  ---------  --------  ----------  --------------  -------------------
/opt/airflow/dags/daily_summary_dag.py                           1           0  0.14s           2026-10-05T17:27:51
================================================================================
[2026-10-05T17:28:20.453+0000] {manager.py:878} INFO - 
================================================================================
DAG File Processing Stats

File Path                               PID    Runtime      # DAGs    # Errors  Last Runtime    Last Run
--------------------------------------  -----  ---------  --------  ----------  --------------  -------------------
/opt/airflow/dags/daily_summary_dag.py                           1           0  0.15s           2026-10-05T17:27:51
================================================================================
[2026-10-05T17:28:20.483+0000] {manager.py:878} INFO - 
================================================================================
DAG File Processing Stats

File Path                               PID    Runtime      # DAGs    # Errors  Last Runtime    Last Run
--------------------------------------  -----  ---------  --------  ----------  --------------  -------------------
/opt/airflow/dags/daily_summary_dag.py                           1           0  0.17s           2026-10-05T17:27:51
================================================================================
[2026-10-05T17:28:50.383+0000] {manager.py:878} INFO - 
================================================================================
DAG File Processing Stats

File Path                               PID    Runtime      # DAGs    # Errors  Last Runtime    Last Run
--------------------------------------  -----  ---------  --------  ----------  --------------  -------------------
/opt/airflow/dags/daily_summary_dag.py                           1           0  0.14s           2026-10-05T17:28:21
================================================================================
[2026-10-05T17:28:50.644+0000] {manager.py:878} INFO - 
================================================================================
DAG File Processing Stats

File Path                               PID    Runtime      # DAGs    # Errors  Last Runtime    Last Run
--------------------------------------  -----  ---------  --------  ----------  --------------  -------------------
/opt/airflow/dags/daily_summary_dag.py                           1           0  0.18s           2026-10-05T17:28:21
================================================================================
[2026-10-05T17:28:50.678+0000] {manager.py:878} INFO - 
================================================================================
DAG File Processing Stats

File Path                               PID    Runtime      # DAGs    # Errors  Last Runtime    Last Run
--------------------------------------  -----  ---------  --------  ----------  --------------  -------------------
/opt/airflow/dags/daily_summary_dag.py                           1           0  0.18s           2026-10-05T17:28:21
================================================================================
[2026-10-05T17:29:16.942+0000] {manager.py:737} INFO - Searching for files in /opt/airflow/dags
[2026-10-05T17:29:16.960+0000] {manager.py:740} INFO - There are 1 files in /opt/airflow/dags
[2026-10-05T17:29:20.626+0000] {manager.py:878} INFO - 
================================================================================
DAG File Processing Stats

File Path                               PID    Runtime      # DAGs    # Errors  Last Runtime    Last Run
--------------------------------------  -----  ---------  --------  ----------  --------------  -------------------
/opt/airflow/dags/daily_summary_dag.py                           1           0  0.16s           2026-10-05T17:28:51
================================================================================
[2026-10-05T17:29:20.989+0000] {manager.py:878} INFO - 
================================================================================
DAG File Processing Stats

File Path                               PID    Runtime      # DAGs    # Errors  Last Runtime    Last Run
--------------------------------------  -----  ---------  --------  ----------  --------------  -------------------
/opt/airflow/dags/daily_summary_dag.py                           1           0  0.18s           2026-10-05T17:28:51
================================================================================
[2026-10-05T17:29:20.998+0000] {manager.py:878} INFO - 
================================================================================
DAG File Processing Stats

File Path                               PID    Runtime      # DAGs    # Errors  Last Runtime    Last Run
--------------------------------------  -----  ---------  --------  ----------  --------------  -------------------
/opt/airflow/dags/daily_summary_dag.py                           1           0  0.18s           2026-10-05T17:28:51
================================================================================
[2026-10-05T17:29:50.871+0000] {manager.py:878} INFO - 
================================================================================
DAG File Processing Stats

File Path                               PID    Runtime      # DAGs    # Errors  Last Runtime    Last Run
--------------------------------------  -----  ---------  --------  ----------  --------------  -------------------
/opt/airflow/dags/daily_summary_dag.py                           1           0  0.21s           2026-10-05T17:29:21
================================================================================
[2026-10-05T17:29:51.186+0000] {manager.py:878} INFO - 
================================================================================
DAG File Processing Stats

File Path                               PID    Runtime      # DAGs    # Errors  Last Runtime    Last Run
--------------------------------------  -----  ---------  --------  ----------  --------------  -------------------
/opt/airflow/dags/daily_summary_dag.py                           1           0  0.16s           2026-10-05T17:29:22
================================================================================
[2026-10-05T17:29:51.187+0000] {manager.py:878} INFO - 
================================================================================
DAG File Processing Stats

File Path                               PID    Runtime      # DAGs    # Errors  Last Runtime    Last Run
--------------------------------------  -----  ---------  --------  ----------  --------------  -------------------
/opt/airflow/dags/daily_summary_dag.py                           1           0  0.18s           2026-10-05T17:29:22
================================================================================
[2026-10-05T17:30:21.176+0000] {manager.py:878} INFO - 
================================================================================
DAG File Processing Stats

File Path                               PID    Runtime      # DAGs    # Errors  Last Runtime    Last Run
--------------------------------------  -----  ---------  --------  ----------  --------------  -------------------
/opt/airflow/dags/daily_summary_dag.py                           1           0  0.13s           2026-10-05T17:29:52
================================================================================
[2026-10-05T17:30:21.488+0000] {manager.py:878} INFO - 
================================================================================
DAG File Processing Stats

File Path                               PID    Runtime      # DAGs    # Errors  Last Runtime    Last Run
--------------------------------------  -----  ---------  --------  ----------  --------------  -------------------
/opt/airflow/dags/daily_summary_dag.py                           1           0  0.15s           2026-10-05T17:29:52
================================================================================
[2026-10-05T17:30:21.511+0000] {manager.py:878} INFO - 
================================================================================
DAG File Processing Stats

File Path                               PID    Runtime      # DAGs    # Errors  Last Runtime    Last Run
--------------------------------------  -----  ---------  --------  ----------  --------------  -------------------
/opt/airflow/dags/daily_summary_dag.py                           1           0  0.13s           2026-10-05T17:29:52
================================================================================
[2026-10-05T17:30:56.110+0000] {manager.py:878} INFO - 
================================================================================
DAG File Processing Stats

File Path                                 PID  Runtime      # DAGs    # Errors  Last Runtime    Last Run
--------------------------------------  -----  ---------  --------  ----------  --------------  -------------------
/opt/airflow/dags/daily_summary_dag.py   1291  0.02s             1           0  0.45s           2026-10-05T17:30:22
================================================================================
[2026-10-05T17:30:56.134+0000] {manager.py:878} INFO - 
================================================================================
DAG File Processing Stats

File Path                                 PID  Runtime      # DAGs    # Errors  Last Runtime    Last Run
--------------------------------------  -----  ---------  --------  ----------  --------------  -------------------
/opt/airflow/dags/daily_summary_dag.py   1293  0.02s             1           0  0.52s           2026-10-05T17:30:22
================================================================================
[2026-10-05T17:30:56.197+0000] {manager.py:878} INFO - 
================================================================================
DAG File Processing Stats

File Path                                 PID  Runtime      # DAGs    # Errors  Last Runtime    Last Run
--------------------------------------  -----  ---------  --------  ----------  --------------  -------------------
/opt/airflow/dags/daily_summary_dag.py   1297  0.04s             1           0  0.47s           2026-10-05T17:30:22
================================================================================
[2026-10-05T17:31:43.820+0000] {manager.py:878} INFO - 
================================================================================
DAG File Processing Stats

File Path                                 PID  Runtime      # DAGs    # Errors  Last Runtime    Last Run
--------------------------------------  -----  ---------  --------  ----------  --------------  -------------------
/opt/airflow/dags/daily_summary_dag.py   1293  32.78s            1           0  0.52s           2026-10-05T17:30:22
================================================================================
[2026-10-05T17:32:03.353+0000] {manager.py:737} INFO - Searching for files in /opt/airflow/dags
[2026-10-05T17:32:18.361+0000] {manager.py:878} INFO - 
================================================================================
DAG File Processing Stats

File Path                                 PID  Runtime      # DAGs    # Errors  Last Runtime    Last Run
--------------------------------------  -----  ---------  --------  ----------  --------------  -------------------
/opt/airflow/dags/daily_summary_dag.py   1291  64.73s            1           0  0.45s           2026-10-05T17:30:22
================================================================================
[2026-10-05T17:32:34.794+0000] {manager.py:740} INFO - There are 1 files in /opt/airflow/dags
[2026-10-05T17:34:59.768+0000] {manager.py:737} INFO - Searching for files in /opt/airflow/dags
[2026-10-05T17:34:59.767+0000] {manager.py:737} INFO - Searching for files in /opt/airflow/dags
[2026-10-05T17:34:59.922+0000] {manager.py:1203} ERROR - Processor for /opt/airflow/dags/daily_summary_dag.py with PID 1297 started at 2026-10-05T17:30:56.153256+00:00 has timed out, killing it.
[2026-10-05T17:34:59.939+0000] {manager.py:740} INFO - There are 1 files in /opt/airflow/dags
[2026-10-05T17:35:00.001+0000] {manager.py:740} INFO - There are 1 files in /opt/airflow/dags
[2026-10-05T17:35:00.008+0000] {manager.py:878} INFO - 
================================================================================
DAG File Processing Stats

File Path                               PID    Runtime      # DAGs    # Errors  Last Runtime    Last Run
--------------------------------------  -----  ---------  --------  ----------  --------------  -------------------
/opt/airflow/dags/daily_summary_dag.py                           0           1  243.77s         2026-10-05T17:34:59
================================================================================
[2026-10-05T17:35:00.140+0000] {manager.py:1203} ERROR - Processor for /opt/airflow/dags/daily_summary_dag.py with PID 1293 started at 2026-10-05T17:30:56.101064+00:00 has timed out, killing it.
[2026-10-05T17:35:00.147+0000] {manager.py:1203} ERROR - Processor for /opt/airflow/dags/daily_summary_dag.py with PID 1291 started at 2026-10-05T17:30:56.078333+00:00 has timed out, killing it.
[2026-10-05T17:35:00.167+0000] {manager.py:878} INFO - 
================================================================================
DAG File Processing Stats

File Path                               PID    Runtime      # DAGs    # Errors  Last Runtime    Last Run
--------------------------------------  -----  ---------  --------  ----------  --------------  -------------------
/opt/airflow/dags/daily_summary_dag.py                           0           1  244.04s         2026-10-05T17:35:00
================================================================================
[2026-10-05T17:35:00.171+0000] {manager.py:878} INFO - 
================================================================================
DAG File Processing Stats

File Path                               PID    Runtime      # DAGs    # Errors  Last Runtime    Last Run
--------------------------------------  -----  ---------  --------  ----------  --------------  -------------------
/opt/airflow/dags/daily_summary_dag.py                           0           1  244.07s         2026-10-05T17:35:00
================================================================================
[2026-10-05T17:35:30.427+0000] {manager.py:878} INFO - 
================================================================================
DAG File Processing Stats

File Path                                 PID  Runtime      # DAGs    # Errors  Last Runtime    Last Run
--------------------------------------  -----  ---------  --------  ----------  --------------  -------------------
/opt/airflow/dags/daily_summary_dag.py   1304  0.07s             0           1  243.77s         2026-10-05T17:34:59
================================================================================
[2026-10-05T17:35:30.498+0000] {manager.py:878} INFO - 
================================================================================
DAG File Processing Stats

File Path                                 PID  Runtime      # DAGs    # Errors  Last Runtime    Last Run
--------------------------------------  -----  ---------  --------  ----------  --------------  -------------------
/opt/airflow/dags/daily_summary_dag.py   1307  0.03s             0           1  244.04s         2026-10-05T17:35:00
================================================================================
[2026-10-05T17:35:30.504+0000] {manager.py:878} INFO - 
================================================================================
DAG File Processing Stats

File Path                                 PID  Runtime      # DAGs    # Errors  Last Runtime    Last Run
--------------------------------------  -----  ---------  --------  ----------  --------------  -------------------
/opt/airflow/dags/daily_summary_dag.py   1308  0.04s             0           1  244.07s         2026-10-05T17:35:00
================================================================================
[2026-10-05T17:35:34.113+0000] {manager.py:1016} ERROR - Processor for /opt/airflow/dags/daily_summary_dag.py exited with return code 1.
[2026-10-05T17:35:34.511+0000] {manager.py:1016} ERROR - Processor for /opt/airflow/dags/daily_summary_dag.py exited with return code 1.
[2026-10-05T17:36:00.757+0000] {manager.py:878} INFO - 
================================================================================
DAG File Processing Stats

File Path                               PID    Runtime      # DAGs    # Errors  Last Runtime    Last Run
--------------------------------------  -----  ---------  --------  ----------  --------------  -------------------
/opt/airflow/dags/daily_summary_dag.py                           0          -1  3.66s           2026-10-05T17:35:34
================================================================================
[2026-10-05T17:36:00.760+0000] {manager.py:878} INFO - 
================================================================================
DAG File Processing Stats

File Path                               PID    Runtime      # DAGs    # Errors  Last Runtime    Last Run
--------------------------------------  -----  ---------  --------  ----------  --------------  -------------------
/opt/airflow/dags/daily_summary_dag.py                           0          -1  4.18s           2026-10-05T17:35:34
================================================================================
[2026-10-05T17:36:00.774+0000] {manager.py:878} INFO - 
================================================================================
DAG File Processing Stats

File Path                               PID    Runtime      # DAGs    # Errors  Last Runtime    Last Run
--------------------------------------  -----  ---------  --------  ----------  --------------  -------------------
/opt/airflow/dags/daily_summary_dag.py                           1           0  2.29s           2026-10-05T17:35:32
================================================================================
[2026-10-05T17:37:38.042+0000] {manager.py:878} INFO - 
================================================================================
DAG File Processing Stats

File Path                                 PID  Runtime      # DAGs    # Errors  Last Runtime    Last Run
--------------------------------------  -----  ---------  --------  ----------  --------------  -------------------
/opt/airflow/dags/daily_summary_dag.py   1347  0.03s             1           0  0.34s           2026-10-05T17:36:03
================================================================================
[2026-10-05T17:37:38.064+0000] {manager.py:878} INFO - 
================================================================================
DAG File Processing Stats

File Path                               PID    Runtime      # DAGs    # Errors  Last Runtime    Last Run
--------------------------------------  -----  ---------  --------  ----------  --------------  -------------------
/opt/airflow/dags/daily_summary_dag.py                           1           0  0.50s           2026-10-05T17:36:04
================================================================================
[2026-10-05T17:37:38.075+0000] {manager.py:737} INFO - Searching for files in /opt/airflow/dags
[2026-10-05T17:37:38.201+0000] {manager.py:740} INFO - There are 1 files in /opt/airflow/dags
[2026-10-05T17:37:38.457+0000] {manager.py:878} INFO - 
================================================================================
DAG File Processing Stats

File Path                                 PID  Runtime      # DAGs    # Errors  Last Runtime    Last Run
--------------------------------------  -----  ---------  --------  ----------  --------------  -------------------
/opt/airflow/dags/daily_summary_dag.py   1350  0.03s             1           0  0.43s           2026-10-05T17:36:05
================================================================================
[2026-10-05T17:40:41.243+0000] {manager.py:1203} ERROR - Processor for /opt/airflow/dags/daily_summary_dag.py with PID 1350 started at 2026-10-05T17:37:38.419128+00:00 has timed out, killing it.
[2026-10-05T17:40:41.283+0000] {manager.py:878} INFO - 
================================================================================
DAG File Processing Stats

File Path                               PID    Runtime      # DAGs    # Errors  Last Runtime    Last Run
--------------------------------------  -----  ---------  --------  ----------  --------------  -------------------
/opt/airflow/dags/daily_summary_dag.py                           0           1  182.82s         2026-10-05T17:40:41
================================================================================
[2026-10-05T17:40:43.757+0000] {manager.py:470} INFO - Processing files using up to 2 processes at a time 
[2026-10-05T17:40:43.759+0000] {manager.py:471} INFO - Process each file at most once every 30 seconds
[2026-10-05T17:40:43.760+0000] {manager.py:472} INFO - Checking for new files in /opt/airflow/dags every 300 seconds
[2026-10-05T17:40:43.764+0000] {manager.py:737} INFO - Searching for files in /opt/airflow/dags
[2026-10-05T17:40:43.790+0000] {manager.py:740} INFO - There are 1 files in /opt/airflow/dags
[2026-10-05T17:40:43.962+0000] {manager.py:878} INFO - 
================================================================================
DAG File Processing Stats

File Path                                 PID  Runtime      # DAGs    # Errors  Last Runtime    Last Run
--------------------------------------  -----  ---------  --------  ----------  --------------  ----------
/opt/airflow/dags/daily_summary_dag.py   1363  0.04s             0           0
================================================================================
[2026-10-05T17:40:44.517+0000] {manager.py:470} INFO - Processing files using up to 2 processes at a time 
[2026-10-05T17:40:44.520+0000] {manager.py:471} INFO - Process each file at most once every 30 seconds
[2026-10-05T17:40:44.523+0000] {manager.py:472} INFO - Checking for new files in /opt/airflow/dags every 300 seconds
[2026-10-05T17:40:44.527+0000] {manager.py:737} INFO - Searching for files in /opt/airflow/dags
[2026-10-05T17:40:44.552+0000] {manager.py:740} INFO - There are 1 files in /opt/airflow/dags
[2026-10-05T17:40:44.725+0000] {manager.py:878} INFO - 
================================================================================
DAG File Processing Stats

File Path                                 PID  Runtime      # DAGs    # Errors  Last Runtime    Last Run
--------------------------------------  -----  ---------  --------  ----------  --------------  ----------
/opt/airflow/dags/daily_summary_dag.py   1371  0.03s             0           0
================================================================================
[2026-10-05T17:41:11.498+0000] {manager.py:878} INFO - 
================================================================================
DAG File Processing Stats

File Path                                 PID  Runtime      # DAGs    # Errors  Last Runtime    Last Run
--------------------------------------  -----  ---------  --------  ----------  --------------  -------------------
/opt/airflow/dags/daily_summary_dag.py   1376  0.01s             0           1  182.82s         2026-10-05T17:40:41
================================================================================
[2026-10-05T17:41:14.150+0000] {manager.py:878} INFO - 
================================================================================
DAG File Processing Stats

File Path                                 PID  Runtime      # DAGs    # Errors  Last Runtime    Last Run
--------------------------------------  -----  ---------  --------  ----------  --------------  -------------------
/opt/airflow/dags/daily_summary_dag.py   1381  0.01s             1           0  0.21s           2026-10-05T17:40:44
================================================================================
[2026-10-05T17:41:14.907+0000] {manager.py:878} INFO - 
================================================================================
DAG File Processing Stats

File Path                                 PID  Runtime      # DAGs    # Errors  Last Runtime    Last Run
--------------------------------------  -----  ---------  --------  ----------  --------------  -------------------
/opt/airflow/dags/daily_summary_dag.py   1386  0.01s             1           0  0.20s           2026-10-05T17:40:44
================================================================================
[2026-10-05T17:41:41.689+0000] {manager.py:878} INFO - 
================================================================================
DAG File Processing Stats

File Path                               PID    Runtime      # DAGs    # Errors  Last Runtime    Last Run
--------------------------------------  -----  ---------  --------  ----------  --------------  -------------------
/opt/airflow/dags/daily_summary_dag.py                           1           0  0.67s           2026-10-05T17:41:12
================================================================================
[2026-10-05T17:41:44.455+0000] {manager.py:878} INFO - 
================================================================================
DAG File Processing Stats

File Path                                 PID  Runtime      # DAGs    # Errors  Last Runtime    Last Run
--------------------------------------  -----  ---------  --------  ----------  --------------  -------------------
/opt/airflow/dags/daily_summary_dag.py   1396  0.01s             1           0  0.28s           2026-10-05T17:41:14
================================================================================
[2026-10-05T17:41:45.217+0000] {manager.py:878} INFO - 
================================================================================
DAG File Processing Stats

File Path                                 PID  Runtime      # DAGs    # Errors  Last Runtime    Last Run
--------------------------------------  -----  ---------  --------  ----------  --------------  -------------------
/opt/airflow/dags/daily_summary_dag.py   1401  0.01s             1           0  0.24s           2026-10-05T17:41:15
================================================================================
[2026-10-05T17:42:11.755+0000] {manager.py:878} INFO - 
================================================================================
DAG File Processing Stats

File Path                               PID    Runtime      # DAGs    # Errors  Last Runtime    Last Run
--------------------------------------  -----  ---------  --------  ----------  --------------  -------------------
/opt/airflow/dags/daily_summary_dag.py                           1           0  0.29s           2026-10-05T17:41:42
================================================================================
[2026-10-05T17:42:14.748+0000] {manager.py:878} INFO - 
================================================================================
DAG File Processing Stats

File Path                                 PID  Runtime      # DAGs    # Errors  Last Runtime    Last Run
--------------------------------------  -----  ---------  --------  ----------  --------------  -------------------
/opt/airflow/dags/daily_summary_dag.py   1411  0.01s             1           0  0.13s           2026-10-05T17:41:44
================================================================================
[2026-10-05T17:42:15.486+0000] {manager.py:878} INFO - 
================================================================================
DAG File Processing Stats

File Path                                 PID  Runtime      # DAGs    # Errors  Last Runtime    Last Run
--------------------------------------  -----  ---------  --------  ----------  --------------  -------------------
/opt/airflow/dags/daily_summary_dag.py   1416  0.01s             1           0  0.12s           2026-10-05T17:41:45
================================================================================
[2026-10-05T17:42:38.916+0000] {manager.py:737} INFO - Searching for files in /opt/airflow/dags
[2026-10-05T17:42:38.940+0000] {manager.py:740} INFO - There are 1 files in /opt/airflow/dags
[2026-10-05T17:42:41.973+0000] {manager.py:878} INFO - 
================================================================================
DAG File Processing Stats

File Path                               PID    Runtime      # DAGs    # Errors  Last Runtime    Last Run
--------------------------------------  -----  ---------  --------  ----------  --------------  -------------------
/opt/airflow/dags/daily_summary_dag.py                           1           0  0.14s           2026-10-05T17:42:12
================================================================================
[2026-10-05T17:42:44.929+0000] {manager.py:878} INFO - 
================================================================================
DAG File Processing Stats

File Path                                 PID  Runtime      # DAGs    # Errors  Last Runtime    Last Run
--------------------------------------  -----  ---------  --------  ----------  --------------  -------------------
/opt/airflow/dags/daily_summary_dag.py   1426  0.01s             1           0  0.12s           2026-10-05T17:42:14
================================================================================
[2026-10-05T17:42:45.680+0000] {manager.py:878} INFO - 
================================================================================
DAG File Processing Stats

File Path                                 PID  Runtime      # DAGs    # Errors  Last Runtime    Last Run
--------------------------------------  -----  ---------  --------  ----------  --------------  -------------------
/opt/airflow/dags/daily_summary_dag.py   1431  0.01s             1           0  0.12s           2026-10-05T17:42:15
================================================================================
[2026-10-05T17:43:12.232+0000] {manager.py:878} INFO - 
================================================================================
DAG File Processing Stats

File Path                               PID    Runtime      # DAGs    # Errors  Last Runtime    Last Run
--------------------------------------  -----  ---------  --------  ----------  --------------  -------------------
/opt/airflow/dags/daily_summary_dag.py                           1           0  0.16s           2026-10-05T17:42:43
================================================================================
[2026-10-05T17:43:15.206+0000] {manager.py:878} INFO - 
================================================================================
DAG File Processing Stats

File Path                                 PID  Runtime      # DAGs    # Errors  Last Runtime    Last Run
--------------------------------------  -----  ---------  --------  ----------  --------------  -------------------
/opt/airflow/dags/daily_summary_dag.py   1441  0.01s             1           0  0.12s           2026-10-05T17:42:45
================================================================================
[2026-10-05T17:43:15.940+0000] {manager.py:878} INFO - 
================================================================================
DAG File Processing Stats

File Path                                 PID  Runtime      # DAGs    # Errors  Last Runtime    Last Run
--------------------------------------  -----  ---------  --------  ----------  --------------  -------------------
/opt/airflow/dags/daily_summary_dag.py   1446  0.01s             1           0  0.12s           2026-10-05T17:42:45
================================================================================
[2026-10-05T17:43:42.461+0000] {manager.py:878} INFO - 
================================================================================
DAG File Processing Stats

File Path                               PID    Runtime      # DAGs    # Errors  Last Runtime    Last Run
--------------------------------------  -----  ---------  --------  ----------  --------------  -------------------
/opt/airflow/dags/daily_summary_dag.py                           1           0  0.13s           2026-10-05T17:43:13
================================================================================
[2026-10-05T17:43:45.411+0000] {manager.py:878} INFO - 
================================================================================
DAG File Processing Stats

File Path                                 PID  Runtime      # DAGs    # Errors  Last Runtime    Last Run
--------------------------------------  -----  ---------  --------  ----------  --------------  -------------------
/opt/airflow/dags/daily_summary_dag.py   1456  0.01s             1           0  0.13s           2026-10-05T17:43:15
================================================================================
[2026-10-05T17:43:46.132+0000] {manager.py:878} INFO - 
================================================================================
DAG File Processing Stats

File Path                                 PID  Runtime      # DAGs    # Errors  Last Runtime    Last Run
--------------------------------------  -----  ---------  --------  ----------  --------------  -------------------
/opt/airflow/dags/daily_summary_dag.py   1461  0.01s             1           0  0.13s           2026-10-05T17:43:16
================================================================================
[2026-10-05T17:44:12.671+0000] {manager.py:878} INFO - 
================================================================================
DAG File Processing Stats

File Path                               PID    Runtime      # DAGs    # Errors  Last Runtime    Last Run
--------------------------------------  -----  ---------  --------  ----------  --------------  -------------------
/opt/airflow/dags/daily_summary_dag.py                           1           0  0.13s           2026-10-05T17:43:43
================================================================================
[2026-10-05T17:44:15.640+0000] {manager.py:878} INFO - 
================================================================================
DAG File Processing Stats

File Path                                 PID  Runtime      # DAGs    # Errors  Last Runtime    Last Run
--------------------------------------  -----  ---------  --------  ----------  --------------  -------------------
/opt/airflow/dags/daily_summary_dag.py   1471  0.01s             1           0  0.13s           2026-10-05T17:43:45
================================================================================
[2026-10-05T17:44:16.396+0000] {manager.py:878} INFO - 
================================================================================
DAG File Processing Stats

File Path                                 PID  Runtime      # DAGs    # Errors  Last Runtime    Last Run
--------------------------------------  -----  ---------  --------  ----------  --------------  -------------------
/opt/airflow/dags/daily_summary_dag.py   1476  0.01s             1           0  0.12s           2026-10-05T17:43:46
================================================================================
[2026-10-05T17:44:42.901+0000] {manager.py:878} INFO - 
================================================================================
DAG File Processing Stats

File Path                               PID    Runtime      # DAGs    # Errors  Last Runtime    Last Run
--------------------------------------  -----  ---------  --------  ----------  --------------  -------------------
/opt/airflow/dags/daily_summary_dag.py                           1           0  0.13s           2026-10-05T17:44:13
================================================================================
[2026-10-05T17:44:45.847+0000] {manager.py:878} INFO - 
================================================================================
DAG File Processing Stats

File Path                                 PID  Runtime      # DAGs    # Errors  Last Runtime    Last Run
--------------------------------------  -----  ---------  --------  ----------  --------------  -------------------
/opt/airflow/dags/daily_summary_dag.py   1486  0.01s             1           0  0.11s           2026-10-05T17:44:15
================================================================================
[2026-10-05T17:44:46.580+0000] {manager.py:878} INFO - 
================================================================================
DAG File Processing Stats

File Path                                 PID  Runtime      # DAGs    # Errors  Last Runtime    Last Run
--------------------------------------  -----  ---------  --------  ----------  --------------  -------------------
/opt/airflow/dags/daily_summary_dag.py   1491  0.01s             1           0  0.12s           2026-10-05T17:44:16
================================================================================
[2026-10-05T17:45:13.099+0000] {manager.py:878} INFO - 
================================================================================
DAG File Processing Stats

File Path                               PID    Runtime      # DAGs    # Errors  Last Runtime    Last Run
--------------------------------------  -----  ---------  --------  ----------  --------------  -------------------
/opt/airflow/dags/daily_summary_dag.py                           1           0  0.13s           2026-10-05T17:44:44
================================================================================
[2026-10-05T17:45:16.064+0000] {manager.py:878} INFO - 
================================================================================
DAG File Processing Stats

File Path                                 PID  Runtime      # DAGs    # Errors  Last Runtime    Last Run
--------------------------------------  -----  ---------  --------  ----------  --------------  -------------------
/opt/airflow/dags/daily_summary_dag.py   1501  0.01s             1           0  0.12s           2026-10-05T17:44:45
================================================================================
[2026-10-05T17:45:16.836+0000] {manager.py:878} INFO - 
================================================================================
DAG File Processing Stats

File Path                                 PID  Runtime      # DAGs    # Errors  Last Runtime    Last Run
--------------------------------------  -----  ---------  --------  ----------  --------------  -------------------
/opt/airflow/dags/daily_summary_dag.py   1506  0.01s             1           0  0.15s           2026-10-05T17:44:46
================================================================================
[2026-10-05T17:45:43.347+0000] {manager.py:878} INFO - 
================================================================================
DAG File Processing Stats

File Path                               PID    Runtime      # DAGs    # Errors  Last Runtime    Last Run
--------------------------------------  -----  ---------  --------  ----------  --------------  -------------------
/opt/airflow/dags/daily_summary_dag.py                           1           0  0.14s           2026-10-05T17:45:14
================================================================================
[2026-10-05T17:45:44.259+0000] {manager.py:737} INFO - Searching for files in /opt/airflow/dags
[2026-10-05T17:45:44.302+0000] {manager.py:740} INFO - There are 1 files in /opt/airflow/dags
[2026-10-05T17:45:45.026+0000] {manager.py:737} INFO - Searching for files in /opt/airflow/dags
[2026-10-05T17:45:45.047+0000] {manager.py:740} INFO - There are 1 files in /opt/airflow/dags
[2026-10-05T17:45:46.360+0000] {manager.py:878} INFO - 
================================================================================
DAG File Processing Stats

File Path                                 PID  Runtime      # DAGs    # Errors  Last Runtime    Last Run
--------------------------------------  -----  ---------  --------  ----------  --------------  -------------------
/opt/airflow/dags/daily_summary_dag.py   1516  0.01s             1           0  0.12s           2026-10-05T17:45:16
================================================================================
[2026-10-05T17:45:47.089+0000] {manager.py:878} INFO - 
================================================================================
DAG File Processing Stats

File Path                                 PID  Runtime      # DAGs    # Errors  Last Runtime    Last Run
--------------------------------------  -----  ---------  --------  ----------  --------------  -------------------
/opt/airflow/dags/daily_summary_dag.py   1521  0.01s             1           0  0.12s           2026-10-05T17:45:16
================================================================================
[2026-10-05T17:46:13.555+0000] {manager.py:878} INFO - 
================================================================================
DAG File Processing Stats

File Path                               PID    Runtime      # DAGs    # Errors  Last Runtime    Last Run
--------------------------------------  -----  ---------  --------  ----------  --------------  -------------------
/opt/airflow/dags/daily_summary_dag.py                           1           0  0.14s           2026-10-05T17:45:44
================================================================================
[2026-10-05T17:46:16.551+0000] {manager.py:878} INFO - 
================================================================================
DAG File Processing Stats

File Path                                 PID  Runtime      # DAGs    # Errors  Last Runtime    Last Run
--------------------------------------  -----  ---------  --------  ----------  --------------  -------------------
/opt/airflow/dags/daily_summary_dag.py   1531  0.01s             1           0  0.12s           2026-10-05T17:45:46
================================================================================
[2026-10-05T17:46:17.274+0000] {manager.py:878} INFO - 
================================================================================
DAG File Processing Stats

File Path                                 PID  Runtime      # DAGs    # Errors  Last Runtime    Last Run
--------------------------------------  -----  ---------  --------  ----------  --------------  -------------------
/opt/airflow/dags/daily_summary_dag.py   1536  0.01s             1           0  0.12s           2026-10-05T17:45:47
================================================================================
[2026-10-05T17:46:43.814+0000] {manager.py:878} INFO - 
================================================================================
DAG File Processing Stats

File Path                               PID    Runtime      # DAGs    # Errors  Last Runtime    Last Run
--------------------------------------  -----  ---------  --------  ----------  --------------  -------------------
/opt/airflow/dags/daily_summary_dag.py                           1           0  0.13s           2026-10-05T17:46:14
================================================================================
[2026-10-05T17:46:46.801+0000] {manager.py:878} INFO - 
================================================================================
DAG File Processing Stats

File Path                                 PID  Runtime      # DAGs    # Errors  Last Runtime    Last Run
--------------------------------------  -----  ---------  --------  ----------  --------------  -------------------
/opt/airflow/dags/daily_summary_dag.py   1546  0.01s             1           0  0.14s           2026-10-05T17:46:16
================================================================================
[2026-10-05T17:46:47.532+0000] {manager.py:878} INFO - 
================================================================================
DAG File Processing Stats

File Path                                 PID  Runtime      # DAGs    # Errors  Last Runtime    Last Run
--------------------------------------  -----  ---------  --------  ----------  --------------  -------------------
/opt/airflow/dags/daily_summary_dag.py   1551  0.01s             1           0  0.14s           2026-10-05T17:46:17
================================================================================
[2026-10-05T17:47:13.992+0000] {manager.py:878} INFO - 
================================================================================
DAG File Processing Stats

File Path                               PID    Runtime      # DAGs    # Errors  Last Runtime    Last Run
--------------------------------------  -----  ---------  --------  ----------  --------------  -------------------
/opt/airflow/dags/daily_summary_dag.py                           1           0  0.13s           2026-10-05T17:46:44
================================================================================
[2026-10-05T17:47:17.013+0000] {manager.py:878} INFO - 
================================================================================
DAG File Processing Stats

File Path                                 PID  Runtime      # DAGs    # Errors  Last Runtime    Last Run
--------------------------------------  -----  ---------  --------  ----------  --------------  -------------------
/opt/airflow/dags/daily_summary_dag.py   1561  0.01s             1           0  0.12s           2026-10-05T17:46:46
================================================================================
[2026-10-05T17:47:17.747+0000] {manager.py:878} INFO - 
================================================================================
DAG File Processing Stats

File Path                                 PID  Runtime      # DAGs    # Errors  Last Runtime    Last Run
--------------------------------------  -----  ---------  --------  ----------  --------------  -------------------
/opt/airflow/dags/daily_summary_dag.py   1566  0.00s             1           0  0.11s           2026-10-05T17:46:47
================================================================================
[2026-10-05T17:47:39.246+0000] {manager.py:737} INFO - Searching for files in /opt/airflow/dags
[2026-10-05T17:47:39.267+0000] {manager.py:740} INFO - There are 1 files in /opt/airflow/dags
[2026-10-05T17:47:44.308+0000] {manager.py:878} INFO - 
================================================================================
DAG File Processing Stats

File Path                               PID    Runtime      # DAGs    # Errors  Last Runtime    Last Run
--------------------------------------  -----  ---------  --------  ----------  --------------  -------------------
/opt/airflow/dags/daily_summary_dag.py                           1           0  0.14s           2026-10-05T17:47:15
================================================================================
[2026-10-05T17:47:47.267+0000] {manager.py:878} INFO - 
================================================================================
DAG File Processing Stats

File Path                                 PID  Runtime      # DAGs    # Errors  Last Runtime    Last Run
--------------------------------------  -----  ---------  --------  ----------  --------------  -------------------
/opt/airflow/dags/daily_summary_dag.py   1576  0.01s             1           0  0.12s           2026-10-05T17:47:17
================================================================================
[2026-10-05T17:47:47.966+0000] {manager.py:878} INFO - 
================================================================================
DAG File Processing Stats

File Path                                 PID  Runtime      # DAGs    # Errors  Last Runtime    Last Run
--------------------------------------  -----  ---------  --------  ----------  --------------  -------------------
/opt/airflow/dags/daily_summary_dag.py   1581  0.00s             1           0  0.12s           2026-10-05T17:47:17
================================================================================
[2026-10-05T17:48:14.490+0000] {manager.py:878} INFO - 
================================================================================
DAG File Processing Stats

File Path                               PID    Runtime      # DAGs    # Errors  Last Runtime    Last Run
--------------------------------------  -----  ---------  --------  ----------  --------------  -------------------
/opt/airflow/dags/daily_summary_dag.py                           1           0  0.13s           2026-10-05T17:47:45
================================================================================
[2026-10-05T17:48:17.454+0000] {manager.py:878} INFO - 
================================================================================
DAG File Processing Stats

File Path                                 PID  Runtime      # DAGs    # Errors  Last Runtime    Last Run
--------------------------------------  -----  ---------  --------  ----------  --------------  -------------------
/opt/airflow/dags/daily_summary_dag.py   1591  0.00s             1           0  0.11s           2026-10-05T17:47:47
================================================================================
[2026-10-05T17:48:18.191+0000] {manager.py:878} INFO - 
================================================================================
DAG File Processing Stats

File Path                                 PID  Runtime      # DAGs    # Errors  Last Runtime    Last Run
--------------------------------------  -----  ---------  --------  ----------  --------------  -------------------
/opt/airflow/dags/daily_summary_dag.py   1596  0.00s             1           0  0.11s           2026-10-05T17:47:48
================================================================================
[2026-10-05T17:48:44.747+0000] {manager.py:878} INFO - 
================================================================================
DAG File Processing Stats

File Path                               PID    Runtime      # DAGs    # Errors  Last Runtime    Last Run
--------------------------------------  -----  ---------  --------  ----------  --------------  -------------------
/opt/airflow/dags/daily_summary_dag.py                           1           0  0.13s           2026-10-05T17:48:15
================================================================================
[2026-10-05T17:48:47.698+0000] {manager.py:878} INFO - 
================================================================================
DAG File Processing Stats

File Path                                 PID  Runtime      # DAGs    # Errors  Last Runtime    Last Run
--------------------------------------  -----  ---------  --------  ----------  --------------  -------------------
/opt/airflow/dags/daily_summary_dag.py   1606  0.01s             1           0  0.11s           2026-10-05T17:48:17
================================================================================
[2026-10-05T17:48:48.403+0000] {manager.py:878} INFO - 
================================================================================
DAG File Processing Stats

File Path                                 PID  Runtime      # DAGs    # Errors  Last Runtime    Last Run
--------------------------------------  -----  ---------  --------  ----------  --------------  -------------------
/opt/airflow/dags/daily_summary_dag.py   1611  0.01s             1           0  0.11s           2026-10-05T17:48:18
================================================================================
[2026-10-05T17:49:14.930+0000] {manager.py:878} INFO - 
================================================================================
DAG File Processing Stats

File Path                               PID    Runtime      # DAGs    # Errors  Last Runtime    Last Run
--------------------------------------  -----  ---------  --------  ----------  --------------  -------------------
/opt/airflow/dags/daily_summary_dag.py                           1           0  0.13s           2026-10-05T17:48:45
================================================================================
[2026-10-05T17:49:17.881+0000] {manager.py:878} INFO - 
================================================================================
DAG File Processing Stats

File Path                                 PID  Runtime      # DAGs    # Errors  Last Runtime    Last Run
--------------------------------------  -----  ---------  --------  ----------  --------------  -------------------
/opt/airflow/dags/daily_summary_dag.py   1621  0.01s             1           0  0.11s           2026-10-05T17:48:47
================================================================================
[2026-10-05T17:49:18.623+0000] {manager.py:878} INFO - 
================================================================================
DAG File Processing Stats

File Path                                 PID  Runtime      # DAGs    # Errors  Last Runtime    Last Run
--------------------------------------  -----  ---------  --------  ----------  --------------  -------------------
/opt/airflow/dags/daily_summary_dag.py   1626  0.01s             1           0  0.12s           2026-10-05T17:48:48
================================================================================
[2026-10-05T17:49:45.201+0000] {manager.py:878} INFO - 
================================================================================
DAG File Processing Stats

File Path                               PID    Runtime      # DAGs    # Errors  Last Runtime    Last Run
--------------------------------------  -----  ---------  --------  ----------  --------------  -------------------
/opt/airflow/dags/daily_summary_dag.py                           1           0  0.13s           2026-10-05T17:49:16
================================================================================
[2026-10-05T17:49:48.131+0000] {manager.py:878} INFO - 
================================================================================
DAG File Processing Stats

File Path                                 PID  Runtime      # DAGs    # Errors  Last Runtime    Last Run
--------------------------------------  -----  ---------  --------  ----------  --------------  -------------------
/opt/airflow/dags/daily_summary_dag.py   1636  0.01s             1           0  0.12s           2026-10-05T17:49:17
================================================================================
[2026-10-05T17:49:48.858+0000] {manager.py:878} INFO - 
================================================================================
DAG File Processing Stats

File Path                                 PID  Runtime      # DAGs    # Errors  Last Runtime    Last Run
--------------------------------------  -----  ---------  --------  ----------  --------------  -------------------
/opt/airflow/dags/daily_summary_dag.py   1641  0.01s             1           0  0.13s           2026-10-05T17:49:18
================================================================================
[2026-10-05T17:50:15.383+0000] {manager.py:878} INFO - 
================================================================================
DAG File Processing Stats

File Path                               PID    Runtime      # DAGs    # Errors  Last Runtime    Last Run
--------------------------------------  -----  ---------  --------  ----------  --------------  -------------------
/opt/airflow/dags/daily_summary_dag.py                           1           0  0.14s           2026-10-05T17:49:46
================================================================================
[2026-10-05T17:50:18.321+0000] {manager.py:878} INFO - 
================================================================================
DAG File Processing Stats

File Path                                 PID  Runtime      # DAGs    # Errors  Last Runtime    Last Run
--------------------------------------  -----  ---------  --------  ----------  --------------  -------------------
/opt/airflow/dags/daily_summary_dag.py   1651  0.01s             1           0  0.12s           2026-10-05T17:49:48
================================================================================
[2026-10-05T17:50:19.099+0000] {manager.py:878} INFO - 
================================================================================
DAG File Processing Stats

File Path                                 PID  Runtime      # DAGs    # Errors  Last Runtime    Last Run
--------------------------------------  -----  ---------  --------  ----------  --------------  -------------------
/opt/airflow/dags/daily_summary_dag.py   1656  0.01s             1           0  0.13s           2026-10-05T17:49:48
================================================================================
[2026-10-05T17:50:44.533+0000] {manager.py:737} INFO - Searching for files in /opt/airflow/dags
[2026-10-05T17:50:44.555+0000] {manager.py:740} INFO - There are 1 files in /opt/airflow/dags
[2026-10-05T17:50:45.271+0000] {manager.py:737} INFO - Searching for files in /opt/airflow/dags
[2026-10-05T17:50:45.290+0000] {manager.py:740} INFO - There are 1 files in /opt/airflow/dags
[2026-10-05T17:50:45.667+0000] {manager.py:878} INFO - 
================================================================================
DAG File Processing Stats

File Path                               PID    Runtime      # DAGs    # Errors  Last Runtime    Last Run
--------------------------------------  -----  ---------  --------  ----------  --------------  -------------------
/opt/airflow/dags/daily_summary_dag.py                           1           0  0.14s           2026-10-05T17:50:16
================================================================================
[2026-10-05T17:50:48.606+0000] {manager.py:878} INFO - 
================================================================================
DAG File Processing Stats

File Path                                 PID  Runtime      # DAGs    # Errors  Last Runtime    Last Run
--------------------------------------  -----  ---------  --------  ----------  --------------  -------------------
/opt/airflow/dags/daily_summary_dag.py   1666  0.01s             1           0  0.12s           2026-10-05T17:50:18
================================================================================
[2026-10-05T17:50:49.338+0000] {manager.py:878} INFO - 
================================================================================
DAG File Processing Stats

File Path                                 PID  Runtime      # DAGs    # Errors  Last Runtime    Last Run
--------------------------------------  -----  ---------  --------  ----------  --------------  -------------------
/opt/airflow/dags/daily_summary_dag.py   1671  0.01s             1           0  0.12s           2026-10-05T17:50:19
================================================================================
[2026-10-05T17:51:15.854+0000] {manager.py:878} INFO - 
================================================================================
DAG File Processing Stats

File Path                               PID    Runtime      # DAGs    # Errors  Last Runtime    Last Run
--------------------------------------  -----  ---------  --------  ----------  --------------  -------------------
/opt/airflow/dags/daily_summary_dag.py                           1           0  0.13s           2026-10-05T17:50:46
================================================================================
[2026-10-05T17:51:18.794+0000] {manager.py:878} INFO - 
================================================================================
DAG File Processing Stats

File Path                                 PID  Runtime      # DAGs    # Errors  Last Runtime    Last Run
--------------------------------------  -----  ---------  --------  ----------  --------------  -------------------
/opt/airflow/dags/daily_summary_dag.py   1681  0.01s             1           0  0.12s           2026-10-05T17:50:48
================================================================================
[2026-10-05T17:51:19.542+0000] {manager.py:878} INFO - 
================================================================================
DAG File Processing Stats

File Path                                 PID  Runtime      # DAGs    # Errors  Last Runtime    Last Run
--------------------------------------  -----  ---------  --------  ----------  --------------  -------------------
/opt/airflow/dags/daily_summary_dag.py   1686  0.01s             1           0  0.12s           2026-10-05T17:50:49
================================================================================
[2026-10-05T17:51:46.106+0000] {manager.py:878} INFO - 
================================================================================
DAG File Processing Stats

File Path                               PID    Runtime      # DAGs    # Errors  Last Runtime    Last Run
--------------------------------------  -----  ---------  --------  ----------  --------------  -------------------
/opt/airflow/dags/daily_summary_dag.py                           1           0  0.13s           2026-10-05T17:51:17
================================================================================
[2026-10-05T17:51:49.055+0000] {manager.py:878} INFO - 
================================================================================
DAG File Processing Stats

File Path                                 PID  Runtime      # DAGs    # Errors  Last Runtime    Last Run
--------------------------------------  -----  ---------  --------  ----------  --------------  -------------------
/opt/airflow/dags/daily_summary_dag.py   1696  0.01s             1           0  0.12s           2026-10-05T17:51:18
================================================================================
[2026-10-05T17:51:49.775+0000] {manager.py:878} INFO - 
================================================================================
DAG File Processing Stats

File Path                                 PID  Runtime      # DAGs    # Errors  Last Runtime    Last Run
--------------------------------------  -----  ---------  --------  ----------  --------------  -------------------
/opt/airflow/dags/daily_summary_dag.py   1701  0.00s             1           0  0.12s           2026-10-05T17:51:19
================================================================================
[2026-10-05T17:52:16.297+0000] {manager.py:878} INFO - 
================================================================================
DAG File Processing Stats

File Path                               PID    Runtime      # DAGs    # Errors  Last Runtime    Last Run
--------------------------------------  -----  ---------  --------  ----------  --------------  -------------------
/opt/airflow/dags/daily_summary_dag.py                           1           0  0.13s           2026-10-05T17:51:47
================================================================================
[2026-10-05T17:52:19.292+0000] {manager.py:878} INFO - 
================================================================================
DAG File Processing Stats

File Path                                 PID  Runtime      # DAGs    # Errors  Last Runtime    Last Run
--------------------------------------  -----  ---------  --------  ----------  --------------  -------------------
/opt/airflow/dags/daily_summary_dag.py   1711  0.02s             1           0  0.13s           2026-10-05T17:51:49
================================================================================
[2026-10-05T17:52:20.039+0000] {manager.py:878} INFO - 
================================================================================
DAG File Processing Stats

File Path                                 PID  Runtime      # DAGs    # Errors  Last Runtime    Last Run
--------------------------------------  -----  ---------  --------  ----------  --------------  -------------------
/opt/airflow/dags/daily_summary_dag.py   1716  0.01s             1           0  0.13s           2026-10-05T17:51:49
================================================================================
[2026-10-05T17:52:39.566+0000] {manager.py:737} INFO - Searching for files in /opt/airflow/dags
[2026-10-05T17:52:39.589+0000] {manager.py:740} INFO - There are 1 files in /opt/airflow/dags
[2026-10-05T17:52:46.639+0000] {manager.py:878} INFO - 
================================================================================
DAG File Processing Stats

File Path                               PID    Runtime      # DAGs    # Errors  Last Runtime    Last Run
--------------------------------------  -----  ---------  --------  ----------  --------------  -------------------
/opt/airflow/dags/daily_summary_dag.py                           1           0  0.27s           2026-10-05T17:52:17
================================================================================
[2026-10-05T17:52:49.567+0000] {manager.py:878} INFO - 
================================================================================
DAG File Processing Stats

File Path                               PID    Runtime      # DAGs    # Errors  Last Runtime    Last Run
--------------------------------------  -----  ---------  --------  ----------  --------------  -------------------
/opt/airflow/dags/daily_summary_dag.py                           1           0  0.33s           2026-10-05T17:52:19
================================================================================
[2026-10-05T17:52:50.264+0000] {manager.py:878} INFO - 
================================================================================
DAG File Processing Stats

File Path                                 PID  Runtime      # DAGs    # Errors  Last Runtime    Last Run
--------------------------------------  -----  ---------  --------  ----------  --------------  -------------------
/opt/airflow/dags/daily_summary_dag.py   1731  0.01s             1           0  0.19s           2026-10-05T17:52:20
================================================================================
[2026-10-05T17:53:16.922+0000] {manager.py:878} INFO - 
================================================================================
DAG File Processing Stats

File Path                               PID    Runtime      # DAGs    # Errors  Last Runtime    Last Run
--------------------------------------  -----  ---------  --------  ----------  --------------  -------------------
/opt/airflow/dags/daily_summary_dag.py                           1           0  0.16s           2026-10-05T17:52:47
================================================================================
[2026-10-05T17:53:19.950+0000] {manager.py:878} INFO - 
================================================================================
DAG File Processing Stats

File Path                                 PID  Runtime      # DAGs    # Errors  Last Runtime    Last Run
--------------------------------------  -----  ---------  --------  ----------  --------------  -------------------
/opt/airflow/dags/daily_summary_dag.py   1741  0.01s             1           0  0.13s           2026-10-05T17:52:49
================================================================================
[2026-10-05T17:53:20.550+0000] {manager.py:878} INFO - 
================================================================================
DAG File Processing Stats

File Path                                 PID  Runtime      # DAGs    # Errors  Last Runtime    Last Run
--------------------------------------  -----  ---------  --------  ----------  --------------  -------------------
/opt/airflow/dags/daily_summary_dag.py   1746  0.01s             1           0  0.14s           2026-10-05T17:52:50
================================================================================
[2026-10-05T17:53:47.118+0000] {manager.py:878} INFO - 
================================================================================
DAG File Processing Stats

File Path                               PID    Runtime      # DAGs    # Errors  Last Runtime    Last Run
--------------------------------------  -----  ---------  --------  ----------  --------------  -------------------
/opt/airflow/dags/daily_summary_dag.py                           1           0  0.13s           2026-10-05T17:53:18
================================================================================
[2026-10-05T17:53:50.229+0000] {manager.py:878} INFO - 
================================================================================
DAG File Processing Stats

File Path                                 PID  Runtime      # DAGs    # Errors  Last Runtime    Last Run
--------------------------------------  -----  ---------  --------  ----------  --------------  -------------------
/opt/airflow/dags/daily_summary_dag.py   1756  0.01s             1           0  0.14s           2026-10-05T17:53:20
================================================================================
[2026-10-05T17:53:50.739+0000] {manager.py:878} INFO - 
================================================================================
DAG File Processing Stats

File Path                                 PID  Runtime      # DAGs    # Errors  Last Runtime    Last Run
--------------------------------------  -----  ---------  --------  ----------  --------------  -------------------
/opt/airflow/dags/daily_summary_dag.py   1761  0.01s             1           0  0.12s           2026-10-05T17:53:20
================================================================================
[2026-10-05T17:54:17.370+0000] {manager.py:878} INFO - 
================================================================================
DAG File Processing Stats

File Path                               PID    Runtime      # DAGs    # Errors  Last Runtime    Last Run
--------------------------------------  -----  ---------  --------  ----------  --------------  -------------------
/opt/airflow/dags/daily_summary_dag.py                           1           0  0.14s           2026-10-05T17:53:48
================================================================================
[2026-10-05T17:54:20.416+0000] {manager.py:878} INFO - 
================================================================================
DAG File Processing Stats

File Path                                 PID  Runtime      # DAGs    # Errors  Last Runtime    Last Run
--------------------------------------  -----  ---------  --------  ----------  --------------  -------------------
/opt/airflow/dags/daily_summary_dag.py   1771  0.01s             1           0  0.12s           2026-10-05T17:53:50
================================================================================
[2026-10-05T17:54:21.000+0000] {manager.py:878} INFO - 
================================================================================
DAG File Processing Stats

File Path                                 PID  Runtime      # DAGs    # Errors  Last Runtime    Last Run
--------------------------------------  -----  ---------  --------  ----------  --------------  -------------------
/opt/airflow/dags/daily_summary_dag.py   1776  0.01s             1           0  0.12s           2026-10-05T17:53:50
================================================================================
[2026-10-05T17:54:47.564+0000] {manager.py:878} INFO - 
================================================================================
DAG File Processing Stats

File Path                               PID    Runtime      # DAGs    # Errors  Last Runtime    Last Run
--------------------------------------  -----  ---------  --------  ----------  --------------  -------------------
/opt/airflow/dags/daily_summary_dag.py                           1           0  0.13s           2026-10-05T17:54:18
================================================================================
[2026-10-05T17:54:50.675+0000] {manager.py:878} INFO - 
================================================================================
DAG File Processing Stats

File Path                                 PID  Runtime      # DAGs    # Errors  Last Runtime    Last Run
--------------------------------------  -----  ---------  --------  ----------  --------------  -------------------
/opt/airflow/dags/daily_summary_dag.py   1786  0.01s             1           0  0.12s           2026-10-05T17:54:20
================================================================================
[2026-10-05T17:54:51.188+0000] {manager.py:878} INFO - 
================================================================================
DAG File Processing Stats

File Path                                 PID  Runtime      # DAGs    # Errors  Last Runtime    Last Run
--------------------------------------  -----  ---------  --------  ----------  --------------  -------------------
/opt/airflow/dags/daily_summary_dag.py   1791  0.01s             1           0  0.11s           2026-10-05T17:54:21
================================================================================
[2026-10-05T17:55:17.809+0000] {manager.py:878} INFO - 
================================================================================
DAG File Processing Stats

File Path                               PID    Runtime      # DAGs    # Errors  Last Runtime    Last Run
--------------------------------------  -----  ---------  --------  ----------  --------------  -------------------
/opt/airflow/dags/daily_summary_dag.py                           1           0  0.14s           2026-10-05T17:54:48
================================================================================
[2026-10-05T17:55:20.861+0000] {manager.py:878} INFO - 
================================================================================
DAG File Processing Stats

File Path                                 PID  Runtime      # DAGs    # Errors  Last Runtime    Last Run
--------------------------------------  -----  ---------  --------  ----------  --------------  -------------------
/opt/airflow/dags/daily_summary_dag.py   1801  0.01s             1           0  0.13s           2026-10-05T17:54:50
================================================================================
[2026-10-05T17:55:21.431+0000] {manager.py:878} INFO - 
================================================================================
DAG File Processing Stats

File Path                                 PID  Runtime      # DAGs    # Errors  Last Runtime    Last Run
--------------------------------------  -----  ---------  --------  ----------  --------------  -------------------
/opt/airflow/dags/daily_summary_dag.py   1806  0.01s             1           0  0.12s           2026-10-05T17:54:51
================================================================================
[2026-10-05T17:55:45.073+0000] {manager.py:737} INFO - Searching for files in /opt/airflow/dags
[2026-10-05T17:55:45.094+0000] {manager.py:740} INFO - There are 1 files in /opt/airflow/dags
[2026-10-05T17:55:45.579+0000] {manager.py:737} INFO - Searching for files in /opt/airflow/dags
[2026-10-05T17:55:45.597+0000] {manager.py:740} INFO - There are 1 files in /opt/airflow/dags
[2026-10-05T17:55:48.028+0000] {manager.py:878} INFO - 
================================================================================
DAG File Processing Stats

File Path                               PID    Runtime      # DAGs    # Errors  Last Runtime    Last Run
--------------------------------------  -----  ---------  --------  ----------  --------------  -------------------
/opt/airflow/dags/daily_summary_dag.py                           1           0  0.13s           2026-10-05T17:55:18
================================================================================
[2026-10-05T17:55:51.158+0000] {manager.py:878} INFO - 
================================================================================
DAG File Processing Stats

File Path                                 PID  Runtime      # DAGs    # Errors  Last Runtime    Last Run
--------------------------------------  -----  ---------  --------  ----------  --------------  -------------------
/opt/airflow/dags/daily_summary_dag.py   1816  0.01s             1           0  0.12s           2026-10-05T17:55:20
================================================================================
[2026-10-05T17:55:51.659+0000] {manager.py:878} INFO - 
================================================================================
DAG File Processing Stats

File Path                                 PID  Runtime      # DAGs    # Errors  Last Runtime    Last Run
--------------------------------------  -----  ---------  --------  ----------  --------------  -------------------
/opt/airflow/dags/daily_summary_dag.py   1821  0.01s             1           0  0.12s           2026-10-05T17:55:21
================================================================================
[2026-10-05T17:56:18.251+0000] {manager.py:878} INFO - 
================================================================================
DAG File Processing Stats

File Path                               PID    Runtime      # DAGs    # Errors  Last Runtime    Last Run
--------------------------------------  -----  ---------  --------  ----------  --------------  -------------------
/opt/airflow/dags/daily_summary_dag.py                           1           0  0.14s           2026-10-05T17:55:49
================================================================================
[2026-10-05T17:56:21.344+0000] {manager.py:878} INFO - 
================================================================================
DAG File Processing Stats

File Path                                 PID  Runtime      # DAGs    # Errors  Last Runtime    Last Run
--------------------------------------  -----  ---------  --------  ----------  --------------  -------------------
/opt/airflow/dags/daily_summary_dag.py   1831  0.01s             1           0  0.12s           2026-10-05T17:55:51
================================================================================
[2026-10-05T17:56:21.875+0000] {manager.py:878} INFO - 
================================================================================
DAG File Processing Stats

File Path                                 PID  Runtime      # DAGs    # Errors  Last Runtime    Last Run
--------------------------------------  -----  ---------  --------  ----------  --------------  -------------------
/opt/airflow/dags/daily_summary_dag.py   1836  0.01s             1           0  0.12s           2026-10-05T17:55:51
================================================================================
[2026-10-05T17:56:48.476+0000] {manager.py:878} INFO - 
================================================================================
DAG File Processing Stats

File Path                               PID    Runtime      # DAGs    # Errors  Last Runtime    Last Run
--------------------------------------  -----  ---------  --------  ----------  --------------  -------------------
/opt/airflow/dags/daily_summary_dag.py                           1           0  0.14s           2026-10-05T17:56:19
================================================================================
[2026-10-05T17:56:51.594+0000] {manager.py:878} INFO - 
================================================================================
DAG File Processing Stats

File Path                                 PID  Runtime      # DAGs    # Errors  Last Runtime    Last Run
--------------------------------------  -----  ---------  --------  ----------  --------------  -------------------
/opt/airflow/dags/daily_summary_dag.py   1846  0.01s             1           0  0.12s           2026-10-05T17:56:21
================================================================================
[2026-10-05T17:56:52.107+0000] {manager.py:878} INFO - 
================================================================================
DAG File Processing Stats

File Path                                 PID  Runtime      # DAGs    # Errors  Last Runtime    Last Run
--------------------------------------  -----  ---------  --------  ----------  --------------  -------------------
/opt/airflow/dags/daily_summary_dag.py   1851  0.01s             1           0  0.12s           2026-10-05T17:56:21
================================================================================
[2026-10-05T17:57:18.703+0000] {manager.py:878} INFO - 
================================================================================
DAG File Processing Stats

File Path                               PID    Runtime      # DAGs    # Errors  Last Runtime    Last Run
--------------------------------------  -----  ---------  --------  ----------  --------------  -------------------
/opt/airflow/dags/daily_summary_dag.py                           1           0  0.13s           2026-10-05T17:56:49
================================================================================
[2026-10-05T17:57:21.779+0000] {manager.py:878} INFO - 
================================================================================
DAG File Processing Stats

File Path                                 PID  Runtime      # DAGs    # Errors  Last Runtime    Last Run
--------------------------------------  -----  ---------  --------  ----------  --------------  -------------------
/opt/airflow/dags/daily_summary_dag.py   1861  0.01s             1           0  0.12s           2026-10-05T17:56:51
================================================================================
[2026-10-05T17:57:22.314+0000] {manager.py:878} INFO - 
================================================================================
DAG File Processing Stats

File Path                                 PID  Runtime      # DAGs    # Errors  Last Runtime    Last Run
--------------------------------------  -----  ---------  --------  ----------  --------------  -------------------
/opt/airflow/dags/daily_summary_dag.py   1866  0.01s             1           0  0.12s           2026-10-05T17:56:52
================================================================================
[2026-10-05T17:57:39.878+0000] {manager.py:737} INFO - Searching for files in /opt/airflow/dags
[2026-10-05T17:57:39.899+0000] {manager.py:740} INFO - There are 1 files in /opt/airflow/dags
[2026-10-05T17:57:48.964+0000] {manager.py:878} INFO - 
================================================================================
DAG File Processing Stats

File Path                               PID    Runtime      # DAGs    # Errors  Last Runtime    Last Run
--------------------------------------  -----  ---------  --------  ----------  --------------  -------------------
/opt/airflow/dags/daily_summary_dag.py                           1           0  0.14s           2026-10-05T17:57:19
================================================================================
[2026-10-05T17:57:52.039+0000] {manager.py:878} INFO - 
================================================================================
DAG File Processing Stats

File Path                                 PID  Runtime      # DAGs    # Errors  Last Runtime    Last Run
--------------------------------------  -----  ---------  --------  ----------  --------------  -------------------
/opt/airflow/dags/daily_summary_dag.py   1876  0.01s             1           0  0.13s           2026-10-05T17:57:21
================================================================================
[2026-10-05T17:57:52.544+0000] {manager.py:878} INFO - 
================================================================================
DAG File Processing Stats

File Path                                 PID  Runtime      # DAGs    # Errors  Last Runtime    Last Run
--------------------------------------  -----  ---------  --------  ----------  --------------  -------------------
/opt/airflow/dags/daily_summary_dag.py   1881  0.01s             1           0  0.13s           2026-10-05T17:57:22
================================================================================
[2026-10-05T17:58:19.175+0000] {manager.py:878} INFO - 
================================================================================
DAG File Processing Stats

File Path                               PID    Runtime      # DAGs    # Errors  Last Runtime    Last Run
--------------------------------------  -----  ---------  --------  ----------  --------------  -------------------
/opt/airflow/dags/daily_summary_dag.py                           1           0  0.14s           2026-10-05T17:57:50
================================================================================
[2026-10-05T17:58:22.225+0000] {manager.py:878} INFO - 
================================================================================
DAG File Processing Stats

File Path                                 PID  Runtime      # DAGs    # Errors  Last Runtime    Last Run
--------------------------------------  -----  ---------  --------  ----------  --------------  -------------------
/opt/airflow/dags/daily_summary_dag.py   1891  0.01s             1           0  0.13s           2026-10-05T17:57:52
================================================================================
[2026-10-05T17:58:22.753+0000] {manager.py:878} INFO - 
================================================================================
DAG File Processing Stats

File Path                                 PID  Runtime      # DAGs    # Errors  Last Runtime    Last Run
--------------------------------------  -----  ---------  --------  ----------  --------------  -------------------
/opt/airflow/dags/daily_summary_dag.py   1896  0.01s             1           0  0.12s           2026-10-05T17:57:52
================================================================================
[2026-10-05T17:58:49.422+0000] {manager.py:878} INFO - 
================================================================================
DAG File Processing Stats

File Path                               PID    Runtime      # DAGs    # Errors  Last Runtime    Last Run
--------------------------------------  -----  ---------  --------  ----------  --------------  -------------------
/opt/airflow/dags/daily_summary_dag.py                           1           0  0.13s           2026-10-05T17:58:20
================================================================================
[2026-10-05T17:58:52.487+0000] {manager.py:878} INFO - 
================================================================================
DAG File Processing Stats

File Path                                 PID  Runtime      # DAGs    # Errors  Last Runtime    Last Run
--------------------------------------  -----  ---------  --------  ----------  --------------  -------------------
/opt/airflow/dags/daily_summary_dag.py   1906  0.01s             1           0  0.12s           2026-10-05T17:58:22
================================================================================
[2026-10-05T17:58:52.982+0000] {manager.py:878} INFO - 
================================================================================
DAG File Processing Stats

File Path                                 PID  Runtime      # DAGs    # Errors  Last Runtime    Last Run
--------------------------------------  -----  ---------  --------  ----------  --------------  -------------------
/opt/airflow/dags/daily_summary_dag.py   1911  0.00s             1           0  0.12s           2026-10-05T17:58:22
================================================================================
[2026-10-05T17:59:19.616+0000] {manager.py:878} INFO - 
================================================================================
DAG File Processing Stats

File Path                               PID    Runtime      # DAGs    # Errors  Last Runtime    Last Run
--------------------------------------  -----  ---------  --------  ----------  --------------  -------------------
/opt/airflow/dags/daily_summary_dag.py                           1           0  0.13s           2026-10-05T17:58:50
================================================================================
[2026-10-05T17:59:22.671+0000] {manager.py:878} INFO - 
================================================================================
DAG File Processing Stats

File Path                                 PID  Runtime      # DAGs    # Errors  Last Runtime    Last Run
--------------------------------------  -----  ---------  --------  ----------  --------------  -------------------
/opt/airflow/dags/daily_summary_dag.py   1921  0.01s             1           0  0.12s           2026-10-05T17:58:52
================================================================================
[2026-10-05T17:59:23.199+0000] {manager.py:878} INFO - 
================================================================================
DAG File Processing Stats

File Path                                 PID  Runtime      # DAGs    # Errors  Last Runtime    Last Run
--------------------------------------  -----  ---------  --------  ----------  --------------  -------------------
/opt/airflow/dags/daily_summary_dag.py   1926  0.01s             1           0  0.12s           2026-10-05T17:58:53
================================================================================
[2026-10-05T17:59:49.866+0000] {manager.py:878} INFO - 
================================================================================
DAG File Processing Stats

File Path                               PID    Runtime      # DAGs    # Errors  Last Runtime    Last Run
--------------------------------------  -----  ---------  --------  ----------  --------------  -------------------
/opt/airflow/dags/daily_summary_dag.py                           1           0  0.15s           2026-10-05T17:59:20
================================================================================
[2026-10-05T17:59:52.915+0000] {manager.py:878} INFO - 
================================================================================
DAG File Processing Stats

File Path                                 PID  Runtime      # DAGs    # Errors  Last Runtime    Last Run
--------------------------------------  -----  ---------  --------  ----------  --------------  -------------------
/opt/airflow/dags/daily_summary_dag.py   1936  0.01s             1           0  0.13s           2026-10-05T17:59:22
================================================================================
[2026-10-05T17:59:53.420+0000] {manager.py:878} INFO - 
================================================================================
DAG File Processing Stats

File Path                                 PID  Runtime      # DAGs    # Errors  Last Runtime    Last Run
--------------------------------------  -----  ---------  --------  ----------  --------------  -------------------
/opt/airflow/dags/daily_summary_dag.py   1941  0.01s             1           0  0.13s           2026-10-05T17:59:23
================================================================================
[2026-10-05T18:00:20.072+0000] {manager.py:878} INFO - 
================================================================================
DAG File Processing Stats

File Path                               PID    Runtime      # DAGs    # Errors  Last Runtime    Last Run
--------------------------------------  -----  ---------  --------  ----------  --------------  -------------------
/opt/airflow/dags/daily_summary_dag.py                           1           0  0.13s           2026-10-05T17:59:51
================================================================================
[2026-10-05T18:00:23.103+0000] {manager.py:878} INFO - 
================================================================================
DAG File Processing Stats

File Path                                 PID  Runtime      # DAGs    # Errors  Last Runtime    Last Run
--------------------------------------  -----  ---------  --------  ----------  --------------  -------------------
/opt/airflow/dags/daily_summary_dag.py   1951  0.01s             1           0  0.12s           2026-10-05T17:59:53
================================================================================
[2026-10-05T18:00:23.654+0000] {manager.py:878} INFO - 
================================================================================
DAG File Processing Stats

File Path                                 PID  Runtime      # DAGs    # Errors  Last Runtime    Last Run
--------------------------------------  -----  ---------  --------  ----------  --------------  -------------------
/opt/airflow/dags/daily_summary_dag.py   1956  0.01s             1           0  0.12s           2026-10-05T17:59:53
================================================================================
[2026-10-05T18:00:45.298+0000] {manager.py:737} INFO - Searching for files in /opt/airflow/dags
[2026-10-05T18:00:45.319+0000] {manager.py:740} INFO - There are 1 files in /opt/airflow/dags
[2026-10-05T18:00:45.809+0000] {manager.py:737} INFO - Searching for files in /opt/airflow/dags
[2026-10-05T18:00:45.828+0000] {manager.py:740} INFO - There are 1 files in /opt/airflow/dags
[2026-10-05T18:00:50.316+0000] {manager.py:878} INFO - 
================================================================================
DAG File Processing Stats

File Path                               PID    Runtime      # DAGs    # Errors  Last Runtime    Last Run
--------------------------------------  -----  ---------  --------  ----------  --------------  -------------------
/opt/airflow/dags/daily_summary_dag.py                           1           0  0.13s           2026-10-05T18:00:21
================================================================================
[2026-10-05T18:00:53.399+0000] {manager.py:878} INFO - 
================================================================================
DAG File Processing Stats

File Path                                 PID  Runtime      # DAGs    # Errors  Last Runtime    Last Run
--------------------------------------  -----  ---------  --------  ----------  --------------  -------------------
/opt/airflow/dags/daily_summary_dag.py   1966  0.01s             1           0  0.13s           2026-10-05T18:00:23
================================================================================
[2026-10-05T18:00:53.911+0000] {manager.py:878} INFO - 
================================================================================
DAG File Processing Stats

File Path                                 PID  Runtime      # DAGs    # Errors  Last Runtime    Last Run
--------------------------------------  -----  ---------  --------  ----------  --------------  -------------------
/opt/airflow/dags/daily_summary_dag.py   1971  0.01s             1           0  0.12s           2026-10-05T18:00:23
================================================================================
[2026-10-05T18:01:20.522+0000] {manager.py:878} INFO - 
================================================================================
DAG File Processing Stats

File Path                               PID    Runtime      # DAGs    # Errors  Last Runtime    Last Run
--------------------------------------  -----  ---------  --------  ----------  --------------  -------------------
/opt/airflow/dags/daily_summary_dag.py                           1           0  0.13s           2026-10-05T18:00:51
================================================================================
[2026-10-05T18:01:23.587+0000] {manager.py:878} INFO - 
================================================================================
DAG File Processing Stats

File Path                                 PID  Runtime      # DAGs    # Errors  Last Runtime    Last Run
--------------------------------------  -----  ---------  --------  ----------  --------------  -------------------
/opt/airflow/dags/daily_summary_dag.py   1981  0.01s             1           0  0.11s           2026-10-05T18:00:53
================================================================================
[2026-10-05T18:01:24.100+0000] {manager.py:878} INFO - 
================================================================================
DAG File Processing Stats

File Path                                 PID  Runtime      # DAGs    # Errors  Last Runtime    Last Run
--------------------------------------  -----  ---------  --------  ----------  --------------  -------------------
/opt/airflow/dags/daily_summary_dag.py   1986  0.01s             1           0  0.12s           2026-10-05T18:00:54
================================================================================
[2026-10-05T18:01:50.771+0000] {manager.py:878} INFO - 
================================================================================
DAG File Processing Stats

File Path                               PID    Runtime      # DAGs    # Errors  Last Runtime    Last Run
--------------------------------------  -----  ---------  --------  ----------  --------------  -------------------
/opt/airflow/dags/daily_summary_dag.py                           1           0  0.13s           2026-10-05T18:01:21
================================================================================
[2026-10-05T18:01:53.845+0000] {manager.py:878} INFO - 
================================================================================
DAG File Processing Stats

File Path                                 PID  Runtime      # DAGs    # Errors  Last Runtime    Last Run
--------------------------------------  -----  ---------  --------  ----------  --------------  -------------------
/opt/airflow/dags/daily_summary_dag.py   1996  0.01s             1           0  0.12s           2026-10-05T18:01:23
================================================================================
[2026-10-05T18:01:54.378+0000] {manager.py:878} INFO - 
================================================================================
DAG File Processing Stats

File Path                                 PID  Runtime      # DAGs    # Errors  Last Runtime    Last Run
--------------------------------------  -----  ---------  --------  ----------  --------------  -------------------
/opt/airflow/dags/daily_summary_dag.py   2001  0.01s             1           0  0.13s           2026-10-05T18:01:24
================================================================================
[2026-10-05T18:02:20.982+0000] {manager.py:878} INFO - 
================================================================================
DAG File Processing Stats

File Path                               PID    Runtime      # DAGs    # Errors  Last Runtime    Last Run
--------------------------------------  -----  ---------  --------  ----------  --------------  -------------------
/opt/airflow/dags/daily_summary_dag.py                           1           0  0.17s           2026-10-05T18:01:51
================================================================================
[2026-10-05T18:02:24.023+0000] {manager.py:878} INFO - 
================================================================================
DAG File Processing Stats

File Path                               PID    Runtime      # DAGs    # Errors  Last Runtime    Last Run
--------------------------------------  -----  ---------  --------  ----------  --------------  -------------------
/opt/airflow/dags/daily_summary_dag.py                           1           0  0.20s           2026-10-05T18:01:54
================================================================================
[2026-10-05T18:02:24.578+0000] {manager.py:878} INFO - 
================================================================================
DAG File Processing Stats

File Path                               PID    Runtime      # DAGs    # Errors  Last Runtime    Last Run
--------------------------------------  -----  ---------  --------  ----------  --------------  -------------------
/opt/airflow/dags/daily_summary_dag.py                           1           0  0.23s           2026-10-05T18:01:54
================================================================================
[2026-10-05T18:02:40.214+0000] {manager.py:737} INFO - Searching for files in /opt/airflow/dags
[2026-10-05T18:02:40.234+0000] {manager.py:740} INFO - There are 1 files in /opt/airflow/dags
[2026-10-05T18:02:51.310+0000] {manager.py:878} INFO - 
================================================================================
DAG File Processing Stats

File Path                               PID    Runtime      # DAGs    # Errors  Last Runtime    Last Run
--------------------------------------  -----  ---------  --------  ----------  --------------  -------------------
/opt/airflow/dags/daily_summary_dag.py                           1           0  0.14s           2026-10-05T18:02:22
================================================================================
[2026-10-05T18:02:54.385+0000] {manager.py:878} INFO - 
================================================================================
DAG File Processing Stats

File Path                                 PID  Runtime      # DAGs    # Errors  Last Runtime    Last Run
--------------------------------------  -----  ---------  --------  ----------  --------------  -------------------
/opt/airflow/dags/daily_summary_dag.py   2026  0.01s             1           0  0.12s           2026-10-05T18:02:24
================================================================================
[2026-10-05T18:02:54.986+0000] {manager.py:878} INFO - 
================================================================================
DAG File Processing Stats

File Path                                 PID  Runtime      # DAGs    # Errors  Last Runtime    Last Run
--------------------------------------  -----  ---------  --------  ----------  --------------  -------------------
/opt/airflow/dags/daily_summary_dag.py   2031  0.01s             1           0  0.12s           2026-10-05T18:02:24
================================================================================
[2026-10-05T18:03:21.491+0000] {manager.py:878} INFO - 
================================================================================
DAG File Processing Stats

File Path                               PID    Runtime      # DAGs    # Errors  Last Runtime    Last Run
--------------------------------------  -----  ---------  --------  ----------  --------------  -------------------
/opt/airflow/dags/daily_summary_dag.py                           1           0  0.14s           2026-10-05T18:02:52
================================================================================
[2026-10-05T18:03:24.636+0000] {manager.py:878} INFO - 
================================================================================
DAG File Processing Stats

File Path                                 PID  Runtime      # DAGs    # Errors  Last Runtime    Last Run
--------------------------------------  -----  ---------  --------  ----------  --------------  -------------------
/opt/airflow/dags/daily_summary_dag.py   2041  0.01s             1           0  0.13s           2026-10-05T18:02:54
================================================================================
[2026-10-05T18:03:25.254+0000] {manager.py:878} INFO - 
================================================================================
DAG File Processing Stats

File Path                                 PID  Runtime      # DAGs    # Errors  Last Runtime    Last Run
--------------------------------------  -----  ---------  --------  ----------  --------------  -------------------
/opt/airflow/dags/daily_summary_dag.py   2046  0.01s             1           0  0.12s           2026-10-05T18:02:55
================================================================================
[2026-10-05T18:03:51.770+0000] {manager.py:878} INFO - 
================================================================================
DAG File Processing Stats

File Path                               PID    Runtime      # DAGs    # Errors  Last Runtime    Last Run
--------------------------------------  -----  ---------  --------  ----------  --------------  -------------------
/opt/airflow/dags/daily_summary_dag.py                           1           0  0.14s           2026-10-05T18:03:22
================================================================================
[2026-10-05T18:03:54.843+0000] {manager.py:878} INFO - 
================================================================================
DAG File Processing Stats

File Path                                 PID  Runtime      # DAGs    # Errors  Last Runtime    Last Run
--------------------------------------  -----  ---------  --------  ----------  --------------  -------------------
/opt/airflow/dags/daily_summary_dag.py   2056  0.01s             1           0  0.11s           2026-10-05T18:03:24
================================================================================
[2026-10-05T18:03:55.458+0000] {manager.py:878} INFO - 
================================================================================
DAG File Processing Stats

File Path                                 PID  Runtime      # DAGs    # Errors  Last Runtime    Last Run
--------------------------------------  -----  ---------  --------  ----------  --------------  -------------------
/opt/airflow/dags/daily_summary_dag.py   2061  0.01s             1           0  0.12s           2026-10-05T18:03:25
================================================================================
[2026-10-05T18:04:21.953+0000] {manager.py:878} INFO - 
================================================================================
DAG File Processing Stats

File Path                               PID    Runtime      # DAGs    # Errors  Last Runtime    Last Run
--------------------------------------  -----  ---------  --------  ----------  --------------  -------------------
/opt/airflow/dags/daily_summary_dag.py                           1           0  0.14s           2026-10-05T18:03:52
================================================================================
[2026-10-05T18:04:25.059+0000] {manager.py:878} INFO - 
================================================================================
DAG File Processing Stats

File Path                                 PID  Runtime      # DAGs    # Errors  Last Runtime    Last Run
--------------------------------------  -----  ---------  --------  ----------  --------------  -------------------
/opt/airflow/dags/daily_summary_dag.py   2071  0.00s             1           0  0.12s           2026-10-05T18:03:54
================================================================================
[2026-10-05T18:04:25.696+0000] {manager.py:878} INFO - 
================================================================================
DAG File Processing Stats

File Path                                 PID  Runtime      # DAGs    # Errors  Last Runtime    Last Run
--------------------------------------  -----  ---------  --------  ----------  --------------  -------------------
/opt/airflow/dags/daily_summary_dag.py   2076  0.01s             1           0  0.12s           2026-10-05T18:03:55
================================================================================
[2026-10-05T18:04:52.238+0000] {manager.py:878} INFO - 
================================================================================
DAG File Processing Stats

File Path                               PID    Runtime      # DAGs    # Errors  Last Runtime    Last Run
--------------------------------------  -----  ---------  --------  ----------  --------------  -------------------
/opt/airflow/dags/daily_summary_dag.py                           1           0  0.13s           2026-10-05T18:04:23
================================================================================
[2026-10-05T18:04:55.280+0000] {manager.py:878} INFO - 
================================================================================
DAG File Processing Stats

File Path                                 PID  Runtime      # DAGs    # Errors  Last Runtime    Last Run
--------------------------------------  -----  ---------  --------  ----------  --------------  -------------------
/opt/airflow/dags/daily_summary_dag.py   2086  0.01s             1           0  0.11s           2026-10-05T18:04:25
================================================================================
[2026-10-05T18:04:55.909+0000] {manager.py:878} INFO - 
================================================================================
DAG File Processing Stats

File Path                                 PID  Runtime      # DAGs    # Errors  Last Runtime    Last Run
--------------------------------------  -----  ---------  --------  ----------  --------------  -------------------
/opt/airflow/dags/daily_summary_dag.py   2091  0.01s             1           0  0.11s           2026-10-05T18:04:25
================================================================================
[2026-10-05T18:05:22.436+0000] {manager.py:878} INFO - 
================================================================================
DAG File Processing Stats

File Path                               PID    Runtime      # DAGs    # Errors  Last Runtime    Last Run
--------------------------------------  -----  ---------  --------  ----------  --------------  -------------------
/opt/airflow/dags/daily_summary_dag.py                           1           0  0.14s           2026-10-05T18:04:53
================================================================================
[2026-10-05T18:05:25.506+0000] {manager.py:878} INFO - 
================================================================================
DAG File Processing Stats

File Path                                 PID  Runtime      # DAGs    # Errors  Last Runtime    Last Run
--------------------------------------  -----  ---------  --------  ----------  --------------  -------------------
/opt/airflow/dags/daily_summary_dag.py   2101  0.01s             1           0  0.14s           2026-10-05T18:04:55
================================================================================
[2026-10-05T18:05:26.183+0000] {manager.py:878} INFO - 
================================================================================
DAG File Processing Stats

File Path                                 PID  Runtime      # DAGs    # Errors  Last Runtime    Last Run
--------------------------------------  -----  ---------  --------  ----------  --------------  -------------------
/opt/airflow/dags/daily_summary_dag.py   2106  0.01s             1           0  0.15s           2026-10-05T18:04:56
================================================================================
[2026-10-05T18:05:45.657+0000] {manager.py:737} INFO - Searching for files in /opt/airflow/dags
[2026-10-05T18:05:45.677+0000] {manager.py:740} INFO - There are 1 files in /opt/airflow/dags
[2026-10-05T18:05:46.297+0000] {manager.py:737} INFO - Searching for files in /opt/airflow/dags
[2026-10-05T18:05:46.318+0000] {manager.py:740} INFO - There are 1 files in /opt/airflow/dags
[2026-10-05T18:05:52.706+0000] {manager.py:878} INFO - 
================================================================================
DAG File Processing Stats

File Path                               PID    Runtime      # DAGs    # Errors  Last Runtime    Last Run
--------------------------------------  -----  ---------  --------  ----------  --------------  -------------------
/opt/airflow/dags/daily_summary_dag.py                           1           0  0.14s           2026-10-05T18:05:23
================================================================================
[2026-10-05T18:05:55.758+0000] {manager.py:878} INFO - 
================================================================================
DAG File Processing Stats

File Path                                 PID  Runtime      # DAGs    # Errors  Last Runtime    Last Run
--------------------------------------  -----  ---------  --------  ----------  --------------  -------------------
/opt/airflow/dags/daily_summary_dag.py   2116  0.01s             1           0  0.12s           2026-10-05T18:05:25
================================================================================
[2026-10-05T18:05:56.401+0000] {manager.py:878} INFO - 
================================================================================
DAG File Processing Stats

File Path                                 PID  Runtime      # DAGs    # Errors  Last Runtime    Last Run
--------------------------------------  -----  ---------  --------  ----------  --------------  -------------------
/opt/airflow/dags/daily_summary_dag.py   2121  0.01s             1           0  0.12s           2026-10-05T18:05:26
================================================================================
[2026-10-05T18:06:22.908+0000] {manager.py:878} INFO - 
================================================================================
DAG File Processing Stats

File Path                               PID    Runtime      # DAGs    # Errors  Last Runtime    Last Run
--------------------------------------  -----  ---------  --------  ----------  --------------  -------------------
/opt/airflow/dags/daily_summary_dag.py                           1           0  0.13s           2026-10-05T18:05:53
================================================================================
[2026-10-05T18:06:25.943+0000] {manager.py:878} INFO - 
================================================================================
DAG File Processing Stats

File Path                                 PID  Runtime      # DAGs    # Errors  Last Runtime    Last Run
--------------------------------------  -----  ---------  --------  ----------  --------------  -------------------
/opt/airflow/dags/daily_summary_dag.py   2131  0.01s             1           0  0.12s           2026-10-05T18:05:55
================================================================================
[2026-10-05T18:06:26.618+0000] {manager.py:878} INFO - 
================================================================================
DAG File Processing Stats

File Path                                 PID  Runtime      # DAGs    # Errors  Last Runtime    Last Run
--------------------------------------  -----  ---------  --------  ----------  --------------  -------------------
/opt/airflow/dags/daily_summary_dag.py   2136  0.01s             1           0  0.14s           2026-10-05T18:05:56
================================================================================
[2026-10-05T18:06:53.149+0000] {manager.py:878} INFO - 
================================================================================
DAG File Processing Stats

File Path                               PID    Runtime      # DAGs    # Errors  Last Runtime    Last Run
--------------------------------------  -----  ---------  --------  ----------  --------------  -------------------
/opt/airflow/dags/daily_summary_dag.py                           1           0  0.16s           2026-10-05T18:06:24
================================================================================
[2026-10-05T18:06:56.196+0000] {manager.py:878} INFO - 
================================================================================
DAG File Processing Stats

File Path                                 PID  Runtime      # DAGs    # Errors  Last Runtime    Last Run
--------------------------------------  -----  ---------  --------  ----------  --------------  -------------------
/opt/airflow/dags/daily_summary_dag.py   2146  0.01s             1           0  0.12s           2026-10-05T18:06:26
================================================================================
[2026-10-05T18:06:56.900+0000] {manager.py:878} INFO - 
================================================================================
DAG File Processing Stats

File Path                                 PID  Runtime      # DAGs    # Errors  Last Runtime    Last Run
--------------------------------------  -----  ---------  --------  ----------  --------------  -------------------
/opt/airflow/dags/daily_summary_dag.py   2151  0.01s             1           0  0.12s           2026-10-05T18:06:26
================================================================================
[2026-10-05T18:07:23.395+0000] {manager.py:878} INFO - 
================================================================================
DAG File Processing Stats

File Path                               PID    Runtime      # DAGs    # Errors  Last Runtime    Last Run
--------------------------------------  -----  ---------  --------  ----------  --------------  -------------------
/opt/airflow/dags/daily_summary_dag.py                           1           0  0.13s           2026-10-05T18:06:54
================================================================================
[2026-10-05T18:07:26.414+0000] {manager.py:878} INFO - 
================================================================================
DAG File Processing Stats

File Path                                 PID  Runtime      # DAGs    # Errors  Last Runtime    Last Run
--------------------------------------  -----  ---------  --------  ----------  --------------  -------------------
/opt/airflow/dags/daily_summary_dag.py   2161  0.01s             1           0  0.15s           2026-10-05T18:06:56
================================================================================
[2026-10-05T18:07:27.135+0000] {manager.py:878} INFO - 
================================================================================
DAG File Processing Stats

File Path                                 PID  Runtime      # DAGs    # Errors  Last Runtime    Last Run
--------------------------------------  -----  ---------  --------  ----------  --------------  -------------------
/opt/airflow/dags/daily_summary_dag.py   2166  0.01s             1           0  0.22s           2026-10-05T18:06:57
================================================================================
[2026-10-05T18:07:40.532+0000] {manager.py:737} INFO - Searching for files in /opt/airflow/dags
[2026-10-05T18:07:40.555+0000] {manager.py:740} INFO - There are 1 files in /opt/airflow/dags
[2026-10-05T18:07:53.646+0000] {manager.py:878} INFO - 
================================================================================
DAG File Processing Stats

File Path                               PID    Runtime      # DAGs    # Errors  Last Runtime    Last Run
--------------------------------------  -----  ---------  --------  ----------  --------------  -------------------
/opt/airflow/dags/daily_summary_dag.py                           1           0  0.14s           2026-10-05T18:07:24
================================================================================
[2026-10-05T18:07:56.679+0000] {manager.py:878} INFO - 
================================================================================
DAG File Processing Stats

File Path                                 PID  Runtime      # DAGs    # Errors  Last Runtime    Last Run
--------------------------------------  -----  ---------  --------  ----------  --------------  -------------------
/opt/airflow/dags/daily_summary_dag.py   2176  0.01s             1           0  0.15s           2026-10-05T18:07:26
================================================================================
[2026-10-05T18:07:57.314+0000] {manager.py:878} INFO - 
================================================================================
DAG File Processing Stats

File Path                                 PID  Runtime      # DAGs    # Errors  Last Runtime    Last Run
--------------------------------------  -----  ---------  --------  ----------  --------------  -------------------
/opt/airflow/dags/daily_summary_dag.py   2181  0.01s             1           0  0.13s           2026-10-05T18:07:27
================================================================================
[2026-10-05T18:08:23.844+0000] {manager.py:878} INFO - 
================================================================================
DAG File Processing Stats

File Path                               PID    Runtime      # DAGs    # Errors  Last Runtime    Last Run
--------------------------------------  -----  ---------  --------  ----------  --------------  -------------------
/opt/airflow/dags/daily_summary_dag.py                           1           0  0.13s           2026-10-05T18:07:54
================================================================================
[2026-10-05T18:08:26.874+0000] {manager.py:878} INFO - 
================================================================================
DAG File Processing Stats

File Path                                 PID  Runtime      # DAGs    # Errors  Last Runtime    Last Run
--------------------------------------  -----  ---------  --------  ----------  --------------  -------------------
/opt/airflow/dags/daily_summary_dag.py   2191  0.01s             1           0  0.12s           2026-10-05T18:07:56
================================================================================
[2026-10-05T18:08:27.580+0000] {manager.py:878} INFO - 
================================================================================
DAG File Processing Stats

File Path                                 PID  Runtime      # DAGs    # Errors  Last Runtime    Last Run
--------------------------------------  -----  ---------  --------  ----------  --------------  -------------------
/opt/airflow/dags/daily_summary_dag.py   2196  0.01s             1           0  0.12s           2026-10-05T18:07:57
================================================================================
[2026-10-05T18:08:54.101+0000] {manager.py:878} INFO - 
================================================================================
DAG File Processing Stats

File Path                               PID    Runtime      # DAGs    # Errors  Last Runtime    Last Run
--------------------------------------  -----  ---------  --------  ----------  --------------  -------------------
/opt/airflow/dags/daily_summary_dag.py                           1           0  0.14s           2026-10-05T18:08:24
================================================================================
[2026-10-05T18:08:57.128+0000] {manager.py:878} INFO - 
================================================================================
DAG File Processing Stats

File Path                                 PID  Runtime      # DAGs    # Errors  Last Runtime    Last Run
--------------------------------------  -----  ---------  --------  ----------  --------------  -------------------
/opt/airflow/dags/daily_summary_dag.py   2206  0.01s             1           0  0.13s           2026-10-05T18:08:26
================================================================================
[2026-10-05T18:08:57.797+0000] {manager.py:878} INFO - 
================================================================================
DAG File Processing Stats

File Path                                 PID  Runtime      # DAGs    # Errors  Last Runtime    Last Run
--------------------------------------  -----  ---------  --------  ----------  --------------  -------------------
/opt/airflow/dags/daily_summary_dag.py   2211  0.01s             1           0  0.13s           2026-10-05T18:08:27
================================================================================
[2026-10-05T18:09:24.304+0000] {manager.py:878} INFO - 
================================================================================
DAG File Processing Stats

File Path                               PID    Runtime      # DAGs    # Errors  Last Runtime    Last Run
--------------------------------------  -----  ---------  --------  ----------  --------------  -------------------
/opt/airflow/dags/daily_summary_dag.py                           1           0  0.13s           2026-10-05T18:08:55
================================================================================
[2026-10-05T18:09:27.332+0000] {manager.py:878} INFO - 
================================================================================
DAG File Processing Stats

File Path                                 PID  Runtime      # DAGs    # Errors  Last Runtime    Last Run
--------------------------------------  -----  ---------  --------  ----------  --------------  -------------------
/opt/airflow/dags/daily_summary_dag.py   2221  0.01s             1           0  0.12s           2026-10-05T18:08:57
================================================================================
[2026-10-05T18:09:28.027+0000] {manager.py:878} INFO - 
================================================================================
DAG File Processing Stats

File Path                                 PID  Runtime      # DAGs    # Errors  Last Runtime    Last Run
--------------------------------------  -----  ---------  --------  ----------  --------------  -------------------
/opt/airflow/dags/daily_summary_dag.py   2226  0.01s             1           0  0.15s           2026-10-05T18:08:57
================================================================================
[2026-10-05T18:09:54.547+0000] {manager.py:878} INFO - 
================================================================================
DAG File Processing Stats

File Path                               PID    Runtime      # DAGs    # Errors  Last Runtime    Last Run
--------------------------------------  -----  ---------  --------  ----------  --------------  -------------------
/opt/airflow/dags/daily_summary_dag.py                           1           0  0.13s           2026-10-05T18:09:25
================================================================================
[2026-10-05T18:09:57.577+0000] {manager.py:878} INFO - 
================================================================================
DAG File Processing Stats

File Path                                 PID  Runtime      # DAGs    # Errors  Last Runtime    Last Run
--------------------------------------  -----  ---------  --------  ----------  --------------  -------------------
/opt/airflow/dags/daily_summary_dag.py   2236  0.01s             1           0  0.12s           2026-10-05T18:09:27
================================================================================
[2026-10-05T18:09:58.271+0000] {manager.py:878} INFO - 
================================================================================
DAG File Processing Stats

File Path                                 PID  Runtime      # DAGs    # Errors  Last Runtime    Last Run
--------------------------------------  -----  ---------  --------  ----------  --------------  -------------------
/opt/airflow/dags/daily_summary_dag.py   2241  0.01s             1           0  0.12s           2026-10-05T18:09:28
================================================================================
[2026-10-05T18:10:24.764+0000] {manager.py:878} INFO - 
================================================================================
DAG File Processing Stats

File Path                               PID    Runtime      # DAGs    # Errors  Last Runtime    Last Run
--------------------------------------  -----  ---------  --------  ----------  --------------  -------------------
/opt/airflow/dags/daily_summary_dag.py                           1           0  0.14s           2026-10-05T18:09:55
================================================================================
[2026-10-05T18:10:27.782+0000] {manager.py:878} INFO - 
================================================================================
DAG File Processing Stats

File Path                                 PID  Runtime      # DAGs    # Errors  Last Runtime    Last Run
--------------------------------------  -----  ---------  --------  ----------  --------------  -------------------
/opt/airflow/dags/daily_summary_dag.py   2251  0.01s             1           0  0.12s           2026-10-05T18:09:57
================================================================================
[2026-10-05T18:10:28.469+0000] {manager.py:878} INFO - 
================================================================================
DAG File Processing Stats

File Path                                 PID  Runtime      # DAGs    # Errors  Last Runtime    Last Run
--------------------------------------  -----  ---------  --------  ----------  --------------  -------------------
/opt/airflow/dags/daily_summary_dag.py   2256  0.01s             1           0  0.12s           2026-10-05T18:09:58
================================================================================
[2026-10-05T18:10:45.958+0000] {manager.py:737} INFO - Searching for files in /opt/airflow/dags
[2026-10-05T18:10:45.983+0000] {manager.py:740} INFO - There are 1 files in /opt/airflow/dags
[2026-10-05T18:10:46.641+0000] {manager.py:737} INFO - Searching for files in /opt/airflow/dags
[2026-10-05T18:10:46.663+0000] {manager.py:740} INFO - There are 1 files in /opt/airflow/dags
[2026-10-05T18:10:54.999+0000] {manager.py:878} INFO - 
================================================================================
DAG File Processing Stats

File Path                               PID    Runtime      # DAGs    # Errors  Last Runtime    Last Run
--------------------------------------  -----  ---------  --------  ----------  --------------  -------------------
/opt/airflow/dags/daily_summary_dag.py                           1           0  0.14s           2026-10-05T18:10:25
================================================================================
[2026-10-05T18:10:58.079+0000] {manager.py:878} INFO - 
================================================================================
DAG File Processing Stats

File Path                                 PID  Runtime      # DAGs    # Errors  Last Runtime    Last Run
--------------------------------------  -----  ---------  --------  ----------  --------------  -------------------
/opt/airflow/dags/daily_summary_dag.py   2266  0.00s             1           0  0.12s           2026-10-05T18:10:27
================================================================================
[2026-10-05T18:10:58.760+0000] {manager.py:878} INFO - 
================================================================================
DAG File Processing Stats

File Path                                 PID  Runtime      # DAGs    # Errors  Last Runtime    Last Run
--------------------------------------  -----  ---------  --------  ----------  --------------  -------------------
/opt/airflow/dags/daily_summary_dag.py   2271  0.01s             1           0  0.12s           2026-10-05T18:10:28
================================================================================
[2026-10-05T18:11:25.222+0000] {manager.py:878} INFO - 
================================================================================
DAG File Processing Stats

File Path                               PID    Runtime      # DAGs    # Errors  Last Runtime    Last Run
--------------------------------------  -----  ---------  --------  ----------  --------------  -------------------
/opt/airflow/dags/daily_summary_dag.py                           1           0  0.14s           2026-10-05T18:10:56
================================================================================
[2026-10-05T18:11:28.270+0000] {manager.py:878} INFO - 
================================================================================
DAG File Processing Stats

File Path                                 PID  Runtime      # DAGs    # Errors  Last Runtime    Last Run
--------------------------------------  -----  ---------  --------  ----------  --------------  -------------------
/opt/airflow/dags/daily_summary_dag.py   2281  0.01s             1           0  0.12s           2026-10-05T18:10:58
================================================================================
[2026-10-05T18:11:28.945+0000] {manager.py:878} INFO - 
================================================================================
DAG File Processing Stats

File Path                                 PID  Runtime      # DAGs    # Errors  Last Runtime    Last Run
--------------------------------------  -----  ---------  --------  ----------  --------------  -------------------
/opt/airflow/dags/daily_summary_dag.py   2286  0.01s             1           0  0.17s           2026-10-05T18:10:58
================================================================================
[2026-10-05T18:11:55.458+0000] {manager.py:878} INFO - 
================================================================================
DAG File Processing Stats

File Path                               PID    Runtime      # DAGs    # Errors  Last Runtime    Last Run
--------------------------------------  -----  ---------  --------  ----------  --------------  -------------------
/opt/airflow/dags/daily_summary_dag.py                           1           0  0.16s           2026-10-05T18:11:26
================================================================================
[2026-10-05T18:11:58.528+0000] {manager.py:878} INFO - 
================================================================================
DAG File Processing Stats

File Path                                 PID  Runtime      # DAGs    # Errors  Last Runtime    Last Run
--------------------------------------  -----  ---------  --------  ----------  --------------  -------------------
/opt/airflow/dags/daily_summary_dag.py   2296  0.01s             1           0  0.13s           2026-10-05T18:11:28
================================================================================
[2026-10-05T18:11:59.135+0000] {manager.py:878} INFO - 
================================================================================
DAG File Processing Stats

File Path                                 PID  Runtime      # DAGs    # Errors  Last Runtime    Last Run
--------------------------------------  -----  ---------  --------  ----------  --------------  -------------------
/opt/airflow/dags/daily_summary_dag.py   2301  0.01s             1           0  0.12s           2026-10-05T18:11:29
================================================================================
