[2026-10-08T07:12:57.274+0000] {processor.py:161} INFO - Started process (PID=60) to work on /opt/airflow/dags/daily_summary_dag.py
[2026-10-08T07:12:57.276+0000] {processor.py:830} INFO - Processing file /opt/airflow/dags/daily_summary_dag.py for tasks to queue
[2026-10-08T07:12:57.278+0000] {logging_mixin.py:188} INFO - [2026-10-08T07:12:57.278+0000] {dagbag.py:545} INFO - Filling up the DagBag from /opt/airflow/dags/daily_summary_dag.py
[2026-10-08T07:12:57.304+0000] {processor.py:840} INFO - DAG(s) 'daily_summary_dag' retrieved from /opt/airflow/dags/daily_summary_dag.py
[2026-10-08T07:12:57.487+0000] {logging_mixin.py:188} INFO - [2026-10-08T07:12:57.486+0000] {override.py:1858} INFO - Created Permission View: can delete on DAG:daily_summary_dag
[2026-10-08T07:12:57.501+0000] {logging_mixin.py:188} INFO - [2026-10-08T07:12:57.500+0000] {override.py:1858} INFO - Created Permission View: can read on DAG:daily_summary_dag
[2026-10-08T07:12:57.511+0000] {logging_mixin.py:188} INFO - [2026-10-08T07:12:57.510+0000] {override.py:1858} INFO - Created Permission View: can edit on DAG:daily_summary_dag
[2026-10-08T07:12:57.511+0000] {logging_mixin.py:188} INFO - [2026-10-08T07:12:57.511+0000] {dag.py:3089} INFO - Sync 1 DAGs
[2026-10-08T07:12:57.522+0000] {logging_mixin.py:188} INFO - [2026-10-08T07:12:57.522+0000] {dag.py:3111} INFO - Creating ORM DAG for daily_summary_dag
[2026-10-08T07:12:57.533+0000] {logging_mixin.py:188} INFO - [2026-10-08T07:12:57.533+0000] {dag.py:3947} INFO - Setting next_dagrun for daily_summary_dag to 2026-10-07 00:00:00+00:00, run_after=2026-10-08 00:00:00+00:00
[2026-10-08T07:12:57.559+0000] {processor.py:183} INFO - Processing /opt/airflow/dags/daily_summary_dag.py took 0.292 seconds
[2026-10-08T07:13:28.409+0000] {processor.py:161} INFO - Started process (PID=61) to work on /opt/airflow/dags/daily_summary_dag.py
[2026-10-08T07:13:28.411+0000] {processor.py:830} INFO - Processing file /opt/airflow/dags/daily_summary_dag.py for tasks to queue
[2026-10-08T07:13:28.414+0000] {logging_mixin.py:188} INFO - [2026-10-08T07:13:28.413+0000] {dagbag.py:545} INFO - Filling up the DagBag from /opt/airflow/dags/daily_summary_dag.py
[2026-10-08T07:13:28.444+0000] {processor.py:840} INFO - DAG(s) 'daily_summary_dag' retrieved from /opt/airflow/dags/daily_summary_dag.py
[2026-10-08T07:13:28.469+0000] {logging_mixin.py:188} INFO - [2026-10-08T07:13:28.469+0000] {dag.py:3089} INFO - Sync 1 DAGs
[2026-10-08T07:13:28.491+0000] {logging_mixin.py:188} INFO - [2026-10-08T07:13:28.491+0000] {dag.py:3947} INFO - Setting next_dagrun for daily_summary_dag to 2026-10-07 00:00:00+00:00, run_after=2026-10-08 00:00:00+00:00
[2026-10-08T07:13:28.516+0000] {processor.py:183} INFO - Processing /opt/airflow/dags/daily_summary_dag.py took 0.114 seconds
[2026-10-08T07:13:58.944+0000] {processor.py:161} INFO - Started process (PID=92) to work on /opt/airflow/dags/daily_summary_dag.py
[2026-10-08T07:13:58.946+0000] {processor.py:830} INFO - Processing file /opt/airflow/dags/daily_summary_dag.py for tasks to queue
[2026-10-08T07:13:58.949+0000] {logging_mixin.py:188} INFO - [2026-10-08T07:13:58.948+0000] {dagbag.py:545} INFO - Filling up the DagBag from /opt/airflow/dags/daily_summary_dag.py
[2026-10-08T07:13:58.975+0000] {processor.py:840} INFO - DAG(s) 'daily_summary_dag' retrieved from /opt/airflow/dags/daily_summary_dag.py
[2026-10-08T07:13:59.023+0000] {logging_mixin.py:188} INFO - [2026-10-08T07:13:59.022+0000] {dag.py:3089} INFO - Sync 1 DAGs
[2026-10-08T07:13:59.051+0000] {logging_mixin.py:188} INFO - [2026-10-08T07:13:59.051+0000] {dag.py:3947} INFO - Setting next_dagrun for daily_summary_dag to 2026-10-07 00:00:00+00:00, run_after=2026-10-08 00:00:00+00:00
[2026-10-08T07:13:59.085+0000] {processor.py:183} INFO - Processing /opt/airflow/dags/daily_summary_dag.py took 0.148 seconds
[2026-10-08T07:14:29.258+0000] {processor.py:161} INFO - Started process (PID=100) to work on /opt/airflow/dags/daily_summary_dag.py
[2026-10-08T07:14:29.260+0000] {processor.py:830} INFO - Processing file /opt/airflow/dags/daily_summary_dag.py for tasks to queue
[2026-10-08T07:14:29.264+0000] {logging_mixin.py:188} INFO - [2026-10-08T07:14:29.263+0000] {dagbag.py:545} INFO - Filling up the DagBag from /opt/airflow/dags/daily_summary_dag.py
[2026-10-08T07:14:29.308+0000] {processor.py:840} INFO - DAG(s) 'daily_summary_dag' retrieved from /opt/airflow/dags/daily_summary_dag.py
[2026-10-08T07:14:29.342+0000] {logging_mixin.py:188} INFO - [2026-10-08T07:14:29.342+0000] {dag.py:3089} INFO - Sync 1 DAGs
[2026-10-08T07:14:29.373+0000] {logging_mixin.py:188} INFO - [2026-10-08T07:14:29.373+0000] {dag.py:3947} INFO - Setting next_dagrun for daily_summary_dag to 2026-10-07 00:00:00+00:00, run_after=2026-10-08 00:00:00+00:00
[2026-10-08T07:14:29.406+0000] {processor.py:183} INFO - Processing /opt/airflow/dags/daily_summary_dag.py took 0.158 seconds
[2026-10-08T07:14:59.531+0000] {processor.py:161} INFO - Started process (PID=101) to work on /opt/airflow/dags/daily_summary_dag.py
[2026-10-08T07:14:59.533+0000] {processor.py:830} INFO - Processing file /opt/airflow/dags/daily_summary_dag.py for tasks to queue
[2026-10-08T07:14:59.537+0000] {logging_mixin.py:188} INFO - [2026-10-08T07:14:59.536+0000] {dagbag.py:545} INFO - Filling up the DagBag from /opt/airflow/dags/daily_summary_dag.py
[2026-10-08T07:14:59.573+0000] {processor.py:840} INFO - DAG(s) 'daily_summary_dag' retrieved from /opt/airflow/dags/daily_summary_dag.py
[2026-10-08T07:14:59.618+0000] {logging_mixin.py:188} INFO - [2026-10-08T07:14:59.617+0000] {dag.py:3089} INFO - Sync 1 DAGs
[2026-10-08T07:14:59.646+0000] {logging_mixin.py:188} INFO - [2026-10-08T07:14:59.646+0000] {dag.py:3947} INFO - Setting next_dagrun for daily_summary_dag to 2026-10-07 00:00:00+00:00, run_after=2026-10-08 00:00:00+00:00
[2026-10-08T07:14:59.683+0000] {processor.py:183} INFO - Processing /opt/airflow/dags/daily_summary_dag.py took 0.171 seconds
[2026-10-08T07:15:29.765+0000] {processor.py:161} INFO - Started process (PID=103) to work on /opt/airflow/dags/daily_summary_dag.py
[2026-10-08T07:15:29.767+0000] {processor.py:830} INFO - Processing file /opt/airflow/dags/daily_summary_dag.py for tasks to queue
[2026-10-08T07:15:29.770+0000] {logging_mixin.py:188} INFO - [2026-10-08T07:15:29.769+0000] {dagbag.py:545} INFO - Filling up the DagBag from /opt/airflow/dags/daily_summary_dag.py
[2026-10-08T07:15:29.798+0000] {processor.py:840} INFO - DAG(s) 'daily_summary_dag' retrieved from /opt/airflow/dags/daily_summary_dag.py
[2026-10-08T07:15:29.826+0000] {logging_mixin.py:188} INFO - [2026-10-08T07:15:29.826+0000] {dag.py:3089} INFO - Sync 1 DAGs
[2026-10-08T07:15:29.849+0000] {logging_mixin.py:188} INFO - [2026-10-08T07:15:29.849+0000] {dag.py:3947} INFO - Setting next_dagrun for daily_summary_dag to 2026-10-07 00:00:00+00:00, run_after=2026-10-08 00:00:00+00:00
[2026-10-08T07:15:29.875+0000] {processor.py:183} INFO - Processing /opt/airflow/dags/daily_summary_dag.py took 0.118 seconds
[2026-10-08T07:16:00.023+0000] {processor.py:161} INFO - Started process (PID=104) to work on /opt/airflow/dags/daily_summary_dag.py
[2026-10-08T07:16:00.024+0000] {processor.py:830} INFO - Processing file /opt/airflow/dags/daily_summary_dag.py for tasks to queue
[2026-10-08T07:16:00.027+0000] {logging_mixin.py:188} INFO - [2026-10-08T07:16:00.026+0000] {dagbag.py:545} INFO - Filling up the DagBag from /opt/airflow/dags/daily_summary_dag.py
[2026-10-08T07:16:00.063+0000] {processor.py:840} INFO - DAG(s) 'daily_summary_dag' retrieved from /opt/airflow/dags/daily_summary_dag.py
[2026-10-08T07:16:00.098+0000] {logging_mixin.py:188} INFO - [2026-10-08T07:16:00.098+0000] {dag.py:3089} INFO - Sync 1 DAGs
[2026-10-08T07:16:00.133+0000] {logging_mixin.py:188} INFO - [2026-10-08T07:16:00.132+0000] {dag.py:3947} INFO - Setting next_dagrun for daily_summary_dag to 2026-10-07 00:00:00+00:00, run_after=2026-10-08 00:00:00+00:00
[2026-10-08T07:16:00.174+0000] {processor.py:183} INFO - Processing /opt/airflow/dags/daily_summary_dag.py took 0.158 seconds
[2026-10-08T07:16:30.473+0000] {processor.py:161} INFO - Started process (PID=132) to work on /opt/airflow/dags/daily_summary_dag.py
[2026-10-08T07:16:30.474+0000] {processor.py:830} INFO - Processing file /opt/airflow/dags/daily_summary_dag.py for tasks to queue
[2026-10-08T07:16:30.476+0000] {logging_mixin.py:188} INFO - [2026-10-08T07:16:30.476+0000] {dagbag.py:545} INFO - Filling up the DagBag from /opt/airflow/dags/daily_summary_dag.py
[2026-10-08T07:16:30.499+0000] {processor.py:840} INFO - DAG(s) 'daily_summary_dag' retrieved from /opt/airflow/dags/daily_summary_dag.py
[2026-10-08T07:16:30.522+0000] {logging_mixin.py:188} INFO - [2026-10-08T07:16:30.522+0000] {dag.py:3089} INFO - Sync 1 DAGs
[2026-10-08T07:16:30.541+0000] {logging_mixin.py:188} INFO - [2026-10-08T07:16:30.541+0000] {dag.py:3947} INFO - Setting next_dagrun for daily_summary_dag to 2026-10-08 00:00:00+00:00, run_after=2026-10-09 00:00:00+00:00
[2026-10-08T07:16:30.568+0000] {processor.py:183} INFO - Processing /opt/airflow/dags/daily_summary_dag.py took 0.100 seconds
[2026-10-08T07:17:00.739+0000] {processor.py:161} INFO - Started process (PID=133) to work on /opt/airflow/dags/daily_summary_dag.py
[2026-10-08T07:17:00.741+0000] {processor.py:830} INFO - Processing file /opt/airflow/dags/daily_summary_dag.py for tasks to queue
[2026-10-08T07:17:00.744+0000] {logging_mixin.py:188} INFO - [2026-10-08T07:17:00.743+0000] {dagbag.py:545} INFO - Filling up the DagBag from /opt/airflow/dags/daily_summary_dag.py
[2026-10-08T07:17:00.776+0000] {processor.py:840} INFO - DAG(s) 'daily_summary_dag' retrieved from /opt/airflow/dags/daily_summary_dag.py
[2026-10-08T07:17:00.845+0000] {logging_mixin.py:188} INFO - [2026-10-08T07:17:00.844+0000] {dag.py:3089} INFO - Sync 1 DAGs
[2026-10-08T07:17:00.873+0000] {logging_mixin.py:188} INFO - [2026-10-08T07:17:00.873+0000] {dag.py:3947} INFO - Setting next_dagrun for daily_summary_dag to 2026-10-08 00:00:00+00:00, run_after=2026-10-09 00:00:00+00:00
[2026-10-08T07:17:00.903+0000] {processor.py:183} INFO - Processing /opt/airflow/dags/daily_summary_dag.py took 0.173 seconds
[2026-10-08T07:17:30.983+0000] {processor.py:161} INFO - Started process (PID=134) to work on /opt/airflow/dags/daily_summary_dag.py
[2026-10-08T07:17:30.984+0000] {processor.py:830} INFO - Processing file /opt/airflow/dags/daily_summary_dag.py for tasks to queue
[2026-10-08T07:17:30.986+0000] {logging_mixin.py:188} INFO - [2026-10-08T07:17:30.985+0000] {dagbag.py:545} INFO - Filling up the DagBag from /opt/airflow/dags/daily_summary_dag.py
[2026-10-08T07:17:31.007+0000] {processor.py:840} INFO - DAG(s) 'daily_summary_dag' retrieved from /opt/airflow/dags/daily_summary_dag.py
[2026-10-08T07:17:31.029+0000] {logging_mixin.py:188} INFO - [2026-10-08T07:17:31.028+0000] {dag.py:3089} INFO - Sync 1 DAGs
[2026-10-08T07:17:31.049+0000] {logging_mixin.py:188} INFO - [2026-10-08T07:17:31.049+0000] {dag.py:3947} INFO - Setting next_dagrun for daily_summary_dag to 2026-10-08 00:00:00+00:00, run_after=2026-10-09 00:00:00+00:00
[2026-10-08T07:17:31.073+0000] {processor.py:183} INFO - Processing /opt/airflow/dags/daily_summary_dag.py took 0.096 seconds
[2026-10-08T07:18:01.240+0000] {processor.py:161} INFO - Started process (PID=135) to work on /opt/airflow/dags/daily_summary_dag.py
[2026-10-08T07:18:01.242+0000] {processor.py:830} INFO - Processing file /opt/airflow/dags/daily_summary_dag.py for tasks to queue
[2026-10-08T07:18:01.245+0000] {logging_mixin.py:188} INFO - [2026-10-08T07:18:01.244+0000] {dagbag.py:545} INFO - Filling up the DagBag from /opt/airflow/dags/daily_summary_dag.py
[2026-10-08T07:18:01.270+0000] {processor.py:840} INFO - DAG(s) 'daily_summary_dag' retrieved from /opt/airflow/dags/daily_summary_dag.py
[2026-10-08T07:18:01.303+0000] {logging_mixin.py:188} INFO - [2026-10-08T07:18:01.303+0000] {dag.py:3089} INFO - Sync 1 DAGs
[2026-10-08T07:18:01.325+0000] {logging_mixin.py:188} INFO - [2026-10-08T07:18:01.324+0000] {dag.py:3947} INFO - Setting next_dagrun for daily_summary_dag to 2026-10-08 00:00:00+00:00, run_after=2026-10-09 00:00:00+00:00
[2026-10-08T07:18:01.349+0000] {processor.py:183} INFO - Processing /opt/airflow/dags/daily_summary_dag.py took 0.115 seconds
[2026-10-08T07:18:31.497+0000] {processor.py:161} INFO - Started process (PID=136) to work on /opt/airflow/dags/daily_summary_dag.py
[2026-10-08T07:18:31.499+0000] {processor.py:830} INFO - Processing file /opt/airflow/dags/daily_summary_dag.py for tasks to queue
[2026-10-08T07:18:31.501+0000] {logging_mixin.py:188} INFO - [2026-10-08T07:18:31.500+0000] {dagbag.py:545} INFO - Filling up the DagBag from /opt/airflow/dags/daily_summary_dag.py
[2026-10-08T07:18:31.521+0000] {processor.py:840} INFO - DAG(s) 'daily_summary_dag' retrieved from /opt/airflow/dags/daily_summary_dag.py
[2026-10-08T07:18:31.542+0000] {logging_mixin.py:188} INFO - [2026-10-08T07:18:31.542+0000] {dag.py:3089} INFO - Sync 1 DAGs
[2026-10-08T07:18:31.561+0000] {logging_mixin.py:188} INFO - [2026-10-08T07:18:31.561+0000] {dag.py:3947} INFO - Setting next_dagrun for daily_summary_dag to 2026-10-08 00:00:00+00:00, run_after=2026-10-09 00:00:00+00:00
[2026-10-08T07:18:31.589+0000] {processor.py:183} INFO - Processing /opt/airflow/dags/daily_summary_dag.py took 0.095 seconds
[2026-10-08T07:19:01.749+0000] {processor.py:161} INFO - Started process (PID=137) to work on /opt/airflow/dags/daily_summary_dag.py
[2026-10-08T07:19:01.750+0000] {processor.py:830} INFO - Processing file /opt/airflow/dags/daily_summary_dag.py for tasks to queue
[2026-10-08T07:19:01.754+0000] {logging_mixin.py:188} INFO - [2026-10-08T07:19:01.753+0000] {dagbag.py:545} INFO - Filling up the DagBag from /opt/airflow/dags/daily_summary_dag.py
[2026-10-08T07:19:01.775+0000] {processor.py:840} INFO - DAG(s) 'daily_summary_dag' retrieved from /opt/airflow/dags/daily_summary_dag.py
[2026-10-08T07:19:01.796+0000] {logging_mixin.py:188} INFO - [2026-10-08T07:19:01.795+0000] {dag.py:3089} INFO - Sync 1 DAGs
[2026-10-08T07:19:01.816+0000] {logging_mixin.py:188} INFO - [2026-10-08T07:19:01.816+0000] {dag.py:3947} INFO - Setting next_dagrun for daily_summary_dag to 2026-10-08 00:00:00+00:00, run_after=2026-10-09 00:00:00+00:00
[2026-10-08T07:19:01.842+0000] {processor.py:183} INFO - Processing /opt/airflow/dags/daily_summary_dag.py took 0.099 seconds
[2026-10-08T07:19:31.995+0000] {processor.py:161} INFO - Started process (PID=138) to work on /opt/airflow/dags/daily_summary_dag.py
[2026-10-08T07:19:31.997+0000] {processor.py:830} INFO - Processing file /opt/airflow/dags/daily_summary_dag.py for tasks to queue
[2026-10-08T07:19:31.999+0000] {logging_mixin.py:188} INFO - [2026-10-08T07:19:31.999+0000] {dagbag.py:545} INFO - Filling up the DagBag from /opt/airflow/dags/daily_summary_dag.py
[2026-10-08T07:19:32.021+0000] {processor.py:840} INFO - DAG(s) 'daily_summary_dag' retrieved from /opt/airflow/dags/daily_summary_dag.py
[2026-10-08T07:19:32.043+0000] {logging_mixin.py:188} INFO - [2026-10-08T07:19:32.043+0000] {dag.py:3089} INFO - Sync 1 DAGs
[2026-10-08T07:19:32.063+0000] {logging_mixin.py:188} INFO - [2026-10-08T07:19:32.063+0000] {dag.py:3947} INFO - Setting next_dagrun for daily_summary_dag to 2026-10-08 00:00:00+00:00, run_after=2026-10-09 00:00:00+00:00
[2026-10-08T07:19:32.090+0000] {processor.py:183} INFO - Processing /opt/airflow/dags/daily_summary_dag.py took 0.100 seconds
[2026-10-08T07:20:02.239+0000] {processor.py:161} INFO - Started process (PID=139) to work on /opt/airflow/dags/daily_summary_dag.py
[2026-10-08T07:20:02.240+0000] {processor.py:830} INFO - Processing file /opt/airflow/dags/daily_summary_dag.py for tasks to queue
[2026-10-08T07:20:02.242+0000] {logging_mixin.py:188} INFO - [2026-10-08T07:20:02.241+0000] {dagbag.py:545} INFO - Filling up the DagBag from /opt/airflow/dags/daily_summary_dag.py
[2026-10-08T07:20:02.264+0000] {processor.py:840} INFO - DAG(s) 'daily_summary_dag' retrieved from /opt/airflow/dags/daily_summary_dag.py
[2026-10-08T07:20:02.285+0000] {logging_mixin.py:188} INFO - [2026-10-08T07:20:02.285+0000] {dag.py:3089} INFO - Sync 1 DAGs
[2026-10-08T07:20:02.306+0000] {logging_mixin.py:188} INFO - [2026-10-08T07:20:02.305+0000] {dag.py:3947} INFO - Setting next_dagrun for daily_summary_dag to 2026-10-08 00:00:00+00:00, run_after=2026-10-09 00:00:00+00:00
[2026-10-08T07:20:02.329+0000] {processor.py:183} INFO - Processing /opt/airflow/dags/daily_summary_dag.py took 0.095 seconds
[2026-10-08T07:20:32.487+0000] {processor.py:161} INFO - Started process (PID=140) to work on /opt/airflow/dags/daily_summary_dag.py
[2026-10-08T07:20:32.489+0000] {processor.py:830} INFO - Processing file /opt/airflow/dags/daily_summary_dag.py for tasks to queue
[2026-10-08T07:20:32.491+0000] {logging_mixin.py:188} INFO - [2026-10-08T07:20:32.491+0000] {dagbag.py:545} INFO - Filling up the DagBag from /opt/airflow/dags/daily_summary_dag.py
[2026-10-08T07:20:32.511+0000] {processor.py:840} INFO - DAG(s) 'daily_summary_dag' retrieved from /opt/airflow/dags/daily_summary_dag.py
[2026-10-08T07:20:32.530+0000] {logging_mixin.py:188} INFO - [2026-10-08T07:20:32.530+0000] {dag.py:3089} INFO - Sync 1 DAGs
[2026-10-08T07:20:32.550+0000] {logging_mixin.py:188} INFO - [2026-10-08T07:20:32.550+0000] {dag.py:3947} INFO - Setting next_dagrun for daily_summary_dag to 2026-10-08 00:00:00+00:00, run_after=2026-10-09 00:00:00+00:00
[2026-10-08T07:20:32.576+0000] {processor.py:183} INFO - Processing /opt/airflow/dags/daily_summary_dag.py took 0.094 seconds
[2026-10-08T07:21:02.736+0000] {processor.py:161} INFO - Started process (PID=141) to work on /opt/airflow/dags/daily_summary_dag.py
[2026-10-08T07:21:02.738+0000] {processor.py:830} INFO - Processing file /opt/airflow/dags/daily_summary_dag.py for tasks to queue
[2026-10-08T07:21:02.740+0000] {logging_mixin.py:188} INFO - [2026-10-08T07:21:02.740+0000] {dagbag.py:545} INFO - Filling up the DagBag from /opt/airflow/dags/daily_summary_dag.py
[2026-10-08T07:21:02.760+0000] {processor.py:840} INFO - DAG(s) 'daily_summary_dag' retrieved from /opt/airflow/dags/daily_summary_dag.py
[2026-10-08T07:21:02.779+0000] {logging_mixin.py:188} INFO - [2026-10-08T07:21:02.779+0000] {dag.py:3089} INFO - Sync 1 DAGs
[2026-10-08T07:21:02.798+0000] {logging_mixin.py:188} INFO - [2026-10-08T07:21:02.798+0000] {dag.py:3947} INFO - Setting next_dagrun for daily_summary_dag to 2026-10-08 00:00:00+00:00, run_after=2026-10-09 00:00:00+00:00
[2026-10-08T07:21:02.825+0000] {processor.py:183} INFO - Processing /opt/airflow/dags/daily_summary_dag.py took 0.095 seconds
[2026-10-08T07:21:32.984+0000] {processor.py:161} INFO - Started process (PID=142) to work on /opt/airflow/dags/daily_summary_dag.py
[2026-10-08T07:21:32.985+0000] {processor.py:830} INFO - Processing file /opt/airflow/dags/daily_summary_dag.py for tasks to queue
[2026-10-08T07:21:32.987+0000] {logging_mixin.py:188} INFO - [2026-10-08T07:21:32.987+0000] {dagbag.py:545} INFO - Filling up the DagBag from /opt/airflow/dags/daily_summary_dag.py
[2026-10-08T07:21:33.011+0000] {processor.py:840} INFO - DAG(s) 'daily_summary_dag' retrieved from /opt/airflow/dags/daily_summary_dag.py
[2026-10-08T07:21:33.032+0000] {logging_mixin.py:188} INFO - [2026-10-08T07:21:33.032+0000] {dag.py:3089} INFO - Sync 1 DAGs
[2026-10-08T07:21:33.056+0000] {logging_mixin.py:188} INFO - [2026-10-08T07:21:33.055+0000] {dag.py:3947} INFO - Setting next_dagrun for daily_summary_dag to 2026-10-08 00:00:00+00:00, run_after=2026-10-09 00:00:00+00:00
[2026-10-08T07:21:33.080+0000] {processor.py:183} INFO - Processing /opt/airflow/dags/daily_summary_dag.py took 0.102 seconds
[2026-10-08T07:22:03.224+0000] {processor.py:161} INFO - Started process (PID=143) to work on /opt/airflow/dags/daily_summary_dag.py
[2026-10-08T07:22:03.225+0000] {processor.py:830} INFO - Processing file /opt/airflow/dags/daily_summary_dag.py for tasks to queue
[2026-10-08T07:22:03.227+0000] {logging_mixin.py:188} INFO - [2026-10-08T07:22:03.227+0000] {dagbag.py:545} INFO - Filling up the DagBag from /opt/airflow/dags/daily_summary_dag.py
[2026-10-08T07:22:03.251+0000] {processor.py:840} INFO - DAG(s) 'daily_summary_dag' retrieved from /opt/airflow/dags/daily_summary_dag.py
[2026-10-08T07:22:03.274+0000] {logging_mixin.py:188} INFO - [2026-10-08T07:22:03.274+0000] {dag.py:3089} INFO - Sync 1 DAGs
[2026-10-08T07:22:03.295+0000] {logging_mixin.py:188} INFO - [2026-10-08T07:22:03.294+0000] {dag.py:3947} INFO - Setting next_dagrun for daily_summary_dag to 2026-10-08 00:00:00+00:00, run_after=2026-10-09 00:00:00+00:00
[2026-10-08T07:22:03.321+0000] {processor.py:183} INFO - Processing /opt/airflow/dags/daily_summary_dag.py took 0.102 seconds
[2026-10-08T07:22:33.482+0000] {processor.py:161} INFO - Started process (PID=144) to work on /opt/airflow/dags/daily_summary_dag.py
[2026-10-08T07:22:33.485+0000] {processor.py:830} INFO - Processing file /opt/airflow/dags/daily_summary_dag.py for tasks to queue
[2026-10-08T07:22:33.489+0000] {logging_mixin.py:188} INFO - [2026-10-08T07:22:33.488+0000] {dagbag.py:545} INFO - Filling up the DagBag from /opt/airflow/dags/daily_summary_dag.py
[2026-10-08T07:22:33.522+0000] {processor.py:840} INFO - DAG(s) 'daily_summary_dag' retrieved from /opt/airflow/dags/daily_summary_dag.py
[2026-10-08T07:22:33.556+0000] {logging_mixin.py:188} INFO - [2026-10-08T07:22:33.555+0000] {dag.py:3089} INFO - Sync 1 DAGs
[2026-10-08T07:22:33.585+0000] {logging_mixin.py:188} INFO - [2026-10-08T07:22:33.584+0000] {dag.py:3947} INFO - Setting next_dagrun for daily_summary_dag to 2026-10-08 00:00:00+00:00, run_after=2026-10-09 00:00:00+00:00
[2026-10-08T07:22:33.618+0000] {processor.py:183} INFO - Processing /opt/airflow/dags/daily_summary_dag.py took 0.145 seconds
[2026-10-08T07:23:03.703+0000] {processor.py:161} INFO - Started process (PID=145) to work on /opt/airflow/dags/daily_summary_dag.py
[2026-10-08T07:23:03.704+0000] {processor.py:830} INFO - Processing file /opt/airflow/dags/daily_summary_dag.py for tasks to queue
[2026-10-08T07:23:03.706+0000] {logging_mixin.py:188} INFO - [2026-10-08T07:23:03.706+0000] {dagbag.py:545} INFO - Filling up the DagBag from /opt/airflow/dags/daily_summary_dag.py
[2026-10-08T07:23:03.732+0000] {processor.py:840} INFO - DAG(s) 'daily_summary_dag' retrieved from /opt/airflow/dags/daily_summary_dag.py
[2026-10-08T07:23:03.760+0000] {logging_mixin.py:188} INFO - [2026-10-08T07:23:03.760+0000] {dag.py:3089} INFO - Sync 1 DAGs
[2026-10-08T07:23:03.780+0000] {logging_mixin.py:188} INFO - [2026-10-08T07:23:03.780+0000] {dag.py:3947} INFO - Setting next_dagrun for daily_summary_dag to 2026-10-08 00:00:00+00:00, run_after=2026-10-09 00:00:00+00:00
[2026-10-08T07:23:03.803+0000] {processor.py:183} INFO - Processing /opt/airflow/dags/daily_summary_dag.py took 0.107 seconds
[2026-10-08T07:23:33.957+0000] {processor.py:161} INFO - Started process (PID=146) to work on /opt/airflow/dags/daily_summary_dag.py
[2026-10-08T07:23:33.958+0000] {processor.py:830} INFO - Processing file /opt/airflow/dags/daily_summary_dag.py for tasks to queue
[2026-10-08T07:23:33.960+0000] {logging_mixin.py:188} INFO - [2026-10-08T07:23:33.960+0000] {dagbag.py:545} INFO - Filling up the DagBag from /opt/airflow/dags/daily_summary_dag.py
[2026-10-08T07:23:33.982+0000] {processor.py:840} INFO - DAG(s) 'daily_summary_dag' retrieved from /opt/airflow/dags/daily_summary_dag.py
[2026-10-08T07:23:34.002+0000] {logging_mixin.py:188} INFO - [2026-10-08T07:23:34.002+0000] {dag.py:3089} INFO - Sync 1 DAGs
[2026-10-08T07:23:34.022+0000] {logging_mixin.py:188} INFO - [2026-10-08T07:23:34.021+0000] {dag.py:3947} INFO - Setting next_dagrun for daily_summary_dag to 2026-10-08 00:00:00+00:00, run_after=2026-10-09 00:00:00+00:00
[2026-10-08T07:23:34.046+0000] {processor.py:183} INFO - Processing /opt/airflow/dags/daily_summary_dag.py took 0.094 seconds
[2026-10-08T07:24:04.214+0000] {processor.py:161} INFO - Started process (PID=147) to work on /opt/airflow/dags/daily_summary_dag.py
[2026-10-08T07:24:04.215+0000] {processor.py:830} INFO - Processing file /opt/airflow/dags/daily_summary_dag.py for tasks to queue
[2026-10-08T07:24:04.217+0000] {logging_mixin.py:188} INFO - [2026-10-08T07:24:04.217+0000] {dagbag.py:545} INFO - Filling up the DagBag from /opt/airflow/dags/daily_summary_dag.py
[2026-10-08T07:24:04.237+0000] {processor.py:840} INFO - DAG(s) 'daily_summary_dag' retrieved from /opt/airflow/dags/daily_summary_dag.py
[2026-10-08T07:24:04.260+0000] {logging_mixin.py:188} INFO - [2026-10-08T07:24:04.260+0000] {dag.py:3089} INFO - Sync 1 DAGs
[2026-10-08T07:24:04.278+0000] {logging_mixin.py:188} INFO - [2026-10-08T07:24:04.278+0000] {dag.py:3947} INFO - Setting next_dagrun for daily_summary_dag to 2026-10-08 00:00:00+00:00, run_after=2026-10-09 00:00:00+00:00
[2026-10-08T07:24:04.306+0000] {processor.py:183} INFO - Processing /opt/airflow/dags/daily_summary_dag.py took 0.098 seconds
[2026-10-08T07:24:34.470+0000] {processor.py:161} INFO - Started process (PID=148) to work on /opt/airflow/dags/daily_summary_dag.py
[2026-10-08T07:24:34.471+0000] {processor.py:830} INFO - Processing file /opt/airflow/dags/daily_summary_dag.py for tasks to queue
[2026-10-08T07:24:34.473+0000] {logging_mixin.py:188} INFO - [2026-10-08T07:24:34.473+0000] {dagbag.py:545} INFO - Filling up the DagBag from /opt/airflow/dags/daily_summary_dag.py
[2026-10-08T07:24:34.495+0000] {processor.py:840} INFO - DAG(s) 'daily_summary_dag' retrieved from /opt/airflow/dags/daily_summary_dag.py
[2026-10-08T07:24:34.515+0000] {logging_mixin.py:188} INFO - [2026-10-08T07:24:34.514+0000] {dag.py:3089} INFO - Sync 1 DAGs
[2026-10-08T07:24:34.537+0000] {logging_mixin.py:188} INFO - [2026-10-08T07:24:34.536+0000] {dag.py:3947} INFO - Setting next_dagrun for daily_summary_dag to 2026-10-08 00:00:00+00:00, run_after=2026-10-09 00:00:00+00:00
[2026-10-08T07:24:34.561+0000] {processor.py:183} INFO - Processing /opt/airflow/dags/daily_summary_dag.py took 0.096 seconds
[2026-10-08T07:25:05.409+0000] {processor.py:161} INFO - Started process (PID=149) to work on /opt/airflow/dags/daily_summary_dag.py
[2026-10-08T07:25:05.411+0000] {processor.py:830} INFO - Processing file /opt/airflow/dags/daily_summary_dag.py for tasks to queue
[2026-10-08T07:25:05.413+0000] {logging_mixin.py:188} INFO - [2026-10-08T07:25:05.413+0000] {dagbag.py:545} INFO - Filling up the DagBag from /opt/airflow/dags/daily_summary_dag.py
[2026-10-08T07:25:05.438+0000] {processor.py:840} INFO - DAG(s) 'daily_summary_dag' retrieved from /opt/airflow/dags/daily_summary_dag.py
[2026-10-08T07:25:05.463+0000] {logging_mixin.py:188} INFO - [2026-10-08T07:25:05.463+0000] {dag.py:3089} INFO - Sync 1 DAGs
[2026-10-08T07:25:05.487+0000] {logging_mixin.py:188} INFO - [2026-10-08T07:25:05.486+0000] {dag.py:3947} INFO - Setting next_dagrun for daily_summary_dag to 2026-10-08 00:00:00+00:00, run_after=2026-10-09 00:00:00+00:00
[2026-10-08T07:25:05.514+0000] {processor.py:183} INFO - Processing /opt/airflow/dags/daily_summary_dag.py took 0.111 seconds
[2026-10-08T07:25:35.935+0000] {processor.py:161} INFO - Started process (PID=150) to work on /opt/airflow/dags/daily_summary_dag.py
[2026-10-08T07:25:35.936+0000] {processor.py:830} INFO - Processing file /opt/airflow/dags/daily_summary_dag.py for tasks to queue
[2026-10-08T07:25:35.938+0000] {logging_mixin.py:188} INFO - [2026-10-08T07:25:35.938+0000] {dagbag.py:545} INFO - Filling up the DagBag from /opt/airflow/dags/daily_summary_dag.py
[2026-10-08T07:25:35.960+0000] {processor.py:840} INFO - DAG(s) 'daily_summary_dag' retrieved from /opt/airflow/dags/daily_summary_dag.py
[2026-10-08T07:25:35.981+0000] {logging_mixin.py:188} INFO - [2026-10-08T07:25:35.980+0000] {dag.py:3089} INFO - Sync 1 DAGs
[2026-10-08T07:25:35.999+0000] {logging_mixin.py:188} INFO - [2026-10-08T07:25:35.998+0000] {dag.py:3947} INFO - Setting next_dagrun for daily_summary_dag to 2026-10-08 00:00:00+00:00, run_after=2026-10-09 00:00:00+00:00
[2026-10-08T07:25:36.031+0000] {processor.py:183} INFO - Processing /opt/airflow/dags/daily_summary_dag.py took 0.101 seconds
[2026-10-08T07:26:06.171+0000] {processor.py:161} INFO - Started process (PID=151) to work on /opt/airflow/dags/daily_summary_dag.py
[2026-10-08T07:26:06.173+0000] {processor.py:830} INFO - Processing file /opt/airflow/dags/daily_summary_dag.py for tasks to queue
[2026-10-08T07:26:06.175+0000] {logging_mixin.py:188} INFO - [2026-10-08T07:26:06.174+0000] {dagbag.py:545} INFO - Filling up the DagBag from /opt/airflow/dags/daily_summary_dag.py
[2026-10-08T07:26:06.194+0000] {processor.py:840} INFO - DAG(s) 'daily_summary_dag' retrieved from /opt/airflow/dags/daily_summary_dag.py
[2026-10-08T07:26:06.215+0000] {logging_mixin.py:188} INFO - [2026-10-08T07:26:06.215+0000] {dag.py:3089} INFO - Sync 1 DAGs
[2026-10-08T07:26:06.234+0000] {logging_mixin.py:188} INFO - [2026-10-08T07:26:06.234+0000] {dag.py:3947} INFO - Setting next_dagrun for daily_summary_dag to 2026-10-08 00:00:00+00:00, run_after=2026-10-09 00:00:00+00:00
[2026-10-08T07:26:06.264+0000] {processor.py:183} INFO - Processing /opt/airflow/dags/daily_summary_dag.py took 0.098 seconds
[2026-10-08T07:26:36.424+0000] {processor.py:161} INFO - Started process (PID=152) to work on /opt/airflow/dags/daily_summary_dag.py
[2026-10-08T07:26:36.425+0000] {processor.py:830} INFO - Processing file /opt/airflow/dags/daily_summary_dag.py for tasks to queue
[2026-10-08T07:26:36.427+0000] {logging_mixin.py:188} INFO - [2026-10-08T07:26:36.427+0000] {dagbag.py:545} INFO - Filling up the DagBag from /opt/airflow/dags/daily_summary_dag.py
[2026-10-08T07:26:36.448+0000] {processor.py:840} INFO - DAG(s) 'daily_summary_dag' retrieved from /opt/airflow/dags/daily_summary_dag.py
[2026-10-08T07:26:36.467+0000] {logging_mixin.py:188} INFO - [2026-10-08T07:26:36.467+0000] {dag.py:3089} INFO - Sync 1 DAGs
[2026-10-08T07:26:36.485+0000] {logging_mixin.py:188} INFO - [2026-10-08T07:26:36.485+0000] {dag.py:3947} INFO - Setting next_dagrun for daily_summary_dag to 2026-10-08 00:00:00+00:00, run_after=2026-10-09 00:00:00+00:00
[2026-10-08T07:26:36.509+0000] {processor.py:183} INFO - Processing /opt/airflow/dags/daily_summary_dag.py took 0.090 seconds
[2026-10-08T07:27:06.657+0000] {processor.py:161} INFO - Started process (PID=153) to work on /opt/airflow/dags/daily_summary_dag.py
[2026-10-08T07:27:06.658+0000] {processor.py:830} INFO - Processing file /opt/airflow/dags/daily_summary_dag.py for tasks to queue
[2026-10-08T07:27:06.661+0000] {logging_mixin.py:188} INFO - [2026-10-08T07:27:06.660+0000] {dagbag.py:545} INFO - Filling up the DagBag from /opt/airflow/dags/daily_summary_dag.py
[2026-10-08T07:27:06.680+0000] {processor.py:840} INFO - DAG(s) 'daily_summary_dag' retrieved from /opt/airflow/dags/daily_summary_dag.py
[2026-10-08T07:27:06.700+0000] {logging_mixin.py:188} INFO - [2026-10-08T07:27:06.699+0000] {dag.py:3089} INFO - Sync 1 DAGs
[2026-10-08T07:27:06.718+0000] {logging_mixin.py:188} INFO - [2026-10-08T07:27:06.717+0000] {dag.py:3947} INFO - Setting next_dagrun for daily_summary_dag to 2026-10-08 00:00:00+00:00, run_after=2026-10-09 00:00:00+00:00
[2026-10-08T07:27:06.745+0000] {processor.py:183} INFO - Processing /opt/airflow/dags/daily_summary_dag.py took 0.092 seconds
[2026-10-08T07:27:36.921+0000] {processor.py:161} INFO - Started process (PID=154) to work on /opt/airflow/dags/daily_summary_dag.py
[2026-10-08T07:27:36.922+0000] {processor.py:830} INFO - Processing file /opt/airflow/dags/daily_summary_dag.py for tasks to queue
[2026-10-08T07:27:36.924+0000] {logging_mixin.py:188} INFO - [2026-10-08T07:27:36.923+0000] {dagbag.py:545} INFO - Filling up the DagBag from /opt/airflow/dags/daily_summary_dag.py
[2026-10-08T07:27:36.944+0000] {processor.py:840} INFO - DAG(s) 'daily_summary_dag' retrieved from /opt/airflow/dags/daily_summary_dag.py
[2026-10-08T07:27:36.963+0000] {logging_mixin.py:188} INFO - [2026-10-08T07:27:36.963+0000] {dag.py:3089} INFO - Sync 1 DAGs
[2026-10-08T07:27:36.981+0000] {logging_mixin.py:188} INFO - [2026-10-08T07:27:36.981+0000] {dag.py:3947} INFO - Setting next_dagrun for daily_summary_dag to 2026-10-08 00:00:00+00:00, run_after=2026-10-09 00:00:00+00:00
[2026-10-08T07:27:37.008+0000] {processor.py:183} INFO - Processing /opt/airflow/dags/daily_summary_dag.py took 0.092 seconds
[2026-10-08T07:28:07.155+0000] {processor.py:161} INFO - Started process (PID=155) to work on /opt/airflow/dags/daily_summary_dag.py
[2026-10-08T07:28:07.156+0000] {processor.py:830} INFO - Processing file /opt/airflow/dags/daily_summary_dag.py for tasks to queue
[2026-10-08T07:28:07.159+0000] {logging_mixin.py:188} INFO - [2026-10-08T07:28:07.158+0000] {dagbag.py:545} INFO - Filling up the DagBag from /opt/airflow/dags/daily_summary_dag.py
[2026-10-08T07:28:07.179+0000] {processor.py:840} INFO - DAG(s) 'daily_summary_dag' retrieved from /opt/airflow/dags/daily_summary_dag.py
[2026-10-08T07:28:07.199+0000] {logging_mixin.py:188} INFO - [2026-10-08T07:28:07.198+0000] {dag.py:3089} INFO - Sync 1 DAGs
[2026-10-08T07:28:07.216+0000] {logging_mixin.py:188} INFO - [2026-10-08T07:28:07.216+0000] {dag.py:3947} INFO - Setting next_dagrun for daily_summary_dag to 2026-10-08 00:00:00+00:00, run_after=2026-10-09 00:00:00+00:00
[2026-10-08T07:28:07.245+0000] {processor.py:183} INFO - Processing /opt/airflow/dags/daily_summary_dag.py took 0.094 seconds
[2026-10-08T07:28:37.378+0000] {processor.py:161} INFO - Started process (PID=156) to work on /opt/airflow/dags/daily_summary_dag.py
[2026-10-08T07:28:37.380+0000] {processor.py:830} INFO - Processing file /opt/airflow/dags/daily_summary_dag.py for tasks to queue
[2026-10-08T07:28:37.382+0000] {logging_mixin.py:188} INFO - [2026-10-08T07:28:37.382+0000] {dagbag.py:545} INFO - Filling up the DagBag from /opt/airflow/dags/daily_summary_dag.py
[2026-10-08T07:28:37.403+0000] {processor.py:840} INFO - DAG(s) 'daily_summary_dag' retrieved from /opt/airflow/dags/daily_summary_dag.py
[2026-10-08T07:28:37.421+0000] {logging_mixin.py:188} INFO - [2026-10-08T07:28:37.420+0000] {dag.py:3089} INFO - Sync 1 DAGs
[2026-10-08T07:28:37.439+0000] {logging_mixin.py:188} INFO - [2026-10-08T07:28:37.439+0000] {dag.py:3947} INFO - Setting next_dagrun for daily_summary_dag to 2026-10-08 00:00:00+00:00, run_after=2026-10-09 00:00:00+00:00
[2026-10-08T07:28:37.461+0000] {processor.py:183} INFO - Processing /opt/airflow/dags/daily_summary_dag.py took 0.089 seconds
[2026-10-08T07:29:07.685+0000] {processor.py:161} INFO - Started process (PID=157) to work on /opt/airflow/dags/daily_summary_dag.py
[2026-10-08T07:29:07.687+0000] {processor.py:830} INFO - Processing file /opt/airflow/dags/daily_summary_dag.py for tasks to queue
[2026-10-08T07:29:07.689+0000] {logging_mixin.py:188} INFO - [2026-10-08T07:29:07.688+0000] {dagbag.py:545} INFO - Filling up the DagBag from /opt/airflow/dags/daily_summary_dag.py
[2026-10-08T07:29:07.716+0000] {processor.py:840} INFO - DAG(s) 'daily_summary_dag' retrieved from /opt/airflow/dags/daily_summary_dag.py
[2026-10-08T07:29:07.749+0000] {logging_mixin.py:188} INFO - [2026-10-08T07:29:07.748+0000] {dag.py:3089} INFO - Sync 1 DAGs
[2026-10-08T07:29:07.781+0000] {logging_mixin.py:188} INFO - [2026-10-08T07:29:07.781+0000] {dag.py:3947} INFO - Setting next_dagrun for daily_summary_dag to 2026-10-08 00:00:00+00:00, run_after=2026-10-09 00:00:00+00:00
[2026-10-08T07:29:07.812+0000] {processor.py:183} INFO - Processing /opt/airflow/dags/daily_summary_dag.py took 0.134 seconds
[2026-10-08T07:29:37.965+0000] {processor.py:161} INFO - Started process (PID=158) to work on /opt/airflow/dags/daily_summary_dag.py
[2026-10-08T07:29:37.966+0000] {processor.py:830} INFO - Processing file /opt/airflow/dags/daily_summary_dag.py for tasks to queue
[2026-10-08T07:29:37.968+0000] {logging_mixin.py:188} INFO - [2026-10-08T07:29:37.968+0000] {dagbag.py:545} INFO - Filling up the DagBag from /opt/airflow/dags/daily_summary_dag.py
[2026-10-08T07:29:37.996+0000] {processor.py:840} INFO - DAG(s) 'daily_summary_dag' retrieved from /opt/airflow/dags/daily_summary_dag.py
[2026-10-08T07:29:38.020+0000] {logging_mixin.py:188} INFO - [2026-10-08T07:29:38.020+0000] {dag.py:3089} INFO - Sync 1 DAGs
[2026-10-08T07:29:38.041+0000] {logging_mixin.py:188} INFO - [2026-10-08T07:29:38.040+0000] {dag.py:3947} INFO - Setting next_dagrun for daily_summary_dag to 2026-10-08 00:00:00+00:00, run_after=2026-10-09 00:00:00+00:00
[2026-10-08T07:29:38.067+0000] {processor.py:183} INFO - Processing /opt/airflow/dags/daily_summary_dag.py took 0.108 seconds
[2026-10-08T07:30:08.242+0000] {processor.py:161} INFO - Started process (PID=159) to work on /opt/airflow/dags/daily_summary_dag.py
[2026-10-08T07:30:08.244+0000] {processor.py:830} INFO - Processing file /opt/airflow/dags/daily_summary_dag.py for tasks to queue
[2026-10-08T07:30:08.247+0000] {logging_mixin.py:188} INFO - [2026-10-08T07:30:08.246+0000] {dagbag.py:545} INFO - Filling up the DagBag from /opt/airflow/dags/daily_summary_dag.py
[2026-10-08T07:30:08.275+0000] {processor.py:840} INFO - DAG(s) 'daily_summary_dag' retrieved from /opt/airflow/dags/daily_summary_dag.py
[2026-10-08T07:30:08.303+0000] {logging_mixin.py:188} INFO - [2026-10-08T07:30:08.303+0000] {dag.py:3089} INFO - Sync 1 DAGs
[2026-10-08T07:30:08.327+0000] {logging_mixin.py:188} INFO - [2026-10-08T07:30:08.327+0000] {dag.py:3947} INFO - Setting next_dagrun for daily_summary_dag to 2026-10-08 00:00:00+00:00, run_after=2026-10-09 00:00:00+00:00
[2026-10-08T07:30:08.361+0000] {processor.py:183} INFO - Processing /opt/airflow/dags/daily_summary_dag.py took 0.125 seconds
[2026-10-08T07:30:39.141+0000] {processor.py:161} INFO - Started process (PID=186) to work on /opt/airflow/dags/daily_summary_dag.py
[2026-10-08T07:30:39.143+0000] {processor.py:830} INFO - Processing file /opt/airflow/dags/daily_summary_dag.py for tasks to queue
[2026-10-08T07:30:39.145+0000] {logging_mixin.py:188} INFO - [2026-10-08T07:30:39.144+0000] {dagbag.py:545} INFO - Filling up the DagBag from /opt/airflow/dags/daily_summary_dag.py
[2026-10-08T07:30:39.164+0000] {processor.py:840} INFO - DAG(s) 'daily_summary_dag' retrieved from /opt/airflow/dags/daily_summary_dag.py
[2026-10-08T07:30:39.187+0000] {logging_mixin.py:188} INFO - [2026-10-08T07:30:39.186+0000] {dag.py:3089} INFO - Sync 1 DAGs
[2026-10-08T07:30:39.207+0000] {logging_mixin.py:188} INFO - [2026-10-08T07:30:39.206+0000] {dag.py:3947} INFO - Setting next_dagrun for daily_summary_dag to 2026-10-08 00:00:00+00:00, run_after=2026-10-09 00:00:00+00:00
[2026-10-08T07:30:39.229+0000] {processor.py:183} INFO - Processing /opt/airflow/dags/daily_summary_dag.py took 0.092 seconds
[2026-10-08T07:31:10.264+0000] {processor.py:161} INFO - Started process (PID=187) to work on /opt/airflow/dags/daily_summary_dag.py
[2026-10-08T07:31:10.266+0000] {processor.py:830} INFO - Processing file /opt/airflow/dags/daily_summary_dag.py for tasks to queue
[2026-10-08T07:31:10.269+0000] {logging_mixin.py:188} INFO - [2026-10-08T07:31:10.269+0000] {dagbag.py:545} INFO - Filling up the DagBag from /opt/airflow/dags/daily_summary_dag.py
[2026-10-08T07:31:10.296+0000] {processor.py:840} INFO - DAG(s) 'daily_summary_dag' retrieved from /opt/airflow/dags/daily_summary_dag.py
[2026-10-08T07:31:10.327+0000] {logging_mixin.py:188} INFO - [2026-10-08T07:31:10.327+0000] {dag.py:3089} INFO - Sync 1 DAGs
[2026-10-08T07:31:10.351+0000] {logging_mixin.py:188} INFO - [2026-10-08T07:31:10.351+0000] {dag.py:3947} INFO - Setting next_dagrun for daily_summary_dag to 2026-10-08 00:00:00+00:00, run_after=2026-10-09 00:00:00+00:00
[2026-10-08T07:31:10.375+0000] {processor.py:183} INFO - Processing /opt/airflow/dags/daily_summary_dag.py took 0.117 seconds
[2026-10-08T07:31:40.735+0000] {processor.py:161} INFO - Started process (PID=188) to work on /opt/airflow/dags/daily_summary_dag.py
[2026-10-08T07:31:40.736+0000] {processor.py:830} INFO - Processing file /opt/airflow/dags/daily_summary_dag.py for tasks to queue
[2026-10-08T07:31:40.740+0000] {logging_mixin.py:188} INFO - [2026-10-08T07:31:40.739+0000] {dagbag.py:545} INFO - Filling up the DagBag from /opt/airflow/dags/daily_summary_dag.py
[2026-10-08T07:31:40.769+0000] {processor.py:840} INFO - DAG(s) 'daily_summary_dag' retrieved from /opt/airflow/dags/daily_summary_dag.py
[2026-10-08T07:31:40.800+0000] {logging_mixin.py:188} INFO - [2026-10-08T07:31:40.800+0000] {dag.py:3089} INFO - Sync 1 DAGs
[2026-10-08T07:31:40.821+0000] {logging_mixin.py:188} INFO - [2026-10-08T07:31:40.821+0000] {dag.py:3947} INFO - Setting next_dagrun for daily_summary_dag to 2026-10-08 00:00:00+00:00, run_after=2026-10-09 00:00:00+00:00
[2026-10-08T07:31:40.846+0000] {processor.py:183} INFO - Processing /opt/airflow/dags/daily_summary_dag.py took 0.119 seconds
[2026-10-08T07:32:11.204+0000] {processor.py:161} INFO - Started process (PID=189) to work on /opt/airflow/dags/daily_summary_dag.py
[2026-10-08T07:32:11.206+0000] {processor.py:830} INFO - Processing file /opt/airflow/dags/daily_summary_dag.py for tasks to queue
[2026-10-08T07:32:11.208+0000] {logging_mixin.py:188} INFO - [2026-10-08T07:32:11.208+0000] {dagbag.py:545} INFO - Filling up the DagBag from /opt/airflow/dags/daily_summary_dag.py
[2026-10-08T07:32:11.233+0000] {processor.py:840} INFO - DAG(s) 'daily_summary_dag' retrieved from /opt/airflow/dags/daily_summary_dag.py
[2026-10-08T07:32:11.255+0000] {logging_mixin.py:188} INFO - [2026-10-08T07:32:11.254+0000] {dag.py:3089} INFO - Sync 1 DAGs
[2026-10-08T07:32:11.275+0000] {logging_mixin.py:188} INFO - [2026-10-08T07:32:11.274+0000] {dag.py:3947} INFO - Setting next_dagrun for daily_summary_dag to 2026-10-08 00:00:00+00:00, run_after=2026-10-09 00:00:00+00:00
[2026-10-08T07:32:11.304+0000] {processor.py:183} INFO - Processing /opt/airflow/dags/daily_summary_dag.py took 0.105 seconds
[2026-10-08T07:32:41.673+0000] {processor.py:161} INFO - Started process (PID=190) to work on /opt/airflow/dags/daily_summary_dag.py
[2026-10-08T07:32:41.675+0000] {processor.py:830} INFO - Processing file /opt/airflow/dags/daily_summary_dag.py for tasks to queue
[2026-10-08T07:32:41.677+0000] {logging_mixin.py:188} INFO - [2026-10-08T07:32:41.677+0000] {dagbag.py:545} INFO - Filling up the DagBag from /opt/airflow/dags/daily_summary_dag.py
[2026-10-08T07:32:41.696+0000] {processor.py:840} INFO - DAG(s) 'daily_summary_dag' retrieved from /opt/airflow/dags/daily_summary_dag.py
[2026-10-08T07:32:41.715+0000] {logging_mixin.py:188} INFO - [2026-10-08T07:32:41.714+0000] {dag.py:3089} INFO - Sync 1 DAGs
[2026-10-08T07:32:41.733+0000] {logging_mixin.py:188} INFO - [2026-10-08T07:32:41.733+0000] {dag.py:3947} INFO - Setting next_dagrun for daily_summary_dag to 2026-10-08 00:00:00+00:00, run_after=2026-10-09 00:00:00+00:00
[2026-10-08T07:32:41.757+0000] {processor.py:183} INFO - Processing /opt/airflow/dags/daily_summary_dag.py took 0.088 seconds
[2026-10-08T07:33:12.163+0000] {processor.py:161} INFO - Started process (PID=191) to work on /opt/airflow/dags/daily_summary_dag.py
[2026-10-08T07:33:12.164+0000] {processor.py:830} INFO - Processing file /opt/airflow/dags/daily_summary_dag.py for tasks to queue
[2026-10-08T07:33:12.167+0000] {logging_mixin.py:188} INFO - [2026-10-08T07:33:12.166+0000] {dagbag.py:545} INFO - Filling up the DagBag from /opt/airflow/dags/daily_summary_dag.py
[2026-10-08T07:33:12.190+0000] {processor.py:840} INFO - DAG(s) 'daily_summary_dag' retrieved from /opt/airflow/dags/daily_summary_dag.py
[2026-10-08T07:33:12.215+0000] {logging_mixin.py:188} INFO - [2026-10-08T07:33:12.214+0000] {dag.py:3089} INFO - Sync 1 DAGs
[2026-10-08T07:33:12.239+0000] {logging_mixin.py:188} INFO - [2026-10-08T07:33:12.238+0000] {dag.py:3947} INFO - Setting next_dagrun for daily_summary_dag to 2026-10-08 00:00:00+00:00, run_after=2026-10-09 00:00:00+00:00
[2026-10-08T07:33:12.267+0000] {processor.py:183} INFO - Processing /opt/airflow/dags/daily_summary_dag.py took 0.109 seconds
[2026-10-08T07:33:42.632+0000] {processor.py:161} INFO - Started process (PID=192) to work on /opt/airflow/dags/daily_summary_dag.py
[2026-10-08T07:33:42.634+0000] {processor.py:830} INFO - Processing file /opt/airflow/dags/daily_summary_dag.py for tasks to queue
[2026-10-08T07:33:42.636+0000] {logging_mixin.py:188} INFO - [2026-10-08T07:33:42.636+0000] {dagbag.py:545} INFO - Filling up the DagBag from /opt/airflow/dags/daily_summary_dag.py
[2026-10-08T07:33:42.660+0000] {processor.py:840} INFO - DAG(s) 'daily_summary_dag' retrieved from /opt/airflow/dags/daily_summary_dag.py
[2026-10-08T07:33:42.679+0000] {logging_mixin.py:188} INFO - [2026-10-08T07:33:42.679+0000] {dag.py:3089} INFO - Sync 1 DAGs
[2026-10-08T07:33:42.699+0000] {logging_mixin.py:188} INFO - [2026-10-08T07:33:42.699+0000] {dag.py:3947} INFO - Setting next_dagrun for daily_summary_dag to 2026-10-08 00:00:00+00:00, run_after=2026-10-09 00:00:00+00:00
[2026-10-08T07:33:42.722+0000] {processor.py:183} INFO - Processing /opt/airflow/dags/daily_summary_dag.py took 0.095 seconds
[2026-10-08T07:34:13.105+0000] {processor.py:161} INFO - Started process (PID=193) to work on /opt/airflow/dags/daily_summary_dag.py
[2026-10-08T07:34:13.107+0000] {processor.py:830} INFO - Processing file /opt/airflow/dags/daily_summary_dag.py for tasks to queue
[2026-10-08T07:34:13.109+0000] {logging_mixin.py:188} INFO - [2026-10-08T07:34:13.108+0000] {dagbag.py:545} INFO - Filling up the DagBag from /opt/airflow/dags/daily_summary_dag.py
[2026-10-08T07:34:13.129+0000] {processor.py:840} INFO - DAG(s) 'daily_summary_dag' retrieved from /opt/airflow/dags/daily_summary_dag.py
[2026-10-08T07:34:13.150+0000] {logging_mixin.py:188} INFO - [2026-10-08T07:34:13.150+0000] {dag.py:3089} INFO - Sync 1 DAGs
[2026-10-08T07:34:13.169+0000] {logging_mixin.py:188} INFO - [2026-10-08T07:34:13.169+0000] {dag.py:3947} INFO - Setting next_dagrun for daily_summary_dag to 2026-10-08 00:00:00+00:00, run_after=2026-10-09 00:00:00+00:00
[2026-10-08T07:34:13.194+0000] {processor.py:183} INFO - Processing /opt/airflow/dags/daily_summary_dag.py took 0.094 seconds
[2026-10-08T07:34:43.584+0000] {processor.py:161} INFO - Started process (PID=194) to work on /opt/airflow/dags/daily_summary_dag.py
[2026-10-08T07:34:43.586+0000] {processor.py:830} INFO - Processing file /opt/airflow/dags/daily_summary_dag.py for tasks to queue
[2026-10-08T07:34:43.589+0000] {logging_mixin.py:188} INFO - [2026-10-08T07:34:43.589+0000] {dagbag.py:545} INFO - Filling up the DagBag from /opt/airflow/dags/daily_summary_dag.py
[2026-10-08T07:34:43.621+0000] {processor.py:840} INFO - DAG(s) 'daily_summary_dag' retrieved from /opt/airflow/dags/daily_summary_dag.py
[2026-10-08T07:34:43.645+0000] {logging_mixin.py:188} INFO - [2026-10-08T07:34:43.645+0000] {dag.py:3089} INFO - Sync 1 DAGs
[2026-10-08T07:34:43.668+0000] {logging_mixin.py:188} INFO - [2026-10-08T07:34:43.667+0000] {dag.py:3947} INFO - Setting next_dagrun for daily_summary_dag to 2026-10-08 00:00:00+00:00, run_after=2026-10-09 00:00:00+00:00
[2026-10-08T07:34:43.708+0000] {processor.py:183} INFO - Processing /opt/airflow/dags/daily_summary_dag.py took 0.130 seconds
[2026-10-08T07:35:14.085+0000] {processor.py:161} INFO - Started process (PID=195) to work on /opt/airflow/dags/daily_summary_dag.py
[2026-10-08T07:35:14.087+0000] {processor.py:830} INFO - Processing file /opt/airflow/dags/daily_summary_dag.py for tasks to queue
[2026-10-08T07:35:14.089+0000] {logging_mixin.py:188} INFO - [2026-10-08T07:35:14.089+0000] {dagbag.py:545} INFO - Filling up the DagBag from /opt/airflow/dags/daily_summary_dag.py
[2026-10-08T07:35:14.111+0000] {processor.py:840} INFO - DAG(s) 'daily_summary_dag' retrieved from /opt/airflow/dags/daily_summary_dag.py
[2026-10-08T07:35:14.136+0000] {logging_mixin.py:188} INFO - [2026-10-08T07:35:14.136+0000] {dag.py:3089} INFO - Sync 1 DAGs
[2026-10-08T07:35:14.157+0000] {logging_mixin.py:188} INFO - [2026-10-08T07:35:14.157+0000] {dag.py:3947} INFO - Setting next_dagrun for daily_summary_dag to 2026-10-08 00:00:00+00:00, run_after=2026-10-09 00:00:00+00:00
[2026-10-08T07:35:14.183+0000] {processor.py:183} INFO - Processing /opt/airflow/dags/daily_summary_dag.py took 0.102 seconds
[2026-10-08T07:35:44.542+0000] {processor.py:161} INFO - Started process (PID=196) to work on /opt/airflow/dags/daily_summary_dag.py
[2026-10-08T07:35:44.543+0000] {processor.py:830} INFO - Processing file /opt/airflow/dags/daily_summary_dag.py for tasks to queue
[2026-10-08T07:35:44.545+0000] {logging_mixin.py:188} INFO - [2026-10-08T07:35:44.545+0000] {dagbag.py:545} INFO - Filling up the DagBag from /opt/airflow/dags/daily_summary_dag.py
[2026-10-08T07:35:44.566+0000] {processor.py:840} INFO - DAG(s) 'daily_summary_dag' retrieved from /opt/airflow/dags/daily_summary_dag.py
[2026-10-08T07:35:44.587+0000] {logging_mixin.py:188} INFO - [2026-10-08T07:35:44.587+0000] {dag.py:3089} INFO - Sync 1 DAGs
[2026-10-08T07:35:44.606+0000] {logging_mixin.py:188} INFO - [2026-10-08T07:35:44.606+0000] {dag.py:3947} INFO - Setting next_dagrun for daily_summary_dag to 2026-10-08 00:00:00+00:00, run_after=2026-10-09 00:00:00+00:00
[2026-10-08T07:35:44.630+0000] {processor.py:183} INFO - Processing /opt/airflow/dags/daily_summary_dag.py took 0.093 seconds
[2026-10-08T07:36:15.026+0000] {processor.py:161} INFO - Started process (PID=197) to work on /opt/airflow/dags/daily_summary_dag.py
[2026-10-08T07:36:15.027+0000] {processor.py:830} INFO - Processing file /opt/airflow/dags/daily_summary_dag.py for tasks to queue
[2026-10-08T07:36:15.028+0000] {logging_mixin.py:188} INFO - [2026-10-08T07:36:15.028+0000] {dagbag.py:545} INFO - Filling up the DagBag from /opt/airflow/dags/daily_summary_dag.py
[2026-10-08T07:36:15.053+0000] {processor.py:840} INFO - DAG(s) 'daily_summary_dag' retrieved from /opt/airflow/dags/daily_summary_dag.py
[2026-10-08T07:36:15.080+0000] {logging_mixin.py:188} INFO - [2026-10-08T07:36:15.079+0000] {dag.py:3089} INFO - Sync 1 DAGs
[2026-10-08T07:36:15.103+0000] {logging_mixin.py:188} INFO - [2026-10-08T07:36:15.103+0000] {dag.py:3947} INFO - Setting next_dagrun for daily_summary_dag to 2026-10-08 00:00:00+00:00, run_after=2026-10-09 00:00:00+00:00
[2026-10-08T07:36:15.132+0000] {processor.py:183} INFO - Processing /opt/airflow/dags/daily_summary_dag.py took 0.113 seconds
[2026-10-08T07:36:45.307+0000] {processor.py:161} INFO - Started process (PID=198) to work on /opt/airflow/dags/daily_summary_dag.py
[2026-10-08T07:36:45.309+0000] {processor.py:830} INFO - Processing file /opt/airflow/dags/daily_summary_dag.py for tasks to queue
[2026-10-08T07:36:45.311+0000] {logging_mixin.py:188} INFO - [2026-10-08T07:36:45.311+0000] {dagbag.py:545} INFO - Filling up the DagBag from /opt/airflow/dags/daily_summary_dag.py
[2026-10-08T07:36:45.332+0000] {processor.py:840} INFO - DAG(s) 'daily_summary_dag' retrieved from /opt/airflow/dags/daily_summary_dag.py
[2026-10-08T07:36:45.350+0000] {logging_mixin.py:188} INFO - [2026-10-08T07:36:45.350+0000] {dag.py:3089} INFO - Sync 1 DAGs
[2026-10-08T07:36:45.369+0000] {logging_mixin.py:188} INFO - [2026-10-08T07:36:45.369+0000] {dag.py:3947} INFO - Setting next_dagrun for daily_summary_dag to 2026-10-08 00:00:00+00:00, run_after=2026-10-09 00:00:00+00:00
[2026-10-08T07:36:45.392+0000] {processor.py:183} INFO - Processing /opt/airflow/dags/daily_summary_dag.py took 0.089 seconds
[2026-10-08T07:37:15.591+0000] {processor.py:161} INFO - Started process (PID=199) to work on /opt/airflow/dags/daily_summary_dag.py
[2026-10-08T07:37:15.592+0000] {processor.py:830} INFO - Processing file /opt/airflow/dags/daily_summary_dag.py for tasks to queue
[2026-10-08T07:37:15.594+0000] {logging_mixin.py:188} INFO - [2026-10-08T07:37:15.594+0000] {dagbag.py:545} INFO - Filling up the DagBag from /opt/airflow/dags/daily_summary_dag.py
[2026-10-08T07:37:15.616+0000] {processor.py:840} INFO - DAG(s) 'daily_summary_dag' retrieved from /opt/airflow/dags/daily_summary_dag.py
[2026-10-08T07:37:15.637+0000] {logging_mixin.py:188} INFO - [2026-10-08T07:37:15.637+0000] {dag.py:3089} INFO - Sync 1 DAGs
[2026-10-08T07:37:15.657+0000] {logging_mixin.py:188} INFO - [2026-10-08T07:37:15.657+0000] {dag.py:3947} INFO - Setting next_dagrun for daily_summary_dag to 2026-10-08 00:00:00+00:00, run_after=2026-10-09 00:00:00+00:00
[2026-10-08T07:37:15.683+0000] {processor.py:183} INFO - Processing /opt/airflow/dags/daily_summary_dag.py took 0.097 seconds
[2026-10-08T07:37:45.876+0000] {processor.py:161} INFO - Started process (PID=200) to work on /opt/airflow/dags/daily_summary_dag.py
[2026-10-08T07:37:45.878+0000] {processor.py:830} INFO - Processing file /opt/airflow/dags/daily_summary_dag.py for tasks to queue
[2026-10-08T07:37:45.880+0000] {logging_mixin.py:188} INFO - [2026-10-08T07:37:45.880+0000] {dagbag.py:545} INFO - Filling up the DagBag from /opt/airflow/dags/daily_summary_dag.py
[2026-10-08T07:37:45.902+0000] {processor.py:840} INFO - DAG(s) 'daily_summary_dag' retrieved from /opt/airflow/dags/daily_summary_dag.py
[2026-10-08T07:37:45.923+0000] {logging_mixin.py:188} INFO - [2026-10-08T07:37:45.922+0000] {dag.py:3089} INFO - Sync 1 DAGs
[2026-10-08T07:37:45.943+0000] {logging_mixin.py:188} INFO - [2026-10-08T07:37:45.943+0000] {dag.py:3947} INFO - Setting next_dagrun for daily_summary_dag to 2026-10-08 00:00:00+00:00, run_after=2026-10-09 00:00:00+00:00
[2026-10-08T07:37:45.968+0000] {processor.py:183} INFO - Processing /opt/airflow/dags/daily_summary_dag.py took 0.097 seconds
[2026-10-08T07:38:16.181+0000] {processor.py:161} INFO - Started process (PID=201) to work on /opt/airflow/dags/daily_summary_dag.py
[2026-10-08T07:38:16.182+0000] {processor.py:830} INFO - Processing file /opt/airflow/dags/daily_summary_dag.py for tasks to queue
[2026-10-08T07:38:16.185+0000] {logging_mixin.py:188} INFO - [2026-10-08T07:38:16.184+0000] {dagbag.py:545} INFO - Filling up the DagBag from /opt/airflow/dags/daily_summary_dag.py
[2026-10-08T07:38:16.212+0000] {processor.py:840} INFO - DAG(s) 'daily_summary_dag' retrieved from /opt/airflow/dags/daily_summary_dag.py
[2026-10-08T07:38:16.235+0000] {logging_mixin.py:188} INFO - [2026-10-08T07:38:16.234+0000] {dag.py:3089} INFO - Sync 1 DAGs
[2026-10-08T07:38:16.256+0000] {logging_mixin.py:188} INFO - [2026-10-08T07:38:16.256+0000] {dag.py:3947} INFO - Setting next_dagrun for daily_summary_dag to 2026-10-08 00:00:00+00:00, run_after=2026-10-09 00:00:00+00:00
[2026-10-08T07:38:16.281+0000] {processor.py:183} INFO - Processing /opt/airflow/dags/daily_summary_dag.py took 0.107 seconds
[2026-10-08T07:38:46.471+0000] {processor.py:161} INFO - Started process (PID=202) to work on /opt/airflow/dags/daily_summary_dag.py
[2026-10-08T07:38:46.472+0000] {processor.py:830} INFO - Processing file /opt/airflow/dags/daily_summary_dag.py for tasks to queue
[2026-10-08T07:38:46.474+0000] {logging_mixin.py:188} INFO - [2026-10-08T07:38:46.474+0000] {dagbag.py:545} INFO - Filling up the DagBag from /opt/airflow/dags/daily_summary_dag.py
[2026-10-08T07:38:46.497+0000] {processor.py:840} INFO - DAG(s) 'daily_summary_dag' retrieved from /opt/airflow/dags/daily_summary_dag.py
[2026-10-08T07:38:46.519+0000] {logging_mixin.py:188} INFO - [2026-10-08T07:38:46.519+0000] {dag.py:3089} INFO - Sync 1 DAGs
[2026-10-08T07:38:46.539+0000] {logging_mixin.py:188} INFO - [2026-10-08T07:38:46.538+0000] {dag.py:3947} INFO - Setting next_dagrun for daily_summary_dag to 2026-10-08 00:00:00+00:00, run_after=2026-10-09 00:00:00+00:00
[2026-10-08T07:38:46.564+0000] {processor.py:183} INFO - Processing /opt/airflow/dags/daily_summary_dag.py took 0.099 seconds
[2026-10-08T07:39:16.753+0000] {processor.py:161} INFO - Started process (PID=229) to work on /opt/airflow/dags/daily_summary_dag.py
[2026-10-08T07:39:16.754+0000] {processor.py:830} INFO - Processing file /opt/airflow/dags/daily_summary_dag.py for tasks to queue
[2026-10-08T07:39:16.756+0000] {logging_mixin.py:188} INFO - [2026-10-08T07:39:16.756+0000] {dagbag.py:545} INFO - Filling up the DagBag from /opt/airflow/dags/daily_summary_dag.py
[2026-10-08T07:39:16.775+0000] {processor.py:840} INFO - DAG(s) 'daily_summary_dag' retrieved from /opt/airflow/dags/daily_summary_dag.py
[2026-10-08T07:39:16.796+0000] {logging_mixin.py:188} INFO - [2026-10-08T07:39:16.795+0000] {dag.py:3089} INFO - Sync 1 DAGs
[2026-10-08T07:39:16.813+0000] {logging_mixin.py:188} INFO - [2026-10-08T07:39:16.813+0000] {dag.py:3947} INFO - Setting next_dagrun for daily_summary_dag to 2026-10-08 00:00:00+00:00, run_after=2026-10-09 00:00:00+00:00
[2026-10-08T07:39:16.834+0000] {processor.py:183} INFO - Processing /opt/airflow/dags/daily_summary_dag.py took 0.086 seconds
[2026-10-08T07:39:46.934+0000] {processor.py:161} INFO - Started process (PID=230) to work on /opt/airflow/dags/daily_summary_dag.py
[2026-10-08T07:39:46.936+0000] {processor.py:830} INFO - Processing file /opt/airflow/dags/daily_summary_dag.py for tasks to queue
[2026-10-08T07:39:46.938+0000] {logging_mixin.py:188} INFO - [2026-10-08T07:39:46.937+0000] {dagbag.py:545} INFO - Filling up the DagBag from /opt/airflow/dags/daily_summary_dag.py
[2026-10-08T07:39:46.960+0000] {processor.py:840} INFO - DAG(s) 'daily_summary_dag' retrieved from /opt/airflow/dags/daily_summary_dag.py
[2026-10-08T07:39:46.983+0000] {logging_mixin.py:188} INFO - [2026-10-08T07:39:46.983+0000] {dag.py:3089} INFO - Sync 1 DAGs
[2026-10-08T07:39:47.003+0000] {logging_mixin.py:188} INFO - [2026-10-08T07:39:47.003+0000] {dag.py:3947} INFO - Setting next_dagrun for daily_summary_dag to 2026-10-08 00:00:00+00:00, run_after=2026-10-09 00:00:00+00:00
[2026-10-08T07:39:47.029+0000] {processor.py:183} INFO - Processing /opt/airflow/dags/daily_summary_dag.py took 0.100 seconds
[2026-10-08T07:40:17.225+0000] {processor.py:161} INFO - Started process (PID=231) to work on /opt/airflow/dags/daily_summary_dag.py
[2026-10-08T07:40:17.228+0000] {processor.py:830} INFO - Processing file /opt/airflow/dags/daily_summary_dag.py for tasks to queue
[2026-10-08T07:40:17.231+0000] {logging_mixin.py:188} INFO - [2026-10-08T07:40:17.230+0000] {dagbag.py:545} INFO - Filling up the DagBag from /opt/airflow/dags/daily_summary_dag.py
[2026-10-08T07:40:17.271+0000] {processor.py:840} INFO - DAG(s) 'daily_summary_dag' retrieved from /opt/airflow/dags/daily_summary_dag.py
[2026-10-08T07:40:17.317+0000] {logging_mixin.py:188} INFO - [2026-10-08T07:40:17.317+0000] {dag.py:3089} INFO - Sync 1 DAGs
[2026-10-08T07:40:17.341+0000] {logging_mixin.py:188} INFO - [2026-10-08T07:40:17.341+0000] {dag.py:3947} INFO - Setting next_dagrun for daily_summary_dag to 2026-10-08 00:00:00+00:00, run_after=2026-10-09 00:00:00+00:00
[2026-10-08T07:40:17.369+0000] {processor.py:183} INFO - Processing /opt/airflow/dags/daily_summary_dag.py took 0.153 seconds
[2026-10-08T07:40:47.526+0000] {processor.py:161} INFO - Started process (PID=232) to work on /opt/airflow/dags/daily_summary_dag.py
[2026-10-08T07:40:47.528+0000] {processor.py:830} INFO - Processing file /opt/airflow/dags/daily_summary_dag.py for tasks to queue
[2026-10-08T07:40:47.530+0000] {logging_mixin.py:188} INFO - [2026-10-08T07:40:47.529+0000] {dagbag.py:545} INFO - Filling up the DagBag from /opt/airflow/dags/daily_summary_dag.py
[2026-10-08T07:40:47.551+0000] {processor.py:840} INFO - DAG(s) 'daily_summary_dag' retrieved from /opt/airflow/dags/daily_summary_dag.py
[2026-10-08T07:40:47.570+0000] {logging_mixin.py:188} INFO - [2026-10-08T07:40:47.570+0000] {dag.py:3089} INFO - Sync 1 DAGs
[2026-10-08T07:40:47.589+0000] {logging_mixin.py:188} INFO - [2026-10-08T07:40:47.589+0000] {dag.py:3947} INFO - Setting next_dagrun for daily_summary_dag to 2026-10-08 00:00:00+00:00, run_after=2026-10-09 00:00:00+00:00
[2026-10-08T07:40:47.616+0000] {processor.py:183} INFO - Processing /opt/airflow/dags/daily_summary_dag.py took 0.095 seconds
[2026-10-08T07:41:17.839+0000] {processor.py:161} INFO - Started process (PID=233) to work on /opt/airflow/dags/daily_summary_dag.py
[2026-10-08T07:41:17.841+0000] {processor.py:830} INFO - Processing file /opt/airflow/dags/daily_summary_dag.py for tasks to queue
[2026-10-08T07:41:17.843+0000] {logging_mixin.py:188} INFO - [2026-10-08T07:41:17.842+0000] {dagbag.py:545} INFO - Filling up the DagBag from /opt/airflow/dags/daily_summary_dag.py
[2026-10-08T07:41:17.865+0000] {processor.py:840} INFO - DAG(s) 'daily_summary_dag' retrieved from /opt/airflow/dags/daily_summary_dag.py
[2026-10-08T07:41:17.887+0000] {logging_mixin.py:188} INFO - [2026-10-08T07:41:17.887+0000] {dag.py:3089} INFO - Sync 1 DAGs
[2026-10-08T07:41:17.906+0000] {logging_mixin.py:188} INFO - [2026-10-08T07:41:17.906+0000] {dag.py:3947} INFO - Setting next_dagrun for daily_summary_dag to 2026-10-08 00:00:00+00:00, run_after=2026-10-09 00:00:00+00:00
[2026-10-08T07:41:17.930+0000] {processor.py:183} INFO - Processing /opt/airflow/dags/daily_summary_dag.py took 0.096 seconds
[2026-10-08T07:41:48.123+0000] {processor.py:161} INFO - Started process (PID=234) to work on /opt/airflow/dags/daily_summary_dag.py
[2026-10-08T07:41:48.126+0000] {processor.py:830} INFO - Processing file /opt/airflow/dags/daily_summary_dag.py for tasks to queue
[2026-10-08T07:41:48.128+0000] {logging_mixin.py:188} INFO - [2026-10-08T07:41:48.128+0000] {dagbag.py:545} INFO - Filling up the DagBag from /opt/airflow/dags/daily_summary_dag.py
[2026-10-08T07:41:48.152+0000] {processor.py:840} INFO - DAG(s) 'daily_summary_dag' retrieved from /opt/airflow/dags/daily_summary_dag.py
[2026-10-08T07:41:48.172+0000] {logging_mixin.py:188} INFO - [2026-10-08T07:41:48.172+0000] {dag.py:3089} INFO - Sync 1 DAGs
[2026-10-08T07:41:48.192+0000] {logging_mixin.py:188} INFO - [2026-10-08T07:41:48.191+0000] {dag.py:3947} INFO - Setting next_dagrun for daily_summary_dag to 2026-10-08 00:00:00+00:00, run_after=2026-10-09 00:00:00+00:00
[2026-10-08T07:41:48.220+0000] {processor.py:183} INFO - Processing /opt/airflow/dags/daily_summary_dag.py took 0.101 seconds
[2026-10-08T07:42:18.393+0000] {processor.py:161} INFO - Started process (PID=235) to work on /opt/airflow/dags/daily_summary_dag.py
[2026-10-08T07:42:18.394+0000] {processor.py:830} INFO - Processing file /opt/airflow/dags/daily_summary_dag.py for tasks to queue
[2026-10-08T07:42:18.397+0000] {logging_mixin.py:188} INFO - [2026-10-08T07:42:18.396+0000] {dagbag.py:545} INFO - Filling up the DagBag from /opt/airflow/dags/daily_summary_dag.py
[2026-10-08T07:42:18.419+0000] {processor.py:840} INFO - DAG(s) 'daily_summary_dag' retrieved from /opt/airflow/dags/daily_summary_dag.py
[2026-10-08T07:42:18.439+0000] {logging_mixin.py:188} INFO - [2026-10-08T07:42:18.439+0000] {dag.py:3089} INFO - Sync 1 DAGs
[2026-10-08T07:42:18.459+0000] {logging_mixin.py:188} INFO - [2026-10-08T07:42:18.459+0000] {dag.py:3947} INFO - Setting next_dagrun for daily_summary_dag to 2026-10-08 00:00:00+00:00, run_after=2026-10-09 00:00:00+00:00
[2026-10-08T07:42:18.485+0000] {processor.py:183} INFO - Processing /opt/airflow/dags/daily_summary_dag.py took 0.097 seconds
[2026-10-08T07:43:05.868+0000] {processor.py:161} INFO - Started process (PID=262) to work on /opt/airflow/dags/daily_summary_dag.py
[2026-10-08T07:43:05.869+0000] {processor.py:830} INFO - Processing file /opt/airflow/dags/daily_summary_dag.py for tasks to queue
[2026-10-08T07:43:05.871+0000] {logging_mixin.py:188} INFO - [2026-10-08T07:43:05.871+0000] {dagbag.py:545} INFO - Filling up the DagBag from /opt/airflow/dags/daily_summary_dag.py
[2026-10-08T07:43:05.891+0000] {processor.py:840} INFO - DAG(s) 'daily_summary_dag' retrieved from /opt/airflow/dags/daily_summary_dag.py
[2026-10-08T07:43:05.910+0000] {logging_mixin.py:188} INFO - [2026-10-08T07:43:05.910+0000] {dag.py:3089} INFO - Sync 1 DAGs
[2026-10-08T07:43:05.929+0000] {logging_mixin.py:188} INFO - [2026-10-08T07:43:05.928+0000] {dag.py:3947} INFO - Setting next_dagrun for daily_summary_dag to 2026-10-07 00:00:00+00:00, run_after=2026-10-08 00:00:00+00:00
[2026-10-08T07:43:05.953+0000] {processor.py:183} INFO - Processing /opt/airflow/dags/daily_summary_dag.py took 0.090 seconds
[2026-10-08T07:43:54.802+0000] {processor.py:161} INFO - Started process (PID=316) to work on /opt/airflow/dags/daily_summary_dag.py
[2026-10-08T07:43:54.804+0000] {processor.py:830} INFO - Processing file /opt/airflow/dags/daily_summary_dag.py for tasks to queue
[2026-10-08T07:43:54.807+0000] {logging_mixin.py:188} INFO - [2026-10-08T07:43:54.806+0000] {dagbag.py:545} INFO - Filling up the DagBag from /opt/airflow/dags/daily_summary_dag.py
[2026-10-08T07:43:54.830+0000] {processor.py:840} INFO - DAG(s) 'daily_summary_dag' retrieved from /opt/airflow/dags/daily_summary_dag.py
[2026-10-08T07:43:54.853+0000] {logging_mixin.py:188} INFO - [2026-10-08T07:43:54.853+0000] {dag.py:3089} INFO - Sync 1 DAGs
[2026-10-08T07:43:54.874+0000] {logging_mixin.py:188} INFO - [2026-10-08T07:43:54.874+0000] {dag.py:3947} INFO - Setting next_dagrun for daily_summary_dag to 2026-10-08 00:00:00+00:00, run_after=2026-10-09 00:00:00+00:00
[2026-10-08T07:43:54.900+0000] {processor.py:183} INFO - Processing /opt/airflow/dags/daily_summary_dag.py took 0.103 seconds
[2026-10-08T07:44:27.893+0000] {processor.py:161} INFO - Started process (PID=343) to work on /opt/airflow/dags/daily_summary_dag.py
[2026-10-08T07:44:27.894+0000] {processor.py:830} INFO - Processing file /opt/airflow/dags/daily_summary_dag.py for tasks to queue
[2026-10-08T07:44:27.899+0000] {logging_mixin.py:188} INFO - [2026-10-08T07:44:27.897+0000] {dagbag.py:545} INFO - Filling up the DagBag from /opt/airflow/dags/daily_summary_dag.py
[2026-10-08T07:44:27.925+0000] {processor.py:840} INFO - DAG(s) 'daily_summary_dag' retrieved from /opt/airflow/dags/daily_summary_dag.py
[2026-10-08T07:44:27.951+0000] {logging_mixin.py:188} INFO - [2026-10-08T07:44:27.951+0000] {dag.py:3089} INFO - Sync 1 DAGs
[2026-10-08T07:44:27.972+0000] {logging_mixin.py:188} INFO - [2026-10-08T07:44:27.972+0000] {dag.py:3947} INFO - Setting next_dagrun for daily_summary_dag to 2026-10-08 00:00:00+00:00, run_after=2026-10-09 00:00:00+00:00
[2026-10-08T07:44:27.994+0000] {processor.py:183} INFO - Processing /opt/airflow/dags/daily_summary_dag.py took 0.106 seconds
[2026-10-08T07:44:59.135+0000] {processor.py:161} INFO - Started process (PID=344) to work on /opt/airflow/dags/daily_summary_dag.py
[2026-10-08T07:44:59.138+0000] {processor.py:830} INFO - Processing file /opt/airflow/dags/daily_summary_dag.py for tasks to queue
[2026-10-08T07:44:59.145+0000] {logging_mixin.py:188} INFO - [2026-10-08T07:44:59.144+0000] {dagbag.py:545} INFO - Filling up the DagBag from /opt/airflow/dags/daily_summary_dag.py
[2026-10-08T07:44:59.180+0000] {processor.py:840} INFO - DAG(s) 'daily_summary_dag' retrieved from /opt/airflow/dags/daily_summary_dag.py
[2026-10-08T07:44:59.219+0000] {logging_mixin.py:188} INFO - [2026-10-08T07:44:59.218+0000] {dag.py:3089} INFO - Sync 1 DAGs
[2026-10-08T07:44:59.245+0000] {logging_mixin.py:188} INFO - [2026-10-08T07:44:59.244+0000] {dag.py:3947} INFO - Setting next_dagrun for daily_summary_dag to 2026-10-08 00:00:00+00:00, run_after=2026-10-09 00:00:00+00:00
[2026-10-08T07:44:59.273+0000] {processor.py:183} INFO - Processing /opt/airflow/dags/daily_summary_dag.py took 0.148 seconds
[2026-10-08T07:45:29.367+0000] {processor.py:161} INFO - Started process (PID=345) to work on /opt/airflow/dags/daily_summary_dag.py
[2026-10-08T07:45:29.368+0000] {processor.py:830} INFO - Processing file /opt/airflow/dags/daily_summary_dag.py for tasks to queue
[2026-10-08T07:45:29.370+0000] {logging_mixin.py:188} INFO - [2026-10-08T07:45:29.370+0000] {dagbag.py:545} INFO - Filling up the DagBag from /opt/airflow/dags/daily_summary_dag.py
[2026-10-08T07:45:29.390+0000] {processor.py:840} INFO - DAG(s) 'daily_summary_dag' retrieved from /opt/airflow/dags/daily_summary_dag.py
[2026-10-08T07:45:29.411+0000] {logging_mixin.py:188} INFO - [2026-10-08T07:45:29.410+0000] {dag.py:3089} INFO - Sync 1 DAGs
[2026-10-08T07:45:29.435+0000] {logging_mixin.py:188} INFO - [2026-10-08T07:45:29.435+0000] {dag.py:3947} INFO - Setting next_dagrun for daily_summary_dag to 2026-10-08 00:00:00+00:00, run_after=2026-10-09 00:00:00+00:00
[2026-10-08T07:45:29.460+0000] {processor.py:183} INFO - Processing /opt/airflow/dags/daily_summary_dag.py took 0.098 seconds
[2026-10-08T07:45:59.627+0000] {processor.py:161} INFO - Started process (PID=346) to work on /opt/airflow/dags/daily_summary_dag.py
[2026-10-08T07:45:59.630+0000] {processor.py:830} INFO - Processing file /opt/airflow/dags/daily_summary_dag.py for tasks to queue
[2026-10-08T07:45:59.633+0000] {logging_mixin.py:188} INFO - [2026-10-08T07:45:59.632+0000] {dagbag.py:545} INFO - Filling up the DagBag from /opt/airflow/dags/daily_summary_dag.py
[2026-10-08T07:45:59.668+0000] {processor.py:840} INFO - DAG(s) 'daily_summary_dag' retrieved from /opt/airflow/dags/daily_summary_dag.py
[2026-10-08T07:45:59.694+0000] {logging_mixin.py:188} INFO - [2026-10-08T07:45:59.694+0000] {dag.py:3089} INFO - Sync 1 DAGs
[2026-10-08T07:45:59.717+0000] {logging_mixin.py:188} INFO - [2026-10-08T07:45:59.716+0000] {dag.py:3947} INFO - Setting next_dagrun for daily_summary_dag to 2026-10-08 00:00:00+00:00, run_after=2026-10-09 00:00:00+00:00
[2026-10-08T07:45:59.744+0000] {processor.py:183} INFO - Processing /opt/airflow/dags/daily_summary_dag.py took 0.124 seconds
[2026-10-08T07:46:29.876+0000] {processor.py:161} INFO - Started process (PID=347) to work on /opt/airflow/dags/daily_summary_dag.py
[2026-10-08T07:46:29.877+0000] {processor.py:830} INFO - Processing file /opt/airflow/dags/daily_summary_dag.py for tasks to queue
[2026-10-08T07:46:29.879+0000] {logging_mixin.py:188} INFO - [2026-10-08T07:46:29.879+0000] {dagbag.py:545} INFO - Filling up the DagBag from /opt/airflow/dags/daily_summary_dag.py
[2026-10-08T07:46:29.899+0000] {processor.py:840} INFO - DAG(s) 'daily_summary_dag' retrieved from /opt/airflow/dags/daily_summary_dag.py
[2026-10-08T07:46:29.918+0000] {logging_mixin.py:188} INFO - [2026-10-08T07:46:29.917+0000] {dag.py:3089} INFO - Sync 1 DAGs
[2026-10-08T07:46:29.943+0000] {logging_mixin.py:188} INFO - [2026-10-08T07:46:29.943+0000] {dag.py:3947} INFO - Setting next_dagrun for daily_summary_dag to 2026-10-08 00:00:00+00:00, run_after=2026-10-09 00:00:00+00:00
[2026-10-08T07:46:29.967+0000] {processor.py:183} INFO - Processing /opt/airflow/dags/daily_summary_dag.py took 0.096 seconds
[2026-10-08T07:47:00.131+0000] {processor.py:161} INFO - Started process (PID=348) to work on /opt/airflow/dags/daily_summary_dag.py
[2026-10-08T07:47:00.133+0000] {processor.py:830} INFO - Processing file /opt/airflow/dags/daily_summary_dag.py for tasks to queue
[2026-10-08T07:47:00.135+0000] {logging_mixin.py:188} INFO - [2026-10-08T07:47:00.135+0000] {dagbag.py:545} INFO - Filling up the DagBag from /opt/airflow/dags/daily_summary_dag.py
[2026-10-08T07:47:00.154+0000] {processor.py:840} INFO - DAG(s) 'daily_summary_dag' retrieved from /opt/airflow/dags/daily_summary_dag.py
[2026-10-08T07:47:00.173+0000] {logging_mixin.py:188} INFO - [2026-10-08T07:47:00.173+0000] {dag.py:3089} INFO - Sync 1 DAGs
[2026-10-08T07:47:00.191+0000] {logging_mixin.py:188} INFO - [2026-10-08T07:47:00.190+0000] {dag.py:3947} INFO - Setting next_dagrun for daily_summary_dag to 2026-10-08 00:00:00+00:00, run_after=2026-10-09 00:00:00+00:00
[2026-10-08T07:47:00.218+0000] {processor.py:183} INFO - Processing /opt/airflow/dags/daily_summary_dag.py took 0.091 seconds
[2026-10-08T07:47:30.393+0000] {processor.py:161} INFO - Started process (PID=349) to work on /opt/airflow/dags/daily_summary_dag.py
[2026-10-08T07:47:30.394+0000] {processor.py:830} INFO - Processing file /opt/airflow/dags/daily_summary_dag.py for tasks to queue
[2026-10-08T07:47:30.396+0000] {logging_mixin.py:188} INFO - [2026-10-08T07:47:30.396+0000] {dagbag.py:545} INFO - Filling up the DagBag from /opt/airflow/dags/daily_summary_dag.py
[2026-10-08T07:47:30.415+0000] {processor.py:840} INFO - DAG(s) 'daily_summary_dag' retrieved from /opt/airflow/dags/daily_summary_dag.py
[2026-10-08T07:47:30.434+0000] {logging_mixin.py:188} INFO - [2026-10-08T07:47:30.433+0000] {dag.py:3089} INFO - Sync 1 DAGs
[2026-10-08T07:47:30.451+0000] {logging_mixin.py:188} INFO - [2026-10-08T07:47:30.451+0000] {dag.py:3947} INFO - Setting next_dagrun for daily_summary_dag to 2026-10-08 00:00:00+00:00, run_after=2026-10-09 00:00:00+00:00
[2026-10-08T07:47:30.473+0000] {processor.py:183} INFO - Processing /opt/airflow/dags/daily_summary_dag.py took 0.085 seconds
[2026-10-08T07:48:00.647+0000] {processor.py:161} INFO - Started process (PID=350) to work on /opt/airflow/dags/daily_summary_dag.py
[2026-10-08T07:48:00.648+0000] {processor.py:830} INFO - Processing file /opt/airflow/dags/daily_summary_dag.py for tasks to queue
[2026-10-08T07:48:00.650+0000] {logging_mixin.py:188} INFO - [2026-10-08T07:48:00.650+0000] {dagbag.py:545} INFO - Filling up the DagBag from /opt/airflow/dags/daily_summary_dag.py
[2026-10-08T07:48:00.670+0000] {processor.py:840} INFO - DAG(s) 'daily_summary_dag' retrieved from /opt/airflow/dags/daily_summary_dag.py
[2026-10-08T07:48:00.689+0000] {logging_mixin.py:188} INFO - [2026-10-08T07:48:00.689+0000] {dag.py:3089} INFO - Sync 1 DAGs
[2026-10-08T07:48:00.707+0000] {logging_mixin.py:188} INFO - [2026-10-08T07:48:00.706+0000] {dag.py:3947} INFO - Setting next_dagrun for daily_summary_dag to 2026-10-08 00:00:00+00:00, run_after=2026-10-09 00:00:00+00:00
[2026-10-08T07:48:00.732+0000] {processor.py:183} INFO - Processing /opt/airflow/dags/daily_summary_dag.py took 0.089 seconds
[2026-10-08T07:48:30.903+0000] {processor.py:161} INFO - Started process (PID=351) to work on /opt/airflow/dags/daily_summary_dag.py
[2026-10-08T07:48:30.904+0000] {processor.py:830} INFO - Processing file /opt/airflow/dags/daily_summary_dag.py for tasks to queue
[2026-10-08T07:48:30.906+0000] {logging_mixin.py:188} INFO - [2026-10-08T07:48:30.906+0000] {dagbag.py:545} INFO - Filling up the DagBag from /opt/airflow/dags/daily_summary_dag.py
[2026-10-08T07:48:30.925+0000] {processor.py:840} INFO - DAG(s) 'daily_summary_dag' retrieved from /opt/airflow/dags/daily_summary_dag.py
[2026-10-08T07:48:30.944+0000] {logging_mixin.py:188} INFO - [2026-10-08T07:48:30.944+0000] {dag.py:3089} INFO - Sync 1 DAGs
[2026-10-08T07:48:30.963+0000] {logging_mixin.py:188} INFO - [2026-10-08T07:48:30.963+0000] {dag.py:3947} INFO - Setting next_dagrun for daily_summary_dag to 2026-10-08 00:00:00+00:00, run_after=2026-10-09 00:00:00+00:00
[2026-10-08T07:48:30.986+0000] {processor.py:183} INFO - Processing /opt/airflow/dags/daily_summary_dag.py took 0.088 seconds
[2026-10-08T07:49:01.157+0000] {processor.py:161} INFO - Started process (PID=352) to work on /opt/airflow/dags/daily_summary_dag.py
[2026-10-08T07:49:01.158+0000] {processor.py:830} INFO - Processing file /opt/airflow/dags/daily_summary_dag.py for tasks to queue
[2026-10-08T07:49:01.160+0000] {logging_mixin.py:188} INFO - [2026-10-08T07:49:01.160+0000] {dagbag.py:545} INFO - Filling up the DagBag from /opt/airflow/dags/daily_summary_dag.py
[2026-10-08T07:49:01.180+0000] {processor.py:840} INFO - DAG(s) 'daily_summary_dag' retrieved from /opt/airflow/dags/daily_summary_dag.py
[2026-10-08T07:49:01.199+0000] {logging_mixin.py:188} INFO - [2026-10-08T07:49:01.198+0000] {dag.py:3089} INFO - Sync 1 DAGs
[2026-10-08T07:49:01.218+0000] {logging_mixin.py:188} INFO - [2026-10-08T07:49:01.217+0000] {dag.py:3947} INFO - Setting next_dagrun for daily_summary_dag to 2026-10-08 00:00:00+00:00, run_after=2026-10-09 00:00:00+00:00
[2026-10-08T07:49:01.241+0000] {processor.py:183} INFO - Processing /opt/airflow/dags/daily_summary_dag.py took 0.088 seconds
[2026-10-08T07:49:31.414+0000] {processor.py:161} INFO - Started process (PID=353) to work on /opt/airflow/dags/daily_summary_dag.py
[2026-10-08T07:49:31.415+0000] {processor.py:830} INFO - Processing file /opt/airflow/dags/daily_summary_dag.py for tasks to queue
[2026-10-08T07:49:31.418+0000] {logging_mixin.py:188} INFO - [2026-10-08T07:49:31.417+0000] {dagbag.py:545} INFO - Filling up the DagBag from /opt/airflow/dags/daily_summary_dag.py
[2026-10-08T07:49:31.437+0000] {processor.py:840} INFO - DAG(s) 'daily_summary_dag' retrieved from /opt/airflow/dags/daily_summary_dag.py
[2026-10-08T07:49:31.456+0000] {logging_mixin.py:188} INFO - [2026-10-08T07:49:31.456+0000] {dag.py:3089} INFO - Sync 1 DAGs
[2026-10-08T07:49:31.474+0000] {logging_mixin.py:188} INFO - [2026-10-08T07:49:31.474+0000] {dag.py:3947} INFO - Setting next_dagrun for daily_summary_dag to 2026-10-08 00:00:00+00:00, run_after=2026-10-09 00:00:00+00:00
[2026-10-08T07:49:31.498+0000] {processor.py:183} INFO - Processing /opt/airflow/dags/daily_summary_dag.py took 0.089 seconds
[2026-10-08T07:50:01.667+0000] {processor.py:161} INFO - Started process (PID=354) to work on /opt/airflow/dags/daily_summary_dag.py
[2026-10-08T07:50:01.668+0000] {processor.py:830} INFO - Processing file /opt/airflow/dags/daily_summary_dag.py for tasks to queue
[2026-10-08T07:50:01.670+0000] {logging_mixin.py:188} INFO - [2026-10-08T07:50:01.669+0000] {dagbag.py:545} INFO - Filling up the DagBag from /opt/airflow/dags/daily_summary_dag.py
[2026-10-08T07:50:01.689+0000] {processor.py:840} INFO - DAG(s) 'daily_summary_dag' retrieved from /opt/airflow/dags/daily_summary_dag.py
[2026-10-08T07:50:01.708+0000] {logging_mixin.py:188} INFO - [2026-10-08T07:50:01.708+0000] {dag.py:3089} INFO - Sync 1 DAGs
[2026-10-08T07:50:01.726+0000] {logging_mixin.py:188} INFO - [2026-10-08T07:50:01.725+0000] {dag.py:3947} INFO - Setting next_dagrun for daily_summary_dag to 2026-10-08 00:00:00+00:00, run_after=2026-10-09 00:00:00+00:00
[2026-10-08T07:50:01.749+0000] {processor.py:183} INFO - Processing /opt/airflow/dags/daily_summary_dag.py took 0.087 seconds
[2026-10-08T07:50:31.924+0000] {processor.py:161} INFO - Started process (PID=355) to work on /opt/airflow/dags/daily_summary_dag.py
[2026-10-08T07:50:31.926+0000] {processor.py:830} INFO - Processing file /opt/airflow/dags/daily_summary_dag.py for tasks to queue
[2026-10-08T07:50:31.927+0000] {logging_mixin.py:188} INFO - [2026-10-08T07:50:31.927+0000] {dagbag.py:545} INFO - Filling up the DagBag from /opt/airflow/dags/daily_summary_dag.py
[2026-10-08T07:50:31.948+0000] {processor.py:840} INFO - DAG(s) 'daily_summary_dag' retrieved from /opt/airflow/dags/daily_summary_dag.py
[2026-10-08T07:50:31.967+0000] {logging_mixin.py:188} INFO - [2026-10-08T07:50:31.967+0000] {dag.py:3089} INFO - Sync 1 DAGs
[2026-10-08T07:50:31.985+0000] {logging_mixin.py:188} INFO - [2026-10-08T07:50:31.984+0000] {dag.py:3947} INFO - Setting next_dagrun for daily_summary_dag to 2026-10-08 00:00:00+00:00, run_after=2026-10-09 00:00:00+00:00
[2026-10-08T07:50:32.007+0000] {processor.py:183} INFO - Processing /opt/airflow/dags/daily_summary_dag.py took 0.088 seconds
[2026-10-08T07:51:02.175+0000] {processor.py:161} INFO - Started process (PID=356) to work on /opt/airflow/dags/daily_summary_dag.py
[2026-10-08T07:51:02.176+0000] {processor.py:830} INFO - Processing file /opt/airflow/dags/daily_summary_dag.py for tasks to queue
[2026-10-08T07:51:02.178+0000] {logging_mixin.py:188} INFO - [2026-10-08T07:51:02.178+0000] {dagbag.py:545} INFO - Filling up the DagBag from /opt/airflow/dags/daily_summary_dag.py
[2026-10-08T07:51:02.199+0000] {processor.py:840} INFO - DAG(s) 'daily_summary_dag' retrieved from /opt/airflow/dags/daily_summary_dag.py
[2026-10-08T07:51:02.218+0000] {logging_mixin.py:188} INFO - [2026-10-08T07:51:02.218+0000] {dag.py:3089} INFO - Sync 1 DAGs
[2026-10-08T07:51:02.236+0000] {logging_mixin.py:188} INFO - [2026-10-08T07:51:02.236+0000] {dag.py:3947} INFO - Setting next_dagrun for daily_summary_dag to 2026-10-08 00:00:00+00:00, run_after=2026-10-09 00:00:00+00:00
[2026-10-08T07:51:02.260+0000] {processor.py:183} INFO - Processing /opt/airflow/dags/daily_summary_dag.py took 0.090 seconds
[2026-10-08T07:51:32.432+0000] {processor.py:161} INFO - Started process (PID=357) to work on /opt/airflow/dags/daily_summary_dag.py
[2026-10-08T07:51:32.434+0000] {processor.py:830} INFO - Processing file /opt/airflow/dags/daily_summary_dag.py for tasks to queue
[2026-10-08T07:51:32.435+0000] {logging_mixin.py:188} INFO - [2026-10-08T07:51:32.435+0000] {dagbag.py:545} INFO - Filling up the DagBag from /opt/airflow/dags/daily_summary_dag.py
[2026-10-08T07:51:32.455+0000] {processor.py:840} INFO - DAG(s) 'daily_summary_dag' retrieved from /opt/airflow/dags/daily_summary_dag.py
[2026-10-08T07:51:32.474+0000] {logging_mixin.py:188} INFO - [2026-10-08T07:51:32.473+0000] {dag.py:3089} INFO - Sync 1 DAGs
[2026-10-08T07:51:32.491+0000] {logging_mixin.py:188} INFO - [2026-10-08T07:51:32.491+0000] {dag.py:3947} INFO - Setting next_dagrun for daily_summary_dag to 2026-10-08 00:00:00+00:00, run_after=2026-10-09 00:00:00+00:00
[2026-10-08T07:51:32.516+0000] {processor.py:183} INFO - Processing /opt/airflow/dags/daily_summary_dag.py took 0.089 seconds
[2026-10-08T07:52:02.683+0000] {processor.py:161} INFO - Started process (PID=358) to work on /opt/airflow/dags/daily_summary_dag.py
[2026-10-08T07:52:02.684+0000] {processor.py:830} INFO - Processing file /opt/airflow/dags/daily_summary_dag.py for tasks to queue
[2026-10-08T07:52:02.686+0000] {logging_mixin.py:188} INFO - [2026-10-08T07:52:02.686+0000] {dagbag.py:545} INFO - Filling up the DagBag from /opt/airflow/dags/daily_summary_dag.py
[2026-10-08T07:52:02.707+0000] {processor.py:840} INFO - DAG(s) 'daily_summary_dag' retrieved from /opt/airflow/dags/daily_summary_dag.py
[2026-10-08T07:52:02.726+0000] {logging_mixin.py:188} INFO - [2026-10-08T07:52:02.726+0000] {dag.py:3089} INFO - Sync 1 DAGs
[2026-10-08T07:52:02.746+0000] {logging_mixin.py:188} INFO - [2026-10-08T07:52:02.745+0000] {dag.py:3947} INFO - Setting next_dagrun for daily_summary_dag to 2026-10-08 00:00:00+00:00, run_after=2026-10-09 00:00:00+00:00
[2026-10-08T07:52:02.769+0000] {processor.py:183} INFO - Processing /opt/airflow/dags/daily_summary_dag.py took 0.091 seconds
[2026-10-08T07:52:32.927+0000] {processor.py:161} INFO - Started process (PID=359) to work on /opt/airflow/dags/daily_summary_dag.py
[2026-10-08T07:52:32.928+0000] {processor.py:830} INFO - Processing file /opt/airflow/dags/daily_summary_dag.py for tasks to queue
[2026-10-08T07:52:32.930+0000] {logging_mixin.py:188} INFO - [2026-10-08T07:52:32.930+0000] {dagbag.py:545} INFO - Filling up the DagBag from /opt/airflow/dags/daily_summary_dag.py
[2026-10-08T07:52:32.951+0000] {processor.py:840} INFO - DAG(s) 'daily_summary_dag' retrieved from /opt/airflow/dags/daily_summary_dag.py
[2026-10-08T07:52:32.971+0000] {logging_mixin.py:188} INFO - [2026-10-08T07:52:32.971+0000] {dag.py:3089} INFO - Sync 1 DAGs
[2026-10-08T07:52:32.989+0000] {logging_mixin.py:188} INFO - [2026-10-08T07:52:32.989+0000] {dag.py:3947} INFO - Setting next_dagrun for daily_summary_dag to 2026-10-08 00:00:00+00:00, run_after=2026-10-09 00:00:00+00:00
[2026-10-08T07:52:33.014+0000] {processor.py:183} INFO - Processing /opt/airflow/dags/daily_summary_dag.py took 0.093 seconds
[2026-10-08T07:53:03.192+0000] {processor.py:161} INFO - Started process (PID=360) to work on /opt/airflow/dags/daily_summary_dag.py
[2026-10-08T07:53:03.194+0000] {processor.py:830} INFO - Processing file /opt/airflow/dags/daily_summary_dag.py for tasks to queue
[2026-10-08T07:53:03.196+0000] {logging_mixin.py:188} INFO - [2026-10-08T07:53:03.196+0000] {dagbag.py:545} INFO - Filling up the DagBag from /opt/airflow/dags/daily_summary_dag.py
[2026-10-08T07:53:03.217+0000] {processor.py:840} INFO - DAG(s) 'daily_summary_dag' retrieved from /opt/airflow/dags/daily_summary_dag.py
[2026-10-08T07:53:03.238+0000] {logging_mixin.py:188} INFO - [2026-10-08T07:53:03.237+0000] {dag.py:3089} INFO - Sync 1 DAGs
[2026-10-08T07:53:03.257+0000] {logging_mixin.py:188} INFO - [2026-10-08T07:53:03.257+0000] {dag.py:3947} INFO - Setting next_dagrun for daily_summary_dag to 2026-10-08 00:00:00+00:00, run_after=2026-10-09 00:00:00+00:00
[2026-10-08T07:53:03.281+0000] {processor.py:183} INFO - Processing /opt/airflow/dags/daily_summary_dag.py took 0.097 seconds
[2026-10-08T07:53:33.426+0000] {processor.py:161} INFO - Started process (PID=361) to work on /opt/airflow/dags/daily_summary_dag.py
[2026-10-08T07:53:33.428+0000] {processor.py:830} INFO - Processing file /opt/airflow/dags/daily_summary_dag.py for tasks to queue
[2026-10-08T07:53:33.430+0000] {logging_mixin.py:188} INFO - [2026-10-08T07:53:33.429+0000] {dagbag.py:545} INFO - Filling up the DagBag from /opt/airflow/dags/daily_summary_dag.py
[2026-10-08T07:53:33.457+0000] {processor.py:840} INFO - DAG(s) 'daily_summary_dag' retrieved from /opt/airflow/dags/daily_summary_dag.py
[2026-10-08T07:53:33.483+0000] {logging_mixin.py:188} INFO - [2026-10-08T07:53:33.482+0000] {dag.py:3089} INFO - Sync 1 DAGs
[2026-10-08T07:53:33.506+0000] {logging_mixin.py:188} INFO - [2026-10-08T07:53:33.506+0000] {dag.py:3947} INFO - Setting next_dagrun for daily_summary_dag to 2026-10-08 00:00:00+00:00, run_after=2026-10-09 00:00:00+00:00
[2026-10-08T07:53:33.538+0000] {processor.py:183} INFO - Processing /opt/airflow/dags/daily_summary_dag.py took 0.117 seconds
[2026-10-08T07:54:03.674+0000] {processor.py:161} INFO - Started process (PID=362) to work on /opt/airflow/dags/daily_summary_dag.py
[2026-10-08T07:54:03.675+0000] {processor.py:830} INFO - Processing file /opt/airflow/dags/daily_summary_dag.py for tasks to queue
[2026-10-08T07:54:03.677+0000] {logging_mixin.py:188} INFO - [2026-10-08T07:54:03.677+0000] {dagbag.py:545} INFO - Filling up the DagBag from /opt/airflow/dags/daily_summary_dag.py
[2026-10-08T07:54:03.700+0000] {processor.py:840} INFO - DAG(s) 'daily_summary_dag' retrieved from /opt/airflow/dags/daily_summary_dag.py
[2026-10-08T07:54:03.720+0000] {logging_mixin.py:188} INFO - [2026-10-08T07:54:03.720+0000] {dag.py:3089} INFO - Sync 1 DAGs
[2026-10-08T07:54:03.741+0000] {logging_mixin.py:188} INFO - [2026-10-08T07:54:03.741+0000] {dag.py:3947} INFO - Setting next_dagrun for daily_summary_dag to 2026-10-08 00:00:00+00:00, run_after=2026-10-09 00:00:00+00:00
[2026-10-08T07:54:03.765+0000] {processor.py:183} INFO - Processing /opt/airflow/dags/daily_summary_dag.py took 0.096 seconds
[2026-10-08T07:54:33.930+0000] {processor.py:161} INFO - Started process (PID=363) to work on /opt/airflow/dags/daily_summary_dag.py
[2026-10-08T07:54:33.932+0000] {processor.py:830} INFO - Processing file /opt/airflow/dags/daily_summary_dag.py for tasks to queue
[2026-10-08T07:54:33.935+0000] {logging_mixin.py:188} INFO - [2026-10-08T07:54:33.935+0000] {dagbag.py:545} INFO - Filling up the DagBag from /opt/airflow/dags/daily_summary_dag.py
[2026-10-08T07:54:33.977+0000] {processor.py:840} INFO - DAG(s) 'daily_summary_dag' retrieved from /opt/airflow/dags/daily_summary_dag.py
[2026-10-08T07:54:34.013+0000] {logging_mixin.py:188} INFO - [2026-10-08T07:54:34.013+0000] {dag.py:3089} INFO - Sync 1 DAGs
[2026-10-08T07:54:34.042+0000] {logging_mixin.py:188} INFO - [2026-10-08T07:54:34.042+0000] {dag.py:3947} INFO - Setting next_dagrun for daily_summary_dag to 2026-10-08 00:00:00+00:00, run_after=2026-10-09 00:00:00+00:00
[2026-10-08T07:54:34.070+0000] {processor.py:183} INFO - Processing /opt/airflow/dags/daily_summary_dag.py took 0.152 seconds
[2026-10-08T07:55:04.213+0000] {processor.py:161} INFO - Started process (PID=364) to work on /opt/airflow/dags/daily_summary_dag.py
[2026-10-08T07:55:04.214+0000] {processor.py:830} INFO - Processing file /opt/airflow/dags/daily_summary_dag.py for tasks to queue
[2026-10-08T07:55:04.216+0000] {logging_mixin.py:188} INFO - [2026-10-08T07:55:04.216+0000] {dagbag.py:545} INFO - Filling up the DagBag from /opt/airflow/dags/daily_summary_dag.py
[2026-10-08T07:55:04.237+0000] {processor.py:840} INFO - DAG(s) 'daily_summary_dag' retrieved from /opt/airflow/dags/daily_summary_dag.py
[2026-10-08T07:55:04.262+0000] {logging_mixin.py:188} INFO - [2026-10-08T07:55:04.262+0000] {dag.py:3089} INFO - Sync 1 DAGs
[2026-10-08T07:55:04.281+0000] {logging_mixin.py:188} INFO - [2026-10-08T07:55:04.281+0000] {dag.py:3947} INFO - Setting next_dagrun for daily_summary_dag to 2026-10-08 00:00:00+00:00, run_after=2026-10-09 00:00:00+00:00
[2026-10-08T07:55:04.310+0000] {processor.py:183} INFO - Processing /opt/airflow/dags/daily_summary_dag.py took 0.103 seconds
[2026-10-08T07:55:34.443+0000] {processor.py:161} INFO - Started process (PID=365) to work on /opt/airflow/dags/daily_summary_dag.py
[2026-10-08T07:55:34.445+0000] {processor.py:830} INFO - Processing file /opt/airflow/dags/daily_summary_dag.py for tasks to queue
[2026-10-08T07:55:34.447+0000] {logging_mixin.py:188} INFO - [2026-10-08T07:55:34.446+0000] {dagbag.py:545} INFO - Filling up the DagBag from /opt/airflow/dags/daily_summary_dag.py
[2026-10-08T07:55:34.473+0000] {processor.py:840} INFO - DAG(s) 'daily_summary_dag' retrieved from /opt/airflow/dags/daily_summary_dag.py
[2026-10-08T07:55:34.498+0000] {logging_mixin.py:188} INFO - [2026-10-08T07:55:34.498+0000] {dag.py:3089} INFO - Sync 1 DAGs
[2026-10-08T07:55:34.523+0000] {logging_mixin.py:188} INFO - [2026-10-08T07:55:34.523+0000] {dag.py:3947} INFO - Setting next_dagrun for daily_summary_dag to 2026-10-08 00:00:00+00:00, run_after=2026-10-09 00:00:00+00:00
[2026-10-08T07:55:34.547+0000] {processor.py:183} INFO - Processing /opt/airflow/dags/daily_summary_dag.py took 0.109 seconds
[2026-10-08T07:56:04.698+0000] {processor.py:161} INFO - Started process (PID=366) to work on /opt/airflow/dags/daily_summary_dag.py
[2026-10-08T07:56:04.699+0000] {processor.py:830} INFO - Processing file /opt/airflow/dags/daily_summary_dag.py for tasks to queue
[2026-10-08T07:56:04.702+0000] {logging_mixin.py:188} INFO - [2026-10-08T07:56:04.701+0000] {dagbag.py:545} INFO - Filling up the DagBag from /opt/airflow/dags/daily_summary_dag.py
[2026-10-08T07:56:04.721+0000] {processor.py:840} INFO - DAG(s) 'daily_summary_dag' retrieved from /opt/airflow/dags/daily_summary_dag.py
[2026-10-08T07:56:04.741+0000] {logging_mixin.py:188} INFO - [2026-10-08T07:56:04.740+0000] {dag.py:3089} INFO - Sync 1 DAGs
[2026-10-08T07:56:04.758+0000] {logging_mixin.py:188} INFO - [2026-10-08T07:56:04.758+0000] {dag.py:3947} INFO - Setting next_dagrun for daily_summary_dag to 2026-10-08 00:00:00+00:00, run_after=2026-10-09 00:00:00+00:00
[2026-10-08T07:56:04.783+0000] {processor.py:183} INFO - Processing /opt/airflow/dags/daily_summary_dag.py took 0.090 seconds
[2026-10-08T07:56:34.953+0000] {processor.py:161} INFO - Started process (PID=367) to work on /opt/airflow/dags/daily_summary_dag.py
[2026-10-08T07:56:34.954+0000] {processor.py:830} INFO - Processing file /opt/airflow/dags/daily_summary_dag.py for tasks to queue
[2026-10-08T07:56:34.956+0000] {logging_mixin.py:188} INFO - [2026-10-08T07:56:34.956+0000] {dagbag.py:545} INFO - Filling up the DagBag from /opt/airflow/dags/daily_summary_dag.py
[2026-10-08T07:56:34.975+0000] {processor.py:840} INFO - DAG(s) 'daily_summary_dag' retrieved from /opt/airflow/dags/daily_summary_dag.py
[2026-10-08T07:56:34.994+0000] {logging_mixin.py:188} INFO - [2026-10-08T07:56:34.994+0000] {dag.py:3089} INFO - Sync 1 DAGs
[2026-10-08T07:56:35.012+0000] {logging_mixin.py:188} INFO - [2026-10-08T07:56:35.012+0000] {dag.py:3947} INFO - Setting next_dagrun for daily_summary_dag to 2026-10-08 00:00:00+00:00, run_after=2026-10-09 00:00:00+00:00
[2026-10-08T07:56:35.040+0000] {processor.py:183} INFO - Processing /opt/airflow/dags/daily_summary_dag.py took 0.092 seconds
[2026-10-08T07:57:05.212+0000] {processor.py:161} INFO - Started process (PID=368) to work on /opt/airflow/dags/daily_summary_dag.py
[2026-10-08T07:57:05.213+0000] {processor.py:830} INFO - Processing file /opt/airflow/dags/daily_summary_dag.py for tasks to queue
[2026-10-08T07:57:05.215+0000] {logging_mixin.py:188} INFO - [2026-10-08T07:57:05.215+0000] {dagbag.py:545} INFO - Filling up the DagBag from /opt/airflow/dags/daily_summary_dag.py
[2026-10-08T07:57:05.234+0000] {processor.py:840} INFO - DAG(s) 'daily_summary_dag' retrieved from /opt/airflow/dags/daily_summary_dag.py
[2026-10-08T07:57:05.253+0000] {logging_mixin.py:188} INFO - [2026-10-08T07:57:05.253+0000] {dag.py:3089} INFO - Sync 1 DAGs
[2026-10-08T07:57:05.272+0000] {logging_mixin.py:188} INFO - [2026-10-08T07:57:05.272+0000] {dag.py:3947} INFO - Setting next_dagrun for daily_summary_dag to 2026-10-08 00:00:00+00:00, run_after=2026-10-09 00:00:00+00:00
[2026-10-08T07:57:05.296+0000] {processor.py:183} INFO - Processing /opt/airflow/dags/daily_summary_dag.py took 0.089 seconds
[2026-10-08T07:57:35.454+0000] {processor.py:161} INFO - Started process (PID=369) to work on /opt/airflow/dags/daily_summary_dag.py
[2026-10-08T07:57:35.455+0000] {processor.py:830} INFO - Processing file /opt/airflow/dags/daily_summary_dag.py for tasks to queue
[2026-10-08T07:57:35.458+0000] {logging_mixin.py:188} INFO - [2026-10-08T07:57:35.457+0000] {dagbag.py:545} INFO - Filling up the DagBag from /opt/airflow/dags/daily_summary_dag.py
[2026-10-08T07:57:35.478+0000] {processor.py:840} INFO - DAG(s) 'daily_summary_dag' retrieved from /opt/airflow/dags/daily_summary_dag.py
[2026-10-08T07:57:35.497+0000] {logging_mixin.py:188} INFO - [2026-10-08T07:57:35.496+0000] {dag.py:3089} INFO - Sync 1 DAGs
[2026-10-08T07:57:35.515+0000] {logging_mixin.py:188} INFO - [2026-10-08T07:57:35.515+0000] {dag.py:3947} INFO - Setting next_dagrun for daily_summary_dag to 2026-10-08 00:00:00+00:00, run_after=2026-10-09 00:00:00+00:00
[2026-10-08T07:57:35.538+0000] {processor.py:183} INFO - Processing /opt/airflow/dags/daily_summary_dag.py took 0.088 seconds
[2026-10-08T07:58:05.681+0000] {processor.py:161} INFO - Started process (PID=370) to work on /opt/airflow/dags/daily_summary_dag.py
[2026-10-08T07:58:05.682+0000] {processor.py:830} INFO - Processing file /opt/airflow/dags/daily_summary_dag.py for tasks to queue
[2026-10-08T07:58:05.684+0000] {logging_mixin.py:188} INFO - [2026-10-08T07:58:05.684+0000] {dagbag.py:545} INFO - Filling up the DagBag from /opt/airflow/dags/daily_summary_dag.py
[2026-10-08T07:58:05.704+0000] {processor.py:840} INFO - DAG(s) 'daily_summary_dag' retrieved from /opt/airflow/dags/daily_summary_dag.py
[2026-10-08T07:58:05.724+0000] {logging_mixin.py:188} INFO - [2026-10-08T07:58:05.724+0000] {dag.py:3089} INFO - Sync 1 DAGs
[2026-10-08T07:58:05.742+0000] {logging_mixin.py:188} INFO - [2026-10-08T07:58:05.742+0000] {dag.py:3947} INFO - Setting next_dagrun for daily_summary_dag to 2026-10-08 00:00:00+00:00, run_after=2026-10-09 00:00:00+00:00
[2026-10-08T07:58:05.763+0000] {processor.py:183} INFO - Processing /opt/airflow/dags/daily_summary_dag.py took 0.086 seconds
[2026-10-08T07:58:35.948+0000] {processor.py:161} INFO - Started process (PID=371) to work on /opt/airflow/dags/daily_summary_dag.py
[2026-10-08T07:58:35.950+0000] {processor.py:830} INFO - Processing file /opt/airflow/dags/daily_summary_dag.py for tasks to queue
[2026-10-08T07:58:35.953+0000] {logging_mixin.py:188} INFO - [2026-10-08T07:58:35.952+0000] {dagbag.py:545} INFO - Filling up the DagBag from /opt/airflow/dags/daily_summary_dag.py
[2026-10-08T07:58:35.974+0000] {processor.py:840} INFO - DAG(s) 'daily_summary_dag' retrieved from /opt/airflow/dags/daily_summary_dag.py
[2026-10-08T07:58:35.998+0000] {logging_mixin.py:188} INFO - [2026-10-08T07:58:35.998+0000] {dag.py:3089} INFO - Sync 1 DAGs
[2026-10-08T07:58:36.021+0000] {logging_mixin.py:188} INFO - [2026-10-08T07:58:36.020+0000] {dag.py:3947} INFO - Setting next_dagrun for daily_summary_dag to 2026-10-08 00:00:00+00:00, run_after=2026-10-09 00:00:00+00:00
[2026-10-08T07:58:36.049+0000] {processor.py:183} INFO - Processing /opt/airflow/dags/daily_summary_dag.py took 0.107 seconds
[2026-10-08T07:59:07.039+0000] {processor.py:161} INFO - Started process (PID=372) to work on /opt/airflow/dags/daily_summary_dag.py
[2026-10-08T07:59:07.040+0000] {processor.py:830} INFO - Processing file /opt/airflow/dags/daily_summary_dag.py for tasks to queue
[2026-10-08T07:59:07.042+0000] {logging_mixin.py:188} INFO - [2026-10-08T07:59:07.042+0000] {dagbag.py:545} INFO - Filling up the DagBag from /opt/airflow/dags/daily_summary_dag.py
[2026-10-08T07:59:07.064+0000] {processor.py:840} INFO - DAG(s) 'daily_summary_dag' retrieved from /opt/airflow/dags/daily_summary_dag.py
[2026-10-08T07:59:07.089+0000] {logging_mixin.py:188} INFO - [2026-10-08T07:59:07.088+0000] {dag.py:3089} INFO - Sync 1 DAGs
[2026-10-08T07:59:07.112+0000] {logging_mixin.py:188} INFO - [2026-10-08T07:59:07.112+0000] {dag.py:3947} INFO - Setting next_dagrun for daily_summary_dag to 2026-10-07 00:00:00+00:00, run_after=2026-10-08 00:00:00+00:00
[2026-10-08T07:59:07.135+0000] {processor.py:183} INFO - Processing /opt/airflow/dags/daily_summary_dag.py took 0.101 seconds
[2026-10-08T08:00:07.009+0000] {processor.py:161} INFO - Started process (PID=428) to work on /opt/airflow/dags/daily_summary_dag.py
[2026-10-08T08:00:07.014+0000] {processor.py:830} INFO - Processing file /opt/airflow/dags/daily_summary_dag.py for tasks to queue
[2026-10-08T08:00:07.028+0000] {logging_mixin.py:188} INFO - [2026-10-08T08:00:07.026+0000] {dagbag.py:545} INFO - Filling up the DagBag from /opt/airflow/dags/daily_summary_dag.py
[2026-10-08T08:00:07.104+0000] {processor.py:840} INFO - DAG(s) 'daily_summary_dag' retrieved from /opt/airflow/dags/daily_summary_dag.py
[2026-10-08T08:00:07.183+0000] {logging_mixin.py:188} INFO - [2026-10-08T08:00:07.183+0000] {dag.py:3089} INFO - Sync 1 DAGs
[2026-10-08T08:00:07.237+0000] {logging_mixin.py:188} INFO - [2026-10-08T08:00:07.236+0000] {dag.py:3947} INFO - Setting next_dagrun for daily_summary_dag to 2026-10-08 00:00:00+00:00, run_after=2026-10-09 00:00:00+00:00
[2026-10-08T08:00:07.285+0000] {processor.py:183} INFO - Processing /opt/airflow/dags/daily_summary_dag.py took 0.306 seconds
[2026-10-08T08:01:02.177+0000] {processor.py:161} INFO - Started process (PID=483) to work on /opt/airflow/dags/daily_summary_dag.py
[2026-10-08T08:01:02.180+0000] {processor.py:830} INFO - Processing file /opt/airflow/dags/daily_summary_dag.py for tasks to queue
[2026-10-08T08:01:02.184+0000] {logging_mixin.py:188} INFO - [2026-10-08T08:01:02.183+0000] {dagbag.py:545} INFO - Filling up the DagBag from /opt/airflow/dags/daily_summary_dag.py
[2026-10-08T08:01:02.216+0000] {processor.py:840} INFO - DAG(s) 'daily_summary_dag' retrieved from /opt/airflow/dags/daily_summary_dag.py
[2026-10-08T08:01:02.253+0000] {logging_mixin.py:188} INFO - [2026-10-08T08:01:02.252+0000] {dag.py:3089} INFO - Sync 1 DAGs
[2026-10-08T08:01:02.280+0000] {logging_mixin.py:188} INFO - [2026-10-08T08:01:02.279+0000] {dag.py:3947} INFO - Setting next_dagrun for daily_summary_dag to 2026-10-08 00:00:00+00:00, run_after=2026-10-09 00:00:00+00:00
[2026-10-08T08:01:02.311+0000] {processor.py:183} INFO - Processing /opt/airflow/dags/daily_summary_dag.py took 0.145 seconds
[2026-10-08T08:01:33.424+0000] {processor.py:161} INFO - Started process (PID=484) to work on /opt/airflow/dags/daily_summary_dag.py
[2026-10-08T08:01:33.427+0000] {processor.py:830} INFO - Processing file /opt/airflow/dags/daily_summary_dag.py for tasks to queue
[2026-10-08T08:01:33.432+0000] {logging_mixin.py:188} INFO - [2026-10-08T08:01:33.432+0000] {dagbag.py:545} INFO - Filling up the DagBag from /opt/airflow/dags/daily_summary_dag.py
[2026-10-08T08:01:33.458+0000] {processor.py:840} INFO - DAG(s) 'daily_summary_dag' retrieved from /opt/airflow/dags/daily_summary_dag.py
[2026-10-08T08:01:33.482+0000] {logging_mixin.py:188} INFO - [2026-10-08T08:01:33.481+0000] {dag.py:3089} INFO - Sync 1 DAGs
[2026-10-08T08:01:33.504+0000] {logging_mixin.py:188} INFO - [2026-10-08T08:01:33.504+0000] {dag.py:3947} INFO - Setting next_dagrun for daily_summary_dag to 2026-10-08 00:00:00+00:00, run_after=2026-10-09 00:00:00+00:00
[2026-10-08T08:01:33.534+0000] {processor.py:183} INFO - Processing /opt/airflow/dags/daily_summary_dag.py took 0.124 seconds
[2026-10-08T08:02:03.657+0000] {processor.py:161} INFO - Started process (PID=485) to work on /opt/airflow/dags/daily_summary_dag.py
[2026-10-08T08:02:03.659+0000] {processor.py:830} INFO - Processing file /opt/airflow/dags/daily_summary_dag.py for tasks to queue
[2026-10-08T08:02:03.661+0000] {logging_mixin.py:188} INFO - [2026-10-08T08:02:03.661+0000] {dagbag.py:545} INFO - Filling up the DagBag from /opt/airflow/dags/daily_summary_dag.py
[2026-10-08T08:02:03.682+0000] {processor.py:840} INFO - DAG(s) 'daily_summary_dag' retrieved from /opt/airflow/dags/daily_summary_dag.py
[2026-10-08T08:02:03.706+0000] {logging_mixin.py:188} INFO - [2026-10-08T08:02:03.705+0000] {dag.py:3089} INFO - Sync 1 DAGs
[2026-10-08T08:02:03.729+0000] {logging_mixin.py:188} INFO - [2026-10-08T08:02:03.729+0000] {dag.py:3947} INFO - Setting next_dagrun for daily_summary_dag to 2026-10-08 00:00:00+00:00, run_after=2026-10-09 00:00:00+00:00
[2026-10-08T08:02:03.755+0000] {processor.py:183} INFO - Processing /opt/airflow/dags/daily_summary_dag.py took 0.102 seconds
[2026-10-08T08:02:33.928+0000] {processor.py:161} INFO - Started process (PID=486) to work on /opt/airflow/dags/daily_summary_dag.py
[2026-10-08T08:02:33.930+0000] {processor.py:830} INFO - Processing file /opt/airflow/dags/daily_summary_dag.py for tasks to queue
[2026-10-08T08:02:33.934+0000] {logging_mixin.py:188} INFO - [2026-10-08T08:02:33.933+0000] {dagbag.py:545} INFO - Filling up the DagBag from /opt/airflow/dags/daily_summary_dag.py
[2026-10-08T08:02:33.962+0000] {processor.py:840} INFO - DAG(s) 'daily_summary_dag' retrieved from /opt/airflow/dags/daily_summary_dag.py
[2026-10-08T08:02:33.994+0000] {logging_mixin.py:188} INFO - [2026-10-08T08:02:33.993+0000] {dag.py:3089} INFO - Sync 1 DAGs
[2026-10-08T08:02:34.020+0000] {logging_mixin.py:188} INFO - [2026-10-08T08:02:34.020+0000] {dag.py:3947} INFO - Setting next_dagrun for daily_summary_dag to 2026-10-08 00:00:00+00:00, run_after=2026-10-09 00:00:00+00:00
[2026-10-08T08:02:34.053+0000] {processor.py:183} INFO - Processing /opt/airflow/dags/daily_summary_dag.py took 0.134 seconds
[2026-10-08T08:03:04.167+0000] {processor.py:161} INFO - Started process (PID=487) to work on /opt/airflow/dags/daily_summary_dag.py
[2026-10-08T08:03:04.169+0000] {processor.py:830} INFO - Processing file /opt/airflow/dags/daily_summary_dag.py for tasks to queue
[2026-10-08T08:03:04.171+0000] {logging_mixin.py:188} INFO - [2026-10-08T08:03:04.170+0000] {dagbag.py:545} INFO - Filling up the DagBag from /opt/airflow/dags/daily_summary_dag.py
[2026-10-08T08:03:04.191+0000] {processor.py:840} INFO - DAG(s) 'daily_summary_dag' retrieved from /opt/airflow/dags/daily_summary_dag.py
[2026-10-08T08:03:04.211+0000] {logging_mixin.py:188} INFO - [2026-10-08T08:03:04.210+0000] {dag.py:3089} INFO - Sync 1 DAGs
[2026-10-08T08:03:04.230+0000] {logging_mixin.py:188} INFO - [2026-10-08T08:03:04.229+0000] {dag.py:3947} INFO - Setting next_dagrun for daily_summary_dag to 2026-10-08 00:00:00+00:00, run_after=2026-10-09 00:00:00+00:00
[2026-10-08T08:03:04.255+0000] {processor.py:183} INFO - Processing /opt/airflow/dags/daily_summary_dag.py took 0.094 seconds
[2026-10-08T08:03:34.422+0000] {processor.py:161} INFO - Started process (PID=488) to work on /opt/airflow/dags/daily_summary_dag.py
[2026-10-08T08:03:34.424+0000] {processor.py:830} INFO - Processing file /opt/airflow/dags/daily_summary_dag.py for tasks to queue
[2026-10-08T08:03:34.426+0000] {logging_mixin.py:188} INFO - [2026-10-08T08:03:34.426+0000] {dagbag.py:545} INFO - Filling up the DagBag from /opt/airflow/dags/daily_summary_dag.py
[2026-10-08T08:03:34.445+0000] {processor.py:840} INFO - DAG(s) 'daily_summary_dag' retrieved from /opt/airflow/dags/daily_summary_dag.py
[2026-10-08T08:03:34.466+0000] {logging_mixin.py:188} INFO - [2026-10-08T08:03:34.466+0000] {dag.py:3089} INFO - Sync 1 DAGs
[2026-10-08T08:03:34.485+0000] {logging_mixin.py:188} INFO - [2026-10-08T08:03:34.484+0000] {dag.py:3947} INFO - Setting next_dagrun for daily_summary_dag to 2026-10-08 00:00:00+00:00, run_after=2026-10-09 00:00:00+00:00
[2026-10-08T08:03:34.511+0000] {processor.py:183} INFO - Processing /opt/airflow/dags/daily_summary_dag.py took 0.093 seconds
[2026-10-08T08:04:04.649+0000] {processor.py:161} INFO - Started process (PID=489) to work on /opt/airflow/dags/daily_summary_dag.py
[2026-10-08T08:04:04.651+0000] {processor.py:830} INFO - Processing file /opt/airflow/dags/daily_summary_dag.py for tasks to queue
[2026-10-08T08:04:04.652+0000] {logging_mixin.py:188} INFO - [2026-10-08T08:04:04.652+0000] {dagbag.py:545} INFO - Filling up the DagBag from /opt/airflow/dags/daily_summary_dag.py
[2026-10-08T08:04:04.672+0000] {processor.py:840} INFO - DAG(s) 'daily_summary_dag' retrieved from /opt/airflow/dags/daily_summary_dag.py
[2026-10-08T08:04:04.692+0000] {logging_mixin.py:188} INFO - [2026-10-08T08:04:04.692+0000] {dag.py:3089} INFO - Sync 1 DAGs
[2026-10-08T08:04:04.711+0000] {logging_mixin.py:188} INFO - [2026-10-08T08:04:04.711+0000] {dag.py:3947} INFO - Setting next_dagrun for daily_summary_dag to 2026-10-08 00:00:00+00:00, run_after=2026-10-09 00:00:00+00:00
[2026-10-08T08:04:04.737+0000] {processor.py:183} INFO - Processing /opt/airflow/dags/daily_summary_dag.py took 0.093 seconds
[2026-10-08T08:04:34.896+0000] {processor.py:161} INFO - Started process (PID=490) to work on /opt/airflow/dags/daily_summary_dag.py
[2026-10-08T08:04:34.897+0000] {processor.py:830} INFO - Processing file /opt/airflow/dags/daily_summary_dag.py for tasks to queue
[2026-10-08T08:04:34.899+0000] {logging_mixin.py:188} INFO - [2026-10-08T08:04:34.899+0000] {dagbag.py:545} INFO - Filling up the DagBag from /opt/airflow/dags/daily_summary_dag.py
[2026-10-08T08:04:34.920+0000] {processor.py:840} INFO - DAG(s) 'daily_summary_dag' retrieved from /opt/airflow/dags/daily_summary_dag.py
[2026-10-08T08:04:34.942+0000] {logging_mixin.py:188} INFO - [2026-10-08T08:04:34.942+0000] {dag.py:3089} INFO - Sync 1 DAGs
[2026-10-08T08:04:34.963+0000] {logging_mixin.py:188} INFO - [2026-10-08T08:04:34.963+0000] {dag.py:3947} INFO - Setting next_dagrun for daily_summary_dag to 2026-10-08 00:00:00+00:00, run_after=2026-10-09 00:00:00+00:00
[2026-10-08T08:04:34.994+0000] {processor.py:183} INFO - Processing /opt/airflow/dags/daily_summary_dag.py took 0.103 seconds
[2026-10-08T08:05:05.137+0000] {processor.py:161} INFO - Started process (PID=491) to work on /opt/airflow/dags/daily_summary_dag.py
[2026-10-08T08:05:05.138+0000] {processor.py:830} INFO - Processing file /opt/airflow/dags/daily_summary_dag.py for tasks to queue
[2026-10-08T08:05:05.141+0000] {logging_mixin.py:188} INFO - [2026-10-08T08:05:05.140+0000] {dagbag.py:545} INFO - Filling up the DagBag from /opt/airflow/dags/daily_summary_dag.py
[2026-10-08T08:05:05.161+0000] {processor.py:840} INFO - DAG(s) 'daily_summary_dag' retrieved from /opt/airflow/dags/daily_summary_dag.py
[2026-10-08T08:05:05.181+0000] {logging_mixin.py:188} INFO - [2026-10-08T08:05:05.181+0000] {dag.py:3089} INFO - Sync 1 DAGs
[2026-10-08T08:05:05.203+0000] {logging_mixin.py:188} INFO - [2026-10-08T08:05:05.203+0000] {dag.py:3947} INFO - Setting next_dagrun for daily_summary_dag to 2026-10-08 00:00:00+00:00, run_after=2026-10-09 00:00:00+00:00
[2026-10-08T08:05:05.232+0000] {processor.py:183} INFO - Processing /opt/airflow/dags/daily_summary_dag.py took 0.101 seconds
[2026-10-08T08:05:35.392+0000] {processor.py:161} INFO - Started process (PID=492) to work on /opt/airflow/dags/daily_summary_dag.py
[2026-10-08T08:05:35.394+0000] {processor.py:830} INFO - Processing file /opt/airflow/dags/daily_summary_dag.py for tasks to queue
[2026-10-08T08:05:35.395+0000] {logging_mixin.py:188} INFO - [2026-10-08T08:05:35.395+0000] {dagbag.py:545} INFO - Filling up the DagBag from /opt/airflow/dags/daily_summary_dag.py
[2026-10-08T08:05:35.419+0000] {processor.py:840} INFO - DAG(s) 'daily_summary_dag' retrieved from /opt/airflow/dags/daily_summary_dag.py
[2026-10-08T08:05:35.440+0000] {logging_mixin.py:188} INFO - [2026-10-08T08:05:35.440+0000] {dag.py:3089} INFO - Sync 1 DAGs
[2026-10-08T08:05:35.463+0000] {logging_mixin.py:188} INFO - [2026-10-08T08:05:35.463+0000] {dag.py:3947} INFO - Setting next_dagrun for daily_summary_dag to 2026-10-08 00:00:00+00:00, run_after=2026-10-09 00:00:00+00:00
[2026-10-08T08:05:35.494+0000] {processor.py:183} INFO - Processing /opt/airflow/dags/daily_summary_dag.py took 0.107 seconds
[2026-10-08T08:06:05.654+0000] {processor.py:161} INFO - Started process (PID=493) to work on /opt/airflow/dags/daily_summary_dag.py
[2026-10-08T08:06:05.656+0000] {processor.py:830} INFO - Processing file /opt/airflow/dags/daily_summary_dag.py for tasks to queue
[2026-10-08T08:06:05.657+0000] {logging_mixin.py:188} INFO - [2026-10-08T08:06:05.657+0000] {dagbag.py:545} INFO - Filling up the DagBag from /opt/airflow/dags/daily_summary_dag.py
[2026-10-08T08:06:05.684+0000] {processor.py:840} INFO - DAG(s) 'daily_summary_dag' retrieved from /opt/airflow/dags/daily_summary_dag.py
[2026-10-08T08:06:05.709+0000] {logging_mixin.py:188} INFO - [2026-10-08T08:06:05.709+0000] {dag.py:3089} INFO - Sync 1 DAGs
[2026-10-08T08:06:05.734+0000] {logging_mixin.py:188} INFO - [2026-10-08T08:06:05.734+0000] {dag.py:3947} INFO - Setting next_dagrun for daily_summary_dag to 2026-10-08 00:00:00+00:00, run_after=2026-10-09 00:00:00+00:00
[2026-10-08T08:06:05.766+0000] {processor.py:183} INFO - Processing /opt/airflow/dags/daily_summary_dag.py took 0.119 seconds
[2026-10-08T08:06:35.891+0000] {processor.py:161} INFO - Started process (PID=494) to work on /opt/airflow/dags/daily_summary_dag.py
[2026-10-08T08:06:35.892+0000] {processor.py:830} INFO - Processing file /opt/airflow/dags/daily_summary_dag.py for tasks to queue
[2026-10-08T08:06:35.894+0000] {logging_mixin.py:188} INFO - [2026-10-08T08:06:35.894+0000] {dagbag.py:545} INFO - Filling up the DagBag from /opt/airflow/dags/daily_summary_dag.py
[2026-10-08T08:06:35.914+0000] {processor.py:840} INFO - DAG(s) 'daily_summary_dag' retrieved from /opt/airflow/dags/daily_summary_dag.py
[2026-10-08T08:06:35.936+0000] {logging_mixin.py:188} INFO - [2026-10-08T08:06:35.936+0000] {dag.py:3089} INFO - Sync 1 DAGs
[2026-10-08T08:06:35.954+0000] {logging_mixin.py:188} INFO - [2026-10-08T08:06:35.954+0000] {dag.py:3947} INFO - Setting next_dagrun for daily_summary_dag to 2026-10-08 00:00:00+00:00, run_after=2026-10-09 00:00:00+00:00
[2026-10-08T08:06:35.977+0000] {processor.py:183} INFO - Processing /opt/airflow/dags/daily_summary_dag.py took 0.091 seconds
