[2026-10-05T17:10:59.255+0000] {local_task_job_runner.py:120} INFO - ::group::Pre task execution logs
[2026-10-05T17:10:59.559+0000] {taskinstance.py:2076} INFO - Dependencies all met for dep_context=non-requeueable deps ti=<TaskInstance: daily_summary_dag.run_daily_summary_job manual__2026-10-05T17:10:56.263799+00:00 [queued]>
[2026-10-05T17:10:59.589+0000] {taskinstance.py:2076} INFO - Dependencies all met for dep_context=requeueable deps ti=<TaskInstance: daily_summary_dag.run_daily_summary_job manual__2026-10-05T17:10:56.263799+00:00 [queued]>
[2026-10-05T17:10:59.591+0000] {taskinstance.py:2306} INFO - Starting attempt 1 of 1
[2026-10-05T17:10:59.647+0000] {taskinstance.py:2330} INFO - Executing <Task(BashOperator): run_daily_summary_job> on 2026-10-05 17:10:56.263799+00:00
[2026-10-05T17:10:59.751+0000] {standard_task_runner.py:90} INFO - Running: ['***', 'tasks', 'run', 'daily_summary_dag', 'run_daily_summary_job', 'manual__2026-10-05T17:10:56.263799+00:00', '--job-id', '4', '--raw', '--subdir', 'DAGS_FOLDER/daily_summary_dag.py', '--cfg-path', '/tmp/tmpwa1p__91']
[2026-10-05T17:10:59.790+0000] {logging_mixin.py:188} WARNING - /home/***/.local/lib/python3.12/site-packages/***/task/task_runner/standard_task_runner.py:62 DeprecationWarning: This process (pid=794) is multi-threaded, use of fork() may lead to deadlocks in the child.
[2026-10-05T17:10:59.794+0000] {standard_task_runner.py:64} INFO - Started process 795 to run task
[2026-10-05T17:10:59.794+0000] {standard_task_runner.py:91} INFO - Job 4: Subtask run_daily_summary_job
[2026-10-05T17:11:00.052+0000] {task_command.py:426} INFO - Running <TaskInstance: daily_summary_dag.run_daily_summary_job manual__2026-10-05T17:10:56.263799+00:00 [running]> on host 7aa1a14f0756
[2026-10-05T17:11:00.487+0000] {taskinstance.py:2648} INFO - Exporting env vars: AIRFLOW_CTX_DAG_OWNER='akhil' AIRFLOW_CTX_DAG_ID='daily_summary_dag' AIRFLOW_CTX_TASK_ID='run_daily_summary_job' AIRFLOW_CTX_EXECUTION_DATE='2026-10-05T17:10:56.263799+00:00' AIRFLOW_CTX_TRY_NUMBER='1' AIRFLOW_CTX_DAG_RUN_ID='manual__2026-10-05T17:10:56.263799+00:00'
[2026-10-05T17:11:00.491+0000] {taskinstance.py:430} INFO - ::endgroup::
[2026-10-05T17:11:00.724+0000] {subprocess.py:63} INFO - Tmp dir root location: /tmp
[2026-10-05T17:11:00.730+0000] {subprocess.py:75} INFO - Running command: ['/usr/bin/bash', '-c', 'docker exec -e PYTHONPATH=/opt/app payments-spark /opt/spark/bin/spark-submit --packages io.delta:delta-spark_2.12:3.2.0 --conf spark.sql.extensions=io.delta.sql.DeltaSparkSessionExtension --conf spark.sql.catalog.spark_catalog=org.apache.spark.sql.delta.catalog.DeltaCatalog /opt/app/src/streaming/gold_daily_summary.py']
[2026-10-05T17:11:00.766+0000] {subprocess.py:86} INFO - Output:
[2026-10-05T17:11:06.503+0000] {subprocess.py:93} INFO - :: loading settings :: url = jar:file:/opt/spark/jars/ivy-2.5.1.jar!/org/apache/ivy/core/settings/ivysettings.xml
[2026-10-05T17:11:06.646+0000] {subprocess.py:93} INFO - Ivy Default Cache set to: /root/.ivy2/cache
[2026-10-05T17:11:06.647+0000] {subprocess.py:93} INFO - The jars for the packages stored in: /root/.ivy2/jars
[2026-10-05T17:11:06.654+0000] {subprocess.py:93} INFO - io.delta#delta-spark_2.12 added as a dependency
[2026-10-05T17:11:06.656+0000] {subprocess.py:93} INFO - :: resolving dependencies :: org.apache.spark#spark-submit-parent-b7d04fba-7f6c-4829-afbb-9ead7337ebbf;1.0
[2026-10-05T17:11:06.657+0000] {subprocess.py:93} INFO - 	confs: [default]
[2026-10-05T17:11:06.857+0000] {subprocess.py:93} INFO - 	found io.delta#delta-spark_2.12;3.2.0 in central
[2026-10-05T17:11:06.895+0000] {subprocess.py:93} INFO - 	found io.delta#delta-storage;3.2.0 in central
[2026-10-05T17:11:06.931+0000] {subprocess.py:93} INFO - 	found org.antlr#antlr4-runtime;4.9.3 in central
[2026-10-05T17:11:06.959+0000] {subprocess.py:93} INFO - :: resolution report :: resolve 292ms :: artifacts dl 10ms
[2026-10-05T17:11:06.960+0000] {subprocess.py:93} INFO - 	:: modules in use:
[2026-10-05T17:11:06.960+0000] {subprocess.py:93} INFO - 	io.delta#delta-spark_2.12;3.2.0 from central in [default]
[2026-10-05T17:11:06.961+0000] {subprocess.py:93} INFO - 	io.delta#delta-storage;3.2.0 from central in [default]
[2026-10-05T17:11:06.962+0000] {subprocess.py:93} INFO - 	org.antlr#antlr4-runtime;4.9.3 from central in [default]
[2026-10-05T17:11:06.962+0000] {subprocess.py:93} INFO - 	---------------------------------------------------------------------
[2026-10-05T17:11:06.963+0000] {subprocess.py:93} INFO - 	|                  |            modules            ||   artifacts   |
[2026-10-05T17:11:06.964+0000] {subprocess.py:93} INFO - 	|       conf       | number| search|dwnlded|evicted|| number|dwnlded|
[2026-10-05T17:11:06.964+0000] {subprocess.py:93} INFO - 	---------------------------------------------------------------------
[2026-10-05T17:11:06.965+0000] {subprocess.py:93} INFO - 	|      default     |   3   |   0   |   0   |   0   ||   3   |   0   |
[2026-10-05T17:11:06.966+0000] {subprocess.py:93} INFO - 	---------------------------------------------------------------------
[2026-10-05T17:11:06.967+0000] {subprocess.py:93} INFO - :: retrieving :: org.apache.spark#spark-submit-parent-b7d04fba-7f6c-4829-afbb-9ead7337ebbf
[2026-10-05T17:11:06.968+0000] {subprocess.py:93} INFO - 	confs: [default]
[2026-10-05T17:11:06.977+0000] {subprocess.py:93} INFO - 	0 artifacts copied, 3 already retrieved (0kB/10ms)
[2026-10-05T17:11:07.500+0000] {subprocess.py:93} INFO - 26/10/05 17:11:07 WARN NativeCodeLoader: Unable to load native-hadoop library for your platform... using builtin-java classes where applicable
[2026-10-05T17:11:09.072+0000] {subprocess.py:93} INFO - 26/10/05 17:11:09 INFO SparkContext: Running Spark version 3.5.3
[2026-10-05T17:11:09.074+0000] {subprocess.py:93} INFO - 26/10/05 17:11:09 INFO SparkContext: OS info Linux, 5.15.153.1-microsoft-standard-WSL2, amd64
[2026-10-05T17:11:09.075+0000] {subprocess.py:93} INFO - 26/10/05 17:11:09 INFO SparkContext: Java version 11.0.24
[2026-10-05T17:11:09.141+0000] {subprocess.py:93} INFO - 26/10/05 17:11:09 INFO ResourceUtils: ==============================================================
[2026-10-05T17:11:09.142+0000] {subprocess.py:93} INFO - 26/10/05 17:11:09 INFO ResourceUtils: No custom resources configured for spark.driver.
[2026-10-05T17:11:09.144+0000] {subprocess.py:93} INFO - 26/10/05 17:11:09 INFO ResourceUtils: ==============================================================
[2026-10-05T17:11:09.145+0000] {subprocess.py:93} INFO - 26/10/05 17:11:09 INFO SparkContext: Submitted application: GoldDailySummary
[2026-10-05T17:11:09.224+0000] {subprocess.py:93} INFO - 26/10/05 17:11:09 INFO ResourceProfile: Default ResourceProfile created, executor resources: Map(cores -> name: cores, amount: 1, script: , vendor: , memory -> name: memory, amount: 1024, script: , vendor: , offHeap -> name: offHeap, amount: 0, script: , vendor: ), task resources: Map(cpus -> name: cpus, amount: 1.0)
[2026-10-05T17:11:09.299+0000] {subprocess.py:93} INFO - 26/10/05 17:11:09 INFO ResourceProfile: Limiting resource is cpu
[2026-10-05T17:11:09.300+0000] {subprocess.py:93} INFO - 26/10/05 17:11:09 INFO ResourceProfileManager: Added ResourceProfile id: 0
[2026-10-05T17:11:09.521+0000] {subprocess.py:93} INFO - 26/10/05 17:11:09 INFO SecurityManager: Changing view acls to: root
[2026-10-05T17:11:09.523+0000] {subprocess.py:93} INFO - 26/10/05 17:11:09 INFO SecurityManager: Changing modify acls to: root
[2026-10-05T17:11:09.524+0000] {subprocess.py:93} INFO - 26/10/05 17:11:09 INFO SecurityManager: Changing view acls groups to:
[2026-10-05T17:11:09.526+0000] {subprocess.py:93} INFO - 26/10/05 17:11:09 INFO SecurityManager: Changing modify acls groups to:
[2026-10-05T17:11:09.528+0000] {subprocess.py:93} INFO - 26/10/05 17:11:09 INFO SecurityManager: SecurityManager: authentication disabled; ui acls disabled; users with view permissions: root; groups with view permissions: EMPTY; users with modify permissions: root; groups with modify permissions: EMPTY
[2026-10-05T17:11:10.205+0000] {subprocess.py:93} INFO - 26/10/05 17:11:10 INFO Utils: Successfully started service 'sparkDriver' on port 45737.
[2026-10-05T17:11:10.285+0000] {subprocess.py:93} INFO - 26/10/05 17:11:10 INFO SparkEnv: Registering MapOutputTracker
[2026-10-05T17:11:10.362+0000] {subprocess.py:93} INFO - 26/10/05 17:11:10 INFO SparkEnv: Registering BlockManagerMaster
[2026-10-05T17:11:10.406+0000] {subprocess.py:93} INFO - 26/10/05 17:11:10 INFO BlockManagerMasterEndpoint: Using org.apache.spark.storage.DefaultTopologyMapper for getting topology information
[2026-10-05T17:11:10.407+0000] {subprocess.py:93} INFO - 26/10/05 17:11:10 INFO BlockManagerMasterEndpoint: BlockManagerMasterEndpoint up
[2026-10-05T17:11:10.418+0000] {subprocess.py:93} INFO - 26/10/05 17:11:10 INFO SparkEnv: Registering BlockManagerMasterHeartbeat
[2026-10-05T17:11:10.474+0000] {subprocess.py:93} INFO - 26/10/05 17:11:10 INFO DiskBlockManager: Created local directory at /tmp/blockmgr-a3148856-dfac-4985-97a8-0cb169934b3f
[2026-10-05T17:11:10.500+0000] {subprocess.py:93} INFO - 26/10/05 17:11:10 INFO MemoryStore: MemoryStore started with capacity 434.4 MiB
[2026-10-05T17:11:10.528+0000] {subprocess.py:93} INFO - 26/10/05 17:11:10 INFO SparkEnv: Registering OutputCommitCoordinator
[2026-10-05T17:11:10.806+0000] {subprocess.py:93} INFO - 26/10/05 17:11:10 INFO JettyUtils: Start Jetty 0.0.0.0:4040 for SparkUI
[2026-10-05T17:11:10.940+0000] {subprocess.py:93} INFO - 26/10/05 17:11:10 INFO Utils: Successfully started service 'SparkUI' on port 4040.
[2026-10-05T17:11:11.004+0000] {subprocess.py:93} INFO - 26/10/05 17:11:11 INFO SparkContext: Added JAR file:///root/.ivy2/jars/io.delta_delta-spark_2.12-3.2.0.jar at spark://d2c30ec5c415:45737/jars/io.delta_delta-spark_2.12-3.2.0.jar with timestamp 1791220269050
[2026-10-05T17:11:11.005+0000] {subprocess.py:93} INFO - 26/10/05 17:11:11 INFO SparkContext: Added JAR file:///root/.ivy2/jars/io.delta_delta-storage-3.2.0.jar at spark://d2c30ec5c415:45737/jars/io.delta_delta-storage-3.2.0.jar with timestamp 1791220269050
[2026-10-05T17:11:11.006+0000] {subprocess.py:93} INFO - 26/10/05 17:11:11 INFO SparkContext: Added JAR file:///root/.ivy2/jars/org.antlr_antlr4-runtime-4.9.3.jar at spark://d2c30ec5c415:45737/jars/org.antlr_antlr4-runtime-4.9.3.jar with timestamp 1791220269050
[2026-10-05T17:11:11.013+0000] {subprocess.py:93} INFO - 26/10/05 17:11:11 INFO SparkContext: Added file file:///root/.ivy2/jars/io.delta_delta-spark_2.12-3.2.0.jar at file:///root/.ivy2/jars/io.delta_delta-spark_2.12-3.2.0.jar with timestamp 1791220269050
[2026-10-05T17:11:11.017+0000] {subprocess.py:93} INFO - 26/10/05 17:11:11 INFO Utils: Copying /root/.ivy2/jars/io.delta_delta-spark_2.12-3.2.0.jar to /tmp/spark-20fd84fc-3bc6-4351-99e6-549da0a13418/userFiles-94231fde-21d5-4ce9-9a18-c57064e7355f/io.delta_delta-spark_2.12-3.2.0.jar
[2026-10-05T17:11:11.154+0000] {subprocess.py:93} INFO - 26/10/05 17:11:11 INFO SparkContext: Added file file:///root/.ivy2/jars/io.delta_delta-storage-3.2.0.jar at file:///root/.ivy2/jars/io.delta_delta-storage-3.2.0.jar with timestamp 1791220269050
[2026-10-05T17:11:11.155+0000] {subprocess.py:93} INFO - 26/10/05 17:11:11 INFO Utils: Copying /root/.ivy2/jars/io.delta_delta-storage-3.2.0.jar to /tmp/spark-20fd84fc-3bc6-4351-99e6-549da0a13418/userFiles-94231fde-21d5-4ce9-9a18-c57064e7355f/io.delta_delta-storage-3.2.0.jar
[2026-10-05T17:11:11.168+0000] {subprocess.py:93} INFO - 26/10/05 17:11:11 INFO SparkContext: Added file file:///root/.ivy2/jars/org.antlr_antlr4-runtime-4.9.3.jar at file:///root/.ivy2/jars/org.antlr_antlr4-runtime-4.9.3.jar with timestamp 1791220269050
[2026-10-05T17:11:11.168+0000] {subprocess.py:93} INFO - 26/10/05 17:11:11 INFO Utils: Copying /root/.ivy2/jars/org.antlr_antlr4-runtime-4.9.3.jar to /tmp/spark-20fd84fc-3bc6-4351-99e6-549da0a13418/userFiles-94231fde-21d5-4ce9-9a18-c57064e7355f/org.antlr_antlr4-runtime-4.9.3.jar
[2026-10-05T17:11:11.361+0000] {subprocess.py:93} INFO - 26/10/05 17:11:11 INFO Executor: Starting executor ID driver on host d2c30ec5c415
[2026-10-05T17:11:11.363+0000] {subprocess.py:93} INFO - 26/10/05 17:11:11 INFO Executor: OS info Linux, 5.15.153.1-microsoft-standard-WSL2, amd64
[2026-10-05T17:11:11.364+0000] {subprocess.py:93} INFO - 26/10/05 17:11:11 INFO Executor: Java version 11.0.24
[2026-10-05T17:11:11.376+0000] {subprocess.py:93} INFO - 26/10/05 17:11:11 INFO Executor: Starting executor with user classpath (userClassPathFirst = false): ''
[2026-10-05T17:11:11.378+0000] {subprocess.py:93} INFO - 26/10/05 17:11:11 INFO Executor: Created or updated repl class loader org.apache.spark.util.MutableURLClassLoader@10408304 for default.
[2026-10-05T17:11:11.398+0000] {subprocess.py:93} INFO - 26/10/05 17:11:11 INFO Executor: Fetching file:///root/.ivy2/jars/io.delta_delta-spark_2.12-3.2.0.jar with timestamp 1791220269050
[2026-10-05T17:11:11.432+0000] {subprocess.py:93} INFO - 26/10/05 17:11:11 INFO Utils: /root/.ivy2/jars/io.delta_delta-spark_2.12-3.2.0.jar has been previously copied to /tmp/spark-20fd84fc-3bc6-4351-99e6-549da0a13418/userFiles-94231fde-21d5-4ce9-9a18-c57064e7355f/io.delta_delta-spark_2.12-3.2.0.jar
[2026-10-05T17:11:11.444+0000] {subprocess.py:93} INFO - 26/10/05 17:11:11 INFO Executor: Fetching file:///root/.ivy2/jars/io.delta_delta-storage-3.2.0.jar with timestamp 1791220269050
[2026-10-05T17:11:11.445+0000] {subprocess.py:93} INFO - 26/10/05 17:11:11 INFO Utils: /root/.ivy2/jars/io.delta_delta-storage-3.2.0.jar has been previously copied to /tmp/spark-20fd84fc-3bc6-4351-99e6-549da0a13418/userFiles-94231fde-21d5-4ce9-9a18-c57064e7355f/io.delta_delta-storage-3.2.0.jar
[2026-10-05T17:11:11.453+0000] {subprocess.py:93} INFO - 26/10/05 17:11:11 INFO Executor: Fetching file:///root/.ivy2/jars/org.antlr_antlr4-runtime-4.9.3.jar with timestamp 1791220269050
[2026-10-05T17:11:11.454+0000] {subprocess.py:93} INFO - 26/10/05 17:11:11 INFO Utils: /root/.ivy2/jars/org.antlr_antlr4-runtime-4.9.3.jar has been previously copied to /tmp/spark-20fd84fc-3bc6-4351-99e6-549da0a13418/userFiles-94231fde-21d5-4ce9-9a18-c57064e7355f/org.antlr_antlr4-runtime-4.9.3.jar
[2026-10-05T17:11:11.466+0000] {subprocess.py:93} INFO - 26/10/05 17:11:11 INFO Executor: Fetching spark://d2c30ec5c415:45737/jars/io.delta_delta-spark_2.12-3.2.0.jar with timestamp 1791220269050
[2026-10-05T17:11:11.541+0000] {subprocess.py:93} INFO - 26/10/05 17:11:11 INFO TransportClientFactory: Successfully created connection to d2c30ec5c415/172.20.0.3:45737 after 56 ms (0 ms spent in bootstraps)
[2026-10-05T17:11:11.556+0000] {subprocess.py:93} INFO - 26/10/05 17:11:11 INFO Utils: Fetching spark://d2c30ec5c415:45737/jars/io.delta_delta-spark_2.12-3.2.0.jar to /tmp/spark-20fd84fc-3bc6-4351-99e6-549da0a13418/userFiles-94231fde-21d5-4ce9-9a18-c57064e7355f/fetchFileTemp2157014094122623843.tmp
[2026-10-05T17:11:11.777+0000] {subprocess.py:93} INFO - 26/10/05 17:11:11 INFO Utils: /tmp/spark-20fd84fc-3bc6-4351-99e6-549da0a13418/userFiles-94231fde-21d5-4ce9-9a18-c57064e7355f/fetchFileTemp2157014094122623843.tmp has been previously copied to /tmp/spark-20fd84fc-3bc6-4351-99e6-549da0a13418/userFiles-94231fde-21d5-4ce9-9a18-c57064e7355f/io.delta_delta-spark_2.12-3.2.0.jar
[2026-10-05T17:11:11.789+0000] {subprocess.py:93} INFO - 26/10/05 17:11:11 INFO Executor: Adding file:/tmp/spark-20fd84fc-3bc6-4351-99e6-549da0a13418/userFiles-94231fde-21d5-4ce9-9a18-c57064e7355f/io.delta_delta-spark_2.12-3.2.0.jar to class loader default
[2026-10-05T17:11:11.790+0000] {subprocess.py:93} INFO - 26/10/05 17:11:11 INFO Executor: Fetching spark://d2c30ec5c415:45737/jars/org.antlr_antlr4-runtime-4.9.3.jar with timestamp 1791220269050
[2026-10-05T17:11:11.791+0000] {subprocess.py:93} INFO - 26/10/05 17:11:11 INFO Utils: Fetching spark://d2c30ec5c415:45737/jars/org.antlr_antlr4-runtime-4.9.3.jar to /tmp/spark-20fd84fc-3bc6-4351-99e6-549da0a13418/userFiles-94231fde-21d5-4ce9-9a18-c57064e7355f/fetchFileTemp10030461724762442921.tmp
[2026-10-05T17:11:11.797+0000] {subprocess.py:93} INFO - 26/10/05 17:11:11 INFO Utils: /tmp/spark-20fd84fc-3bc6-4351-99e6-549da0a13418/userFiles-94231fde-21d5-4ce9-9a18-c57064e7355f/fetchFileTemp10030461724762442921.tmp has been previously copied to /tmp/spark-20fd84fc-3bc6-4351-99e6-549da0a13418/userFiles-94231fde-21d5-4ce9-9a18-c57064e7355f/org.antlr_antlr4-runtime-4.9.3.jar
[2026-10-05T17:11:11.807+0000] {subprocess.py:93} INFO - 26/10/05 17:11:11 INFO Executor: Adding file:/tmp/spark-20fd84fc-3bc6-4351-99e6-549da0a13418/userFiles-94231fde-21d5-4ce9-9a18-c57064e7355f/org.antlr_antlr4-runtime-4.9.3.jar to class loader default
[2026-10-05T17:11:11.809+0000] {subprocess.py:93} INFO - 26/10/05 17:11:11 INFO Executor: Fetching spark://d2c30ec5c415:45737/jars/io.delta_delta-storage-3.2.0.jar with timestamp 1791220269050
[2026-10-05T17:11:11.810+0000] {subprocess.py:93} INFO - 26/10/05 17:11:11 INFO Utils: Fetching spark://d2c30ec5c415:45737/jars/io.delta_delta-storage-3.2.0.jar to /tmp/spark-20fd84fc-3bc6-4351-99e6-549da0a13418/userFiles-94231fde-21d5-4ce9-9a18-c57064e7355f/fetchFileTemp8775859896134190370.tmp
[2026-10-05T17:11:11.813+0000] {subprocess.py:93} INFO - 26/10/05 17:11:11 INFO Utils: /tmp/spark-20fd84fc-3bc6-4351-99e6-549da0a13418/userFiles-94231fde-21d5-4ce9-9a18-c57064e7355f/fetchFileTemp8775859896134190370.tmp has been previously copied to /tmp/spark-20fd84fc-3bc6-4351-99e6-549da0a13418/userFiles-94231fde-21d5-4ce9-9a18-c57064e7355f/io.delta_delta-storage-3.2.0.jar
[2026-10-05T17:11:11.823+0000] {subprocess.py:93} INFO - 26/10/05 17:11:11 INFO Executor: Adding file:/tmp/spark-20fd84fc-3bc6-4351-99e6-549da0a13418/userFiles-94231fde-21d5-4ce9-9a18-c57064e7355f/io.delta_delta-storage-3.2.0.jar to class loader default
[2026-10-05T17:11:11.837+0000] {subprocess.py:93} INFO - 26/10/05 17:11:11 INFO Utils: Successfully started service 'org.apache.spark.network.netty.NettyBlockTransferService' on port 38073.
[2026-10-05T17:11:11.838+0000] {subprocess.py:93} INFO - 26/10/05 17:11:11 INFO NettyBlockTransferService: Server created on d2c30ec5c415:38073
[2026-10-05T17:11:11.841+0000] {subprocess.py:93} INFO - 26/10/05 17:11:11 INFO BlockManager: Using org.apache.spark.storage.RandomBlockReplicationPolicy for block replication policy
[2026-10-05T17:11:11.850+0000] {subprocess.py:93} INFO - 26/10/05 17:11:11 INFO BlockManagerMaster: Registering BlockManager BlockManagerId(driver, d2c30ec5c415, 38073, None)
[2026-10-05T17:11:11.856+0000] {subprocess.py:93} INFO - 26/10/05 17:11:11 INFO BlockManagerMasterEndpoint: Registering block manager d2c30ec5c415:38073 with 434.4 MiB RAM, BlockManagerId(driver, d2c30ec5c415, 38073, None)
[2026-10-05T17:11:11.859+0000] {subprocess.py:93} INFO - 26/10/05 17:11:11 INFO BlockManagerMaster: Registered BlockManager BlockManagerId(driver, d2c30ec5c415, 38073, None)
[2026-10-05T17:11:11.861+0000] {subprocess.py:93} INFO - 26/10/05 17:11:11 INFO BlockManager: Initialized BlockManager: BlockManagerId(driver, d2c30ec5c415, 38073, None)
[2026-10-05T17:11:24.832+0000] {subprocess.py:93} INFO - 26/10/05 17:11:24 WARN ResolveWriteToStream: spark.sql.adaptive.enabled is not supported in streaming DataFrames/Datasets and will be disabled.
[2026-10-05T17:11:26.600+0000] {subprocess.py:93} INFO - 26/10/05 17:11:26 WARN SparkStringUtils: Truncated the string representation of a plan since it was too large. This behavior can be adjusted by setting 'spark.sql.debug.maxToStringFields'.
[2026-10-05T17:12:28.743+0000] {job.py:218} ERROR - Job heartbeat got an exception
Traceback (most recent call last):
  File "/home/airflow/.local/lib/python3.12/site-packages/sqlalchemy/engine/base.py", line 3371, in _wrap_pool_connect
    return fn()
           ^^^^
  File "/home/airflow/.local/lib/python3.12/site-packages/sqlalchemy/pool/base.py", line 327, in connect
    return _ConnectionFairy._checkout(self)
           ^^^^^^^^^^^^^^^^^^^^^^^^^^^^^^^^
  File "/home/airflow/.local/lib/python3.12/site-packages/sqlalchemy/pool/base.py", line 894, in _checkout
    fairy = _ConnectionRecord.checkout(pool)
            ^^^^^^^^^^^^^^^^^^^^^^^^^^^^^^^^
  File "/home/airflow/.local/lib/python3.12/site-packages/sqlalchemy/pool/base.py", line 493, in checkout
    rec = pool._do_get()
          ^^^^^^^^^^^^^^
  File "/home/airflow/.local/lib/python3.12/site-packages/sqlalchemy/pool/impl.py", line 256, in _do_get
    return self._create_connection()
           ^^^^^^^^^^^^^^^^^^^^^^^^^
  File "/home/airflow/.local/lib/python3.12/site-packages/sqlalchemy/pool/base.py", line 273, in _create_connection
    return _ConnectionRecord(self)
           ^^^^^^^^^^^^^^^^^^^^^^^
  File "/home/airflow/.local/lib/python3.12/site-packages/sqlalchemy/pool/base.py", line 388, in __init__
    self.__connect()
  File "/home/airflow/.local/lib/python3.12/site-packages/sqlalchemy/pool/base.py", line 690, in __connect
    with util.safe_reraise():
  File "/home/airflow/.local/lib/python3.12/site-packages/sqlalchemy/util/langhelpers.py", line 70, in __exit__
    compat.raise_(
  File "/home/airflow/.local/lib/python3.12/site-packages/sqlalchemy/util/compat.py", line 211, in raise_
    raise exception
  File "/home/airflow/.local/lib/python3.12/site-packages/sqlalchemy/pool/base.py", line 686, in __connect
    self.dbapi_connection = connection = pool._invoke_creator(self)
                                         ^^^^^^^^^^^^^^^^^^^^^^^^^^
  File "/home/airflow/.local/lib/python3.12/site-packages/sqlalchemy/engine/create.py", line 574, in connect
    return dialect.connect(*cargs, **cparams)
           ^^^^^^^^^^^^^^^^^^^^^^^^^^^^^^^^^^
  File "/home/airflow/.local/lib/python3.12/site-packages/sqlalchemy/engine/default.py", line 598, in connect
    return self.dbapi.connect(*cargs, **cparams)
           ^^^^^^^^^^^^^^^^^^^^^^^^^^^^^^^^^^^^^
  File "/home/airflow/.local/lib/python3.12/site-packages/psycopg2/__init__.py", line 122, in connect
    conn = _connect(dsn, connection_factory=connection_factory, **kwasync)
           ^^^^^^^^^^^^^^^^^^^^^^^^^^^^^^^^^^^^^^^^^^^^^^^^^^^^^^^^^^^^^^^
psycopg2.OperationalError: could not translate host name "***-postgres" to address: Temporary failure in name resolution


The above exception was the direct cause of the following exception:

Traceback (most recent call last):
  File "/home/airflow/.local/lib/python3.12/site-packages/airflow/jobs/job.py", line 192, in heartbeat
    self._merge_from(Job._fetch_from_db(self, session))
                     ^^^^^^^^^^^^^^^^^^^^^^^^^^^^^^^^^
  File "/home/airflow/.local/lib/python3.12/site-packages/airflow/api_internal/internal_api_call.py", line 115, in wrapper
    return func(*args, **kwargs)
           ^^^^^^^^^^^^^^^^^^^^^
  File "/home/airflow/.local/lib/python3.12/site-packages/airflow/utils/session.py", line 76, in wrapper
    return func(*args, **kwargs)
           ^^^^^^^^^^^^^^^^^^^^^
  File "/home/airflow/.local/lib/python3.12/site-packages/airflow/utils/retries.py", line 89, in wrapped_function
    for attempt in run_with_db_retries(max_retries=retries, logger=logger, **retry_kwargs):
  File "/home/airflow/.local/lib/python3.12/site-packages/tenacity/__init__.py", line 443, in __iter__
    do = self.iter(retry_state=retry_state)
         ^^^^^^^^^^^^^^^^^^^^^^^^^^^^^^^^^^
  File "/home/airflow/.local/lib/python3.12/site-packages/tenacity/__init__.py", line 376, in iter
    result = action(retry_state)
             ^^^^^^^^^^^^^^^^^^^
  File "/home/airflow/.local/lib/python3.12/site-packages/tenacity/__init__.py", line 418, in exc_check
    raise retry_exc.reraise()
          ^^^^^^^^^^^^^^^^^^^
  File "/home/airflow/.local/lib/python3.12/site-packages/tenacity/__init__.py", line 185, in reraise
    raise self.last_attempt.result()
          ^^^^^^^^^^^^^^^^^^^^^^^^^^
  File "/usr/local/lib/python3.12/concurrent/futures/_base.py", line 449, in result
    return self.__get_result()
           ^^^^^^^^^^^^^^^^^^^
  File "/usr/local/lib/python3.12/concurrent/futures/_base.py", line 401, in __get_result
    raise self._exception
  File "/home/airflow/.local/lib/python3.12/site-packages/airflow/utils/retries.py", line 98, in wrapped_function
    return func(*args, **kwargs)
           ^^^^^^^^^^^^^^^^^^^^^
  File "/home/airflow/.local/lib/python3.12/site-packages/airflow/jobs/job.py", line 316, in _fetch_from_db
    session.merge(job)
  File "/home/airflow/.local/lib/python3.12/site-packages/sqlalchemy/orm/session.py", line 3056, in merge
    return self._merge(
           ^^^^^^^^^^^^
  File "/home/airflow/.local/lib/python3.12/site-packages/sqlalchemy/orm/session.py", line 3136, in _merge
    merged = self.get(
             ^^^^^^^^^
  File "/home/airflow/.local/lib/python3.12/site-packages/sqlalchemy/orm/session.py", line 2853, in get
    return self._get_impl(
           ^^^^^^^^^^^^^^^
  File "/home/airflow/.local/lib/python3.12/site-packages/sqlalchemy/orm/session.py", line 2975, in _get_impl
    return db_load_fn(
           ^^^^^^^^^^^
  File "/home/airflow/.local/lib/python3.12/site-packages/sqlalchemy/orm/loading.py", line 530, in load_on_pk_identity
    session.execute(
  File "/home/airflow/.local/lib/python3.12/site-packages/sqlalchemy/orm/session.py", line 1716, in execute
    conn = self._connection_for_bind(bind)
           ^^^^^^^^^^^^^^^^^^^^^^^^^^^^^^^
  File "/home/airflow/.local/lib/python3.12/site-packages/sqlalchemy/orm/session.py", line 1555, in _connection_for_bind
    return self._transaction._connection_for_bind(
           ^^^^^^^^^^^^^^^^^^^^^^^^^^^^^^^^^^^^^^^
  File "/home/airflow/.local/lib/python3.12/site-packages/sqlalchemy/orm/session.py", line 750, in _connection_for_bind
    conn = bind.connect()
           ^^^^^^^^^^^^^^
  File "/home/airflow/.local/lib/python3.12/site-packages/sqlalchemy/future/engine.py", line 412, in connect
    return super(Engine, self).connect()
           ^^^^^^^^^^^^^^^^^^^^^^^^^^^^^
  File "/home/airflow/.local/lib/python3.12/site-packages/sqlalchemy/engine/base.py", line 3325, in connect
    return self._connection_cls(self, close_with_result=close_with_result)
           ^^^^^^^^^^^^^^^^^^^^^^^^^^^^^^^^^^^^^^^^^^^^^^^^^^^^^^^^^^^^^^^
  File "/home/airflow/.local/lib/python3.12/site-packages/sqlalchemy/engine/base.py", line 96, in __init__
    else engine.raw_connection()
         ^^^^^^^^^^^^^^^^^^^^^^^
  File "/home/airflow/.local/lib/python3.12/site-packages/sqlalchemy/engine/base.py", line 3404, in raw_connection
    return self._wrap_pool_connect(self.pool.connect, _connection)
           ^^^^^^^^^^^^^^^^^^^^^^^^^^^^^^^^^^^^^^^^^^^^^^^^^^^^^^^
  File "/home/airflow/.local/lib/python3.12/site-packages/sqlalchemy/engine/base.py", line 3374, in _wrap_pool_connect
    Connection._handle_dbapi_exception_noconnection(
  File "/home/airflow/.local/lib/python3.12/site-packages/sqlalchemy/engine/base.py", line 2208, in _handle_dbapi_exception_noconnection
    util.raise_(
  File "/home/airflow/.local/lib/python3.12/site-packages/sqlalchemy/util/compat.py", line 211, in raise_
    raise exception
  File "/home/airflow/.local/lib/python3.12/site-packages/sqlalchemy/engine/base.py", line 3371, in _wrap_pool_connect
    return fn()
           ^^^^
  File "/home/airflow/.local/lib/python3.12/site-packages/sqlalchemy/pool/base.py", line 327, in connect
    return _ConnectionFairy._checkout(self)
           ^^^^^^^^^^^^^^^^^^^^^^^^^^^^^^^^
  File "/home/airflow/.local/lib/python3.12/site-packages/sqlalchemy/pool/base.py", line 894, in _checkout
    fairy = _ConnectionRecord.checkout(pool)
            ^^^^^^^^^^^^^^^^^^^^^^^^^^^^^^^^
  File "/home/airflow/.local/lib/python3.12/site-packages/sqlalchemy/pool/base.py", line 493, in checkout
    rec = pool._do_get()
          ^^^^^^^^^^^^^^
  File "/home/airflow/.local/lib/python3.12/site-packages/sqlalchemy/pool/impl.py", line 256, in _do_get
    return self._create_connection()
           ^^^^^^^^^^^^^^^^^^^^^^^^^
  File "/home/airflow/.local/lib/python3.12/site-packages/sqlalchemy/pool/base.py", line 273, in _create_connection
    return _ConnectionRecord(self)
           ^^^^^^^^^^^^^^^^^^^^^^^
  File "/home/airflow/.local/lib/python3.12/site-packages/sqlalchemy/pool/base.py", line 388, in __init__
    self.__connect()
  File "/home/airflow/.local/lib/python3.12/site-packages/sqlalchemy/pool/base.py", line 690, in __connect
    with util.safe_reraise():
  File "/home/airflow/.local/lib/python3.12/site-packages/sqlalchemy/util/langhelpers.py", line 70, in __exit__
    compat.raise_(
  File "/home/airflow/.local/lib/python3.12/site-packages/sqlalchemy/util/compat.py", line 211, in raise_
    raise exception
  File "/home/airflow/.local/lib/python3.12/site-packages/sqlalchemy/pool/base.py", line 686, in __connect
    self.dbapi_connection = connection = pool._invoke_creator(self)
                                         ^^^^^^^^^^^^^^^^^^^^^^^^^^
  File "/home/airflow/.local/lib/python3.12/site-packages/sqlalchemy/engine/create.py", line 574, in connect
    return dialect.connect(*cargs, **cparams)
           ^^^^^^^^^^^^^^^^^^^^^^^^^^^^^^^^^^
  File "/home/airflow/.local/lib/python3.12/site-packages/sqlalchemy/engine/default.py", line 598, in connect
    return self.dbapi.connect(*cargs, **cparams)
           ^^^^^^^^^^^^^^^^^^^^^^^^^^^^^^^^^^^^^
  File "/home/airflow/.local/lib/python3.12/site-packages/psycopg2/__init__.py", line 122, in connect
    conn = _connect(dsn, connection_factory=connection_factory, **kwasync)
           ^^^^^^^^^^^^^^^^^^^^^^^^^^^^^^^^^^^^^^^^^^^^^^^^^^^^^^^^^^^^^^^
sqlalchemy.exc.OperationalError: (psycopg2.OperationalError) could not translate host name "***-postgres" to address: Temporary failure in name resolution

(Background on this error at: https://sqlalche.me/e/14/e3q8)
[2026-10-05T17:13:44.133+0000] {job.py:226} ERROR - Job heartbeat failed with error. Scheduler is in unhealthy state
[2026-10-05T17:13:50.111+0000] {subprocess.py:93} INFO - 26/10/05 17:13:44 WARN HeartbeatReceiver: Removing executor driver with no recent heartbeats: 130478 ms exceeds timeout 120000 ms
[2026-10-05T17:13:50.133+0000] {subprocess.py:93} INFO - 26/10/05 17:13:44 WARN SparkContext: Killing executors is not supported by current scheduler.
[2026-10-05T17:13:50.134+0000] {subprocess.py:93} INFO - 26/10/05 17:13:44 WARN Executor: Issue communicating with driver in heartbeater
[2026-10-05T17:13:50.135+0000] {subprocess.py:93} INFO - org.apache.spark.SparkException: Exception thrown in awaitResult:
[2026-10-05T17:13:50.136+0000] {subprocess.py:93} INFO - 	at org.apache.spark.util.SparkThreadUtils$.awaitResult(SparkThreadUtils.scala:56)
[2026-10-05T17:13:50.137+0000] {subprocess.py:93} INFO - 	at org.apache.spark.util.ThreadUtils$.awaitResult(ThreadUtils.scala:310)
[2026-10-05T17:13:50.138+0000] {subprocess.py:93} INFO - 	at org.apache.spark.rpc.RpcTimeout.awaitResult(RpcTimeout.scala:75)
[2026-10-05T17:13:50.139+0000] {subprocess.py:93} INFO - 	at org.apache.spark.rpc.RpcEndpointRef.askSync(RpcEndpointRef.scala:101)
[2026-10-05T17:13:50.139+0000] {subprocess.py:93} INFO - 	at org.apache.spark.rpc.RpcEndpointRef.askSync(RpcEndpointRef.scala:85)
[2026-10-05T17:13:50.140+0000] {subprocess.py:93} INFO - 	at org.apache.spark.storage.BlockManagerMaster.registerBlockManager(BlockManagerMaster.scala:80)
[2026-10-05T17:13:50.140+0000] {subprocess.py:93} INFO - 	at org.apache.spark.storage.BlockManager.reregister(BlockManager.scala:642)
[2026-10-05T17:13:50.141+0000] {subprocess.py:93} INFO - 	at org.apache.spark.executor.Executor.reportHeartBeat(Executor.scala:1223)
[2026-10-05T17:13:50.142+0000] {subprocess.py:93} INFO - 	at org.apache.spark.executor.Executor.$anonfun$heartbeater$1(Executor.scala:295)
[2026-10-05T17:13:50.142+0000] {subprocess.py:93} INFO - 	at scala.runtime.java8.JFunction0$mcV$sp.apply(JFunction0$mcV$sp.java:23)
[2026-10-05T17:13:50.143+0000] {subprocess.py:93} INFO - 	at org.apache.spark.util.Utils$.logUncaughtExceptions(Utils.scala:1928)
[2026-10-05T17:13:50.145+0000] {subprocess.py:93} INFO - 	at org.apache.spark.Heartbeater$$anon$1.run(Heartbeater.scala:46)
[2026-10-05T17:13:50.146+0000] {subprocess.py:93} INFO - 	at java.base/java.util.concurrent.Executors$RunnableAdapter.call(Unknown Source)
[2026-10-05T17:13:50.146+0000] {subprocess.py:93} INFO - 	at java.base/java.util.concurrent.FutureTask.runAndReset(Unknown Source)
[2026-10-05T17:13:50.147+0000] {subprocess.py:93} INFO - 	at java.base/java.util.concurrent.ScheduledThreadPoolExecutor$ScheduledFutureTask.run(Unknown Source)
[2026-10-05T17:13:50.148+0000] {subprocess.py:93} INFO - 	at java.base/java.util.concurrent.ThreadPoolExecutor.runWorker(Unknown Source)
[2026-10-05T17:13:50.149+0000] {subprocess.py:93} INFO - 	at java.base/java.util.concurrent.ThreadPoolExecutor$Worker.run(Unknown Source)
[2026-10-05T17:13:50.150+0000] {subprocess.py:93} INFO - 	at java.base/java.lang.Thread.run(Unknown Source)
[2026-10-05T17:13:50.150+0000] {subprocess.py:93} INFO - Caused by: org.apache.spark.SparkException: Exception thrown in awaitResult:
[2026-10-05T17:13:50.151+0000] {subprocess.py:93} INFO - 	at org.apache.spark.util.SparkThreadUtils$.awaitResult(SparkThreadUtils.scala:56)
[2026-10-05T17:13:50.152+0000] {subprocess.py:93} INFO - 	at org.apache.spark.util.ThreadUtils$.awaitResult(ThreadUtils.scala:310)
[2026-10-05T17:13:50.153+0000] {subprocess.py:93} INFO - 	at org.apache.spark.rpc.RpcTimeout.awaitResult(RpcTimeout.scala:75)
[2026-10-05T17:13:50.153+0000] {subprocess.py:93} INFO - 	at org.apache.spark.rpc.RpcEnv.setupEndpointRefByURI(RpcEnv.scala:102)
[2026-10-05T17:13:50.154+0000] {subprocess.py:93} INFO - 	at org.apache.spark.rpc.RpcEnv.setupEndpointRef(RpcEnv.scala:110)
[2026-10-05T17:13:50.154+0000] {subprocess.py:93} INFO - 	at org.apache.spark.util.RpcUtils$.makeDriverRef(RpcUtils.scala:36)
[2026-10-05T17:13:50.155+0000] {subprocess.py:93} INFO - 	at org.apache.spark.storage.BlockManagerMasterEndpoint.driverEndpoint$lzycompute(BlockManagerMasterEndpoint.scala:124)
[2026-10-05T17:13:50.155+0000] {subprocess.py:93} INFO - 	at org.apache.spark.storage.BlockManagerMasterEndpoint.org$apache$spark$storage$BlockManagerMasterEndpoint$$driverEndpoint(BlockManagerMasterEndpoint.scala:123)
[2026-10-05T17:13:50.156+0000] {subprocess.py:93} INFO - 	at org.apache.spark.storage.BlockManagerMasterEndpoint.isExecutorAlive$lzycompute$1(BlockManagerMasterEndpoint.scala:688)
[2026-10-05T17:13:50.157+0000] {subprocess.py:93} INFO - 	at org.apache.spark.storage.BlockManagerMasterEndpoint.isExecutorAlive$1(BlockManagerMasterEndpoint.scala:687)
[2026-10-05T17:13:50.157+0000] {subprocess.py:93} INFO - 	at org.apache.spark.storage.BlockManagerMasterEndpoint.org$apache$spark$storage$BlockManagerMasterEndpoint$$register(BlockManagerMasterEndpoint.scala:725)
[2026-10-05T17:13:50.157+0000] {subprocess.py:93} INFO - 	at org.apache.spark.storage.BlockManagerMasterEndpoint$$anonfun$receiveAndReply$1.applyOrElse(BlockManagerMasterEndpoint.scala:133)
[2026-10-05T17:13:50.158+0000] {subprocess.py:93} INFO - 	at org.apache.spark.rpc.netty.Inbox.$anonfun$process$1(Inbox.scala:103)
[2026-10-05T17:13:50.159+0000] {subprocess.py:93} INFO - 	at org.apache.spark.rpc.netty.Inbox.safelyCall(Inbox.scala:213)
[2026-10-05T17:13:50.159+0000] {subprocess.py:93} INFO - 	at org.apache.spark.rpc.netty.Inbox.process(Inbox.scala:100)
[2026-10-05T17:13:50.160+0000] {subprocess.py:93} INFO - 	at org.apache.spark.rpc.netty.MessageLoop.org$apache$spark$rpc$netty$MessageLoop$$receiveLoop(MessageLoop.scala:75)
[2026-10-05T17:13:50.162+0000] {subprocess.py:93} INFO - 	at org.apache.spark.rpc.netty.MessageLoop$$anon$1.run(MessageLoop.scala:41)
[2026-10-05T17:13:50.163+0000] {subprocess.py:93} INFO - 	... 3 more
[2026-10-05T17:13:50.164+0000] {subprocess.py:93} INFO - Caused by: org.apache.spark.rpc.RpcEndpointNotFoundException: Cannot find endpoint: spark://CoarseGrainedScheduler@d2c30ec5c415:45737
[2026-10-05T17:13:50.164+0000] {subprocess.py:93} INFO - 	at org.apache.spark.rpc.netty.NettyRpcEnv.$anonfun$asyncSetupEndpointRefByURI$1(NettyRpcEnv.scala:148)
[2026-10-05T17:13:50.165+0000] {subprocess.py:93} INFO - 	at org.apache.spark.rpc.netty.NettyRpcEnv.$anonfun$asyncSetupEndpointRefByURI$1$adapted(NettyRpcEnv.scala:144)
[2026-10-05T17:13:50.166+0000] {subprocess.py:93} INFO - 	at scala.concurrent.Future.$anonfun$flatMap$1(Future.scala:307)
[2026-10-05T17:13:50.167+0000] {subprocess.py:93} INFO - 	at scala.concurrent.impl.Promise.$anonfun$transformWith$1(Promise.scala:41)
[2026-10-05T17:13:50.167+0000] {subprocess.py:93} INFO - 	at scala.concurrent.impl.CallbackRunnable.run(Promise.scala:64)
[2026-10-05T17:13:50.168+0000] {subprocess.py:93} INFO - 	at org.apache.spark.util.ThreadUtils$$anon$1.execute(ThreadUtils.scala:99)
[2026-10-05T17:13:50.169+0000] {subprocess.py:93} INFO - 	at scala.concurrent.impl.ExecutionContextImpl$$anon$4.execute(ExecutionContextImpl.scala:138)
[2026-10-05T17:13:50.170+0000] {subprocess.py:93} INFO - 	at scala.concurrent.impl.CallbackRunnable.executeWithValue(Promise.scala:72)
[2026-10-05T17:13:50.171+0000] {subprocess.py:93} INFO - 	at scala.concurrent.impl.Promise$DefaultPromise.$anonfun$tryComplete$1(Promise.scala:288)
[2026-10-05T17:13:50.172+0000] {subprocess.py:93} INFO - 	at scala.concurrent.impl.Promise$DefaultPromise.$anonfun$tryComplete$1$adapted(Promise.scala:288)
[2026-10-05T17:13:50.173+0000] {subprocess.py:93} INFO - 	at scala.concurrent.impl.Promise$DefaultPromise.tryComplete(Promise.scala:288)
[2026-10-05T17:13:50.174+0000] {subprocess.py:93} INFO - 	at scala.concurrent.Promise.complete(Promise.scala:53)
[2026-10-05T17:13:50.175+0000] {subprocess.py:93} INFO - 	at scala.concurrent.Promise.complete$(Promise.scala:52)
[2026-10-05T17:13:50.176+0000] {subprocess.py:93} INFO - 	at scala.concurrent.impl.Promise$DefaultPromise.complete(Promise.scala:187)
[2026-10-05T17:13:50.177+0000] {subprocess.py:93} INFO - 	at scala.concurrent.impl.Promise.$anonfun$transform$1(Promise.scala:33)
[2026-10-05T17:13:50.178+0000] {subprocess.py:93} INFO - 	at scala.concurrent.impl.CallbackRunnable.run(Promise.scala:64)
[2026-10-05T17:13:50.179+0000] {subprocess.py:93} INFO - 	at org.apache.spark.util.ThreadUtils$$anon$1.execute(ThreadUtils.scala:99)
[2026-10-05T17:13:50.180+0000] {subprocess.py:93} INFO - 	at scala.concurrent.impl.ExecutionContextImpl$$anon$4.execute(ExecutionContextImpl.scala:138)
[2026-10-05T17:13:50.181+0000] {subprocess.py:93} INFO - 	at scala.concurrent.impl.CallbackRunnable.executeWithValue(Promise.scala:72)
[2026-10-05T17:13:50.181+0000] {subprocess.py:93} INFO - 	at scala.concurrent.impl.Promise$DefaultPromise.$anonfun$tryComplete$1(Promise.scala:288)
[2026-10-05T17:13:50.182+0000] {subprocess.py:93} INFO - 	at scala.concurrent.impl.Promise$DefaultPromise.$anonfun$tryComplete$1$adapted(Promise.scala:288)
[2026-10-05T17:13:50.183+0000] {subprocess.py:93} INFO - 	at scala.concurrent.impl.Promise$DefaultPromise.tryComplete(Promise.scala:288)
[2026-10-05T17:13:50.184+0000] {subprocess.py:93} INFO - 	at scala.concurrent.Promise.complete(Promise.scala:53)
[2026-10-05T17:13:50.185+0000] {subprocess.py:93} INFO - 	at scala.concurrent.Promise.complete$(Promise.scala:52)
[2026-10-05T17:13:50.187+0000] {subprocess.py:93} INFO - 	at scala.concurrent.impl.Promise$DefaultPromise.complete(Promise.scala:187)
[2026-10-05T17:13:50.188+0000] {subprocess.py:93} INFO - 	at scala.concurrent.impl.Promise.$anonfun$transform$1(Promise.scala:33)
[2026-10-05T17:13:50.190+0000] {subprocess.py:93} INFO - 	at scala.concurrent.impl.CallbackRunnable.run(Promise.scala:64)
[2026-10-05T17:13:50.192+0000] {subprocess.py:93} INFO - 	at scala.concurrent.BatchingExecutor$Batch.processBatch$1(BatchingExecutor.scala:67)
[2026-10-05T17:13:50.194+0000] {subprocess.py:93} INFO - 	at scala.concurrent.BatchingExecutor$Batch.$anonfun$run$1(BatchingExecutor.scala:82)
[2026-10-05T17:13:50.195+0000] {subprocess.py:93} INFO - 	at scala.runtime.java8.JFunction0$mcV$sp.apply(JFunction0$mcV$sp.java:23)
[2026-10-05T17:13:50.197+0000] {subprocess.py:93} INFO - 	at scala.concurrent.BlockContext$.withBlockContext(BlockContext.scala:85)
[2026-10-05T17:13:50.198+0000] {subprocess.py:93} INFO - 	at scala.concurrent.BatchingExecutor$Batch.run(BatchingExecutor.scala:59)
[2026-10-05T17:13:50.199+0000] {subprocess.py:93} INFO - 	at scala.concurrent.Future$InternalCallbackExecutor$.unbatchedExecute(Future.scala:875)
[2026-10-05T17:13:50.201+0000] {subprocess.py:93} INFO - 	at scala.concurrent.BatchingExecutor.execute(BatchingExecutor.scala:110)
[2026-10-05T17:13:50.202+0000] {subprocess.py:93} INFO - 	at scala.concurrent.BatchingExecutor.execute$(BatchingExecutor.scala:107)
[2026-10-05T17:13:50.204+0000] {subprocess.py:93} INFO - 	at scala.concurrent.Future$InternalCallbackExecutor$.execute(Future.scala:873)
[2026-10-05T17:13:50.205+0000] {subprocess.py:93} INFO - 	at scala.concurrent.impl.CallbackRunnable.executeWithValue(Promise.scala:72)
[2026-10-05T17:13:50.206+0000] {subprocess.py:93} INFO - 	at scala.concurrent.impl.Promise$DefaultPromise.$anonfun$tryComplete$1(Promise.scala:288)
[2026-10-05T17:13:50.208+0000] {subprocess.py:93} INFO - 	at scala.concurrent.impl.Promise$DefaultPromise.$anonfun$tryComplete$1$adapted(Promise.scala:288)
[2026-10-05T17:13:50.209+0000] {subprocess.py:93} INFO - 	at scala.concurrent.impl.Promise$DefaultPromise.tryComplete(Promise.scala:288)
[2026-10-05T17:13:50.210+0000] {subprocess.py:93} INFO - 	at scala.concurrent.Promise.trySuccess(Promise.scala:94)
[2026-10-05T17:13:50.211+0000] {subprocess.py:93} INFO - 	at scala.concurrent.Promise.trySuccess$(Promise.scala:94)
[2026-10-05T17:13:50.213+0000] {subprocess.py:93} INFO - 	at scala.concurrent.impl.Promise$DefaultPromise.trySuccess(Promise.scala:187)
[2026-10-05T17:13:50.214+0000] {subprocess.py:93} INFO - 	at org.apache.spark.rpc.netty.NettyRpcEnv.onSuccess$1(NettyRpcEnv.scala:225)
[2026-10-05T17:13:50.216+0000] {subprocess.py:93} INFO - 	at org.apache.spark.rpc.netty.NettyRpcEnv.$anonfun$askAbortable$5(NettyRpcEnv.scala:239)
[2026-10-05T17:13:50.218+0000] {subprocess.py:93} INFO - 	at org.apache.spark.rpc.netty.NettyRpcEnv.$anonfun$askAbortable$5$adapted(NettyRpcEnv.scala:238)
[2026-10-05T17:13:50.219+0000] {subprocess.py:93} INFO - 	at scala.concurrent.impl.CallbackRunnable.run(Promise.scala:64)
[2026-10-05T17:13:50.221+0000] {subprocess.py:93} INFO - 	at org.apache.spark.util.ThreadUtils$$anon$1.execute(ThreadUtils.scala:99)
[2026-10-05T17:13:50.222+0000] {subprocess.py:93} INFO - 	at scala.concurrent.impl.ExecutionContextImpl$$anon$4.execute(ExecutionContextImpl.scala:138)
[2026-10-05T17:13:50.224+0000] {subprocess.py:93} INFO - 	at scala.concurrent.impl.CallbackRunnable.executeWithValue(Promise.scala:72)
[2026-10-05T17:13:50.225+0000] {subprocess.py:93} INFO - 	at scala.concurrent.impl.Promise$DefaultPromise.$anonfun$tryComplete$1(Promise.scala:288)
[2026-10-05T17:13:50.226+0000] {subprocess.py:93} INFO - 	at scala.concurrent.impl.Promise$DefaultPromise.$anonfun$tryComplete$1$adapted(Promise.scala:288)
[2026-10-05T17:13:50.227+0000] {subprocess.py:93} INFO - 	at scala.concurrent.impl.Promise$DefaultPromise.tryComplete(Promise.scala:288)
[2026-10-05T17:13:50.228+0000] {subprocess.py:93} INFO - 	at scala.concurrent.Promise.complete(Promise.scala:53)
[2026-10-05T17:13:50.229+0000] {subprocess.py:93} INFO - 	at scala.concurrent.Promise.complete$(Promise.scala:52)
[2026-10-05T17:13:50.231+0000] {subprocess.py:93} INFO - 	at scala.concurrent.impl.Promise$DefaultPromise.complete(Promise.scala:187)
[2026-10-05T17:13:50.233+0000] {subprocess.py:93} INFO - 	at scala.concurrent.Promise.success(Promise.scala:86)
[2026-10-05T17:13:50.234+0000] {subprocess.py:93} INFO - 	at scala.concurrent.Promise.success$(Promise.scala:86)
[2026-10-05T17:13:50.234+0000] {subprocess.py:93} INFO - 	at scala.concurrent.impl.Promise$DefaultPromise.success(Promise.scala:187)
[2026-10-05T17:13:50.235+0000] {subprocess.py:93} INFO - 	at org.apache.spark.rpc.netty.LocalNettyRpcCallContext.send(NettyRpcCallContext.scala:50)
[2026-10-05T17:13:50.237+0000] {subprocess.py:93} INFO - 	at org.apache.spark.rpc.netty.NettyRpcCallContext.reply(NettyRpcCallContext.scala:32)
[2026-10-05T17:13:50.238+0000] {subprocess.py:93} INFO - 	at org.apache.spark.rpc.netty.RpcEndpointVerifier$$anonfun$receiveAndReply$1.applyOrElse(RpcEndpointVerifier.scala:31)
[2026-10-05T17:13:50.239+0000] {subprocess.py:93} INFO - 	... 8 more
[2026-10-05T17:13:50.241+0000] {subprocess.py:93} INFO - 26/10/05 17:13:44 ERROR Inbox: Ignoring error
[2026-10-05T17:13:50.242+0000] {subprocess.py:93} INFO - org.apache.spark.SparkException: Exception thrown in awaitResult:
[2026-10-05T17:13:50.243+0000] {subprocess.py:93} INFO - 	at org.apache.spark.util.SparkThreadUtils$.awaitResult(SparkThreadUtils.scala:56)
[2026-10-05T17:13:50.245+0000] {subprocess.py:93} INFO - 	at org.apache.spark.util.ThreadUtils$.awaitResult(ThreadUtils.scala:310)
[2026-10-05T17:13:50.246+0000] {subprocess.py:93} INFO - 	at org.apache.spark.rpc.RpcTimeout.awaitResult(RpcTimeout.scala:75)
[2026-10-05T17:13:50.247+0000] {subprocess.py:93} INFO - 	at org.apache.spark.rpc.RpcEnv.setupEndpointRefByURI(RpcEnv.scala:102)
[2026-10-05T17:13:50.249+0000] {subprocess.py:93} INFO - 	at org.apache.spark.rpc.RpcEnv.setupEndpointRef(RpcEnv.scala:110)
[2026-10-05T17:13:50.251+0000] {subprocess.py:93} INFO - 	at org.apache.spark.util.RpcUtils$.makeDriverRef(RpcUtils.scala:36)
[2026-10-05T17:13:50.251+0000] {subprocess.py:93} INFO - 	at org.apache.spark.storage.BlockManagerMasterEndpoint.driverEndpoint$lzycompute(BlockManagerMasterEndpoint.scala:124)
[2026-10-05T17:13:50.253+0000] {subprocess.py:93} INFO - 	at org.apache.spark.storage.BlockManagerMasterEndpoint.org$apache$spark$storage$BlockManagerMasterEndpoint$$driverEndpoint(BlockManagerMasterEndpoint.scala:123)
[2026-10-05T17:13:50.254+0000] {subprocess.py:93} INFO - 	at org.apache.spark.storage.BlockManagerMasterEndpoint.isExecutorAlive$lzycompute$1(BlockManagerMasterEndpoint.scala:688)
[2026-10-05T17:13:50.256+0000] {subprocess.py:93} INFO - 	at org.apache.spark.storage.BlockManagerMasterEndpoint.isExecutorAlive$1(BlockManagerMasterEndpoint.scala:687)
[2026-10-05T17:13:50.257+0000] {subprocess.py:93} INFO - 	at org.apache.spark.storage.BlockManagerMasterEndpoint.org$apache$spark$storage$BlockManagerMasterEndpoint$$register(BlockManagerMasterEndpoint.scala:725)
[2026-10-05T17:13:50.258+0000] {subprocess.py:93} INFO - 	at org.apache.spark.storage.BlockManagerMasterEndpoint$$anonfun$receiveAndReply$1.applyOrElse(BlockManagerMasterEndpoint.scala:133)
[2026-10-05T17:13:50.259+0000] {subprocess.py:93} INFO - 	at org.apache.spark.rpc.netty.Inbox.$anonfun$process$1(Inbox.scala:103)
[2026-10-05T17:13:50.260+0000] {subprocess.py:93} INFO - 	at org.apache.spark.rpc.netty.Inbox.safelyCall(Inbox.scala:213)
[2026-10-05T17:13:50.262+0000] {subprocess.py:93} INFO - 	at org.apache.spark.rpc.netty.Inbox.process(Inbox.scala:100)
[2026-10-05T17:13:50.263+0000] {subprocess.py:93} INFO - 	at org.apache.spark.rpc.netty.MessageLoop.org$apache$spark$rpc$netty$MessageLoop$$receiveLoop(MessageLoop.scala:75)
[2026-10-05T17:13:50.264+0000] {subprocess.py:93} INFO - 	at org.apache.spark.rpc.netty.MessageLoop$$anon$1.run(MessageLoop.scala:41)
[2026-10-05T17:13:50.266+0000] {subprocess.py:93} INFO - 	at java.base/java.util.concurrent.ThreadPoolExecutor.runWorker(Unknown Source)
[2026-10-05T17:13:50.267+0000] {subprocess.py:93} INFO - 	at java.base/java.util.concurrent.ThreadPoolExecutor$Worker.run(Unknown Source)
[2026-10-05T17:13:50.269+0000] {subprocess.py:93} INFO - 	at java.base/java.lang.Thread.run(Unknown Source)
[2026-10-05T17:13:50.270+0000] {subprocess.py:93} INFO - Caused by: org.apache.spark.rpc.RpcEndpointNotFoundException: Cannot find endpoint: spark://CoarseGrainedScheduler@d2c30ec5c415:45737
[2026-10-05T17:13:50.271+0000] {subprocess.py:93} INFO - 	at org.apache.spark.rpc.netty.NettyRpcEnv.$anonfun$asyncSetupEndpointRefByURI$1(NettyRpcEnv.scala:148)
[2026-10-05T17:13:50.272+0000] {subprocess.py:93} INFO - 	at org.apache.spark.rpc.netty.NettyRpcEnv.$anonfun$asyncSetupEndpointRefByURI$1$adapted(NettyRpcEnv.scala:144)
[2026-10-05T17:13:50.273+0000] {subprocess.py:93} INFO - 	at scala.concurrent.Future.$anonfun$flatMap$1(Future.scala:307)
[2026-10-05T17:13:50.274+0000] {subprocess.py:93} INFO - 	at scala.concurrent.impl.Promise.$anonfun$transformWith$1(Promise.scala:41)
[2026-10-05T17:13:50.275+0000] {subprocess.py:93} INFO - 	at scala.concurrent.impl.CallbackRunnable.run(Promise.scala:64)
[2026-10-05T17:13:50.276+0000] {subprocess.py:93} INFO - 	at org.apache.spark.util.ThreadUtils$$anon$1.execute(ThreadUtils.scala:99)
[2026-10-05T17:13:50.276+0000] {subprocess.py:93} INFO - 	at scala.concurrent.impl.ExecutionContextImpl$$anon$4.execute(ExecutionContextImpl.scala:138)
[2026-10-05T17:13:50.277+0000] {subprocess.py:93} INFO - 	at scala.concurrent.impl.CallbackRunnable.executeWithValue(Promise.scala:72)
[2026-10-05T17:13:50.278+0000] {subprocess.py:93} INFO - 	at scala.concurrent.impl.Promise$DefaultPromise.$anonfun$tryComplete$1(Promise.scala:288)
[2026-10-05T17:13:50.279+0000] {subprocess.py:93} INFO - 	at scala.concurrent.impl.Promise$DefaultPromise.$anonfun$tryComplete$1$adapted(Promise.scala:288)
[2026-10-05T17:13:50.281+0000] {subprocess.py:93} INFO - 	at scala.concurrent.impl.Promise$DefaultPromise.tryComplete(Promise.scala:288)
[2026-10-05T17:13:50.282+0000] {subprocess.py:93} INFO - 	at scala.concurrent.Promise.complete(Promise.scala:53)
[2026-10-05T17:13:50.284+0000] {subprocess.py:93} INFO - 	at scala.concurrent.Promise.complete$(Promise.scala:52)
[2026-10-05T17:13:50.285+0000] {subprocess.py:93} INFO - 	at scala.concurrent.impl.Promise$DefaultPromise.complete(Promise.scala:187)
[2026-10-05T17:13:50.285+0000] {subprocess.py:93} INFO - 	at scala.concurrent.impl.Promise.$anonfun$transform$1(Promise.scala:33)
[2026-10-05T17:13:50.287+0000] {subprocess.py:93} INFO - 	at scala.concurrent.impl.CallbackRunnable.run(Promise.scala:64)
[2026-10-05T17:13:50.288+0000] {subprocess.py:93} INFO - 	at org.apache.spark.util.ThreadUtils$$anon$1.execute(ThreadUtils.scala:99)
[2026-10-05T17:13:50.290+0000] {subprocess.py:93} INFO - 	at scala.concurrent.impl.ExecutionContextImpl$$anon$4.execute(ExecutionContextImpl.scala:138)
[2026-10-05T17:13:50.292+0000] {subprocess.py:93} INFO - 	at scala.concurrent.impl.CallbackRunnable.executeWithValue(Promise.scala:72)
[2026-10-05T17:13:50.294+0000] {subprocess.py:93} INFO - 	at scala.concurrent.impl.Promise$DefaultPromise.$anonfun$tryComplete$1(Promise.scala:288)
[2026-10-05T17:13:50.296+0000] {subprocess.py:93} INFO - 	at scala.concurrent.impl.Promise$DefaultPromise.$anonfun$tryComplete$1$adapted(Promise.scala:288)
[2026-10-05T17:13:50.297+0000] {subprocess.py:93} INFO - 	at scala.concurrent.impl.Promise$DefaultPromise.tryComplete(Promise.scala:288)
[2026-10-05T17:13:50.298+0000] {subprocess.py:93} INFO - 	at scala.concurrent.Promise.complete(Promise.scala:53)
[2026-10-05T17:13:50.299+0000] {subprocess.py:93} INFO - 	at scala.concurrent.Promise.complete$(Promise.scala:52)
[2026-10-05T17:13:50.300+0000] {subprocess.py:93} INFO - 	at scala.concurrent.impl.Promise$DefaultPromise.complete(Promise.scala:187)
[2026-10-05T17:13:50.301+0000] {subprocess.py:93} INFO - 	at scala.concurrent.impl.Promise.$anonfun$transform$1(Promise.scala:33)
[2026-10-05T17:13:50.302+0000] {subprocess.py:93} INFO - 	at scala.concurrent.impl.CallbackRunnable.run(Promise.scala:64)
[2026-10-05T17:13:50.303+0000] {subprocess.py:93} INFO - 	at scala.concurrent.BatchingExecutor$Batch.processBatch$1(BatchingExecutor.scala:67)
[2026-10-05T17:13:50.305+0000] {subprocess.py:93} INFO - 	at scala.concurrent.BatchingExecutor$Batch.$anonfun$run$1(BatchingExecutor.scala:82)
[2026-10-05T17:13:50.306+0000] {subprocess.py:93} INFO - 	at scala.runtime.java8.JFunction0$mcV$sp.apply(JFunction0$mcV$sp.java:23)
[2026-10-05T17:13:50.307+0000] {subprocess.py:93} INFO - 	at scala.concurrent.BlockContext$.withBlockContext(BlockContext.scala:85)
[2026-10-05T17:13:50.308+0000] {subprocess.py:93} INFO - 	at scala.concurrent.BatchingExecutor$Batch.run(BatchingExecutor.scala:59)
[2026-10-05T17:13:50.310+0000] {subprocess.py:93} INFO - 	at scala.concurrent.Future$InternalCallbackExecutor$.unbatchedExecute(Future.scala:875)
[2026-10-05T17:13:50.311+0000] {subprocess.py:93} INFO - 	at scala.concurrent.BatchingExecutor.execute(BatchingExecutor.scala:110)
[2026-10-05T17:13:50.312+0000] {subprocess.py:93} INFO - 	at scala.concurrent.BatchingExecutor.execute$(BatchingExecutor.scala:107)
[2026-10-05T17:13:50.314+0000] {subprocess.py:93} INFO - 	at scala.concurrent.Future$InternalCallbackExecutor$.execute(Future.scala:873)
[2026-10-05T17:13:50.315+0000] {subprocess.py:93} INFO - 	at scala.concurrent.impl.CallbackRunnable.executeWithValue(Promise.scala:72)
[2026-10-05T17:13:50.316+0000] {subprocess.py:93} INFO - 	at scala.concurrent.impl.Promise$DefaultPromise.$anonfun$tryComplete$1(Promise.scala:288)
[2026-10-05T17:13:50.318+0000] {subprocess.py:93} INFO - 	at scala.concurrent.impl.Promise$DefaultPromise.$anonfun$tryComplete$1$adapted(Promise.scala:288)
[2026-10-05T17:13:50.319+0000] {subprocess.py:93} INFO - 	at scala.concurrent.impl.Promise$DefaultPromise.tryComplete(Promise.scala:288)
[2026-10-05T17:13:50.321+0000] {subprocess.py:93} INFO - 	at scala.concurrent.Promise.trySuccess(Promise.scala:94)
[2026-10-05T17:13:50.322+0000] {subprocess.py:93} INFO - 	at scala.concurrent.Promise.trySuccess$(Promise.scala:94)
[2026-10-05T17:13:50.324+0000] {subprocess.py:93} INFO - 	at scala.concurrent.impl.Promise$DefaultPromise.trySuccess(Promise.scala:187)
[2026-10-05T17:13:50.326+0000] {subprocess.py:93} INFO - 	at org.apache.spark.rpc.netty.NettyRpcEnv.onSuccess$1(NettyRpcEnv.scala:225)
[2026-10-05T17:13:50.327+0000] {subprocess.py:93} INFO - 	at org.apache.spark.rpc.netty.NettyRpcEnv.$anonfun$askAbortable$5(NettyRpcEnv.scala:239)
[2026-10-05T17:13:50.329+0000] {subprocess.py:93} INFO - 	at org.apache.spark.rpc.netty.NettyRpcEnv.$anonfun$askAbortable$5$adapted(NettyRpcEnv.scala:238)
[2026-10-05T17:13:50.331+0000] {subprocess.py:93} INFO - 	at scala.concurrent.impl.CallbackRunnable.run(Promise.scala:64)
[2026-10-05T17:13:50.332+0000] {subprocess.py:93} INFO - 	at org.apache.spark.util.ThreadUtils$$anon$1.execute(ThreadUtils.scala:99)
[2026-10-05T17:13:50.333+0000] {subprocess.py:93} INFO - 	at scala.concurrent.impl.ExecutionContextImpl$$anon$4.execute(ExecutionContextImpl.scala:138)
[2026-10-05T17:13:50.335+0000] {subprocess.py:93} INFO - 	at scala.concurrent.impl.CallbackRunnable.executeWithValue(Promise.scala:72)
[2026-10-05T17:13:50.337+0000] {subprocess.py:93} INFO - 	at scala.concurrent.impl.Promise$DefaultPromise.$anonfun$tryComplete$1(Promise.scala:288)
[2026-10-05T17:13:50.339+0000] {subprocess.py:93} INFO - 	at scala.concurrent.impl.Promise$DefaultPromise.$anonfun$tryComplete$1$adapted(Promise.scala:288)
[2026-10-05T17:13:50.340+0000] {subprocess.py:93} INFO - 	at scala.concurrent.impl.Promise$DefaultPromise.tryComplete(Promise.scala:288)
[2026-10-05T17:13:50.341+0000] {subprocess.py:93} INFO - 	at scala.concurrent.Promise.complete(Promise.scala:53)
[2026-10-05T17:13:50.343+0000] {subprocess.py:93} INFO - 	at scala.concurrent.Promise.complete$(Promise.scala:52)
[2026-10-05T17:13:50.345+0000] {subprocess.py:93} INFO - 	at scala.concurrent.impl.Promise$DefaultPromise.complete(Promise.scala:187)
[2026-10-05T17:13:50.346+0000] {subprocess.py:93} INFO - 	at scala.concurrent.Promise.success(Promise.scala:86)
[2026-10-05T17:13:50.347+0000] {subprocess.py:93} INFO - 	at scala.concurrent.Promise.success$(Promise.scala:86)
[2026-10-05T17:13:50.349+0000] {subprocess.py:93} INFO - 	at scala.concurrent.impl.Promise$DefaultPromise.success(Promise.scala:187)
[2026-10-05T17:13:50.350+0000] {subprocess.py:93} INFO - 	at org.apache.spark.rpc.netty.LocalNettyRpcCallContext.send(NettyRpcCallContext.scala:50)
[2026-10-05T17:13:50.352+0000] {subprocess.py:93} INFO - 	at org.apache.spark.rpc.netty.NettyRpcCallContext.reply(NettyRpcCallContext.scala:32)
[2026-10-05T17:13:50.354+0000] {subprocess.py:93} INFO - 	at org.apache.spark.rpc.netty.RpcEndpointVerifier$$anonfun$receiveAndReply$1.applyOrElse(RpcEndpointVerifier.scala:31)
[2026-10-05T17:13:50.357+0000] {subprocess.py:93} INFO - 	... 8 more
[2026-10-05T17:13:50.359+0000] {subprocess.py:93} INFO - 26/10/05 17:13:45 ERROR Inbox: Ignoring error
[2026-10-05T17:13:50.362+0000] {subprocess.py:93} INFO - org.apache.spark.SparkException: Exception thrown in awaitResult:
[2026-10-05T17:13:50.364+0000] {subprocess.py:93} INFO - 	at org.apache.spark.util.SparkThreadUtils$.awaitResult(SparkThreadUtils.scala:56)
[2026-10-05T17:13:50.365+0000] {subprocess.py:93} INFO - 	at org.apache.spark.util.ThreadUtils$.awaitResult(ThreadUtils.scala:310)
[2026-10-05T17:13:50.366+0000] {subprocess.py:93} INFO - 	at org.apache.spark.rpc.RpcTimeout.awaitResult(RpcTimeout.scala:75)
[2026-10-05T17:13:50.368+0000] {subprocess.py:93} INFO - 	at org.apache.spark.rpc.RpcEnv.setupEndpointRefByURI(RpcEnv.scala:102)
[2026-10-05T17:13:50.370+0000] {subprocess.py:93} INFO - 	at org.apache.spark.rpc.RpcEnv.setupEndpointRef(RpcEnv.scala:110)
[2026-10-05T17:13:50.371+0000] {subprocess.py:93} INFO - 	at org.apache.spark.util.RpcUtils$.makeDriverRef(RpcUtils.scala:36)
[2026-10-05T17:13:50.373+0000] {subprocess.py:93} INFO - 	at org.apache.spark.storage.BlockManagerMasterEndpoint.driverEndpoint$lzycompute(BlockManagerMasterEndpoint.scala:124)
[2026-10-05T17:13:50.374+0000] {subprocess.py:93} INFO - 	at org.apache.spark.storage.BlockManagerMasterEndpoint.org$apache$spark$storage$BlockManagerMasterEndpoint$$driverEndpoint(BlockManagerMasterEndpoint.scala:123)
[2026-10-05T17:13:50.375+0000] {subprocess.py:93} INFO - 	at org.apache.spark.storage.BlockManagerMasterEndpoint.isExecutorAlive$lzycompute$1(BlockManagerMasterEndpoint.scala:688)
[2026-10-05T17:13:50.376+0000] {subprocess.py:93} INFO - 	at org.apache.spark.storage.BlockManagerMasterEndpoint.isExecutorAlive$1(BlockManagerMasterEndpoint.scala:687)
[2026-10-05T17:13:50.378+0000] {subprocess.py:93} INFO - 	at org.apache.spark.storage.BlockManagerMasterEndpoint.org$apache$spark$storage$BlockManagerMasterEndpoint$$register(BlockManagerMasterEndpoint.scala:725)
[2026-10-05T17:13:50.379+0000] {subprocess.py:93} INFO - 	at org.apache.spark.storage.BlockManagerMasterEndpoint$$anonfun$receiveAndReply$1.applyOrElse(BlockManagerMasterEndpoint.scala:133)
[2026-10-05T17:13:50.381+0000] {subprocess.py:93} INFO - 	at org.apache.spark.rpc.netty.Inbox.$anonfun$process$1(Inbox.scala:103)
[2026-10-05T17:13:50.382+0000] {subprocess.py:93} INFO - 	at org.apache.spark.rpc.netty.Inbox.safelyCall(Inbox.scala:213)
[2026-10-05T17:13:50.383+0000] {subprocess.py:93} INFO - 	at org.apache.spark.rpc.netty.Inbox.process(Inbox.scala:100)
[2026-10-05T17:13:50.384+0000] {subprocess.py:93} INFO - 	at org.apache.spark.rpc.netty.MessageLoop.org$apache$spark$rpc$netty$MessageLoop$$receiveLoop(MessageLoop.scala:75)
[2026-10-05T17:13:50.387+0000] {subprocess.py:93} INFO - 	at org.apache.spark.rpc.netty.MessageLoop$$anon$1.run(MessageLoop.scala:41)
[2026-10-05T17:13:50.388+0000] {subprocess.py:93} INFO - 	at java.base/java.util.concurrent.ThreadPoolExecutor.runWorker(Unknown Source)
[2026-10-05T17:13:50.390+0000] {subprocess.py:93} INFO - 	at java.base/java.util.concurrent.ThreadPoolExecutor$Worker.run(Unknown Source)
[2026-10-05T17:13:50.391+0000] {subprocess.py:93} INFO - 	at java.base/java.lang.Thread.run(Unknown Source)
[2026-10-05T17:13:50.392+0000] {subprocess.py:93} INFO - Caused by: org.apache.spark.rpc.RpcEndpointNotFoundException: Cannot find endpoint: spark://CoarseGrainedScheduler@d2c30ec5c415:45737
[2026-10-05T17:13:50.395+0000] {subprocess.py:93} INFO - 	at org.apache.spark.rpc.netty.NettyRpcEnv.$anonfun$asyncSetupEndpointRefByURI$1(NettyRpcEnv.scala:148)
[2026-10-05T17:13:50.397+0000] {subprocess.py:93} INFO - 	at org.apache.spark.rpc.netty.NettyRpcEnv.$anonfun$asyncSetupEndpointRefByURI$1$adapted(NettyRpcEnv.scala:144)
[2026-10-05T17:13:50.399+0000] {subprocess.py:93} INFO - 	at scala.concurrent.Future.$anonfun$flatMap$1(Future.scala:307)
[2026-10-05T17:13:50.400+0000] {subprocess.py:93} INFO - 	at scala.concurrent.impl.Promise.$anonfun$transformWith$1(Promise.scala:41)
[2026-10-05T17:13:50.402+0000] {subprocess.py:93} INFO - 	at scala.concurrent.impl.CallbackRunnable.run(Promise.scala:64)
[2026-10-05T17:13:50.403+0000] {subprocess.py:93} INFO - 	at org.apache.spark.util.ThreadUtils$$anon$1.execute(ThreadUtils.scala:99)
[2026-10-05T17:13:50.404+0000] {subprocess.py:93} INFO - 	at scala.concurrent.impl.ExecutionContextImpl$$anon$4.execute(ExecutionContextImpl.scala:138)
[2026-10-05T17:13:50.406+0000] {subprocess.py:93} INFO - 	at scala.concurrent.impl.CallbackRunnable.executeWithValue(Promise.scala:72)
[2026-10-05T17:13:50.407+0000] {subprocess.py:93} INFO - 	at scala.concurrent.impl.Promise$DefaultPromise.dispatchOrAddCallback(Promise.scala:316)
[2026-10-05T17:13:50.408+0000] {subprocess.py:93} INFO - 	at scala.concurrent.impl.Promise$DefaultPromise.onComplete(Promise.scala:307)
[2026-10-05T17:13:50.409+0000] {subprocess.py:93} INFO - 	at scala.concurrent.impl.Promise.transformWith(Promise.scala:40)
[2026-10-05T17:13:50.410+0000] {subprocess.py:93} INFO - 	at scala.concurrent.impl.Promise.transformWith$(Promise.scala:38)
[2026-10-05T17:13:50.412+0000] {subprocess.py:93} INFO - 	at scala.concurrent.impl.Promise$DefaultPromise.transformWith(Promise.scala:187)
[2026-10-05T17:13:50.414+0000] {subprocess.py:93} INFO - 	at scala.concurrent.Future.flatMap(Future.scala:306)
[2026-10-05T17:13:50.416+0000] {subprocess.py:93} INFO - 	at scala.concurrent.Future.flatMap$(Future.scala:306)
[2026-10-05T17:13:50.417+0000] {subprocess.py:93} INFO - 	at scala.concurrent.impl.Promise$DefaultPromise.flatMap(Promise.scala:187)
[2026-10-05T17:13:50.418+0000] {subprocess.py:93} INFO - 	at org.apache.spark.rpc.netty.NettyRpcEnv.asyncSetupEndpointRefByURI(NettyRpcEnv.scala:150)
[2026-10-05T17:13:50.421+0000] {subprocess.py:93} INFO - 	... 17 more
[2026-10-05T17:13:50.423+0000] {subprocess.py:93} INFO - 26/10/05 17:13:45 WARN Executor: Issue communicating with driver in heartbeater
[2026-10-05T17:13:50.424+0000] {subprocess.py:93} INFO - org.apache.spark.SparkException: Exception thrown in awaitResult:
[2026-10-05T17:13:50.426+0000] {subprocess.py:93} INFO - 	at org.apache.spark.util.SparkThreadUtils$.awaitResult(SparkThreadUtils.scala:56)
[2026-10-05T17:13:50.428+0000] {subprocess.py:93} INFO - 	at org.apache.spark.util.ThreadUtils$.awaitResult(ThreadUtils.scala:310)
[2026-10-05T17:13:50.429+0000] {subprocess.py:93} INFO - 	at org.apache.spark.rpc.RpcTimeout.awaitResult(RpcTimeout.scala:75)
[2026-10-05T17:13:50.431+0000] {subprocess.py:93} INFO - 	at org.apache.spark.rpc.RpcEndpointRef.askSync(RpcEndpointRef.scala:101)
[2026-10-05T17:13:50.432+0000] {subprocess.py:93} INFO - 	at org.apache.spark.rpc.RpcEndpointRef.askSync(RpcEndpointRef.scala:85)
[2026-10-05T17:13:50.434+0000] {subprocess.py:93} INFO - 	at org.apache.spark.storage.BlockManagerMaster.registerBlockManager(BlockManagerMaster.scala:80)
[2026-10-05T17:13:50.435+0000] {subprocess.py:93} INFO - 	at org.apache.spark.storage.BlockManager.reregister(BlockManager.scala:642)
[2026-10-05T17:13:50.437+0000] {subprocess.py:93} INFO - 	at org.apache.spark.executor.Executor.reportHeartBeat(Executor.scala:1223)
[2026-10-05T17:13:50.439+0000] {subprocess.py:93} INFO - 	at org.apache.spark.executor.Executor.$anonfun$heartbeater$1(Executor.scala:295)
[2026-10-05T17:13:50.442+0000] {subprocess.py:93} INFO - 	at scala.runtime.java8.JFunction0$mcV$sp.apply(JFunction0$mcV$sp.java:23)
[2026-10-05T17:13:50.443+0000] {subprocess.py:93} INFO - 	at org.apache.spark.util.Utils$.logUncaughtExceptions(Utils.scala:1928)
[2026-10-05T17:13:50.445+0000] {subprocess.py:93} INFO - 	at org.apache.spark.Heartbeater$$anon$1.run(Heartbeater.scala:46)
[2026-10-05T17:13:50.447+0000] {subprocess.py:93} INFO - 	at java.base/java.util.concurrent.Executors$RunnableAdapter.call(Unknown Source)
[2026-10-05T17:13:50.449+0000] {subprocess.py:93} INFO - 	at java.base/java.util.concurrent.FutureTask.runAndReset(Unknown Source)
[2026-10-05T17:13:50.451+0000] {subprocess.py:93} INFO - 	at java.base/java.util.concurrent.ScheduledThreadPoolExecutor$ScheduledFutureTask.run(Unknown Source)
[2026-10-05T17:13:50.452+0000] {subprocess.py:93} INFO - 	at java.base/java.util.concurrent.ThreadPoolExecutor.runWorker(Unknown Source)
[2026-10-05T17:13:50.453+0000] {subprocess.py:93} INFO - 	at java.base/java.util.concurrent.ThreadPoolExecutor$Worker.run(Unknown Source)
[2026-10-05T17:13:50.454+0000] {subprocess.py:93} INFO - 	at java.base/java.lang.Thread.run(Unknown Source)
[2026-10-05T17:13:50.456+0000] {subprocess.py:93} INFO - Caused by: org.apache.spark.SparkException: Exception thrown in awaitResult:
[2026-10-05T17:13:50.459+0000] {subprocess.py:93} INFO - 	at org.apache.spark.util.SparkThreadUtils$.awaitResult(SparkThreadUtils.scala:56)
[2026-10-05T17:13:50.460+0000] {subprocess.py:93} INFO - 	at org.apache.spark.util.ThreadUtils$.awaitResult(ThreadUtils.scala:310)
[2026-10-05T17:13:50.462+0000] {subprocess.py:93} INFO - 	at org.apache.spark.rpc.RpcTimeout.awaitResult(RpcTimeout.scala:75)
[2026-10-05T17:13:50.464+0000] {subprocess.py:93} INFO - 	at org.apache.spark.rpc.RpcEnv.setupEndpointRefByURI(RpcEnv.scala:102)
[2026-10-05T17:13:50.466+0000] {subprocess.py:93} INFO - 	at org.apache.spark.rpc.RpcEnv.setupEndpointRef(RpcEnv.scala:110)
[2026-10-05T17:13:50.468+0000] {subprocess.py:93} INFO - 	at org.apache.spark.util.RpcUtils$.makeDriverRef(RpcUtils.scala:36)
[2026-10-05T17:13:50.470+0000] {subprocess.py:93} INFO - 	at org.apache.spark.storage.BlockManagerMasterEndpoint.driverEndpoint$lzycompute(BlockManagerMasterEndpoint.scala:124)
[2026-10-05T17:13:50.472+0000] {subprocess.py:93} INFO - 	at org.apache.spark.storage.BlockManagerMasterEndpoint.org$apache$spark$storage$BlockManagerMasterEndpoint$$driverEndpoint(BlockManagerMasterEndpoint.scala:123)
[2026-10-05T17:13:50.473+0000] {subprocess.py:93} INFO - 	at org.apache.spark.storage.BlockManagerMasterEndpoint.isExecutorAlive$lzycompute$1(BlockManagerMasterEndpoint.scala:688)
[2026-10-05T17:13:50.475+0000] {subprocess.py:93} INFO - 	at org.apache.spark.storage.BlockManagerMasterEndpoint.isExecutorAlive$1(BlockManagerMasterEndpoint.scala:687)
[2026-10-05T17:13:50.476+0000] {subprocess.py:93} INFO - 	at org.apache.spark.storage.BlockManagerMasterEndpoint.org$apache$spark$storage$BlockManagerMasterEndpoint$$register(BlockManagerMasterEndpoint.scala:725)
[2026-10-05T17:13:50.478+0000] {subprocess.py:93} INFO - 	at org.apache.spark.storage.BlockManagerMasterEndpoint$$anonfun$receiveAndReply$1.applyOrElse(BlockManagerMasterEndpoint.scala:133)
[2026-10-05T17:13:50.480+0000] {subprocess.py:93} INFO - 	at org.apache.spark.rpc.netty.Inbox.$anonfun$process$1(Inbox.scala:103)
[2026-10-05T17:13:50.482+0000] {subprocess.py:93} INFO - 	at org.apache.spark.rpc.netty.Inbox.safelyCall(Inbox.scala:213)
[2026-10-05T17:13:50.484+0000] {subprocess.py:93} INFO - 	at org.apache.spark.rpc.netty.Inbox.process(Inbox.scala:100)
[2026-10-05T17:13:50.487+0000] {subprocess.py:93} INFO - 	at org.apache.spark.rpc.netty.MessageLoop.org$apache$spark$rpc$netty$MessageLoop$$receiveLoop(MessageLoop.scala:75)
[2026-10-05T17:13:50.488+0000] {subprocess.py:93} INFO - 	at org.apache.spark.rpc.netty.MessageLoop$$anon$1.run(MessageLoop.scala:41)
[2026-10-05T17:13:50.490+0000] {subprocess.py:93} INFO - 	... 3 more
[2026-10-05T17:13:50.491+0000] {subprocess.py:93} INFO - Caused by: org.apache.spark.rpc.RpcEndpointNotFoundException: Cannot find endpoint: spark://CoarseGrainedScheduler@d2c30ec5c415:45737
[2026-10-05T17:13:50.493+0000] {subprocess.py:93} INFO - 	at org.apache.spark.rpc.netty.NettyRpcEnv.$anonfun$asyncSetupEndpointRefByURI$1(NettyRpcEnv.scala:148)
[2026-10-05T17:13:50.495+0000] {subprocess.py:93} INFO - 	at org.apache.spark.rpc.netty.NettyRpcEnv.$anonfun$asyncSetupEndpointRefByURI$1$adapted(NettyRpcEnv.scala:144)
[2026-10-05T17:13:50.497+0000] {subprocess.py:93} INFO - 	at scala.concurrent.Future.$anonfun$flatMap$1(Future.scala:307)
[2026-10-05T17:13:50.498+0000] {subprocess.py:93} INFO - 	at scala.concurrent.impl.Promise.$anonfun$transformWith$1(Promise.scala:41)
[2026-10-05T17:13:50.500+0000] {subprocess.py:93} INFO - 	at scala.concurrent.impl.CallbackRunnable.run(Promise.scala:64)
[2026-10-05T17:13:50.502+0000] {subprocess.py:93} INFO - 	at org.apache.spark.util.ThreadUtils$$anon$1.execute(ThreadUtils.scala:99)
[2026-10-05T17:13:50.504+0000] {subprocess.py:93} INFO - 	at scala.concurrent.impl.ExecutionContextImpl$$anon$4.execute(ExecutionContextImpl.scala:138)
[2026-10-05T17:13:50.506+0000] {subprocess.py:93} INFO - 	at scala.concurrent.impl.CallbackRunnable.executeWithValue(Promise.scala:72)
[2026-10-05T17:13:50.507+0000] {subprocess.py:93} INFO - 	at scala.concurrent.impl.Promise$DefaultPromise.dispatchOrAddCallback(Promise.scala:316)
[2026-10-05T17:13:50.509+0000] {subprocess.py:93} INFO - 	at scala.concurrent.impl.Promise$DefaultPromise.onComplete(Promise.scala:307)
[2026-10-05T17:13:50.511+0000] {subprocess.py:93} INFO - 	at scala.concurrent.impl.Promise.transformWith(Promise.scala:40)
[2026-10-05T17:13:50.513+0000] {subprocess.py:93} INFO - 	at scala.concurrent.impl.Promise.transformWith$(Promise.scala:38)
[2026-10-05T17:13:50.516+0000] {subprocess.py:93} INFO - 	at scala.concurrent.impl.Promise$DefaultPromise.transformWith(Promise.scala:187)
[2026-10-05T17:13:50.518+0000] {subprocess.py:93} INFO - 	at scala.concurrent.Future.flatMap(Future.scala:306)
[2026-10-05T17:13:50.520+0000] {subprocess.py:93} INFO - 	at scala.concurrent.Future.flatMap$(Future.scala:306)
[2026-10-05T17:13:50.522+0000] {subprocess.py:93} INFO - 	at scala.concurrent.impl.Promise$DefaultPromise.flatMap(Promise.scala:187)
[2026-10-05T17:13:50.524+0000] {subprocess.py:93} INFO - 	at org.apache.spark.rpc.netty.NettyRpcEnv.asyncSetupEndpointRefByURI(NettyRpcEnv.scala:150)
[2026-10-05T17:13:50.525+0000] {subprocess.py:93} INFO - 	... 17 more
[2026-10-05T17:13:50.526+0000] {subprocess.py:93} INFO - 26/10/05 17:13:45 ERROR Inbox: Ignoring error
[2026-10-05T17:13:50.528+0000] {subprocess.py:93} INFO - org.apache.spark.SparkException: Exception thrown in awaitResult:
[2026-10-05T17:13:50.530+0000] {subprocess.py:93} INFO - 	at org.apache.spark.util.SparkThreadUtils$.awaitResult(SparkThreadUtils.scala:56)
[2026-10-05T17:13:50.532+0000] {subprocess.py:93} INFO - 	at org.apache.spark.util.ThreadUtils$.awaitResult(ThreadUtils.scala:310)
[2026-10-05T17:13:50.532+0000] {subprocess.py:93} INFO - 	at org.apache.spark.rpc.RpcTimeout.awaitResult(RpcTimeout.scala:75)
[2026-10-05T17:13:50.533+0000] {subprocess.py:93} INFO - 	at org.apache.spark.rpc.RpcEnv.setupEndpointRefByURI(RpcEnv.scala:102)
[2026-10-05T17:13:50.534+0000] {subprocess.py:93} INFO - 	at org.apache.spark.rpc.RpcEnv.setupEndpointRef(RpcEnv.scala:110)
[2026-10-05T17:13:50.535+0000] {subprocess.py:93} INFO - 	at org.apache.spark.util.RpcUtils$.makeDriverRef(RpcUtils.scala:36)
[2026-10-05T17:13:50.536+0000] {subprocess.py:93} INFO - 	at org.apache.spark.storage.BlockManagerMasterEndpoint.driverEndpoint$lzycompute(BlockManagerMasterEndpoint.scala:124)
[2026-10-05T17:13:50.537+0000] {subprocess.py:93} INFO - 	at org.apache.spark.storage.BlockManagerMasterEndpoint.org$apache$spark$storage$BlockManagerMasterEndpoint$$driverEndpoint(BlockManagerMasterEndpoint.scala:123)
[2026-10-05T17:13:50.539+0000] {subprocess.py:93} INFO - 	at org.apache.spark.storage.BlockManagerMasterEndpoint.isExecutorAlive$lzycompute$1(BlockManagerMasterEndpoint.scala:688)
[2026-10-05T17:13:50.539+0000] {subprocess.py:93} INFO - 	at org.apache.spark.storage.BlockManagerMasterEndpoint.isExecutorAlive$1(BlockManagerMasterEndpoint.scala:687)
[2026-10-05T17:13:50.540+0000] {subprocess.py:93} INFO - 	at org.apache.spark.storage.BlockManagerMasterEndpoint.org$apache$spark$storage$BlockManagerMasterEndpoint$$register(BlockManagerMasterEndpoint.scala:725)
[2026-10-05T17:13:50.541+0000] {subprocess.py:93} INFO - 	at org.apache.spark.storage.BlockManagerMasterEndpoint$$anonfun$receiveAndReply$1.applyOrElse(BlockManagerMasterEndpoint.scala:133)
[2026-10-05T17:13:50.542+0000] {subprocess.py:93} INFO - 	at org.apache.spark.rpc.netty.Inbox.$anonfun$process$1(Inbox.scala:103)
[2026-10-05T17:13:50.542+0000] {subprocess.py:93} INFO - 	at org.apache.spark.rpc.netty.Inbox.safelyCall(Inbox.scala:213)
[2026-10-05T17:13:50.544+0000] {subprocess.py:93} INFO - 	at org.apache.spark.rpc.netty.Inbox.process(Inbox.scala:100)
[2026-10-05T17:13:50.546+0000] {subprocess.py:93} INFO - 	at org.apache.spark.rpc.netty.MessageLoop.org$apache$spark$rpc$netty$MessageLoop$$receiveLoop(MessageLoop.scala:75)
[2026-10-05T17:13:50.547+0000] {subprocess.py:93} INFO - 	at org.apache.spark.rpc.netty.MessageLoop$$anon$1.run(MessageLoop.scala:41)
[2026-10-05T17:13:50.549+0000] {subprocess.py:93} INFO - 	at java.base/java.util.concurrent.ThreadPoolExecutor.runWorker(Unknown Source)
[2026-10-05T17:13:50.551+0000] {subprocess.py:93} INFO - 	at java.base/java.util.concurrent.ThreadPoolExecutor$Worker.run(Unknown Source)
[2026-10-05T17:13:50.554+0000] {subprocess.py:93} INFO - 	at java.base/java.lang.Thread.run(Unknown Source)
[2026-10-05T17:13:50.556+0000] {subprocess.py:93} INFO - Caused by: org.apache.spark.rpc.RpcEndpointNotFoundException: Cannot find endpoint: spark://CoarseGrainedScheduler@d2c30ec5c415:45737
[2026-10-05T17:13:50.558+0000] {subprocess.py:93} INFO - 	at org.apache.spark.rpc.netty.NettyRpcEnv.$anonfun$asyncSetupEndpointRefByURI$1(NettyRpcEnv.scala:148)
[2026-10-05T17:13:50.560+0000] {subprocess.py:93} INFO - 	at org.apache.spark.rpc.netty.NettyRpcEnv.$anonfun$asyncSetupEndpointRefByURI$1$adapted(NettyRpcEnv.scala:144)
[2026-10-05T17:13:50.562+0000] {subprocess.py:93} INFO - 	at scala.concurrent.Future.$anonfun$flatMap$1(Future.scala:307)
[2026-10-05T17:13:50.564+0000] {subprocess.py:93} INFO - 	at scala.concurrent.impl.Promise.$anonfun$transformWith$1(Promise.scala:41)
[2026-10-05T17:13:50.565+0000] {subprocess.py:93} INFO - 	at scala.concurrent.impl.CallbackRunnable.run(Promise.scala:64)
[2026-10-05T17:13:50.566+0000] {subprocess.py:93} INFO - 	at org.apache.spark.util.ThreadUtils$$anon$1.execute(ThreadUtils.scala:99)
[2026-10-05T17:13:50.566+0000] {subprocess.py:93} INFO - 	at scala.concurrent.impl.ExecutionContextImpl$$anon$4.execute(ExecutionContextImpl.scala:138)
[2026-10-05T17:13:50.567+0000] {subprocess.py:93} INFO - 	at scala.concurrent.impl.CallbackRunnable.executeWithValue(Promise.scala:72)
[2026-10-05T17:13:50.568+0000] {subprocess.py:93} INFO - 	at scala.concurrent.impl.Promise$DefaultPromise.$anonfun$tryComplete$1(Promise.scala:288)
[2026-10-05T17:13:50.568+0000] {subprocess.py:93} INFO - 	at scala.concurrent.impl.Promise$DefaultPromise.$anonfun$tryComplete$1$adapted(Promise.scala:288)
[2026-10-05T17:13:50.568+0000] {subprocess.py:93} INFO - 	at scala.concurrent.impl.Promise$DefaultPromise.tryComplete(Promise.scala:288)
[2026-10-05T17:13:50.569+0000] {subprocess.py:93} INFO - 	at scala.concurrent.Promise.complete(Promise.scala:53)
[2026-10-05T17:13:50.569+0000] {subprocess.py:93} INFO - 	at scala.concurrent.Promise.complete$(Promise.scala:52)
[2026-10-05T17:13:50.570+0000] {subprocess.py:93} INFO - 	at scala.concurrent.impl.Promise$DefaultPromise.complete(Promise.scala:187)
[2026-10-05T17:13:50.570+0000] {subprocess.py:93} INFO - 	at scala.concurrent.impl.Promise.$anonfun$transform$1(Promise.scala:33)
[2026-10-05T17:13:50.571+0000] {subprocess.py:93} INFO - 	at scala.concurrent.impl.CallbackRunnable.run(Promise.scala:64)
[2026-10-05T17:13:50.572+0000] {subprocess.py:93} INFO - 	at org.apache.spark.util.ThreadUtils$$anon$1.execute(ThreadUtils.scala:99)
[2026-10-05T17:13:50.573+0000] {subprocess.py:93} INFO - 	at scala.concurrent.impl.ExecutionContextImpl$$anon$4.execute(ExecutionContextImpl.scala:138)
[2026-10-05T17:13:50.574+0000] {subprocess.py:93} INFO - 	at scala.concurrent.impl.CallbackRunnable.executeWithValue(Promise.scala:72)
[2026-10-05T17:13:50.575+0000] {subprocess.py:93} INFO - 	at scala.concurrent.impl.Promise$DefaultPromise.$anonfun$tryComplete$1(Promise.scala:288)
[2026-10-05T17:13:50.576+0000] {subprocess.py:93} INFO - 	at scala.concurrent.impl.Promise$DefaultPromise.$anonfun$tryComplete$1$adapted(Promise.scala:288)
[2026-10-05T17:13:50.577+0000] {subprocess.py:93} INFO - 	at scala.concurrent.impl.Promise$DefaultPromise.tryComplete(Promise.scala:288)
[2026-10-05T17:13:50.578+0000] {subprocess.py:93} INFO - 	at scala.concurrent.Promise.complete(Promise.scala:53)
[2026-10-05T17:13:50.579+0000] {subprocess.py:93} INFO - 	at scala.concurrent.Promise.complete$(Promise.scala:52)
[2026-10-05T17:13:50.581+0000] {subprocess.py:93} INFO - 	at scala.concurrent.impl.Promise$DefaultPromise.complete(Promise.scala:187)
[2026-10-05T17:13:50.582+0000] {subprocess.py:93} INFO - 	at scala.concurrent.impl.Promise.$anonfun$transform$1(Promise.scala:33)
[2026-10-05T17:13:50.583+0000] {subprocess.py:93} INFO - 	at scala.concurrent.impl.CallbackRunnable.run(Promise.scala:64)
[2026-10-05T17:13:50.585+0000] {subprocess.py:93} INFO - 	at scala.concurrent.BatchingExecutor$Batch.processBatch$1(BatchingExecutor.scala:67)
[2026-10-05T17:13:50.586+0000] {subprocess.py:93} INFO - 	at scala.concurrent.BatchingExecutor$Batch.$anonfun$run$1(BatchingExecutor.scala:82)
[2026-10-05T17:13:50.587+0000] {subprocess.py:93} INFO - 	at scala.runtime.java8.JFunction0$mcV$sp.apply(JFunction0$mcV$sp.java:23)
[2026-10-05T17:13:50.588+0000] {subprocess.py:93} INFO - 	at scala.concurrent.BlockContext$.withBlockContext(BlockContext.scala:85)
[2026-10-05T17:13:50.590+0000] {subprocess.py:93} INFO - 	at scala.concurrent.BatchingExecutor$Batch.run(BatchingExecutor.scala:59)
[2026-10-05T17:13:50.591+0000] {subprocess.py:93} INFO - 	at scala.concurrent.Future$InternalCallbackExecutor$.unbatchedExecute(Future.scala:875)
[2026-10-05T17:13:50.592+0000] {subprocess.py:93} INFO - 	at scala.concurrent.BatchingExecutor.execute(BatchingExecutor.scala:110)
[2026-10-05T17:13:50.593+0000] {subprocess.py:93} INFO - 	at scala.concurrent.BatchingExecutor.execute$(BatchingExecutor.scala:107)
[2026-10-05T17:13:50.595+0000] {subprocess.py:93} INFO - 	at scala.concurrent.Future$InternalCallbackExecutor$.execute(Future.scala:873)
[2026-10-05T17:13:50.596+0000] {subprocess.py:93} INFO - 	at scala.concurrent.impl.CallbackRunnable.executeWithValue(Promise.scala:72)
[2026-10-05T17:13:50.598+0000] {subprocess.py:93} INFO - 	at scala.concurrent.impl.Promise$DefaultPromise.$anonfun$tryComplete$1(Promise.scala:288)
[2026-10-05T17:13:50.599+0000] {subprocess.py:93} INFO - 	at scala.concurrent.impl.Promise$DefaultPromise.$anonfun$tryComplete$1$adapted(Promise.scala:288)
[2026-10-05T17:13:50.600+0000] {subprocess.py:93} INFO - 	at scala.concurrent.impl.Promise$DefaultPromise.tryComplete(Promise.scala:288)
[2026-10-05T17:13:50.600+0000] {subprocess.py:93} INFO - 	at scala.concurrent.Promise.trySuccess(Promise.scala:94)
[2026-10-05T17:13:50.601+0000] {subprocess.py:93} INFO - 	at scala.concurrent.Promise.trySuccess$(Promise.scala:94)
[2026-10-05T17:13:50.601+0000] {subprocess.py:93} INFO - 	at scala.concurrent.impl.Promise$DefaultPromise.trySuccess(Promise.scala:187)
[2026-10-05T17:13:50.602+0000] {subprocess.py:93} INFO - 	at org.apache.spark.rpc.netty.NettyRpcEnv.onSuccess$1(NettyRpcEnv.scala:225)
[2026-10-05T17:13:50.603+0000] {subprocess.py:93} INFO - 	at org.apache.spark.rpc.netty.NettyRpcEnv.$anonfun$askAbortable$5(NettyRpcEnv.scala:239)
[2026-10-05T17:13:50.604+0000] {subprocess.py:93} INFO - 	at org.apache.spark.rpc.netty.NettyRpcEnv.$anonfun$askAbortable$5$adapted(NettyRpcEnv.scala:238)
[2026-10-05T17:13:50.604+0000] {subprocess.py:93} INFO - 	at scala.concurrent.impl.CallbackRunnable.run(Promise.scala:64)
[2026-10-05T17:13:50.605+0000] {subprocess.py:93} INFO - 	at org.apache.spark.util.ThreadUtils$$anon$1.execute(ThreadUtils.scala:99)
[2026-10-05T17:13:50.605+0000] {subprocess.py:93} INFO - 	at scala.concurrent.impl.ExecutionContextImpl$$anon$4.execute(ExecutionContextImpl.scala:138)
[2026-10-05T17:13:50.606+0000] {subprocess.py:93} INFO - 	at scala.concurrent.impl.CallbackRunnable.executeWithValue(Promise.scala:72)
[2026-10-05T17:13:50.607+0000] {subprocess.py:93} INFO - 	at scala.concurrent.impl.Promise$DefaultPromise.$anonfun$tryComplete$1(Promise.scala:288)
[2026-10-05T17:13:50.608+0000] {subprocess.py:93} INFO - 	at scala.concurrent.impl.Promise$DefaultPromise.$anonfun$tryComplete$1$adapted(Promise.scala:288)
[2026-10-05T17:13:50.609+0000] {subprocess.py:93} INFO - 	at scala.concurrent.impl.Promise$DefaultPromise.tryComplete(Promise.scala:288)
[2026-10-05T17:13:50.610+0000] {subprocess.py:93} INFO - 	at scala.concurrent.Promise.complete(Promise.scala:53)
[2026-10-05T17:13:50.611+0000] {subprocess.py:93} INFO - 	at scala.concurrent.Promise.complete$(Promise.scala:52)
[2026-10-05T17:13:50.612+0000] {subprocess.py:93} INFO - 	at scala.concurrent.impl.Promise$DefaultPromise.complete(Promise.scala:187)
[2026-10-05T17:13:50.614+0000] {subprocess.py:93} INFO - 	at scala.concurrent.Promise.success(Promise.scala:86)
[2026-10-05T17:13:50.615+0000] {subprocess.py:93} INFO - 	at scala.concurrent.Promise.success$(Promise.scala:86)
[2026-10-05T17:13:50.616+0000] {subprocess.py:93} INFO - 	at scala.concurrent.impl.Promise$DefaultPromise.success(Promise.scala:187)
[2026-10-05T17:13:50.616+0000] {subprocess.py:93} INFO - 	at org.apache.spark.rpc.netty.LocalNettyRpcCallContext.send(NettyRpcCallContext.scala:50)
[2026-10-05T17:13:50.617+0000] {subprocess.py:93} INFO - 	at org.apache.spark.rpc.netty.NettyRpcCallContext.reply(NettyRpcCallContext.scala:32)
[2026-10-05T17:13:50.618+0000] {subprocess.py:93} INFO - 	at org.apache.spark.rpc.netty.RpcEndpointVerifier$$anonfun$receiveAndReply$1.applyOrElse(RpcEndpointVerifier.scala:31)
[2026-10-05T17:13:50.618+0000] {subprocess.py:93} INFO - 	... 8 more
[2026-10-05T17:13:50.618+0000] {subprocess.py:93} INFO - 26/10/05 17:13:45 WARN Executor: Issue communicating with driver in heartbeater
[2026-10-05T17:13:50.619+0000] {subprocess.py:93} INFO - org.apache.spark.SparkException: Exception thrown in awaitResult:
[2026-10-05T17:13:50.620+0000] {subprocess.py:93} INFO - 	at org.apache.spark.util.SparkThreadUtils$.awaitResult(SparkThreadUtils.scala:56)
[2026-10-05T17:13:50.621+0000] {subprocess.py:93} INFO - 	at org.apache.spark.util.ThreadUtils$.awaitResult(ThreadUtils.scala:310)
[2026-10-05T17:13:50.622+0000] {subprocess.py:93} INFO - 	at org.apache.spark.rpc.RpcTimeout.awaitResult(RpcTimeout.scala:75)
[2026-10-05T17:13:50.624+0000] {subprocess.py:93} INFO - 	at org.apache.spark.rpc.RpcEndpointRef.askSync(RpcEndpointRef.scala:101)
[2026-10-05T17:13:50.625+0000] {subprocess.py:93} INFO - 	at org.apache.spark.rpc.RpcEndpointRef.askSync(RpcEndpointRef.scala:85)
[2026-10-05T17:13:50.626+0000] {subprocess.py:93} INFO - 	at org.apache.spark.storage.BlockManagerMaster.registerBlockManager(BlockManagerMaster.scala:80)
[2026-10-05T17:13:50.626+0000] {subprocess.py:93} INFO - 	at org.apache.spark.storage.BlockManager.reregister(BlockManager.scala:642)
[2026-10-05T17:13:50.627+0000] {subprocess.py:93} INFO - 	at org.apache.spark.executor.Executor.reportHeartBeat(Executor.scala:1223)
[2026-10-05T17:13:50.628+0000] {subprocess.py:93} INFO - 	at org.apache.spark.executor.Executor.$anonfun$heartbeater$1(Executor.scala:295)
[2026-10-05T17:13:50.628+0000] {subprocess.py:93} INFO - 	at scala.runtime.java8.JFunction0$mcV$sp.apply(JFunction0$mcV$sp.java:23)
[2026-10-05T17:13:50.629+0000] {subprocess.py:93} INFO - 	at org.apache.spark.util.Utils$.logUncaughtExceptions(Utils.scala:1928)
[2026-10-05T17:13:50.630+0000] {subprocess.py:93} INFO - 	at org.apache.spark.Heartbeater$$anon$1.run(Heartbeater.scala:46)
[2026-10-05T17:13:50.630+0000] {subprocess.py:93} INFO - 	at java.base/java.util.concurrent.Executors$RunnableAdapter.call(Unknown Source)
[2026-10-05T17:13:50.631+0000] {subprocess.py:93} INFO - 	at java.base/java.util.concurrent.FutureTask.runAndReset(Unknown Source)
[2026-10-05T17:13:50.631+0000] {subprocess.py:93} INFO - 	at java.base/java.util.concurrent.ScheduledThreadPoolExecutor$ScheduledFutureTask.run(Unknown Source)
[2026-10-05T17:13:50.632+0000] {subprocess.py:93} INFO - 	at java.base/java.util.concurrent.ThreadPoolExecutor.runWorker(Unknown Source)
[2026-10-05T17:13:50.633+0000] {subprocess.py:93} INFO - 	at java.base/java.util.concurrent.ThreadPoolExecutor$Worker.run(Unknown Source)
[2026-10-05T17:13:50.635+0000] {subprocess.py:93} INFO - 	at java.base/java.lang.Thread.run(Unknown Source)
[2026-10-05T17:13:50.636+0000] {subprocess.py:93} INFO - Caused by: org.apache.spark.SparkException: Exception thrown in awaitResult:
[2026-10-05T17:13:50.637+0000] {subprocess.py:93} INFO - 	at org.apache.spark.util.SparkThreadUtils$.awaitResult(SparkThreadUtils.scala:56)
[2026-10-05T17:13:50.638+0000] {subprocess.py:93} INFO - 	at org.apache.spark.util.ThreadUtils$.awaitResult(ThreadUtils.scala:310)
[2026-10-05T17:13:50.639+0000] {subprocess.py:93} INFO - 	at org.apache.spark.rpc.RpcTimeout.awaitResult(RpcTimeout.scala:75)
[2026-10-05T17:13:50.640+0000] {subprocess.py:93} INFO - 	at org.apache.spark.rpc.RpcEnv.setupEndpointRefByURI(RpcEnv.scala:102)
[2026-10-05T17:13:50.640+0000] {subprocess.py:93} INFO - 	at org.apache.spark.rpc.RpcEnv.setupEndpointRef(RpcEnv.scala:110)
[2026-10-05T17:13:50.775+0000] {subprocess.py:93} INFO - 	at org.apache.spark.util.RpcUtils$.makeDriverRef(RpcUtils.scala:36)
[2026-10-05T17:13:50.776+0000] {subprocess.py:93} INFO - 	at org.apache.spark.storage.BlockManagerMasterEndpoint.driverEndpoint$lzycompute(BlockManagerMasterEndpoint.scala:124)
[2026-10-05T17:13:50.777+0000] {subprocess.py:93} INFO - 	at org.apache.spark.storage.BlockManagerMasterEndpoint.org$apache$spark$storage$BlockManagerMasterEndpoint$$driverEndpoint(BlockManagerMasterEndpoint.scala:123)
[2026-10-05T17:13:50.778+0000] {subprocess.py:93} INFO - 	at org.apache.spark.storage.BlockManagerMasterEndpoint.isExecutorAlive$lzycompute$1(BlockManagerMasterEndpoint.scala:688)
[2026-10-05T17:13:50.779+0000] {subprocess.py:93} INFO - 	at org.apache.spark.storage.BlockManagerMasterEndpoint.isExecutorAlive$1(BlockManagerMasterEndpoint.scala:687)
[2026-10-05T17:13:50.781+0000] {subprocess.py:93} INFO - 	at org.apache.spark.storage.BlockManagerMasterEndpoint.org$apache$spark$storage$BlockManagerMasterEndpoint$$register(BlockManagerMasterEndpoint.scala:725)
[2026-10-05T17:13:50.781+0000] {subprocess.py:93} INFO - 	at org.apache.spark.storage.BlockManagerMasterEndpoint$$anonfun$receiveAndReply$1.applyOrElse(BlockManagerMasterEndpoint.scala:133)
[2026-10-05T17:13:50.782+0000] {subprocess.py:93} INFO - 	at org.apache.spark.rpc.netty.Inbox.$anonfun$process$1(Inbox.scala:103)
[2026-10-05T17:13:50.783+0000] {subprocess.py:93} INFO - 	at org.apache.spark.rpc.netty.Inbox.safelyCall(Inbox.scala:213)
[2026-10-05T17:13:50.783+0000] {subprocess.py:93} INFO - 	at org.apache.spark.rpc.netty.Inbox.process(Inbox.scala:100)
[2026-10-05T17:13:50.784+0000] {subprocess.py:93} INFO - 	at org.apache.spark.rpc.netty.MessageLoop.org$apache$spark$rpc$netty$MessageLoop$$receiveLoop(MessageLoop.scala:75)
[2026-10-05T17:13:50.785+0000] {subprocess.py:93} INFO - 	at org.apache.spark.rpc.netty.MessageLoop$$anon$1.run(MessageLoop.scala:41)
[2026-10-05T17:13:50.786+0000] {subprocess.py:93} INFO - 	... 3 more
[2026-10-05T17:13:50.788+0000] {subprocess.py:93} INFO - Caused by: org.apache.spark.rpc.RpcEndpointNotFoundException: Cannot find endpoint: spark://CoarseGrainedScheduler@d2c30ec5c415:45737
[2026-10-05T17:13:50.789+0000] {subprocess.py:93} INFO - 	at org.apache.spark.rpc.netty.NettyRpcEnv.$anonfun$asyncSetupEndpointRefByURI$1(NettyRpcEnv.scala:148)
[2026-10-05T17:13:50.790+0000] {subprocess.py:93} INFO - 	at org.apache.spark.rpc.netty.NettyRpcEnv.$anonfun$asyncSetupEndpointRefByURI$1$adapted(NettyRpcEnv.scala:144)
[2026-10-05T17:13:50.790+0000] {subprocess.py:93} INFO - 	at scala.concurrent.Future.$anonfun$flatMap$1(Future.scala:307)
[2026-10-05T17:13:50.791+0000] {subprocess.py:93} INFO - 	at scala.concurrent.impl.Promise.$anonfun$transformWith$1(Promise.scala:41)
[2026-10-05T17:13:50.791+0000] {subprocess.py:93} INFO - 	at scala.concurrent.impl.CallbackRunnable.run(Promise.scala:64)
[2026-10-05T17:13:50.792+0000] {subprocess.py:93} INFO - 	at org.apache.spark.util.ThreadUtils$$anon$1.execute(ThreadUtils.scala:99)
[2026-10-05T17:13:50.793+0000] {subprocess.py:93} INFO - 	at scala.concurrent.impl.ExecutionContextImpl$$anon$4.execute(ExecutionContextImpl.scala:138)
[2026-10-05T17:13:50.794+0000] {subprocess.py:93} INFO - 	at scala.concurrent.impl.CallbackRunnable.executeWithValue(Promise.scala:72)
[2026-10-05T17:13:50.795+0000] {subprocess.py:93} INFO - 	at scala.concurrent.impl.Promise$DefaultPromise.$anonfun$tryComplete$1(Promise.scala:288)
[2026-10-05T17:13:50.796+0000] {subprocess.py:93} INFO - 	at scala.concurrent.impl.Promise$DefaultPromise.$anonfun$tryComplete$1$adapted(Promise.scala:288)
[2026-10-05T17:13:50.797+0000] {subprocess.py:93} INFO - 	at scala.concurrent.impl.Promise$DefaultPromise.tryComplete(Promise.scala:288)
[2026-10-05T17:13:50.797+0000] {subprocess.py:93} INFO - 	at scala.concurrent.Promise.complete(Promise.scala:53)
[2026-10-05T17:13:50.798+0000] {subprocess.py:93} INFO - 	at scala.concurrent.Promise.complete$(Promise.scala:52)
[2026-10-05T17:13:50.799+0000] {subprocess.py:93} INFO - 	at scala.concurrent.impl.Promise$DefaultPromise.complete(Promise.scala:187)
[2026-10-05T17:13:50.799+0000] {subprocess.py:93} INFO - 	at scala.concurrent.impl.Promise.$anonfun$transform$1(Promise.scala:33)
[2026-10-05T17:13:50.800+0000] {subprocess.py:93} INFO - 	at scala.concurrent.impl.CallbackRunnable.run(Promise.scala:64)
[2026-10-05T17:13:50.801+0000] {subprocess.py:93} INFO - 	at org.apache.spark.util.ThreadUtils$$anon$1.execute(ThreadUtils.scala:99)
[2026-10-05T17:13:50.801+0000] {subprocess.py:93} INFO - 	at scala.concurrent.impl.ExecutionContextImpl$$anon$4.execute(ExecutionContextImpl.scala:138)
[2026-10-05T17:13:50.802+0000] {subprocess.py:93} INFO - 	at scala.concurrent.impl.CallbackRunnable.executeWithValue(Promise.scala:72)
[2026-10-05T17:13:50.824+0000] {subprocess.py:93} INFO - 	at scala.concurrent.impl.Promise$DefaultPromise.$anonfun$tryComplete$1(Promise.scala:288)
[2026-10-05T17:13:50.825+0000] {subprocess.py:93} INFO - 	at scala.concurrent.impl.Promise$DefaultPromise.$anonfun$tryComplete$1$adapted(Promise.scala:288)
[2026-10-05T17:13:50.827+0000] {subprocess.py:93} INFO - 	at scala.concurrent.impl.Promise$DefaultPromise.tryComplete(Promise.scala:288)
[2026-10-05T17:13:50.829+0000] {subprocess.py:93} INFO - 	at scala.concurrent.Promise.complete(Promise.scala:53)
[2026-10-05T17:13:50.830+0000] {subprocess.py:93} INFO - 	at scala.concurrent.Promise.complete$(Promise.scala:52)
[2026-10-05T17:13:50.831+0000] {subprocess.py:93} INFO - 	at scala.concurrent.impl.Promise$DefaultPromise.complete(Promise.scala:187)
[2026-10-05T17:13:50.832+0000] {subprocess.py:93} INFO - 	at scala.concurrent.impl.Promise.$anonfun$transform$1(Promise.scala:33)
[2026-10-05T17:13:50.833+0000] {subprocess.py:93} INFO - 	at scala.concurrent.impl.CallbackRunnable.run(Promise.scala:64)
[2026-10-05T17:13:50.834+0000] {subprocess.py:93} INFO - 	at scala.concurrent.BatchingExecutor$Batch.processBatch$1(BatchingExecutor.scala:67)
[2026-10-05T17:13:50.835+0000] {subprocess.py:93} INFO - 	at scala.concurrent.BatchingExecutor$Batch.$anonfun$run$1(BatchingExecutor.scala:82)
[2026-10-05T17:13:50.836+0000] {subprocess.py:93} INFO - 	at scala.runtime.java8.JFunction0$mcV$sp.apply(JFunction0$mcV$sp.java:23)
[2026-10-05T17:13:50.837+0000] {subprocess.py:93} INFO - 	at scala.concurrent.BlockContext$.withBlockContext(BlockContext.scala:85)
[2026-10-05T17:13:50.838+0000] {subprocess.py:93} INFO - 	at scala.concurrent.BatchingExecutor$Batch.run(BatchingExecutor.scala:59)
[2026-10-05T17:13:50.839+0000] {subprocess.py:93} INFO - 	at scala.concurrent.Future$InternalCallbackExecutor$.unbatchedExecute(Future.scala:875)
[2026-10-05T17:13:50.840+0000] {subprocess.py:93} INFO - 	at scala.concurrent.BatchingExecutor.execute(BatchingExecutor.scala:110)
[2026-10-05T17:13:50.842+0000] {subprocess.py:93} INFO - 	at scala.concurrent.BatchingExecutor.execute$(BatchingExecutor.scala:107)
[2026-10-05T17:13:50.843+0000] {subprocess.py:93} INFO - 	at scala.concurrent.Future$InternalCallbackExecutor$.execute(Future.scala:873)
[2026-10-05T17:13:50.845+0000] {subprocess.py:93} INFO - 	at scala.concurrent.impl.CallbackRunnable.executeWithValue(Promise.scala:72)
[2026-10-05T17:13:50.847+0000] {subprocess.py:93} INFO - 	at scala.concurrent.impl.Promise$DefaultPromise.$anonfun$tryComplete$1(Promise.scala:288)
[2026-10-05T17:13:50.848+0000] {subprocess.py:93} INFO - 	at scala.concurrent.impl.Promise$DefaultPromise.$anonfun$tryComplete$1$adapted(Promise.scala:288)
[2026-10-05T17:13:50.849+0000] {subprocess.py:93} INFO - 	at scala.concurrent.impl.Promise$DefaultPromise.tryComplete(Promise.scala:288)
[2026-10-05T17:13:50.851+0000] {subprocess.py:93} INFO - 	at scala.concurrent.Promise.trySuccess(Promise.scala:94)
[2026-10-05T17:13:50.853+0000] {subprocess.py:93} INFO - 	at scala.concurrent.Promise.trySuccess$(Promise.scala:94)
[2026-10-05T17:13:50.854+0000] {subprocess.py:93} INFO - 	at scala.concurrent.impl.Promise$DefaultPromise.trySuccess(Promise.scala:187)
[2026-10-05T17:13:50.855+0000] {subprocess.py:93} INFO - 	at org.apache.spark.rpc.netty.NettyRpcEnv.onSuccess$1(NettyRpcEnv.scala:225)
[2026-10-05T17:13:50.856+0000] {subprocess.py:93} INFO - 	at org.apache.spark.rpc.netty.NettyRpcEnv.$anonfun$askAbortable$5(NettyRpcEnv.scala:239)
[2026-10-05T17:13:50.856+0000] {subprocess.py:93} INFO - 	at org.apache.spark.rpc.netty.NettyRpcEnv.$anonfun$askAbortable$5$adapted(NettyRpcEnv.scala:238)
[2026-10-05T17:13:50.857+0000] {subprocess.py:93} INFO - 	at scala.concurrent.impl.CallbackRunnable.run(Promise.scala:64)
[2026-10-05T17:13:50.857+0000] {subprocess.py:93} INFO - 	at org.apache.spark.util.ThreadUtils$$anon$1.execute(ThreadUtils.scala:99)
[2026-10-05T17:13:50.857+0000] {subprocess.py:93} INFO - 	at scala.concurrent.impl.ExecutionContextImpl$$anon$4.execute(ExecutionContextImpl.scala:138)
[2026-10-05T17:13:50.858+0000] {subprocess.py:93} INFO - 	at scala.concurrent.impl.CallbackRunnable.executeWithValue(Promise.scala:72)
[2026-10-05T17:13:50.858+0000] {subprocess.py:93} INFO - 	at scala.concurrent.impl.Promise$DefaultPromise.$anonfun$tryComplete$1(Promise.scala:288)
[2026-10-05T17:13:50.859+0000] {subprocess.py:93} INFO - 	at scala.concurrent.impl.Promise$DefaultPromise.$anonfun$tryComplete$1$adapted(Promise.scala:288)
[2026-10-05T17:13:50.859+0000] {subprocess.py:93} INFO - 	at scala.concurrent.impl.Promise$DefaultPromise.tryComplete(Promise.scala:288)
[2026-10-05T17:13:50.859+0000] {subprocess.py:93} INFO - 	at scala.concurrent.Promise.complete(Promise.scala:53)
[2026-10-05T17:13:50.860+0000] {subprocess.py:93} INFO - 	at scala.concurrent.Promise.complete$(Promise.scala:52)
[2026-10-05T17:13:50.861+0000] {subprocess.py:93} INFO - 	at scala.concurrent.impl.Promise$DefaultPromise.complete(Promise.scala:187)
[2026-10-05T17:13:50.862+0000] {subprocess.py:93} INFO - 	at scala.concurrent.Promise.success(Promise.scala:86)
[2026-10-05T17:13:50.863+0000] {subprocess.py:93} INFO - 	at scala.concurrent.Promise.success$(Promise.scala:86)
[2026-10-05T17:13:50.864+0000] {subprocess.py:93} INFO - 	at scala.concurrent.impl.Promise$DefaultPromise.success(Promise.scala:187)
[2026-10-05T17:13:50.864+0000] {subprocess.py:93} INFO - 	at org.apache.spark.rpc.netty.LocalNettyRpcCallContext.send(NettyRpcCallContext.scala:50)
[2026-10-05T17:13:50.865+0000] {subprocess.py:93} INFO - 	at org.apache.spark.rpc.netty.NettyRpcCallContext.reply(NettyRpcCallContext.scala:32)
[2026-10-05T17:13:50.865+0000] {subprocess.py:93} INFO - 	at org.apache.spark.rpc.netty.RpcEndpointVerifier$$anonfun$receiveAndReply$1.applyOrElse(RpcEndpointVerifier.scala:31)
[2026-10-05T17:13:50.866+0000] {subprocess.py:93} INFO - 	... 8 more
[2026-10-05T17:13:50.866+0000] {subprocess.py:93} INFO - 26/10/05 17:13:45 ERROR Inbox: Ignoring error
[2026-10-05T17:13:50.866+0000] {subprocess.py:93} INFO - org.apache.spark.SparkException: Exception thrown in awaitResult:
[2026-10-05T17:13:50.867+0000] {subprocess.py:93} INFO - 	at org.apache.spark.util.SparkThreadUtils$.awaitResult(SparkThreadUtils.scala:56)
[2026-10-05T17:13:50.867+0000] {subprocess.py:93} INFO - 	at org.apache.spark.util.ThreadUtils$.awaitResult(ThreadUtils.scala:310)
[2026-10-05T17:13:50.867+0000] {subprocess.py:93} INFO - 	at org.apache.spark.rpc.RpcTimeout.awaitResult(RpcTimeout.scala:75)
[2026-10-05T17:13:50.868+0000] {subprocess.py:93} INFO - 	at org.apache.spark.rpc.RpcEnv.setupEndpointRefByURI(RpcEnv.scala:102)
[2026-10-05T17:13:50.869+0000] {subprocess.py:93} INFO - 	at org.apache.spark.rpc.RpcEnv.setupEndpointRef(RpcEnv.scala:110)
[2026-10-05T17:13:50.870+0000] {subprocess.py:93} INFO - 	at org.apache.spark.util.RpcUtils$.makeDriverRef(RpcUtils.scala:36)
[2026-10-05T17:13:50.871+0000] {subprocess.py:93} INFO - 	at org.apache.spark.storage.BlockManagerMasterEndpoint.driverEndpoint$lzycompute(BlockManagerMasterEndpoint.scala:124)
[2026-10-05T17:13:50.872+0000] {subprocess.py:93} INFO - 	at org.apache.spark.storage.BlockManagerMasterEndpoint.org$apache$spark$storage$BlockManagerMasterEndpoint$$driverEndpoint(BlockManagerMasterEndpoint.scala:123)
[2026-10-05T17:13:50.873+0000] {subprocess.py:93} INFO - 	at org.apache.spark.storage.BlockManagerMasterEndpoint.isExecutorAlive$lzycompute$1(BlockManagerMasterEndpoint.scala:688)
[2026-10-05T17:13:50.875+0000] {subprocess.py:93} INFO - 	at org.apache.spark.storage.BlockManagerMasterEndpoint.isExecutorAlive$1(BlockManagerMasterEndpoint.scala:687)
[2026-10-05T17:13:50.875+0000] {subprocess.py:93} INFO - 	at org.apache.spark.storage.BlockManagerMasterEndpoint.org$apache$spark$storage$BlockManagerMasterEndpoint$$register(BlockManagerMasterEndpoint.scala:725)
[2026-10-05T17:13:50.876+0000] {subprocess.py:93} INFO - 	at org.apache.spark.storage.BlockManagerMasterEndpoint$$anonfun$receiveAndReply$1.applyOrElse(BlockManagerMasterEndpoint.scala:133)
[2026-10-05T17:13:50.877+0000] {subprocess.py:93} INFO - 	at org.apache.spark.rpc.netty.Inbox.$anonfun$process$1(Inbox.scala:103)
[2026-10-05T17:13:50.877+0000] {subprocess.py:93} INFO - 	at org.apache.spark.rpc.netty.Inbox.safelyCall(Inbox.scala:213)
[2026-10-05T17:13:50.878+0000] {subprocess.py:93} INFO - 	at org.apache.spark.rpc.netty.Inbox.process(Inbox.scala:100)
[2026-10-05T17:13:50.878+0000] {subprocess.py:93} INFO - 	at org.apache.spark.rpc.netty.MessageLoop.org$apache$spark$rpc$netty$MessageLoop$$receiveLoop(MessageLoop.scala:75)
[2026-10-05T17:13:50.879+0000] {subprocess.py:93} INFO - 	at org.apache.spark.rpc.netty.MessageLoop$$anon$1.run(MessageLoop.scala:41)
[2026-10-05T17:13:50.879+0000] {subprocess.py:93} INFO - 	at java.base/java.util.concurrent.ThreadPoolExecutor.runWorker(Unknown Source)
[2026-10-05T17:13:50.880+0000] {subprocess.py:93} INFO - 	at java.base/java.util.concurrent.ThreadPoolExecutor$Worker.run(Unknown Source)
[2026-10-05T17:13:50.880+0000] {subprocess.py:93} INFO - 	at java.base/java.lang.Thread.run(Unknown Source)
[2026-10-05T17:13:50.881+0000] {subprocess.py:93} INFO - Caused by: org.apache.spark.rpc.RpcEndpointNotFoundException: Cannot find endpoint: spark://CoarseGrainedScheduler@d2c30ec5c415:45737
[2026-10-05T17:13:50.881+0000] {subprocess.py:93} INFO - 	at org.apache.spark.rpc.netty.NettyRpcEnv.$anonfun$asyncSetupEndpointRefByURI$1(NettyRpcEnv.scala:148)
[2026-10-05T17:13:50.882+0000] {subprocess.py:93} INFO - 	at org.apache.spark.rpc.netty.NettyRpcEnv.$anonfun$asyncSetupEndpointRefByURI$1$adapted(NettyRpcEnv.scala:144)
[2026-10-05T17:13:50.882+0000] {subprocess.py:93} INFO - 	at scala.concurrent.Future.$anonfun$flatMap$1(Future.scala:307)
[2026-10-05T17:13:50.883+0000] {subprocess.py:93} INFO - 	at scala.concurrent.impl.Promise.$anonfun$transformWith$1(Promise.scala:41)
[2026-10-05T17:13:50.883+0000] {subprocess.py:93} INFO - 	at scala.concurrent.impl.CallbackRunnable.run(Promise.scala:64)
[2026-10-05T17:13:50.883+0000] {subprocess.py:93} INFO - 	at org.apache.spark.util.ThreadUtils$$anon$1.execute(ThreadUtils.scala:99)
[2026-10-05T17:13:50.884+0000] {subprocess.py:93} INFO - 	at scala.concurrent.impl.ExecutionContextImpl$$anon$4.execute(ExecutionContextImpl.scala:138)
[2026-10-05T17:13:50.884+0000] {subprocess.py:93} INFO - 	at scala.concurrent.impl.CallbackRunnable.executeWithValue(Promise.scala:72)
[2026-10-05T17:13:50.885+0000] {subprocess.py:93} INFO - 	at scala.concurrent.impl.Promise$DefaultPromise.dispatchOrAddCallback(Promise.scala:316)
[2026-10-05T17:13:50.886+0000] {subprocess.py:93} INFO - 	at scala.concurrent.impl.Promise$DefaultPromise.onComplete(Promise.scala:307)
[2026-10-05T17:13:50.887+0000] {subprocess.py:93} INFO - 	at scala.concurrent.impl.Promise.transformWith(Promise.scala:40)
[2026-10-05T17:13:50.887+0000] {subprocess.py:93} INFO - 	at scala.concurrent.impl.Promise.transformWith$(Promise.scala:38)
[2026-10-05T17:13:50.888+0000] {subprocess.py:93} INFO - 	at scala.concurrent.impl.Promise$DefaultPromise.transformWith(Promise.scala:187)
[2026-10-05T17:13:50.889+0000] {subprocess.py:93} INFO - 	at scala.concurrent.Future.flatMap(Future.scala:306)
[2026-10-05T17:13:50.890+0000] {subprocess.py:93} INFO - 	at scala.concurrent.Future.flatMap$(Future.scala:306)
[2026-10-05T17:13:50.891+0000] {subprocess.py:93} INFO - 	at scala.concurrent.impl.Promise$DefaultPromise.flatMap(Promise.scala:187)
[2026-10-05T17:13:50.891+0000] {subprocess.py:93} INFO - 	at org.apache.spark.rpc.netty.NettyRpcEnv.asyncSetupEndpointRefByURI(NettyRpcEnv.scala:150)
[2026-10-05T17:13:50.891+0000] {subprocess.py:93} INFO - 	... 17 more
[2026-10-05T17:13:50.892+0000] {subprocess.py:93} INFO - 26/10/05 17:13:45 WARN Executor: Issue communicating with driver in heartbeater
[2026-10-05T17:13:50.892+0000] {subprocess.py:93} INFO - org.apache.spark.SparkException: Exception thrown in awaitResult:
[2026-10-05T17:13:50.893+0000] {subprocess.py:93} INFO - 	at org.apache.spark.util.SparkThreadUtils$.awaitResult(SparkThreadUtils.scala:56)
[2026-10-05T17:13:50.893+0000] {subprocess.py:93} INFO - 	at org.apache.spark.util.ThreadUtils$.awaitResult(ThreadUtils.scala:310)
[2026-10-05T17:13:50.893+0000] {subprocess.py:93} INFO - 	at org.apache.spark.rpc.RpcTimeout.awaitResult(RpcTimeout.scala:75)
[2026-10-05T17:13:50.894+0000] {subprocess.py:93} INFO - 	at org.apache.spark.rpc.RpcEndpointRef.askSync(RpcEndpointRef.scala:101)
[2026-10-05T17:13:50.895+0000] {subprocess.py:93} INFO - 	at org.apache.spark.rpc.RpcEndpointRef.askSync(RpcEndpointRef.scala:85)
[2026-10-05T17:13:50.896+0000] {subprocess.py:93} INFO - 	at org.apache.spark.storage.BlockManagerMaster.registerBlockManager(BlockManagerMaster.scala:80)
[2026-10-05T17:13:50.896+0000] {subprocess.py:93} INFO - 	at org.apache.spark.storage.BlockManager.reregister(BlockManager.scala:642)
[2026-10-05T17:13:50.897+0000] {subprocess.py:93} INFO - 	at org.apache.spark.executor.Executor.reportHeartBeat(Executor.scala:1223)
[2026-10-05T17:13:50.897+0000] {subprocess.py:93} INFO - 	at org.apache.spark.executor.Executor.$anonfun$heartbeater$1(Executor.scala:295)
[2026-10-05T17:13:50.898+0000] {subprocess.py:93} INFO - 	at scala.runtime.java8.JFunction0$mcV$sp.apply(JFunction0$mcV$sp.java:23)
[2026-10-05T17:13:50.898+0000] {subprocess.py:93} INFO - 	at org.apache.spark.util.Utils$.logUncaughtExceptions(Utils.scala:1928)
[2026-10-05T17:13:50.900+0000] {subprocess.py:93} INFO - 	at org.apache.spark.Heartbeater$$anon$1.run(Heartbeater.scala:46)
[2026-10-05T17:13:50.901+0000] {subprocess.py:93} INFO - 	at java.base/java.util.concurrent.Executors$RunnableAdapter.call(Unknown Source)
[2026-10-05T17:13:50.902+0000] {subprocess.py:93} INFO - 	at java.base/java.util.concurrent.FutureTask.runAndReset(Unknown Source)
[2026-10-05T17:13:50.903+0000] {subprocess.py:93} INFO - 	at java.base/java.util.concurrent.ScheduledThreadPoolExecutor$ScheduledFutureTask.run(Unknown Source)
[2026-10-05T17:13:50.905+0000] {subprocess.py:93} INFO - 	at java.base/java.util.concurrent.ThreadPoolExecutor.runWorker(Unknown Source)
[2026-10-05T17:13:50.906+0000] {subprocess.py:93} INFO - 	at java.base/java.util.concurrent.ThreadPoolExecutor$Worker.run(Unknown Source)
[2026-10-05T17:13:50.906+0000] {subprocess.py:93} INFO - 	at java.base/java.lang.Thread.run(Unknown Source)
[2026-10-05T17:13:50.906+0000] {subprocess.py:93} INFO - Caused by: org.apache.spark.SparkException: Exception thrown in awaitResult:
[2026-10-05T17:13:50.907+0000] {subprocess.py:93} INFO - 	at org.apache.spark.util.SparkThreadUtils$.awaitResult(SparkThreadUtils.scala:56)
[2026-10-05T17:13:50.907+0000] {subprocess.py:93} INFO - 	at org.apache.spark.util.ThreadUtils$.awaitResult(ThreadUtils.scala:310)
[2026-10-05T17:13:50.907+0000] {subprocess.py:93} INFO - 	at org.apache.spark.rpc.RpcTimeout.awaitResult(RpcTimeout.scala:75)
[2026-10-05T17:13:50.908+0000] {subprocess.py:93} INFO - 	at org.apache.spark.rpc.RpcEnv.setupEndpointRefByURI(RpcEnv.scala:102)
[2026-10-05T17:13:50.909+0000] {subprocess.py:93} INFO - 	at org.apache.spark.rpc.RpcEnv.setupEndpointRef(RpcEnv.scala:110)
[2026-10-05T17:13:50.909+0000] {subprocess.py:93} INFO - 	at org.apache.spark.util.RpcUtils$.makeDriverRef(RpcUtils.scala:36)
[2026-10-05T17:13:50.910+0000] {subprocess.py:93} INFO - 	at org.apache.spark.storage.BlockManagerMasterEndpoint.driverEndpoint$lzycompute(BlockManagerMasterEndpoint.scala:124)
[2026-10-05T17:13:50.911+0000] {subprocess.py:93} INFO - 	at org.apache.spark.storage.BlockManagerMasterEndpoint.org$apache$spark$storage$BlockManagerMasterEndpoint$$driverEndpoint(BlockManagerMasterEndpoint.scala:123)
[2026-10-05T17:13:50.912+0000] {subprocess.py:93} INFO - 	at org.apache.spark.storage.BlockManagerMasterEndpoint.isExecutorAlive$lzycompute$1(BlockManagerMasterEndpoint.scala:688)
[2026-10-05T17:13:50.914+0000] {subprocess.py:93} INFO - 	at org.apache.spark.storage.BlockManagerMasterEndpoint.isExecutorAlive$1(BlockManagerMasterEndpoint.scala:687)
[2026-10-05T17:13:50.914+0000] {subprocess.py:93} INFO - 	at org.apache.spark.storage.BlockManagerMasterEndpoint.org$apache$spark$storage$BlockManagerMasterEndpoint$$register(BlockManagerMasterEndpoint.scala:725)
[2026-10-05T17:13:50.915+0000] {subprocess.py:93} INFO - 	at org.apache.spark.storage.BlockManagerMasterEndpoint$$anonfun$receiveAndReply$1.applyOrElse(BlockManagerMasterEndpoint.scala:133)
[2026-10-05T17:13:50.916+0000] {subprocess.py:93} INFO - 	at org.apache.spark.rpc.netty.Inbox.$anonfun$process$1(Inbox.scala:103)
[2026-10-05T17:13:50.916+0000] {subprocess.py:93} INFO - 	at org.apache.spark.rpc.netty.Inbox.safelyCall(Inbox.scala:213)
[2026-10-05T17:13:50.917+0000] {subprocess.py:93} INFO - 	at org.apache.spark.rpc.netty.Inbox.process(Inbox.scala:100)
[2026-10-05T17:13:50.918+0000] {subprocess.py:93} INFO - 	at org.apache.spark.rpc.netty.MessageLoop.org$apache$spark$rpc$netty$MessageLoop$$receiveLoop(MessageLoop.scala:75)
[2026-10-05T17:13:50.918+0000] {subprocess.py:93} INFO - 	at org.apache.spark.rpc.netty.MessageLoop$$anon$1.run(MessageLoop.scala:41)
[2026-10-05T17:13:50.919+0000] {subprocess.py:93} INFO - 	... 3 more
[2026-10-05T17:13:50.919+0000] {subprocess.py:93} INFO - Caused by: org.apache.spark.rpc.RpcEndpointNotFoundException: Cannot find endpoint: spark://CoarseGrainedScheduler@d2c30ec5c415:45737
[2026-10-05T17:13:50.920+0000] {subprocess.py:93} INFO - 	at org.apache.spark.rpc.netty.NettyRpcEnv.$anonfun$asyncSetupEndpointRefByURI$1(NettyRpcEnv.scala:148)
[2026-10-05T17:13:50.921+0000] {subprocess.py:93} INFO - 	at org.apache.spark.rpc.netty.NettyRpcEnv.$anonfun$asyncSetupEndpointRefByURI$1$adapted(NettyRpcEnv.scala:144)
[2026-10-05T17:13:50.922+0000] {subprocess.py:93} INFO - 	at scala.concurrent.Future.$anonfun$flatMap$1(Future.scala:307)
[2026-10-05T17:13:50.923+0000] {subprocess.py:93} INFO - 	at scala.concurrent.impl.Promise.$anonfun$transformWith$1(Promise.scala:41)
[2026-10-05T17:13:50.924+0000] {subprocess.py:93} INFO - 	at scala.concurrent.impl.CallbackRunnable.run(Promise.scala:64)
[2026-10-05T17:13:50.926+0000] {subprocess.py:93} INFO - 	at org.apache.spark.util.ThreadUtils$$anon$1.execute(ThreadUtils.scala:99)
[2026-10-05T17:13:50.928+0000] {subprocess.py:93} INFO - 	at scala.concurrent.impl.ExecutionContextImpl$$anon$4.execute(ExecutionContextImpl.scala:138)
[2026-10-05T17:13:50.929+0000] {subprocess.py:93} INFO - 	at scala.concurrent.impl.CallbackRunnable.executeWithValue(Promise.scala:72)
[2026-10-05T17:13:50.931+0000] {subprocess.py:93} INFO - 	at scala.concurrent.impl.Promise$DefaultPromise.dispatchOrAddCallback(Promise.scala:316)
[2026-10-05T17:13:50.932+0000] {subprocess.py:93} INFO - 	at scala.concurrent.impl.Promise$DefaultPromise.onComplete(Promise.scala:307)
[2026-10-05T17:13:50.933+0000] {subprocess.py:93} INFO - 	at scala.concurrent.impl.Promise.transformWith(Promise.scala:40)
[2026-10-05T17:13:50.934+0000] {subprocess.py:93} INFO - 	at scala.concurrent.impl.Promise.transformWith$(Promise.scala:38)
[2026-10-05T17:13:50.935+0000] {subprocess.py:93} INFO - 	at scala.concurrent.impl.Promise$DefaultPromise.transformWith(Promise.scala:187)
[2026-10-05T17:13:50.936+0000] {subprocess.py:93} INFO - 	at scala.concurrent.Future.flatMap(Future.scala:306)
[2026-10-05T17:13:50.938+0000] {subprocess.py:93} INFO - 	at scala.concurrent.Future.flatMap$(Future.scala:306)
[2026-10-05T17:13:50.940+0000] {subprocess.py:93} INFO - 	at scala.concurrent.impl.Promise$DefaultPromise.flatMap(Promise.scala:187)
[2026-10-05T17:13:50.940+0000] {subprocess.py:93} INFO - 	at org.apache.spark.rpc.netty.NettyRpcEnv.asyncSetupEndpointRefByURI(NettyRpcEnv.scala:150)
[2026-10-05T17:13:50.941+0000] {subprocess.py:93} INFO - 	... 17 more
[2026-10-05T17:13:50.942+0000] {subprocess.py:93} INFO - 26/10/05 17:13:45 ERROR Inbox: Ignoring error
[2026-10-05T17:13:50.942+0000] {subprocess.py:93} INFO - org.apache.spark.SparkException: Exception thrown in awaitResult:
[2026-10-05T17:13:50.944+0000] {subprocess.py:93} INFO - 	at org.apache.spark.util.SparkThreadUtils$.awaitResult(SparkThreadUtils.scala:56)
[2026-10-05T17:13:50.946+0000] {subprocess.py:93} INFO - 	at org.apache.spark.util.ThreadUtils$.awaitResult(ThreadUtils.scala:310)
[2026-10-05T17:13:50.947+0000] {subprocess.py:93} INFO - 	at org.apache.spark.rpc.RpcTimeout.awaitResult(RpcTimeout.scala:75)
[2026-10-05T17:13:50.948+0000] {subprocess.py:93} INFO - 	at org.apache.spark.rpc.RpcEnv.setupEndpointRefByURI(RpcEnv.scala:102)
[2026-10-05T17:13:50.948+0000] {subprocess.py:93} INFO - 	at org.apache.spark.rpc.RpcEnv.setupEndpointRef(RpcEnv.scala:110)
[2026-10-05T17:13:50.949+0000] {subprocess.py:93} INFO - 	at org.apache.spark.util.RpcUtils$.makeDriverRef(RpcUtils.scala:36)
[2026-10-05T17:13:50.950+0000] {subprocess.py:93} INFO - 	at org.apache.spark.storage.BlockManagerMasterEndpoint.driverEndpoint$lzycompute(BlockManagerMasterEndpoint.scala:124)
[2026-10-05T17:13:50.951+0000] {subprocess.py:93} INFO - 	at org.apache.spark.storage.BlockManagerMasterEndpoint.org$apache$spark$storage$BlockManagerMasterEndpoint$$driverEndpoint(BlockManagerMasterEndpoint.scala:123)
[2026-10-05T17:13:50.954+0000] {subprocess.py:93} INFO - 	at org.apache.spark.storage.BlockManagerMasterEndpoint.isExecutorAlive$lzycompute$1(BlockManagerMasterEndpoint.scala:688)
[2026-10-05T17:13:50.956+0000] {subprocess.py:93} INFO - 	at org.apache.spark.storage.BlockManagerMasterEndpoint.isExecutorAlive$1(BlockManagerMasterEndpoint.scala:687)
[2026-10-05T17:13:50.959+0000] {subprocess.py:93} INFO - 	at org.apache.spark.storage.BlockManagerMasterEndpoint.org$apache$spark$storage$BlockManagerMasterEndpoint$$register(BlockManagerMasterEndpoint.scala:725)
[2026-10-05T17:13:50.963+0000] {subprocess.py:93} INFO - 	at org.apache.spark.storage.BlockManagerMasterEndpoint$$anonfun$receiveAndReply$1.applyOrElse(BlockManagerMasterEndpoint.scala:133)
[2026-10-05T17:13:50.967+0000] {subprocess.py:93} INFO - 	at org.apache.spark.rpc.netty.Inbox.$anonfun$process$1(Inbox.scala:103)
[2026-10-05T17:13:50.971+0000] {subprocess.py:93} INFO - 	at org.apache.spark.rpc.netty.Inbox.safelyCall(Inbox.scala:213)
[2026-10-05T17:13:50.977+0000] {subprocess.py:93} INFO - 	at org.apache.spark.rpc.netty.Inbox.process(Inbox.scala:100)
[2026-10-05T17:13:50.983+0000] {subprocess.py:93} INFO - 	at org.apache.spark.rpc.netty.MessageLoop.org$apache$spark$rpc$netty$MessageLoop$$receiveLoop(MessageLoop.scala:75)
[2026-10-05T17:13:50.987+0000] {subprocess.py:93} INFO - 	at org.apache.spark.rpc.netty.MessageLoop$$anon$1.run(MessageLoop.scala:41)
[2026-10-05T17:13:50.994+0000] {subprocess.py:93} INFO - 	at java.base/java.util.concurrent.ThreadPoolExecutor.runWorker(Unknown Source)
[2026-10-05T17:13:50.997+0000] {subprocess.py:93} INFO - 	at java.base/java.util.concurrent.ThreadPoolExecutor$Worker.run(Unknown Source)
[2026-10-05T17:13:51.000+0000] {subprocess.py:93} INFO - 	at java.base/java.lang.Thread.run(Unknown Source)
[2026-10-05T17:13:51.004+0000] {subprocess.py:93} INFO - Caused by: org.apache.spark.rpc.RpcEndpointNotFoundException: Cannot find endpoint: spark://CoarseGrainedScheduler@d2c30ec5c415:45737
[2026-10-05T17:13:51.007+0000] {subprocess.py:93} INFO - 	at org.apache.spark.rpc.netty.NettyRpcEnv.$anonfun$asyncSetupEndpointRefByURI$1(NettyRpcEnv.scala:148)
[2026-10-05T17:13:51.010+0000] {subprocess.py:93} INFO - 	at org.apache.spark.rpc.netty.NettyRpcEnv.$anonfun$asyncSetupEndpointRefByURI$1$adapted(NettyRpcEnv.scala:144)
[2026-10-05T17:13:51.012+0000] {subprocess.py:93} INFO - 	at scala.concurrent.Future.$anonfun$flatMap$1(Future.scala:307)
[2026-10-05T17:13:51.015+0000] {subprocess.py:93} INFO - 	at scala.concurrent.impl.Promise.$anonfun$transformWith$1(Promise.scala:41)
[2026-10-05T17:13:51.017+0000] {subprocess.py:93} INFO - 	at scala.concurrent.impl.CallbackRunnable.run(Promise.scala:64)
[2026-10-05T17:13:51.019+0000] {subprocess.py:93} INFO - 	at org.apache.spark.util.ThreadUtils$$anon$1.execute(ThreadUtils.scala:99)
[2026-10-05T17:13:51.022+0000] {subprocess.py:93} INFO - 	at scala.concurrent.impl.ExecutionContextImpl$$anon$4.execute(ExecutionContextImpl.scala:138)
[2026-10-05T17:13:51.025+0000] {subprocess.py:93} INFO - 	at scala.concurrent.impl.CallbackRunnable.executeWithValue(Promise.scala:72)
[2026-10-05T17:13:51.028+0000] {subprocess.py:93} INFO - 	at scala.concurrent.impl.Promise$DefaultPromise.dispatchOrAddCallback(Promise.scala:316)
[2026-10-05T17:13:51.032+0000] {subprocess.py:93} INFO - 	at scala.concurrent.impl.Promise$DefaultPromise.onComplete(Promise.scala:307)
[2026-10-05T17:13:51.035+0000] {subprocess.py:93} INFO - 	at scala.concurrent.impl.Promise.transformWith(Promise.scala:40)
[2026-10-05T17:13:51.042+0000] {subprocess.py:93} INFO - 	at scala.concurrent.impl.Promise.transformWith$(Promise.scala:38)
[2026-10-05T17:13:51.047+0000] {subprocess.py:93} INFO - 	at scala.concurrent.impl.Promise$DefaultPromise.transformWith(Promise.scala:187)
[2026-10-05T17:13:51.049+0000] {subprocess.py:93} INFO - 	at scala.concurrent.Future.flatMap(Future.scala:306)
[2026-10-05T17:13:51.051+0000] {subprocess.py:93} INFO - 	at scala.concurrent.Future.flatMap$(Future.scala:306)
[2026-10-05T17:13:51.054+0000] {subprocess.py:93} INFO - 	at scala.concurrent.impl.Promise$DefaultPromise.flatMap(Promise.scala:187)
[2026-10-05T17:13:51.056+0000] {subprocess.py:93} INFO - 	at org.apache.spark.rpc.netty.NettyRpcEnv.asyncSetupEndpointRefByURI(NettyRpcEnv.scala:150)
[2026-10-05T17:13:51.059+0000] {subprocess.py:93} INFO - 	... 17 more
[2026-10-05T17:13:51.062+0000] {subprocess.py:93} INFO - 26/10/05 17:13:45 WARN Executor: Issue communicating with driver in heartbeater
[2026-10-05T17:13:51.065+0000] {subprocess.py:93} INFO - org.apache.spark.SparkException: Exception thrown in awaitResult:
[2026-10-05T17:13:51.067+0000] {subprocess.py:93} INFO - 	at org.apache.spark.util.SparkThreadUtils$.awaitResult(SparkThreadUtils.scala:56)
[2026-10-05T17:13:51.069+0000] {subprocess.py:93} INFO - 	at org.apache.spark.util.ThreadUtils$.awaitResult(ThreadUtils.scala:310)
[2026-10-05T17:13:51.072+0000] {subprocess.py:93} INFO - 	at org.apache.spark.rpc.RpcTimeout.awaitResult(RpcTimeout.scala:75)
[2026-10-05T17:13:51.075+0000] {subprocess.py:93} INFO - 	at org.apache.spark.rpc.RpcEndpointRef.askSync(RpcEndpointRef.scala:101)
[2026-10-05T17:13:51.078+0000] {subprocess.py:93} INFO - 	at org.apache.spark.rpc.RpcEndpointRef.askSync(RpcEndpointRef.scala:85)
[2026-10-05T17:13:51.081+0000] {subprocess.py:93} INFO - 	at org.apache.spark.storage.BlockManagerMaster.registerBlockManager(BlockManagerMaster.scala:80)
[2026-10-05T17:13:51.084+0000] {subprocess.py:93} INFO - 	at org.apache.spark.storage.BlockManager.reregister(BlockManager.scala:642)
[2026-10-05T17:13:51.087+0000] {subprocess.py:93} INFO - 	at org.apache.spark.executor.Executor.reportHeartBeat(Executor.scala:1223)
[2026-10-05T17:13:51.089+0000] {subprocess.py:93} INFO - 	at org.apache.spark.executor.Executor.$anonfun$heartbeater$1(Executor.scala:295)
[2026-10-05T17:13:51.091+0000] {subprocess.py:93} INFO - 	at scala.runtime.java8.JFunction0$mcV$sp.apply(JFunction0$mcV$sp.java:23)
[2026-10-05T17:13:51.094+0000] {subprocess.py:93} INFO - 	at org.apache.spark.util.Utils$.logUncaughtExceptions(Utils.scala:1928)
[2026-10-05T17:13:51.097+0000] {subprocess.py:93} INFO - 	at org.apache.spark.Heartbeater$$anon$1.run(Heartbeater.scala:46)
[2026-10-05T17:13:51.099+0000] {subprocess.py:93} INFO - 	at java.base/java.util.concurrent.Executors$RunnableAdapter.call(Unknown Source)
[2026-10-05T17:13:51.100+0000] {subprocess.py:93} INFO - 	at java.base/java.util.concurrent.FutureTask.runAndReset(Unknown Source)
[2026-10-05T17:13:51.103+0000] {subprocess.py:93} INFO - 	at java.base/java.util.concurrent.ScheduledThreadPoolExecutor$ScheduledFutureTask.run(Unknown Source)
[2026-10-05T17:13:51.105+0000] {subprocess.py:93} INFO - 	at java.base/java.util.concurrent.ThreadPoolExecutor.runWorker(Unknown Source)
[2026-10-05T17:13:51.107+0000] {subprocess.py:93} INFO - 	at java.base/java.util.concurrent.ThreadPoolExecutor$Worker.run(Unknown Source)
[2026-10-05T17:13:51.109+0000] {subprocess.py:93} INFO - 	at java.base/java.lang.Thread.run(Unknown Source)
[2026-10-05T17:13:51.111+0000] {subprocess.py:93} INFO - Caused by: org.apache.spark.SparkException: Exception thrown in awaitResult:
[2026-10-05T17:13:51.112+0000] {subprocess.py:93} INFO - 	at org.apache.spark.util.SparkThreadUtils$.awaitResult(SparkThreadUtils.scala:56)
[2026-10-05T17:13:51.114+0000] {subprocess.py:93} INFO - 	at org.apache.spark.util.ThreadUtils$.awaitResult(ThreadUtils.scala:310)
[2026-10-05T17:13:51.115+0000] {subprocess.py:93} INFO - 	at org.apache.spark.rpc.RpcTimeout.awaitResult(RpcTimeout.scala:75)
[2026-10-05T17:13:51.116+0000] {subprocess.py:93} INFO - 	at org.apache.spark.rpc.RpcEnv.setupEndpointRefByURI(RpcEnv.scala:102)
[2026-10-05T17:13:51.118+0000] {subprocess.py:93} INFO - 	at org.apache.spark.rpc.RpcEnv.setupEndpointRef(RpcEnv.scala:110)
[2026-10-05T17:13:51.120+0000] {subprocess.py:93} INFO - 	at org.apache.spark.util.RpcUtils$.makeDriverRef(RpcUtils.scala:36)
[2026-10-05T17:13:51.122+0000] {subprocess.py:93} INFO - 	at org.apache.spark.storage.BlockManagerMasterEndpoint.driverEndpoint$lzycompute(BlockManagerMasterEndpoint.scala:124)
[2026-10-05T17:13:51.122+0000] {subprocess.py:93} INFO - 	at org.apache.spark.storage.BlockManagerMasterEndpoint.org$apache$spark$storage$BlockManagerMasterEndpoint$$driverEndpoint(BlockManagerMasterEndpoint.scala:123)
[2026-10-05T17:13:51.123+0000] {subprocess.py:93} INFO - 	at org.apache.spark.storage.BlockManagerMasterEndpoint.isExecutorAlive$lzycompute$1(BlockManagerMasterEndpoint.scala:688)
[2026-10-05T17:13:51.125+0000] {subprocess.py:93} INFO - 	at org.apache.spark.storage.BlockManagerMasterEndpoint.isExecutorAlive$1(BlockManagerMasterEndpoint.scala:687)
[2026-10-05T17:13:51.126+0000] {subprocess.py:93} INFO - 	at org.apache.spark.storage.BlockManagerMasterEndpoint.org$apache$spark$storage$BlockManagerMasterEndpoint$$register(BlockManagerMasterEndpoint.scala:725)
[2026-10-05T17:13:51.128+0000] {subprocess.py:93} INFO - 	at org.apache.spark.storage.BlockManagerMasterEndpoint$$anonfun$receiveAndReply$1.applyOrElse(BlockManagerMasterEndpoint.scala:133)
[2026-10-05T17:13:51.130+0000] {subprocess.py:93} INFO - 	at org.apache.spark.rpc.netty.Inbox.$anonfun$process$1(Inbox.scala:103)
[2026-10-05T17:13:51.132+0000] {subprocess.py:93} INFO - 	at org.apache.spark.rpc.netty.Inbox.safelyCall(Inbox.scala:213)
[2026-10-05T17:13:51.133+0000] {subprocess.py:93} INFO - 	at org.apache.spark.rpc.netty.Inbox.process(Inbox.scala:100)
[2026-10-05T17:13:51.133+0000] {subprocess.py:93} INFO - 	at org.apache.spark.rpc.netty.MessageLoop.org$apache$spark$rpc$netty$MessageLoop$$receiveLoop(MessageLoop.scala:75)
[2026-10-05T17:13:51.134+0000] {subprocess.py:93} INFO - 	at org.apache.spark.rpc.netty.MessageLoop$$anon$1.run(MessageLoop.scala:41)
[2026-10-05T17:13:51.135+0000] {subprocess.py:93} INFO - 	... 3 more
[2026-10-05T17:13:51.136+0000] {subprocess.py:93} INFO - Caused by: org.apache.spark.rpc.RpcEndpointNotFoundException: Cannot find endpoint: spark://CoarseGrainedScheduler@d2c30ec5c415:45737
[2026-10-05T17:13:51.137+0000] {subprocess.py:93} INFO - 	at org.apache.spark.rpc.netty.NettyRpcEnv.$anonfun$asyncSetupEndpointRefByURI$1(NettyRpcEnv.scala:148)
[2026-10-05T17:13:51.138+0000] {subprocess.py:93} INFO - 	at org.apache.spark.rpc.netty.NettyRpcEnv.$anonfun$asyncSetupEndpointRefByURI$1$adapted(NettyRpcEnv.scala:144)
[2026-10-05T17:13:51.139+0000] {subprocess.py:93} INFO - 	at scala.concurrent.Future.$anonfun$flatMap$1(Future.scala:307)
[2026-10-05T17:13:51.141+0000] {subprocess.py:93} INFO - 	at scala.concurrent.impl.Promise.$anonfun$transformWith$1(Promise.scala:41)
[2026-10-05T17:13:51.144+0000] {subprocess.py:93} INFO - 	at scala.concurrent.impl.CallbackRunnable.run(Promise.scala:64)
[2026-10-05T17:13:51.149+0000] {subprocess.py:93} INFO - 	at org.apache.spark.util.ThreadUtils$$anon$1.execute(ThreadUtils.scala:99)
[2026-10-05T17:13:51.153+0000] {subprocess.py:93} INFO - 	at scala.concurrent.impl.ExecutionContextImpl$$anon$4.execute(ExecutionContextImpl.scala:138)
[2026-10-05T17:13:51.156+0000] {subprocess.py:93} INFO - 	at scala.concurrent.impl.CallbackRunnable.executeWithValue(Promise.scala:72)
[2026-10-05T17:13:51.159+0000] {subprocess.py:93} INFO - 	at scala.concurrent.impl.Promise$DefaultPromise.dispatchOrAddCallback(Promise.scala:316)
[2026-10-05T17:13:51.162+0000] {subprocess.py:93} INFO - 	at scala.concurrent.impl.Promise$DefaultPromise.onComplete(Promise.scala:307)
[2026-10-05T17:13:51.163+0000] {subprocess.py:93} INFO - 	at scala.concurrent.impl.Promise.transformWith(Promise.scala:40)
[2026-10-05T17:13:51.165+0000] {subprocess.py:93} INFO - 	at scala.concurrent.impl.Promise.transformWith$(Promise.scala:38)
[2026-10-05T17:13:51.166+0000] {subprocess.py:93} INFO - 	at scala.concurrent.impl.Promise$DefaultPromise.transformWith(Promise.scala:187)
[2026-10-05T17:13:51.168+0000] {subprocess.py:93} INFO - 	at scala.concurrent.Future.flatMap(Future.scala:306)
[2026-10-05T17:13:51.170+0000] {subprocess.py:93} INFO - 	at scala.concurrent.Future.flatMap$(Future.scala:306)
[2026-10-05T17:13:51.171+0000] {subprocess.py:93} INFO - 	at scala.concurrent.impl.Promise$DefaultPromise.flatMap(Promise.scala:187)
[2026-10-05T17:13:51.172+0000] {subprocess.py:93} INFO - 	at org.apache.spark.rpc.netty.NettyRpcEnv.asyncSetupEndpointRefByURI(NettyRpcEnv.scala:150)
[2026-10-05T17:13:51.174+0000] {subprocess.py:93} INFO - 	... 17 more
[2026-10-05T17:13:51.176+0000] {subprocess.py:93} INFO - 26/10/05 17:13:46 WARN Executor: Issue communicating with driver in heartbeater
[2026-10-05T17:13:51.178+0000] {subprocess.py:93} INFO - org.apache.spark.SparkException: Exception thrown in awaitResult:
[2026-10-05T17:13:51.180+0000] {subprocess.py:93} INFO - 	at org.apache.spark.util.SparkThreadUtils$.awaitResult(SparkThreadUtils.scala:56)
[2026-10-05T17:13:51.182+0000] {subprocess.py:93} INFO - 	at org.apache.spark.util.ThreadUtils$.awaitResult(ThreadUtils.scala:310)
[2026-10-05T17:13:51.184+0000] {subprocess.py:93} INFO - 	at org.apache.spark.rpc.RpcTimeout.awaitResult(RpcTimeout.scala:75)
[2026-10-05T17:13:51.186+0000] {subprocess.py:93} INFO - 	at org.apache.spark.rpc.RpcEndpointRef.askSync(RpcEndpointRef.scala:101)
[2026-10-05T17:13:51.188+0000] {subprocess.py:93} INFO - 	at org.apache.spark.rpc.RpcEndpointRef.askSync(RpcEndpointRef.scala:85)
[2026-10-05T17:13:51.189+0000] {subprocess.py:93} INFO - 	at org.apache.spark.storage.BlockManagerMaster.registerBlockManager(BlockManagerMaster.scala:80)
[2026-10-05T17:13:51.191+0000] {subprocess.py:93} INFO - 	at org.apache.spark.storage.BlockManager.reregister(BlockManager.scala:642)
[2026-10-05T17:13:51.192+0000] {subprocess.py:93} INFO - 	at org.apache.spark.executor.Executor.reportHeartBeat(Executor.scala:1223)
[2026-10-05T17:13:51.194+0000] {subprocess.py:93} INFO - 	at org.apache.spark.executor.Executor.$anonfun$heartbeater$1(Executor.scala:295)
[2026-10-05T17:13:51.196+0000] {subprocess.py:93} INFO - 	at scala.runtime.java8.JFunction0$mcV$sp.apply(JFunction0$mcV$sp.java:23)
[2026-10-05T17:13:51.197+0000] {subprocess.py:93} INFO - 	at org.apache.spark.util.Utils$.logUncaughtExceptions(Utils.scala:1928)
[2026-10-05T17:13:51.198+0000] {subprocess.py:93} INFO - 	at org.apache.spark.Heartbeater$$anon$1.run(Heartbeater.scala:46)
[2026-10-05T17:13:51.199+0000] {subprocess.py:93} INFO - 	at java.base/java.util.concurrent.Executors$RunnableAdapter.call(Unknown Source)
[2026-10-05T17:13:51.199+0000] {subprocess.py:93} INFO - 	at java.base/java.util.concurrent.FutureTask.runAndReset(Unknown Source)
[2026-10-05T17:13:51.199+0000] {subprocess.py:93} INFO - 	at java.base/java.util.concurrent.ScheduledThreadPoolExecutor$ScheduledFutureTask.run(Unknown Source)
[2026-10-05T17:13:51.200+0000] {subprocess.py:93} INFO - 	at java.base/java.util.concurrent.ThreadPoolExecutor.runWorker(Unknown Source)
[2026-10-05T17:13:51.200+0000] {subprocess.py:93} INFO - 	at java.base/java.util.concurrent.ThreadPoolExecutor$Worker.run(Unknown Source)
[2026-10-05T17:13:51.200+0000] {subprocess.py:93} INFO - 	at java.base/java.lang.Thread.run(Unknown Source)
[2026-10-05T17:13:51.201+0000] {subprocess.py:93} INFO - Caused by: org.apache.spark.SparkException: Exception thrown in awaitResult:
[2026-10-05T17:13:51.201+0000] {subprocess.py:93} INFO - 	at org.apache.spark.util.SparkThreadUtils$.awaitResult(SparkThreadUtils.scala:56)
[2026-10-05T17:13:51.201+0000] {subprocess.py:93} INFO - 	at org.apache.spark.util.ThreadUtils$.awaitResult(ThreadUtils.scala:310)
[2026-10-05T17:13:51.202+0000] {subprocess.py:93} INFO - 	at org.apache.spark.rpc.RpcTimeout.awaitResult(RpcTimeout.scala:75)
[2026-10-05T17:13:51.202+0000] {subprocess.py:93} INFO - 	at org.apache.spark.rpc.RpcEnv.setupEndpointRefByURI(RpcEnv.scala:102)
[2026-10-05T17:13:51.203+0000] {subprocess.py:93} INFO - 	at org.apache.spark.rpc.RpcEnv.setupEndpointRef(RpcEnv.scala:110)
[2026-10-05T17:13:51.203+0000] {subprocess.py:93} INFO - 	at org.apache.spark.util.RpcUtils$.makeDriverRef(RpcUtils.scala:36)
[2026-10-05T17:13:51.204+0000] {subprocess.py:93} INFO - 	at org.apache.spark.storage.BlockManagerMasterEndpoint.driverEndpoint$lzycompute(BlockManagerMasterEndpoint.scala:124)
[2026-10-05T17:13:51.204+0000] {subprocess.py:93} INFO - 	at org.apache.spark.storage.BlockManagerMasterEndpoint.org$apache$spark$storage$BlockManagerMasterEndpoint$$driverEndpoint(BlockManagerMasterEndpoint.scala:123)
[2026-10-05T17:13:51.204+0000] {subprocess.py:93} INFO - 	at org.apache.spark.storage.BlockManagerMasterEndpoint.isExecutorAlive$lzycompute$1(BlockManagerMasterEndpoint.scala:688)
[2026-10-05T17:13:51.205+0000] {subprocess.py:93} INFO - 	at org.apache.spark.storage.BlockManagerMasterEndpoint.isExecutorAlive$1(BlockManagerMasterEndpoint.scala:687)
[2026-10-05T17:13:51.205+0000] {subprocess.py:93} INFO - 	at org.apache.spark.storage.BlockManagerMasterEndpoint.org$apache$spark$storage$BlockManagerMasterEndpoint$$register(BlockManagerMasterEndpoint.scala:725)
[2026-10-05T17:13:51.205+0000] {subprocess.py:93} INFO - 	at org.apache.spark.storage.BlockManagerMasterEndpoint$$anonfun$receiveAndReply$1.applyOrElse(BlockManagerMasterEndpoint.scala:133)
[2026-10-05T17:13:51.206+0000] {subprocess.py:93} INFO - 	at org.apache.spark.rpc.netty.Inbox.$anonfun$process$1(Inbox.scala:103)
[2026-10-05T17:13:51.206+0000] {subprocess.py:93} INFO - 	at org.apache.spark.rpc.netty.Inbox.safelyCall(Inbox.scala:213)
[2026-10-05T17:13:51.206+0000] {subprocess.py:93} INFO - 	at org.apache.spark.rpc.netty.Inbox.process(Inbox.scala:100)
[2026-10-05T17:13:51.206+0000] {subprocess.py:93} INFO - 	at org.apache.spark.rpc.netty.MessageLoop.org$apache$spark$rpc$netty$MessageLoop$$receiveLoop(MessageLoop.scala:75)
[2026-10-05T17:13:51.221+0000] {subprocess.py:93} INFO - 	at org.apache.spark.rpc.netty.MessageLoop$$anon$1.run(MessageLoop.scala:41)
[2026-10-05T17:13:51.223+0000] {subprocess.py:93} INFO - 	... 3 more
[2026-10-05T17:13:51.224+0000] {subprocess.py:93} INFO - Caused by: org.apache.spark.rpc.RpcEndpointNotFoundException: Cannot find endpoint: spark://CoarseGrainedScheduler@d2c30ec5c415:45737
[2026-10-05T17:13:51.226+0000] {subprocess.py:93} INFO - 	at org.apache.spark.rpc.netty.NettyRpcEnv.$anonfun$asyncSetupEndpointRefByURI$1(NettyRpcEnv.scala:148)
[2026-10-05T17:13:51.227+0000] {subprocess.py:93} INFO - 	at org.apache.spark.rpc.netty.NettyRpcEnv.$anonfun$asyncSetupEndpointRefByURI$1$adapted(NettyRpcEnv.scala:144)
[2026-10-05T17:13:51.228+0000] {subprocess.py:93} INFO - 	at scala.concurrent.Future.$anonfun$flatMap$1(Future.scala:307)
[2026-10-05T17:13:51.229+0000] {subprocess.py:93} INFO - 	at scala.concurrent.impl.Promise.$anonfun$transformWith$1(Promise.scala:41)
[2026-10-05T17:13:51.231+0000] {subprocess.py:93} INFO - 	at scala.concurrent.impl.CallbackRunnable.run(Promise.scala:64)
[2026-10-05T17:13:51.232+0000] {subprocess.py:93} INFO - 	at org.apache.spark.util.ThreadUtils$$anon$1.execute(ThreadUtils.scala:99)
[2026-10-05T17:13:51.233+0000] {subprocess.py:93} INFO - 	at scala.concurrent.impl.ExecutionContextImpl$$anon$4.execute(ExecutionContextImpl.scala:138)
[2026-10-05T17:13:51.233+0000] {subprocess.py:93} INFO - 	at scala.concurrent.impl.CallbackRunnable.executeWithValue(Promise.scala:72)
[2026-10-05T17:13:51.234+0000] {subprocess.py:93} INFO - 	at scala.concurrent.impl.Promise$DefaultPromise.$anonfun$tryComplete$1(Promise.scala:288)
[2026-10-05T17:13:51.235+0000] {subprocess.py:93} INFO - 	at scala.concurrent.impl.Promise$DefaultPromise.$anonfun$tryComplete$1$adapted(Promise.scala:288)
[2026-10-05T17:13:51.237+0000] {subprocess.py:93} INFO - 	at scala.concurrent.impl.Promise$DefaultPromise.tryComplete(Promise.scala:288)
[2026-10-05T17:13:51.238+0000] {subprocess.py:93} INFO - 	at scala.concurrent.Promise.complete(Promise.scala:53)
[2026-10-05T17:13:51.239+0000] {subprocess.py:93} INFO - 	at scala.concurrent.Promise.complete$(Promise.scala:52)
[2026-10-05T17:13:51.240+0000] {subprocess.py:93} INFO - 	at scala.concurrent.impl.Promise$DefaultPromise.complete(Promise.scala:187)
[2026-10-05T17:13:51.241+0000] {subprocess.py:93} INFO - 	at scala.concurrent.impl.Promise.$anonfun$transform$1(Promise.scala:33)
[2026-10-05T17:13:51.242+0000] {subprocess.py:93} INFO - 	at scala.concurrent.impl.CallbackRunnable.run(Promise.scala:64)
[2026-10-05T17:13:51.243+0000] {subprocess.py:93} INFO - 	at org.apache.spark.util.ThreadUtils$$anon$1.execute(ThreadUtils.scala:99)
[2026-10-05T17:13:51.244+0000] {subprocess.py:93} INFO - 	at scala.concurrent.impl.ExecutionContextImpl$$anon$4.execute(ExecutionContextImpl.scala:138)
[2026-10-05T17:13:51.244+0000] {subprocess.py:93} INFO - 	at scala.concurrent.impl.CallbackRunnable.executeWithValue(Promise.scala:72)
[2026-10-05T17:13:51.245+0000] {subprocess.py:93} INFO - 	at scala.concurrent.impl.Promise$DefaultPromise.$anonfun$tryComplete$1(Promise.scala:288)
[2026-10-05T17:13:51.246+0000] {subprocess.py:93} INFO - 	at scala.concurrent.impl.Promise$DefaultPromise.$anonfun$tryComplete$1$adapted(Promise.scala:288)
[2026-10-05T17:13:51.247+0000] {subprocess.py:93} INFO - 	at scala.concurrent.impl.Promise$DefaultPromise.tryComplete(Promise.scala:288)
[2026-10-05T17:13:51.248+0000] {subprocess.py:93} INFO - 	at scala.concurrent.Promise.complete(Promise.scala:53)
[2026-10-05T17:13:51.248+0000] {subprocess.py:93} INFO - 	at scala.concurrent.Promise.complete$(Promise.scala:52)
[2026-10-05T17:13:51.249+0000] {subprocess.py:93} INFO - 	at scala.concurrent.impl.Promise$DefaultPromise.complete(Promise.scala:187)
[2026-10-05T17:13:51.250+0000] {subprocess.py:93} INFO - 	at scala.concurrent.impl.Promise.$anonfun$transform$1(Promise.scala:33)
[2026-10-05T17:13:51.251+0000] {subprocess.py:93} INFO - 	at scala.concurrent.impl.CallbackRunnable.run(Promise.scala:64)
[2026-10-05T17:13:51.253+0000] {subprocess.py:93} INFO - 	at scala.concurrent.BatchingExecutor$Batch.processBatch$1(BatchingExecutor.scala:67)
[2026-10-05T17:13:51.254+0000] {subprocess.py:93} INFO - 	at scala.concurrent.BatchingExecutor$Batch.$anonfun$run$1(BatchingExecutor.scala:82)
[2026-10-05T17:13:51.255+0000] {subprocess.py:93} INFO - 	at scala.runtime.java8.JFunction0$mcV$sp.apply(JFunction0$mcV$sp.java:23)
[2026-10-05T17:13:51.256+0000] {subprocess.py:93} INFO - 	at scala.concurrent.BlockContext$.withBlockContext(BlockContext.scala:85)
[2026-10-05T17:13:51.258+0000] {subprocess.py:93} INFO - 	at scala.concurrent.BatchingExecutor$Batch.run(BatchingExecutor.scala:59)
[2026-10-05T17:13:51.259+0000] {subprocess.py:93} INFO - 	at scala.concurrent.Future$InternalCallbackExecutor$.unbatchedExecute(Future.scala:875)
[2026-10-05T17:13:51.261+0000] {subprocess.py:93} INFO - 	at scala.concurrent.BatchingExecutor.execute(BatchingExecutor.scala:110)
[2026-10-05T17:13:51.263+0000] {subprocess.py:93} INFO - 	at scala.concurrent.BatchingExecutor.execute$(BatchingExecutor.scala:107)
[2026-10-05T17:13:51.264+0000] {subprocess.py:93} INFO - 	at scala.concurrent.Future$InternalCallbackExecutor$.execute(Future.scala:873)
[2026-10-05T17:13:51.265+0000] {subprocess.py:93} INFO - 	at scala.concurrent.impl.CallbackRunnable.executeWithValue(Promise.scala:72)
[2026-10-05T17:13:51.266+0000] {subprocess.py:93} INFO - 	at scala.concurrent.impl.Promise$DefaultPromise.$anonfun$tryComplete$1(Promise.scala:288)
[2026-10-05T17:13:51.268+0000] {subprocess.py:93} INFO - 	at scala.concurrent.impl.Promise$DefaultPromise.$anonfun$tryComplete$1$adapted(Promise.scala:288)
[2026-10-05T17:13:51.269+0000] {subprocess.py:93} INFO - 	at scala.concurrent.impl.Promise$DefaultPromise.tryComplete(Promise.scala:288)
[2026-10-05T17:13:51.271+0000] {subprocess.py:93} INFO - 	at scala.concurrent.Promise.trySuccess(Promise.scala:94)
[2026-10-05T17:13:51.272+0000] {subprocess.py:93} INFO - 	at scala.concurrent.Promise.trySuccess$(Promise.scala:94)
[2026-10-05T17:13:51.273+0000] {subprocess.py:93} INFO - 	at scala.concurrent.impl.Promise$DefaultPromise.trySuccess(Promise.scala:187)
[2026-10-05T17:13:51.274+0000] {subprocess.py:93} INFO - 	at org.apache.spark.rpc.netty.NettyRpcEnv.onSuccess$1(NettyRpcEnv.scala:225)
[2026-10-05T17:13:51.276+0000] {subprocess.py:93} INFO - 	at org.apache.spark.rpc.netty.NettyRpcEnv.$anonfun$askAbortable$5(NettyRpcEnv.scala:239)
[2026-10-05T17:13:51.277+0000] {subprocess.py:93} INFO - 	at org.apache.spark.rpc.netty.NettyRpcEnv.$anonfun$askAbortable$5$adapted(NettyRpcEnv.scala:238)
[2026-10-05T17:13:51.279+0000] {subprocess.py:93} INFO - 	at scala.concurrent.impl.CallbackRunnable.run(Promise.scala:64)
[2026-10-05T17:13:51.281+0000] {subprocess.py:93} INFO - 	at org.apache.spark.util.ThreadUtils$$anon$1.execute(ThreadUtils.scala:99)
[2026-10-05T17:13:51.283+0000] {subprocess.py:93} INFO - 	at scala.concurrent.impl.ExecutionContextImpl$$anon$4.execute(ExecutionContextImpl.scala:138)
[2026-10-05T17:13:51.285+0000] {subprocess.py:93} INFO - 	at scala.concurrent.impl.CallbackRunnable.executeWithValue(Promise.scala:72)
[2026-10-05T17:13:51.286+0000] {subprocess.py:93} INFO - 	at scala.concurrent.impl.Promise$DefaultPromise.$anonfun$tryComplete$1(Promise.scala:288)
[2026-10-05T17:13:51.287+0000] {subprocess.py:93} INFO - 	at scala.concurrent.impl.Promise$DefaultPromise.$anonfun$tryComplete$1$adapted(Promise.scala:288)
[2026-10-05T17:13:51.289+0000] {subprocess.py:93} INFO - 	at scala.concurrent.impl.Promise$DefaultPromise.tryComplete(Promise.scala:288)
[2026-10-05T17:13:51.290+0000] {subprocess.py:93} INFO - 	at scala.concurrent.Promise.complete(Promise.scala:53)
[2026-10-05T17:13:51.291+0000] {subprocess.py:93} INFO - 	at scala.concurrent.Promise.complete$(Promise.scala:52)
[2026-10-05T17:13:51.293+0000] {subprocess.py:93} INFO - 	at scala.concurrent.impl.Promise$DefaultPromise.complete(Promise.scala:187)
[2026-10-05T17:13:51.295+0000] {subprocess.py:93} INFO - 	at scala.concurrent.Promise.success(Promise.scala:86)
[2026-10-05T17:13:51.297+0000] {subprocess.py:93} INFO - 	at scala.concurrent.Promise.success$(Promise.scala:86)
[2026-10-05T17:13:51.298+0000] {subprocess.py:93} INFO - 	at scala.concurrent.impl.Promise$DefaultPromise.success(Promise.scala:187)
[2026-10-05T17:13:51.299+0000] {subprocess.py:93} INFO - 	at org.apache.spark.rpc.netty.LocalNettyRpcCallContext.send(NettyRpcCallContext.scala:50)
[2026-10-05T17:13:51.300+0000] {subprocess.py:93} INFO - 	at org.apache.spark.rpc.netty.NettyRpcCallContext.reply(NettyRpcCallContext.scala:32)
[2026-10-05T17:13:51.301+0000] {subprocess.py:93} INFO - 	at org.apache.spark.rpc.netty.RpcEndpointVerifier$$anonfun$receiveAndReply$1.applyOrElse(RpcEndpointVerifier.scala:31)
[2026-10-05T17:13:51.301+0000] {subprocess.py:93} INFO - 	... 8 more
[2026-10-05T17:13:51.302+0000] {subprocess.py:93} INFO - 26/10/05 17:13:46 ERROR Inbox: Ignoring error
[2026-10-05T17:13:51.303+0000] {subprocess.py:93} INFO - org.apache.spark.SparkException: Exception thrown in awaitResult:
[2026-10-05T17:13:51.304+0000] {subprocess.py:93} INFO - 	at org.apache.spark.util.SparkThreadUtils$.awaitResult(SparkThreadUtils.scala:56)
[2026-10-05T17:13:51.305+0000] {subprocess.py:93} INFO - 	at org.apache.spark.util.ThreadUtils$.awaitResult(ThreadUtils.scala:310)
[2026-10-05T17:13:51.306+0000] {subprocess.py:93} INFO - 	at org.apache.spark.rpc.RpcTimeout.awaitResult(RpcTimeout.scala:75)
[2026-10-05T17:13:51.307+0000] {subprocess.py:93} INFO - 	at org.apache.spark.rpc.RpcEnv.setupEndpointRefByURI(RpcEnv.scala:102)
[2026-10-05T17:13:51.308+0000] {subprocess.py:93} INFO - 	at org.apache.spark.rpc.RpcEnv.setupEndpointRef(RpcEnv.scala:110)
[2026-10-05T17:13:51.308+0000] {subprocess.py:93} INFO - 	at org.apache.spark.util.RpcUtils$.makeDriverRef(RpcUtils.scala:36)
[2026-10-05T17:13:51.309+0000] {subprocess.py:93} INFO - 	at org.apache.spark.storage.BlockManagerMasterEndpoint.driverEndpoint$lzycompute(BlockManagerMasterEndpoint.scala:124)
[2026-10-05T17:13:51.310+0000] {subprocess.py:93} INFO - 	at org.apache.spark.storage.BlockManagerMasterEndpoint.org$apache$spark$storage$BlockManagerMasterEndpoint$$driverEndpoint(BlockManagerMasterEndpoint.scala:123)
[2026-10-05T17:13:51.311+0000] {subprocess.py:93} INFO - 	at org.apache.spark.storage.BlockManagerMasterEndpoint.isExecutorAlive$lzycompute$1(BlockManagerMasterEndpoint.scala:688)
[2026-10-05T17:13:51.312+0000] {subprocess.py:93} INFO - 	at org.apache.spark.storage.BlockManagerMasterEndpoint.isExecutorAlive$1(BlockManagerMasterEndpoint.scala:687)
[2026-10-05T17:13:51.313+0000] {subprocess.py:93} INFO - 	at org.apache.spark.storage.BlockManagerMasterEndpoint.org$apache$spark$storage$BlockManagerMasterEndpoint$$register(BlockManagerMasterEndpoint.scala:725)
[2026-10-05T17:13:51.314+0000] {subprocess.py:93} INFO - 	at org.apache.spark.storage.BlockManagerMasterEndpoint$$anonfun$receiveAndReply$1.applyOrElse(BlockManagerMasterEndpoint.scala:133)
[2026-10-05T17:13:51.314+0000] {subprocess.py:93} INFO - 	at org.apache.spark.rpc.netty.Inbox.$anonfun$process$1(Inbox.scala:103)
[2026-10-05T17:13:51.315+0000] {subprocess.py:93} INFO - 	at org.apache.spark.rpc.netty.Inbox.safelyCall(Inbox.scala:213)
[2026-10-05T17:13:51.315+0000] {subprocess.py:93} INFO - 	at org.apache.spark.rpc.netty.Inbox.process(Inbox.scala:100)
[2026-10-05T17:13:51.316+0000] {subprocess.py:93} INFO - 	at org.apache.spark.rpc.netty.MessageLoop.org$apache$spark$rpc$netty$MessageLoop$$receiveLoop(MessageLoop.scala:75)
[2026-10-05T17:13:51.316+0000] {subprocess.py:93} INFO - 	at org.apache.spark.rpc.netty.MessageLoop$$anon$1.run(MessageLoop.scala:41)
[2026-10-05T17:13:51.729+0000] {subprocess.py:93} INFO - 	at java.base/java.util.concurrent.ThreadPoolExecutor.runWorker(Unknown Source)
[2026-10-05T17:13:51.738+0000] {subprocess.py:93} INFO - 	at java.base/java.util.concurrent.ThreadPoolExecutor$Worker.run(Unknown Source)
[2026-10-05T17:13:51.739+0000] {subprocess.py:93} INFO - 	at java.base/java.lang.Thread.run(Unknown Source)
[2026-10-05T17:13:51.739+0000] {subprocess.py:93} INFO - Caused by: org.apache.spark.rpc.RpcEndpointNotFoundException: Cannot find endpoint: spark://CoarseGrainedScheduler@d2c30ec5c415:45737
[2026-10-05T17:13:51.740+0000] {subprocess.py:93} INFO - 	at org.apache.spark.rpc.netty.NettyRpcEnv.$anonfun$asyncSetupEndpointRefByURI$1(NettyRpcEnv.scala:148)
[2026-10-05T17:13:51.740+0000] {subprocess.py:93} INFO - 	at org.apache.spark.rpc.netty.NettyRpcEnv.$anonfun$asyncSetupEndpointRefByURI$1$adapted(NettyRpcEnv.scala:144)
[2026-10-05T17:13:51.741+0000] {subprocess.py:93} INFO - 	at scala.concurrent.Future.$anonfun$flatMap$1(Future.scala:307)
[2026-10-05T17:13:51.742+0000] {subprocess.py:93} INFO - 	at scala.concurrent.impl.Promise.$anonfun$transformWith$1(Promise.scala:41)
[2026-10-05T17:13:51.742+0000] {subprocess.py:93} INFO - 	at scala.concurrent.impl.CallbackRunnable.run(Promise.scala:64)
[2026-10-05T17:13:51.743+0000] {subprocess.py:93} INFO - 	at org.apache.spark.util.ThreadUtils$$anon$1.execute(ThreadUtils.scala:99)
[2026-10-05T17:13:51.743+0000] {subprocess.py:93} INFO - 	at scala.concurrent.impl.ExecutionContextImpl$$anon$4.execute(ExecutionContextImpl.scala:138)
[2026-10-05T17:13:51.744+0000] {subprocess.py:93} INFO - 	at scala.concurrent.impl.CallbackRunnable.executeWithValue(Promise.scala:72)
[2026-10-05T17:13:51.745+0000] {subprocess.py:93} INFO - 	at scala.concurrent.impl.Promise$DefaultPromise.$anonfun$tryComplete$1(Promise.scala:288)
[2026-10-05T17:13:51.745+0000] {subprocess.py:93} INFO - 	at scala.concurrent.impl.Promise$DefaultPromise.$anonfun$tryComplete$1$adapted(Promise.scala:288)
[2026-10-05T17:13:51.746+0000] {subprocess.py:93} INFO - 	at scala.concurrent.impl.Promise$DefaultPromise.tryComplete(Promise.scala:288)
[2026-10-05T17:13:51.746+0000] {subprocess.py:93} INFO - 	at scala.concurrent.Promise.complete(Promise.scala:53)
[2026-10-05T17:13:51.746+0000] {subprocess.py:93} INFO - 	at scala.concurrent.Promise.complete$(Promise.scala:52)
[2026-10-05T17:13:51.747+0000] {subprocess.py:93} INFO - 	at scala.concurrent.impl.Promise$DefaultPromise.complete(Promise.scala:187)
[2026-10-05T17:13:51.747+0000] {subprocess.py:93} INFO - 	at scala.concurrent.impl.Promise.$anonfun$transform$1(Promise.scala:33)
[2026-10-05T17:13:51.748+0000] {subprocess.py:93} INFO - 	at scala.concurrent.impl.CallbackRunnable.run(Promise.scala:64)
[2026-10-05T17:13:51.748+0000] {subprocess.py:93} INFO - 	at org.apache.spark.util.ThreadUtils$$anon$1.execute(ThreadUtils.scala:99)
[2026-10-05T17:13:51.749+0000] {subprocess.py:93} INFO - 	at scala.concurrent.impl.ExecutionContextImpl$$anon$4.execute(ExecutionContextImpl.scala:138)
[2026-10-05T17:13:51.749+0000] {subprocess.py:93} INFO - 	at scala.concurrent.impl.CallbackRunnable.executeWithValue(Promise.scala:72)
[2026-10-05T17:13:51.750+0000] {subprocess.py:93} INFO - 	at scala.concurrent.impl.Promise$DefaultPromise.$anonfun$tryComplete$1(Promise.scala:288)
[2026-10-05T17:13:51.750+0000] {subprocess.py:93} INFO - 	at scala.concurrent.impl.Promise$DefaultPromise.$anonfun$tryComplete$1$adapted(Promise.scala:288)
[2026-10-05T17:13:51.751+0000] {subprocess.py:93} INFO - 	at scala.concurrent.impl.Promise$DefaultPromise.tryComplete(Promise.scala:288)
[2026-10-05T17:13:51.751+0000] {subprocess.py:93} INFO - 	at scala.concurrent.Promise.complete(Promise.scala:53)
[2026-10-05T17:13:51.752+0000] {subprocess.py:93} INFO - 	at scala.concurrent.Promise.complete$(Promise.scala:52)
[2026-10-05T17:13:51.753+0000] {subprocess.py:93} INFO - 	at scala.concurrent.impl.Promise$DefaultPromise.complete(Promise.scala:187)
[2026-10-05T17:13:51.753+0000] {subprocess.py:93} INFO - 	at scala.concurrent.impl.Promise.$anonfun$transform$1(Promise.scala:33)
[2026-10-05T17:13:51.754+0000] {subprocess.py:93} INFO - 	at scala.concurrent.impl.CallbackRunnable.run(Promise.scala:64)
[2026-10-05T17:13:51.754+0000] {subprocess.py:93} INFO - 	at scala.concurrent.BatchingExecutor$Batch.processBatch$1(BatchingExecutor.scala:67)
[2026-10-05T17:13:51.755+0000] {subprocess.py:93} INFO - 	at scala.concurrent.BatchingExecutor$Batch.$anonfun$run$1(BatchingExecutor.scala:82)
[2026-10-05T17:13:51.755+0000] {subprocess.py:93} INFO - 	at scala.runtime.java8.JFunction0$mcV$sp.apply(JFunction0$mcV$sp.java:23)
[2026-10-05T17:13:51.756+0000] {subprocess.py:93} INFO - 	at scala.concurrent.BlockContext$.withBlockContext(BlockContext.scala:85)
[2026-10-05T17:13:51.756+0000] {subprocess.py:93} INFO - 	at scala.concurrent.BatchingExecutor$Batch.run(BatchingExecutor.scala:59)
[2026-10-05T17:13:51.756+0000] {subprocess.py:93} INFO - 	at scala.concurrent.Future$InternalCallbackExecutor$.unbatchedExecute(Future.scala:875)
[2026-10-05T17:13:51.757+0000] {subprocess.py:93} INFO - 	at scala.concurrent.BatchingExecutor.execute(BatchingExecutor.scala:110)
[2026-10-05T17:13:51.757+0000] {subprocess.py:93} INFO - 	at scala.concurrent.BatchingExecutor.execute$(BatchingExecutor.scala:107)
[2026-10-05T17:13:51.757+0000] {subprocess.py:93} INFO - 	at scala.concurrent.Future$InternalCallbackExecutor$.execute(Future.scala:873)
[2026-10-05T17:13:51.758+0000] {subprocess.py:93} INFO - 	at scala.concurrent.impl.CallbackRunnable.executeWithValue(Promise.scala:72)
[2026-10-05T17:13:51.758+0000] {subprocess.py:93} INFO - 	at scala.concurrent.impl.Promise$DefaultPromise.$anonfun$tryComplete$1(Promise.scala:288)
[2026-10-05T17:13:51.758+0000] {subprocess.py:93} INFO - 	at scala.concurrent.impl.Promise$DefaultPromise.$anonfun$tryComplete$1$adapted(Promise.scala:288)
[2026-10-05T17:13:51.759+0000] {subprocess.py:93} INFO - 	at scala.concurrent.impl.Promise$DefaultPromise.tryComplete(Promise.scala:288)
[2026-10-05T17:13:51.759+0000] {subprocess.py:93} INFO - 	at scala.concurrent.Promise.trySuccess(Promise.scala:94)
[2026-10-05T17:13:51.759+0000] {subprocess.py:93} INFO - 	at scala.concurrent.Promise.trySuccess$(Promise.scala:94)
[2026-10-05T17:13:51.760+0000] {subprocess.py:93} INFO - 	at scala.concurrent.impl.Promise$DefaultPromise.trySuccess(Promise.scala:187)
[2026-10-05T17:13:51.760+0000] {subprocess.py:93} INFO - 	at org.apache.spark.rpc.netty.NettyRpcEnv.onSuccess$1(NettyRpcEnv.scala:225)
[2026-10-05T17:13:51.760+0000] {subprocess.py:93} INFO - 	at org.apache.spark.rpc.netty.NettyRpcEnv.$anonfun$askAbortable$5(NettyRpcEnv.scala:239)
[2026-10-05T17:13:51.761+0000] {subprocess.py:93} INFO - 	at org.apache.spark.rpc.netty.NettyRpcEnv.$anonfun$askAbortable$5$adapted(NettyRpcEnv.scala:238)
[2026-10-05T17:13:51.761+0000] {subprocess.py:93} INFO - 	at scala.concurrent.impl.CallbackRunnable.run(Promise.scala:64)
[2026-10-05T17:13:51.762+0000] {subprocess.py:93} INFO - 	at org.apache.spark.util.ThreadUtils$$anon$1.execute(ThreadUtils.scala:99)
[2026-10-05T17:13:51.762+0000] {subprocess.py:93} INFO - 	at scala.concurrent.impl.ExecutionContextImpl$$anon$4.execute(ExecutionContextImpl.scala:138)
[2026-10-05T17:13:51.762+0000] {subprocess.py:93} INFO - 	at scala.concurrent.impl.CallbackRunnable.executeWithValue(Promise.scala:72)
[2026-10-05T17:13:51.763+0000] {subprocess.py:93} INFO - 	at scala.concurrent.impl.Promise$DefaultPromise.$anonfun$tryComplete$1(Promise.scala:288)
[2026-10-05T17:13:51.763+0000] {subprocess.py:93} INFO - 	at scala.concurrent.impl.Promise$DefaultPromise.$anonfun$tryComplete$1$adapted(Promise.scala:288)
[2026-10-05T17:13:51.764+0000] {subprocess.py:93} INFO - 	at scala.concurrent.impl.Promise$DefaultPromise.tryComplete(Promise.scala:288)
[2026-10-05T17:13:51.764+0000] {subprocess.py:93} INFO - 	at scala.concurrent.Promise.complete(Promise.scala:53)
[2026-10-05T17:13:51.765+0000] {subprocess.py:93} INFO - 	at scala.concurrent.Promise.complete$(Promise.scala:52)
[2026-10-05T17:13:51.765+0000] {subprocess.py:93} INFO - 	at scala.concurrent.impl.Promise$DefaultPromise.complete(Promise.scala:187)
[2026-10-05T17:13:51.766+0000] {subprocess.py:93} INFO - 	at scala.concurrent.Promise.success(Promise.scala:86)
[2026-10-05T17:13:51.766+0000] {subprocess.py:93} INFO - 	at scala.concurrent.Promise.success$(Promise.scala:86)
[2026-10-05T17:13:51.766+0000] {subprocess.py:93} INFO - 	at scala.concurrent.impl.Promise$DefaultPromise.success(Promise.scala:187)
[2026-10-05T17:13:51.767+0000] {subprocess.py:93} INFO - 	at org.apache.spark.rpc.netty.LocalNettyRpcCallContext.send(NettyRpcCallContext.scala:50)
[2026-10-05T17:13:51.767+0000] {subprocess.py:93} INFO - 	at org.apache.spark.rpc.netty.NettyRpcCallContext.reply(NettyRpcCallContext.scala:32)
[2026-10-05T17:13:51.768+0000] {subprocess.py:93} INFO - 	at org.apache.spark.rpc.netty.RpcEndpointVerifier$$anonfun$receiveAndReply$1.applyOrElse(RpcEndpointVerifier.scala:31)
[2026-10-05T17:13:51.769+0000] {subprocess.py:93} INFO - 	... 8 more
[2026-10-05T17:13:51.771+0000] {subprocess.py:93} INFO - 26/10/05 17:13:46 ERROR Inbox: Ignoring error
[2026-10-05T17:13:51.772+0000] {subprocess.py:93} INFO - org.apache.spark.SparkException: Exception thrown in awaitResult:
[2026-10-05T17:13:51.773+0000] {subprocess.py:93} INFO - 	at org.apache.spark.util.SparkThreadUtils$.awaitResult(SparkThreadUtils.scala:56)
[2026-10-05T17:13:51.775+0000] {subprocess.py:93} INFO - 	at org.apache.spark.util.ThreadUtils$.awaitResult(ThreadUtils.scala:310)
[2026-10-05T17:13:51.776+0000] {subprocess.py:93} INFO - 	at org.apache.spark.rpc.RpcTimeout.awaitResult(RpcTimeout.scala:75)
[2026-10-05T17:13:51.776+0000] {subprocess.py:93} INFO - 	at org.apache.spark.rpc.RpcEnv.setupEndpointRefByURI(RpcEnv.scala:102)
[2026-10-05T17:13:51.777+0000] {subprocess.py:93} INFO - 	at org.apache.spark.rpc.RpcEnv.setupEndpointRef(RpcEnv.scala:110)
[2026-10-05T17:13:51.777+0000] {subprocess.py:93} INFO - 	at org.apache.spark.util.RpcUtils$.makeDriverRef(RpcUtils.scala:36)
[2026-10-05T17:13:51.778+0000] {subprocess.py:93} INFO - 	at org.apache.spark.storage.BlockManagerMasterEndpoint.driverEndpoint$lzycompute(BlockManagerMasterEndpoint.scala:124)
[2026-10-05T17:13:51.779+0000] {subprocess.py:93} INFO - 	at org.apache.spark.storage.BlockManagerMasterEndpoint.org$apache$spark$storage$BlockManagerMasterEndpoint$$driverEndpoint(BlockManagerMasterEndpoint.scala:123)
[2026-10-05T17:13:51.780+0000] {subprocess.py:93} INFO - 	at org.apache.spark.storage.BlockManagerMasterEndpoint.isExecutorAlive$lzycompute$1(BlockManagerMasterEndpoint.scala:688)
[2026-10-05T17:13:51.780+0000] {subprocess.py:93} INFO - 	at org.apache.spark.storage.BlockManagerMasterEndpoint.isExecutorAlive$1(BlockManagerMasterEndpoint.scala:687)
[2026-10-05T17:13:51.781+0000] {subprocess.py:93} INFO - 	at org.apache.spark.storage.BlockManagerMasterEndpoint.org$apache$spark$storage$BlockManagerMasterEndpoint$$register(BlockManagerMasterEndpoint.scala:725)
[2026-10-05T17:13:51.782+0000] {subprocess.py:93} INFO - 	at org.apache.spark.storage.BlockManagerMasterEndpoint$$anonfun$receiveAndReply$1.applyOrElse(BlockManagerMasterEndpoint.scala:133)
[2026-10-05T17:13:51.783+0000] {subprocess.py:93} INFO - 	at org.apache.spark.rpc.netty.Inbox.$anonfun$process$1(Inbox.scala:103)
[2026-10-05T17:13:51.784+0000] {subprocess.py:93} INFO - 	at org.apache.spark.rpc.netty.Inbox.safelyCall(Inbox.scala:213)
[2026-10-05T17:13:51.785+0000] {subprocess.py:93} INFO - 	at org.apache.spark.rpc.netty.Inbox.process(Inbox.scala:100)
[2026-10-05T17:13:51.785+0000] {subprocess.py:93} INFO - 	at org.apache.spark.rpc.netty.MessageLoop.org$apache$spark$rpc$netty$MessageLoop$$receiveLoop(MessageLoop.scala:75)
[2026-10-05T17:13:51.785+0000] {subprocess.py:93} INFO - 	at org.apache.spark.rpc.netty.MessageLoop$$anon$1.run(MessageLoop.scala:41)
[2026-10-05T17:13:51.786+0000] {subprocess.py:93} INFO - 	at java.base/java.util.concurrent.ThreadPoolExecutor.runWorker(Unknown Source)
[2026-10-05T17:13:51.787+0000] {subprocess.py:93} INFO - 	at java.base/java.util.concurrent.ThreadPoolExecutor$Worker.run(Unknown Source)
[2026-10-05T17:13:51.788+0000] {subprocess.py:93} INFO - 	at java.base/java.lang.Thread.run(Unknown Source)
[2026-10-05T17:13:51.788+0000] {subprocess.py:93} INFO - Caused by: org.apache.spark.rpc.RpcEndpointNotFoundException: Cannot find endpoint: spark://CoarseGrainedScheduler@d2c30ec5c415:45737
[2026-10-05T17:13:51.789+0000] {subprocess.py:93} INFO - 	at org.apache.spark.rpc.netty.NettyRpcEnv.$anonfun$asyncSetupEndpointRefByURI$1(NettyRpcEnv.scala:148)
[2026-10-05T17:13:51.789+0000] {subprocess.py:93} INFO - 	at org.apache.spark.rpc.netty.NettyRpcEnv.$anonfun$asyncSetupEndpointRefByURI$1$adapted(NettyRpcEnv.scala:144)
[2026-10-05T17:13:51.789+0000] {subprocess.py:93} INFO - 	at scala.concurrent.Future.$anonfun$flatMap$1(Future.scala:307)
[2026-10-05T17:13:51.790+0000] {subprocess.py:93} INFO - 	at scala.concurrent.impl.Promise.$anonfun$transformWith$1(Promise.scala:41)
[2026-10-05T17:13:51.790+0000] {subprocess.py:93} INFO - 	at scala.concurrent.impl.CallbackRunnable.run(Promise.scala:64)
[2026-10-05T17:13:51.790+0000] {subprocess.py:93} INFO - 	at org.apache.spark.util.ThreadUtils$$anon$1.execute(ThreadUtils.scala:99)
[2026-10-05T17:13:51.791+0000] {subprocess.py:93} INFO - 	at scala.concurrent.impl.ExecutionContextImpl$$anon$4.execute(ExecutionContextImpl.scala:138)
[2026-10-05T17:13:51.791+0000] {subprocess.py:93} INFO - 	at scala.concurrent.impl.CallbackRunnable.executeWithValue(Promise.scala:72)
[2026-10-05T17:13:51.792+0000] {subprocess.py:93} INFO - 	at scala.concurrent.impl.Promise$DefaultPromise.$anonfun$tryComplete$1(Promise.scala:288)
[2026-10-05T17:13:51.792+0000] {subprocess.py:93} INFO - 	at scala.concurrent.impl.Promise$DefaultPromise.$anonfun$tryComplete$1$adapted(Promise.scala:288)
[2026-10-05T17:13:51.793+0000] {subprocess.py:93} INFO - 	at scala.concurrent.impl.Promise$DefaultPromise.tryComplete(Promise.scala:288)
[2026-10-05T17:13:51.793+0000] {subprocess.py:93} INFO - 	at scala.concurrent.Promise.complete(Promise.scala:53)
[2026-10-05T17:13:51.793+0000] {subprocess.py:93} INFO - 	at scala.concurrent.Promise.complete$(Promise.scala:52)
[2026-10-05T17:13:51.794+0000] {subprocess.py:93} INFO - 	at scala.concurrent.impl.Promise$DefaultPromise.complete(Promise.scala:187)
[2026-10-05T17:13:51.794+0000] {subprocess.py:93} INFO - 	at scala.concurrent.impl.Promise.$anonfun$transform$1(Promise.scala:33)
[2026-10-05T17:13:51.794+0000] {subprocess.py:93} INFO - 	at scala.concurrent.impl.CallbackRunnable.run(Promise.scala:64)
[2026-10-05T17:13:51.795+0000] {subprocess.py:93} INFO - 	at org.apache.spark.util.ThreadUtils$$anon$1.execute(ThreadUtils.scala:99)
[2026-10-05T17:13:51.795+0000] {subprocess.py:93} INFO - 	at scala.concurrent.impl.ExecutionContextImpl$$anon$4.execute(ExecutionContextImpl.scala:138)
[2026-10-05T17:13:51.796+0000] {subprocess.py:93} INFO - 	at scala.concurrent.impl.CallbackRunnable.executeWithValue(Promise.scala:72)
[2026-10-05T17:13:51.796+0000] {subprocess.py:93} INFO - 	at scala.concurrent.impl.Promise$DefaultPromise.$anonfun$tryComplete$1(Promise.scala:288)
[2026-10-05T17:13:51.797+0000] {subprocess.py:93} INFO - 	at scala.concurrent.impl.Promise$DefaultPromise.$anonfun$tryComplete$1$adapted(Promise.scala:288)
[2026-10-05T17:13:51.797+0000] {subprocess.py:93} INFO - 	at scala.concurrent.impl.Promise$DefaultPromise.tryComplete(Promise.scala:288)
[2026-10-05T17:13:51.798+0000] {subprocess.py:93} INFO - 	at scala.concurrent.Promise.complete(Promise.scala:53)
[2026-10-05T17:13:51.798+0000] {subprocess.py:93} INFO - 	at scala.concurrent.Promise.complete$(Promise.scala:52)
[2026-10-05T17:13:51.799+0000] {subprocess.py:93} INFO - 	at scala.concurrent.impl.Promise$DefaultPromise.complete(Promise.scala:187)
[2026-10-05T17:13:51.799+0000] {subprocess.py:93} INFO - 	at scala.concurrent.impl.Promise.$anonfun$transform$1(Promise.scala:33)
[2026-10-05T17:13:51.800+0000] {subprocess.py:93} INFO - 	at scala.concurrent.impl.CallbackRunnable.run(Promise.scala:64)
[2026-10-05T17:13:51.800+0000] {subprocess.py:93} INFO - 	at scala.concurrent.BatchingExecutor$Batch.processBatch$1(BatchingExecutor.scala:67)
[2026-10-05T17:13:51.801+0000] {subprocess.py:93} INFO - 	at scala.concurrent.BatchingExecutor$Batch.$anonfun$run$1(BatchingExecutor.scala:82)
[2026-10-05T17:13:51.801+0000] {subprocess.py:93} INFO - 	at scala.runtime.java8.JFunction0$mcV$sp.apply(JFunction0$mcV$sp.java:23)
[2026-10-05T17:13:51.802+0000] {subprocess.py:93} INFO - 	at scala.concurrent.BlockContext$.withBlockContext(BlockContext.scala:85)
[2026-10-05T17:13:51.802+0000] {subprocess.py:93} INFO - 	at scala.concurrent.BatchingExecutor$Batch.run(BatchingExecutor.scala:59)
[2026-10-05T17:13:51.802+0000] {subprocess.py:93} INFO - 	at scala.concurrent.Future$InternalCallbackExecutor$.unbatchedExecute(Future.scala:875)
[2026-10-05T17:13:51.803+0000] {subprocess.py:93} INFO - 	at scala.concurrent.BatchingExecutor.execute(BatchingExecutor.scala:110)
[2026-10-05T17:13:51.803+0000] {subprocess.py:93} INFO - 	at scala.concurrent.BatchingExecutor.execute$(BatchingExecutor.scala:107)
[2026-10-05T17:13:51.803+0000] {subprocess.py:93} INFO - 	at scala.concurrent.Future$InternalCallbackExecutor$.execute(Future.scala:873)
[2026-10-05T17:13:51.804+0000] {subprocess.py:93} INFO - 	at scala.concurrent.impl.CallbackRunnable.executeWithValue(Promise.scala:72)
[2026-10-05T17:13:51.804+0000] {subprocess.py:93} INFO - 	at scala.concurrent.impl.Promise$DefaultPromise.$anonfun$tryComplete$1(Promise.scala:288)
[2026-10-05T17:13:51.805+0000] {subprocess.py:93} INFO - 	at scala.concurrent.impl.Promise$DefaultPromise.$anonfun$tryComplete$1$adapted(Promise.scala:288)
[2026-10-05T17:13:51.805+0000] {subprocess.py:93} INFO - 	at scala.concurrent.impl.Promise$DefaultPromise.tryComplete(Promise.scala:288)
[2026-10-05T17:13:51.806+0000] {subprocess.py:93} INFO - 	at scala.concurrent.Promise.trySuccess(Promise.scala:94)
[2026-10-05T17:13:51.806+0000] {subprocess.py:93} INFO - 	at scala.concurrent.Promise.trySuccess$(Promise.scala:94)
[2026-10-05T17:13:51.808+0000] {subprocess.py:93} INFO - 	at scala.concurrent.impl.Promise$DefaultPromise.trySuccess(Promise.scala:187)
[2026-10-05T17:13:51.808+0000] {subprocess.py:93} INFO - 	at org.apache.spark.rpc.netty.NettyRpcEnv.onSuccess$1(NettyRpcEnv.scala:225)
[2026-10-05T17:13:51.809+0000] {subprocess.py:93} INFO - 	at org.apache.spark.rpc.netty.NettyRpcEnv.$anonfun$askAbortable$5(NettyRpcEnv.scala:239)
[2026-10-05T17:13:51.810+0000] {subprocess.py:93} INFO - 	at org.apache.spark.rpc.netty.NettyRpcEnv.$anonfun$askAbortable$5$adapted(NettyRpcEnv.scala:238)
[2026-10-05T17:13:51.811+0000] {subprocess.py:93} INFO - 	at scala.concurrent.impl.CallbackRunnable.run(Promise.scala:64)
[2026-10-05T17:13:51.812+0000] {subprocess.py:93} INFO - 	at org.apache.spark.util.ThreadUtils$$anon$1.execute(ThreadUtils.scala:99)
[2026-10-05T17:13:51.812+0000] {subprocess.py:93} INFO - 	at scala.concurrent.impl.ExecutionContextImpl$$anon$4.execute(ExecutionContextImpl.scala:138)
[2026-10-05T17:13:51.813+0000] {subprocess.py:93} INFO - 	at scala.concurrent.impl.CallbackRunnable.executeWithValue(Promise.scala:72)
[2026-10-05T17:13:51.813+0000] {subprocess.py:93} INFO - 	at scala.concurrent.impl.Promise$DefaultPromise.$anonfun$tryComplete$1(Promise.scala:288)
[2026-10-05T17:13:51.814+0000] {subprocess.py:93} INFO - 	at scala.concurrent.impl.Promise$DefaultPromise.$anonfun$tryComplete$1$adapted(Promise.scala:288)
[2026-10-05T17:13:51.814+0000] {subprocess.py:93} INFO - 	at scala.concurrent.impl.Promise$DefaultPromise.tryComplete(Promise.scala:288)
[2026-10-05T17:13:51.815+0000] {subprocess.py:93} INFO - 	at scala.concurrent.Promise.complete(Promise.scala:53)
[2026-10-05T17:13:51.815+0000] {subprocess.py:93} INFO - 	at scala.concurrent.Promise.complete$(Promise.scala:52)
[2026-10-05T17:13:51.815+0000] {subprocess.py:93} INFO - 	at scala.concurrent.impl.Promise$DefaultPromise.complete(Promise.scala:187)
[2026-10-05T17:13:51.816+0000] {subprocess.py:93} INFO - 	at scala.concurrent.Promise.success(Promise.scala:86)
[2026-10-05T17:13:51.816+0000] {subprocess.py:93} INFO - 	at scala.concurrent.Promise.success$(Promise.scala:86)
[2026-10-05T17:13:51.817+0000] {subprocess.py:93} INFO - 	at scala.concurrent.impl.Promise$DefaultPromise.success(Promise.scala:187)
[2026-10-05T17:13:51.817+0000] {subprocess.py:93} INFO - 	at org.apache.spark.rpc.netty.LocalNettyRpcCallContext.send(NettyRpcCallContext.scala:50)
[2026-10-05T17:13:51.818+0000] {subprocess.py:93} INFO - 	at org.apache.spark.rpc.netty.NettyRpcCallContext.reply(NettyRpcCallContext.scala:32)
[2026-10-05T17:13:51.818+0000] {subprocess.py:93} INFO - 	at org.apache.spark.rpc.netty.RpcEndpointVerifier$$anonfun$receiveAndReply$1.applyOrElse(RpcEndpointVerifier.scala:31)
[2026-10-05T17:13:51.819+0000] {subprocess.py:93} INFO - 	... 8 more
[2026-10-05T17:13:51.819+0000] {subprocess.py:93} INFO - 26/10/05 17:13:46 WARN Executor: Issue communicating with driver in heartbeater
[2026-10-05T17:13:51.820+0000] {subprocess.py:93} INFO - org.apache.spark.SparkException: Exception thrown in awaitResult:
[2026-10-05T17:13:51.820+0000] {subprocess.py:93} INFO - 	at org.apache.spark.util.SparkThreadUtils$.awaitResult(SparkThreadUtils.scala:56)
[2026-10-05T17:13:51.821+0000] {subprocess.py:93} INFO - 	at org.apache.spark.util.ThreadUtils$.awaitResult(ThreadUtils.scala:310)
[2026-10-05T17:13:51.822+0000] {subprocess.py:93} INFO - 	at org.apache.spark.rpc.RpcTimeout.awaitResult(RpcTimeout.scala:75)
[2026-10-05T17:13:51.822+0000] {subprocess.py:93} INFO - 	at org.apache.spark.rpc.RpcEndpointRef.askSync(RpcEndpointRef.scala:101)
[2026-10-05T17:13:51.823+0000] {subprocess.py:93} INFO - 	at org.apache.spark.rpc.RpcEndpointRef.askSync(RpcEndpointRef.scala:85)
[2026-10-05T17:13:51.824+0000] {subprocess.py:93} INFO - 	at org.apache.spark.storage.BlockManagerMaster.registerBlockManager(BlockManagerMaster.scala:80)
[2026-10-05T17:13:51.825+0000] {subprocess.py:93} INFO - 	at org.apache.spark.storage.BlockManager.reregister(BlockManager.scala:642)
[2026-10-05T17:13:51.826+0000] {subprocess.py:93} INFO - 	at org.apache.spark.executor.Executor.reportHeartBeat(Executor.scala:1223)
[2026-10-05T17:13:51.827+0000] {subprocess.py:93} INFO - 	at org.apache.spark.executor.Executor.$anonfun$heartbeater$1(Executor.scala:295)
[2026-10-05T17:13:51.828+0000] {subprocess.py:93} INFO - 	at scala.runtime.java8.JFunction0$mcV$sp.apply(JFunction0$mcV$sp.java:23)
[2026-10-05T17:13:51.828+0000] {subprocess.py:93} INFO - 	at org.apache.spark.util.Utils$.logUncaughtExceptions(Utils.scala:1928)
[2026-10-05T17:13:51.829+0000] {subprocess.py:93} INFO - 	at org.apache.spark.Heartbeater$$anon$1.run(Heartbeater.scala:46)
[2026-10-05T17:13:51.829+0000] {subprocess.py:93} INFO - 	at java.base/java.util.concurrent.Executors$RunnableAdapter.call(Unknown Source)
[2026-10-05T17:13:51.830+0000] {subprocess.py:93} INFO - 	at java.base/java.util.concurrent.FutureTask.runAndReset(Unknown Source)
[2026-10-05T17:13:51.831+0000] {subprocess.py:93} INFO - 	at java.base/java.util.concurrent.ScheduledThreadPoolExecutor$ScheduledFutureTask.run(Unknown Source)
[2026-10-05T17:13:51.832+0000] {subprocess.py:93} INFO - 	at java.base/java.util.concurrent.ThreadPoolExecutor.runWorker(Unknown Source)
[2026-10-05T17:13:51.833+0000] {subprocess.py:93} INFO - 	at java.base/java.util.concurrent.ThreadPoolExecutor$Worker.run(Unknown Source)
[2026-10-05T17:13:51.833+0000] {subprocess.py:93} INFO - 	at java.base/java.lang.Thread.run(Unknown Source)
[2026-10-05T17:13:51.835+0000] {subprocess.py:93} INFO - Caused by: org.apache.spark.SparkException: Exception thrown in awaitResult:
[2026-10-05T17:13:51.836+0000] {subprocess.py:93} INFO - 	at org.apache.spark.util.SparkThreadUtils$.awaitResult(SparkThreadUtils.scala:56)
[2026-10-05T17:13:51.836+0000] {subprocess.py:93} INFO - 	at org.apache.spark.util.ThreadUtils$.awaitResult(ThreadUtils.scala:310)
[2026-10-05T17:13:51.837+0000] {subprocess.py:93} INFO - 	at org.apache.spark.rpc.RpcTimeout.awaitResult(RpcTimeout.scala:75)
[2026-10-05T17:13:51.838+0000] {subprocess.py:93} INFO - 	at org.apache.spark.rpc.RpcEnv.setupEndpointRefByURI(RpcEnv.scala:102)
[2026-10-05T17:13:51.839+0000] {subprocess.py:93} INFO - 	at org.apache.spark.rpc.RpcEnv.setupEndpointRef(RpcEnv.scala:110)
[2026-10-05T17:13:51.840+0000] {subprocess.py:93} INFO - 	at org.apache.spark.util.RpcUtils$.makeDriverRef(RpcUtils.scala:36)
[2026-10-05T17:13:51.841+0000] {subprocess.py:93} INFO - 	at org.apache.spark.storage.BlockManagerMasterEndpoint.driverEndpoint$lzycompute(BlockManagerMasterEndpoint.scala:124)
[2026-10-05T17:13:51.841+0000] {subprocess.py:93} INFO - 	at org.apache.spark.storage.BlockManagerMasterEndpoint.org$apache$spark$storage$BlockManagerMasterEndpoint$$driverEndpoint(BlockManagerMasterEndpoint.scala:123)
[2026-10-05T17:13:51.842+0000] {subprocess.py:93} INFO - 	at org.apache.spark.storage.BlockManagerMasterEndpoint.isExecutorAlive$lzycompute$1(BlockManagerMasterEndpoint.scala:688)
[2026-10-05T17:13:51.843+0000] {subprocess.py:93} INFO - 	at org.apache.spark.storage.BlockManagerMasterEndpoint.isExecutorAlive$1(BlockManagerMasterEndpoint.scala:687)
[2026-10-05T17:13:51.845+0000] {subprocess.py:93} INFO - 	at org.apache.spark.storage.BlockManagerMasterEndpoint.org$apache$spark$storage$BlockManagerMasterEndpoint$$register(BlockManagerMasterEndpoint.scala:725)
[2026-10-05T17:13:51.846+0000] {subprocess.py:93} INFO - 	at org.apache.spark.storage.BlockManagerMasterEndpoint$$anonfun$receiveAndReply$1.applyOrElse(BlockManagerMasterEndpoint.scala:133)
[2026-10-05T17:13:51.847+0000] {subprocess.py:93} INFO - 	at org.apache.spark.rpc.netty.Inbox.$anonfun$process$1(Inbox.scala:103)
[2026-10-05T17:13:51.848+0000] {subprocess.py:93} INFO - 	at org.apache.spark.rpc.netty.Inbox.safelyCall(Inbox.scala:213)
[2026-10-05T17:13:51.849+0000] {subprocess.py:93} INFO - 	at org.apache.spark.rpc.netty.Inbox.process(Inbox.scala:100)
[2026-10-05T17:13:51.850+0000] {subprocess.py:93} INFO - 	at org.apache.spark.rpc.netty.MessageLoop.org$apache$spark$rpc$netty$MessageLoop$$receiveLoop(MessageLoop.scala:75)
[2026-10-05T17:13:51.851+0000] {subprocess.py:93} INFO - 	at org.apache.spark.rpc.netty.MessageLoop$$anon$1.run(MessageLoop.scala:41)
[2026-10-05T17:13:51.852+0000] {subprocess.py:93} INFO - 	... 3 more
[2026-10-05T17:13:51.853+0000] {subprocess.py:93} INFO - Caused by: org.apache.spark.rpc.RpcEndpointNotFoundException: Cannot find endpoint: spark://CoarseGrainedScheduler@d2c30ec5c415:45737
[2026-10-05T17:13:51.853+0000] {subprocess.py:93} INFO - 	at org.apache.spark.rpc.netty.NettyRpcEnv.$anonfun$asyncSetupEndpointRefByURI$1(NettyRpcEnv.scala:148)
[2026-10-05T17:13:51.854+0000] {subprocess.py:93} INFO - 	at org.apache.spark.rpc.netty.NettyRpcEnv.$anonfun$asyncSetupEndpointRefByURI$1$adapted(NettyRpcEnv.scala:144)
[2026-10-05T17:13:51.855+0000] {subprocess.py:93} INFO - 	at scala.concurrent.Future.$anonfun$flatMap$1(Future.scala:307)
[2026-10-05T17:13:51.855+0000] {subprocess.py:93} INFO - 	at scala.concurrent.impl.Promise.$anonfun$transformWith$1(Promise.scala:41)
[2026-10-05T17:13:51.856+0000] {subprocess.py:93} INFO - 	at scala.concurrent.impl.CallbackRunnable.run(Promise.scala:64)
[2026-10-05T17:13:51.857+0000] {subprocess.py:93} INFO - 	at org.apache.spark.util.ThreadUtils$$anon$1.execute(ThreadUtils.scala:99)
[2026-10-05T17:13:51.858+0000] {subprocess.py:93} INFO - 	at scala.concurrent.impl.ExecutionContextImpl$$anon$4.execute(ExecutionContextImpl.scala:138)
[2026-10-05T17:13:51.859+0000] {subprocess.py:93} INFO - 	at scala.concurrent.impl.CallbackRunnable.executeWithValue(Promise.scala:72)
[2026-10-05T17:13:51.859+0000] {subprocess.py:93} INFO - 	at scala.concurrent.impl.Promise$DefaultPromise.$anonfun$tryComplete$1(Promise.scala:288)
[2026-10-05T17:13:51.860+0000] {subprocess.py:93} INFO - 	at scala.concurrent.impl.Promise$DefaultPromise.$anonfun$tryComplete$1$adapted(Promise.scala:288)
[2026-10-05T17:13:51.862+0000] {subprocess.py:93} INFO - 	at scala.concurrent.impl.Promise$DefaultPromise.tryComplete(Promise.scala:288)
[2026-10-05T17:13:51.862+0000] {subprocess.py:93} INFO - 	at scala.concurrent.Promise.complete(Promise.scala:53)
[2026-10-05T17:13:51.863+0000] {subprocess.py:93} INFO - 	at scala.concurrent.Promise.complete$(Promise.scala:52)
[2026-10-05T17:13:51.863+0000] {subprocess.py:93} INFO - 	at scala.concurrent.impl.Promise$DefaultPromise.complete(Promise.scala:187)
[2026-10-05T17:13:51.864+0000] {subprocess.py:93} INFO - 	at scala.concurrent.impl.Promise.$anonfun$transform$1(Promise.scala:33)
[2026-10-05T17:13:51.865+0000] {subprocess.py:93} INFO - 	at scala.concurrent.impl.CallbackRunnable.run(Promise.scala:64)
[2026-10-05T17:13:51.866+0000] {subprocess.py:93} INFO - 	at org.apache.spark.util.ThreadUtils$$anon$1.execute(ThreadUtils.scala:99)
[2026-10-05T17:13:51.867+0000] {subprocess.py:93} INFO - 	at scala.concurrent.impl.ExecutionContextImpl$$anon$4.execute(ExecutionContextImpl.scala:138)
[2026-10-05T17:13:51.868+0000] {subprocess.py:93} INFO - 	at scala.concurrent.impl.CallbackRunnable.executeWithValue(Promise.scala:72)
[2026-10-05T17:13:51.869+0000] {subprocess.py:93} INFO - 	at scala.concurrent.impl.Promise$DefaultPromise.$anonfun$tryComplete$1(Promise.scala:288)
[2026-10-05T17:13:51.870+0000] {subprocess.py:93} INFO - 	at scala.concurrent.impl.Promise$DefaultPromise.$anonfun$tryComplete$1$adapted(Promise.scala:288)
[2026-10-05T17:13:51.871+0000] {subprocess.py:93} INFO - 	at scala.concurrent.impl.Promise$DefaultPromise.tryComplete(Promise.scala:288)
[2026-10-05T17:13:51.872+0000] {subprocess.py:93} INFO - 	at scala.concurrent.Promise.complete(Promise.scala:53)
[2026-10-05T17:13:51.873+0000] {subprocess.py:93} INFO - 	at scala.concurrent.Promise.complete$(Promise.scala:52)
[2026-10-05T17:13:51.874+0000] {subprocess.py:93} INFO - 	at scala.concurrent.impl.Promise$DefaultPromise.complete(Promise.scala:187)
[2026-10-05T17:13:51.875+0000] {subprocess.py:93} INFO - 	at scala.concurrent.impl.Promise.$anonfun$transform$1(Promise.scala:33)
[2026-10-05T17:13:51.876+0000] {subprocess.py:93} INFO - 	at scala.concurrent.impl.CallbackRunnable.run(Promise.scala:64)
[2026-10-05T17:13:51.877+0000] {subprocess.py:93} INFO - 	at scala.concurrent.BatchingExecutor$Batch.processBatch$1(BatchingExecutor.scala:67)
[2026-10-05T17:13:51.879+0000] {subprocess.py:93} INFO - 	at scala.concurrent.BatchingExecutor$Batch.$anonfun$run$1(BatchingExecutor.scala:82)
[2026-10-05T17:13:51.880+0000] {subprocess.py:93} INFO - 	at scala.runtime.java8.JFunction0$mcV$sp.apply(JFunction0$mcV$sp.java:23)
[2026-10-05T17:13:51.882+0000] {subprocess.py:93} INFO - 	at scala.concurrent.BlockContext$.withBlockContext(BlockContext.scala:85)
[2026-10-05T17:13:51.884+0000] {subprocess.py:93} INFO - 	at scala.concurrent.BatchingExecutor$Batch.run(BatchingExecutor.scala:59)
[2026-10-05T17:13:51.885+0000] {subprocess.py:93} INFO - 	at scala.concurrent.Future$InternalCallbackExecutor$.unbatchedExecute(Future.scala:875)
[2026-10-05T17:13:51.886+0000] {subprocess.py:93} INFO - 	at scala.concurrent.BatchingExecutor.execute(BatchingExecutor.scala:110)
[2026-10-05T17:13:51.887+0000] {subprocess.py:93} INFO - 	at scala.concurrent.BatchingExecutor.execute$(BatchingExecutor.scala:107)
[2026-10-05T17:13:51.889+0000] {subprocess.py:93} INFO - 	at scala.concurrent.Future$InternalCallbackExecutor$.execute(Future.scala:873)
[2026-10-05T17:13:51.890+0000] {subprocess.py:93} INFO - 	at scala.concurrent.impl.CallbackRunnable.executeWithValue(Promise.scala:72)
[2026-10-05T17:13:51.890+0000] {subprocess.py:93} INFO - 	at scala.concurrent.impl.Promise$DefaultPromise.$anonfun$tryComplete$1(Promise.scala:288)
[2026-10-05T17:13:51.891+0000] {subprocess.py:93} INFO - 	at scala.concurrent.impl.Promise$DefaultPromise.$anonfun$tryComplete$1$adapted(Promise.scala:288)
[2026-10-05T17:13:51.892+0000] {subprocess.py:93} INFO - 	at scala.concurrent.impl.Promise$DefaultPromise.tryComplete(Promise.scala:288)
[2026-10-05T17:13:51.893+0000] {subprocess.py:93} INFO - 	at scala.concurrent.Promise.trySuccess(Promise.scala:94)
[2026-10-05T17:13:51.894+0000] {subprocess.py:93} INFO - 	at scala.concurrent.Promise.trySuccess$(Promise.scala:94)
[2026-10-05T17:13:51.895+0000] {subprocess.py:93} INFO - 	at scala.concurrent.impl.Promise$DefaultPromise.trySuccess(Promise.scala:187)
[2026-10-05T17:13:51.896+0000] {subprocess.py:93} INFO - 	at org.apache.spark.rpc.netty.NettyRpcEnv.onSuccess$1(NettyRpcEnv.scala:225)
[2026-10-05T17:13:51.896+0000] {subprocess.py:93} INFO - 	at org.apache.spark.rpc.netty.NettyRpcEnv.$anonfun$askAbortable$5(NettyRpcEnv.scala:239)
[2026-10-05T17:13:51.897+0000] {subprocess.py:93} INFO - 	at org.apache.spark.rpc.netty.NettyRpcEnv.$anonfun$askAbortable$5$adapted(NettyRpcEnv.scala:238)
[2026-10-05T17:13:51.898+0000] {subprocess.py:93} INFO - 	at scala.concurrent.impl.CallbackRunnable.run(Promise.scala:64)
[2026-10-05T17:13:51.898+0000] {subprocess.py:93} INFO - 	at org.apache.spark.util.ThreadUtils$$anon$1.execute(ThreadUtils.scala:99)
[2026-10-05T17:13:51.899+0000] {subprocess.py:93} INFO - 	at scala.concurrent.impl.ExecutionContextImpl$$anon$4.execute(ExecutionContextImpl.scala:138)
[2026-10-05T17:13:51.900+0000] {subprocess.py:93} INFO - 	at scala.concurrent.impl.CallbackRunnable.executeWithValue(Promise.scala:72)
[2026-10-05T17:13:51.901+0000] {subprocess.py:93} INFO - 	at scala.concurrent.impl.Promise$DefaultPromise.$anonfun$tryComplete$1(Promise.scala:288)
[2026-10-05T17:13:51.902+0000] {subprocess.py:93} INFO - 	at scala.concurrent.impl.Promise$DefaultPromise.$anonfun$tryComplete$1$adapted(Promise.scala:288)
[2026-10-05T17:13:51.903+0000] {subprocess.py:93} INFO - 	at scala.concurrent.impl.Promise$DefaultPromise.tryComplete(Promise.scala:288)
[2026-10-05T17:13:51.904+0000] {subprocess.py:93} INFO - 	at scala.concurrent.Promise.complete(Promise.scala:53)
[2026-10-05T17:13:51.905+0000] {subprocess.py:93} INFO - 	at scala.concurrent.Promise.complete$(Promise.scala:52)
[2026-10-05T17:13:51.905+0000] {subprocess.py:93} INFO - 	at scala.concurrent.impl.Promise$DefaultPromise.complete(Promise.scala:187)
[2026-10-05T17:13:51.906+0000] {subprocess.py:93} INFO - 	at scala.concurrent.Promise.success(Promise.scala:86)
[2026-10-05T17:13:51.906+0000] {subprocess.py:93} INFO - 	at scala.concurrent.Promise.success$(Promise.scala:86)
[2026-10-05T17:13:51.907+0000] {subprocess.py:93} INFO - 	at scala.concurrent.impl.Promise$DefaultPromise.success(Promise.scala:187)
[2026-10-05T17:13:51.908+0000] {subprocess.py:93} INFO - 	at org.apache.spark.rpc.netty.LocalNettyRpcCallContext.send(NettyRpcCallContext.scala:50)
[2026-10-05T17:13:51.909+0000] {subprocess.py:93} INFO - 	at org.apache.spark.rpc.netty.NettyRpcCallContext.reply(NettyRpcCallContext.scala:32)
[2026-10-05T17:13:51.911+0000] {subprocess.py:93} INFO - 	at org.apache.spark.rpc.netty.RpcEndpointVerifier$$anonfun$receiveAndReply$1.applyOrElse(RpcEndpointVerifier.scala:31)
[2026-10-05T17:13:51.913+0000] {subprocess.py:93} INFO - 	... 8 more
[2026-10-05T17:13:51.914+0000] {subprocess.py:93} INFO - 26/10/05 17:13:46 ERROR Inbox: Ignoring error
[2026-10-05T17:13:51.916+0000] {subprocess.py:93} INFO - org.apache.spark.SparkException: Exception thrown in awaitResult:
[2026-10-05T17:13:51.916+0000] {subprocess.py:93} INFO - 	at org.apache.spark.util.SparkThreadUtils$.awaitResult(SparkThreadUtils.scala:56)
[2026-10-05T17:13:51.917+0000] {subprocess.py:93} INFO - 	at org.apache.spark.util.ThreadUtils$.awaitResult(ThreadUtils.scala:310)
[2026-10-05T17:13:51.918+0000] {subprocess.py:93} INFO - 	at org.apache.spark.rpc.RpcTimeout.awaitResult(RpcTimeout.scala:75)
[2026-10-05T17:13:51.919+0000] {subprocess.py:93} INFO - 	at org.apache.spark.rpc.RpcEnv.setupEndpointRefByURI(RpcEnv.scala:102)
[2026-10-05T17:13:51.920+0000] {subprocess.py:93} INFO - 	at org.apache.spark.rpc.RpcEnv.setupEndpointRef(RpcEnv.scala:110)
[2026-10-05T17:13:51.920+0000] {subprocess.py:93} INFO - 	at org.apache.spark.util.RpcUtils$.makeDriverRef(RpcUtils.scala:36)
[2026-10-05T17:13:51.921+0000] {subprocess.py:93} INFO - 	at org.apache.spark.storage.BlockManagerMasterEndpoint.driverEndpoint$lzycompute(BlockManagerMasterEndpoint.scala:124)
[2026-10-05T17:13:51.921+0000] {subprocess.py:93} INFO - 	at org.apache.spark.storage.BlockManagerMasterEndpoint.org$apache$spark$storage$BlockManagerMasterEndpoint$$driverEndpoint(BlockManagerMasterEndpoint.scala:123)
[2026-10-05T17:13:51.922+0000] {subprocess.py:93} INFO - 	at org.apache.spark.storage.BlockManagerMasterEndpoint.isExecutorAlive$lzycompute$1(BlockManagerMasterEndpoint.scala:688)
[2026-10-05T17:13:51.922+0000] {subprocess.py:93} INFO - 	at org.apache.spark.storage.BlockManagerMasterEndpoint.isExecutorAlive$1(BlockManagerMasterEndpoint.scala:687)
[2026-10-05T17:13:51.923+0000] {subprocess.py:93} INFO - 	at org.apache.spark.storage.BlockManagerMasterEndpoint.org$apache$spark$storage$BlockManagerMasterEndpoint$$register(BlockManagerMasterEndpoint.scala:725)
[2026-10-05T17:13:51.923+0000] {subprocess.py:93} INFO - 	at org.apache.spark.storage.BlockManagerMasterEndpoint$$anonfun$receiveAndReply$1.applyOrElse(BlockManagerMasterEndpoint.scala:133)
[2026-10-05T17:13:51.924+0000] {subprocess.py:93} INFO - 	at org.apache.spark.rpc.netty.Inbox.$anonfun$process$1(Inbox.scala:103)
[2026-10-05T17:13:51.924+0000] {subprocess.py:93} INFO - 	at org.apache.spark.rpc.netty.Inbox.safelyCall(Inbox.scala:213)
[2026-10-05T17:13:51.925+0000] {subprocess.py:93} INFO - 	at org.apache.spark.rpc.netty.Inbox.process(Inbox.scala:100)
[2026-10-05T17:13:51.925+0000] {subprocess.py:93} INFO - 	at org.apache.spark.rpc.netty.MessageLoop.org$apache$spark$rpc$netty$MessageLoop$$receiveLoop(MessageLoop.scala:75)
[2026-10-05T17:13:51.926+0000] {subprocess.py:93} INFO - 	at org.apache.spark.rpc.netty.MessageLoop$$anon$1.run(MessageLoop.scala:41)
[2026-10-05T17:13:51.926+0000] {subprocess.py:93} INFO - 	at java.base/java.util.concurrent.ThreadPoolExecutor.runWorker(Unknown Source)
[2026-10-05T17:13:51.927+0000] {subprocess.py:93} INFO - 	at java.base/java.util.concurrent.ThreadPoolExecutor$Worker.run(Unknown Source)
[2026-10-05T17:13:51.928+0000] {subprocess.py:93} INFO - 	at java.base/java.lang.Thread.run(Unknown Source)
[2026-10-05T17:13:51.929+0000] {subprocess.py:93} INFO - Caused by: org.apache.spark.rpc.RpcEndpointNotFoundException: Cannot find endpoint: spark://CoarseGrainedScheduler@d2c30ec5c415:45737
[2026-10-05T17:13:51.930+0000] {subprocess.py:93} INFO - 	at org.apache.spark.rpc.netty.NettyRpcEnv.$anonfun$asyncSetupEndpointRefByURI$1(NettyRpcEnv.scala:148)
[2026-10-05T17:13:51.931+0000] {subprocess.py:93} INFO - 	at org.apache.spark.rpc.netty.NettyRpcEnv.$anonfun$asyncSetupEndpointRefByURI$1$adapted(NettyRpcEnv.scala:144)
[2026-10-05T17:13:51.931+0000] {subprocess.py:93} INFO - 	at scala.concurrent.Future.$anonfun$flatMap$1(Future.scala:307)
[2026-10-05T17:13:51.932+0000] {subprocess.py:93} INFO - 	at scala.concurrent.impl.Promise.$anonfun$transformWith$1(Promise.scala:41)
[2026-10-05T17:13:51.932+0000] {subprocess.py:93} INFO - 	at scala.concurrent.impl.CallbackRunnable.run(Promise.scala:64)
[2026-10-05T17:13:51.933+0000] {subprocess.py:93} INFO - 	at org.apache.spark.util.ThreadUtils$$anon$1.execute(ThreadUtils.scala:99)
[2026-10-05T17:13:51.933+0000] {subprocess.py:93} INFO - 	at scala.concurrent.impl.ExecutionContextImpl$$anon$4.execute(ExecutionContextImpl.scala:138)
[2026-10-05T17:13:51.933+0000] {subprocess.py:93} INFO - 	at scala.concurrent.impl.CallbackRunnable.executeWithValue(Promise.scala:72)
[2026-10-05T17:13:51.934+0000] {subprocess.py:93} INFO - 	at scala.concurrent.impl.Promise$DefaultPromise.dispatchOrAddCallback(Promise.scala:316)
[2026-10-05T17:13:51.934+0000] {subprocess.py:93} INFO - 	at scala.concurrent.impl.Promise$DefaultPromise.onComplete(Promise.scala:307)
[2026-10-05T17:13:51.934+0000] {subprocess.py:93} INFO - 	at scala.concurrent.impl.Promise.transformWith(Promise.scala:40)
[2026-10-05T17:13:51.935+0000] {subprocess.py:93} INFO - 	at scala.concurrent.impl.Promise.transformWith$(Promise.scala:38)
[2026-10-05T17:13:51.935+0000] {subprocess.py:93} INFO - 	at scala.concurrent.impl.Promise$DefaultPromise.transformWith(Promise.scala:187)
[2026-10-05T17:13:51.935+0000] {subprocess.py:93} INFO - 	at scala.concurrent.Future.flatMap(Future.scala:306)
[2026-10-05T17:13:51.936+0000] {subprocess.py:93} INFO - 	at scala.concurrent.Future.flatMap$(Future.scala:306)
[2026-10-05T17:13:51.937+0000] {subprocess.py:93} INFO - 	at scala.concurrent.impl.Promise$DefaultPromise.flatMap(Promise.scala:187)
[2026-10-05T17:13:51.937+0000] {subprocess.py:93} INFO - 	at org.apache.spark.rpc.netty.NettyRpcEnv.asyncSetupEndpointRefByURI(NettyRpcEnv.scala:150)
[2026-10-05T17:13:51.937+0000] {subprocess.py:93} INFO - 	... 17 more
[2026-10-05T17:13:51.938+0000] {subprocess.py:93} INFO - 26/10/05 17:13:46 WARN Executor: Issue communicating with driver in heartbeater
[2026-10-05T17:13:51.938+0000] {subprocess.py:93} INFO - org.apache.spark.SparkException: Exception thrown in awaitResult:
[2026-10-05T17:13:51.939+0000] {subprocess.py:93} INFO - 	at org.apache.spark.util.SparkThreadUtils$.awaitResult(SparkThreadUtils.scala:56)
[2026-10-05T17:13:51.939+0000] {subprocess.py:93} INFO - 	at org.apache.spark.util.ThreadUtils$.awaitResult(ThreadUtils.scala:310)
[2026-10-05T17:13:51.939+0000] {subprocess.py:93} INFO - 	at org.apache.spark.rpc.RpcTimeout.awaitResult(RpcTimeout.scala:75)
[2026-10-05T17:13:51.940+0000] {subprocess.py:93} INFO - 	at org.apache.spark.rpc.RpcEndpointRef.askSync(RpcEndpointRef.scala:101)
[2026-10-05T17:13:51.940+0000] {subprocess.py:93} INFO - 	at org.apache.spark.rpc.RpcEndpointRef.askSync(RpcEndpointRef.scala:85)
[2026-10-05T17:13:51.940+0000] {subprocess.py:93} INFO - 	at org.apache.spark.storage.BlockManagerMaster.registerBlockManager(BlockManagerMaster.scala:80)
[2026-10-05T17:13:51.941+0000] {subprocess.py:93} INFO - 	at org.apache.spark.storage.BlockManager.reregister(BlockManager.scala:642)
[2026-10-05T17:13:51.941+0000] {subprocess.py:93} INFO - 	at org.apache.spark.executor.Executor.reportHeartBeat(Executor.scala:1223)
[2026-10-05T17:13:51.942+0000] {subprocess.py:93} INFO - 	at org.apache.spark.executor.Executor.$anonfun$heartbeater$1(Executor.scala:295)
[2026-10-05T17:13:51.942+0000] {subprocess.py:93} INFO - 	at scala.runtime.java8.JFunction0$mcV$sp.apply(JFunction0$mcV$sp.java:23)
[2026-10-05T17:13:51.942+0000] {subprocess.py:93} INFO - 	at org.apache.spark.util.Utils$.logUncaughtExceptions(Utils.scala:1928)
[2026-10-05T17:13:51.943+0000] {subprocess.py:93} INFO - 	at org.apache.spark.Heartbeater$$anon$1.run(Heartbeater.scala:46)
[2026-10-05T17:13:51.943+0000] {subprocess.py:93} INFO - 	at java.base/java.util.concurrent.Executors$RunnableAdapter.call(Unknown Source)
[2026-10-05T17:13:51.943+0000] {subprocess.py:93} INFO - 	at java.base/java.util.concurrent.FutureTask.runAndReset(Unknown Source)
[2026-10-05T17:13:51.944+0000] {subprocess.py:93} INFO - 	at java.base/java.util.concurrent.ScheduledThreadPoolExecutor$ScheduledFutureTask.run(Unknown Source)
[2026-10-05T17:13:51.946+0000] {subprocess.py:93} INFO - 	at java.base/java.util.concurrent.ThreadPoolExecutor.runWorker(Unknown Source)
[2026-10-05T17:13:51.947+0000] {subprocess.py:93} INFO - 	at java.base/java.util.concurrent.ThreadPoolExecutor$Worker.run(Unknown Source)
[2026-10-05T17:13:51.950+0000] {subprocess.py:93} INFO - 	at java.base/java.lang.Thread.run(Unknown Source)
[2026-10-05T17:13:51.951+0000] {subprocess.py:93} INFO - Caused by: org.apache.spark.SparkException: Exception thrown in awaitResult:
[2026-10-05T17:13:51.952+0000] {subprocess.py:93} INFO - 	at org.apache.spark.util.SparkThreadUtils$.awaitResult(SparkThreadUtils.scala:56)
[2026-10-05T17:13:51.953+0000] {subprocess.py:93} INFO - 	at org.apache.spark.util.ThreadUtils$.awaitResult(ThreadUtils.scala:310)
[2026-10-05T17:13:51.954+0000] {subprocess.py:93} INFO - 	at org.apache.spark.rpc.RpcTimeout.awaitResult(RpcTimeout.scala:75)
[2026-10-05T17:13:51.955+0000] {subprocess.py:93} INFO - 	at org.apache.spark.rpc.RpcEnv.setupEndpointRefByURI(RpcEnv.scala:102)
[2026-10-05T17:13:51.955+0000] {subprocess.py:93} INFO - 	at org.apache.spark.rpc.RpcEnv.setupEndpointRef(RpcEnv.scala:110)
[2026-10-05T17:13:51.956+0000] {subprocess.py:93} INFO - 	at org.apache.spark.util.RpcUtils$.makeDriverRef(RpcUtils.scala:36)
[2026-10-05T17:13:51.957+0000] {subprocess.py:93} INFO - 	at org.apache.spark.storage.BlockManagerMasterEndpoint.driverEndpoint$lzycompute(BlockManagerMasterEndpoint.scala:124)
[2026-10-05T17:13:51.957+0000] {subprocess.py:93} INFO - 	at org.apache.spark.storage.BlockManagerMasterEndpoint.org$apache$spark$storage$BlockManagerMasterEndpoint$$driverEndpoint(BlockManagerMasterEndpoint.scala:123)
[2026-10-05T17:13:51.958+0000] {subprocess.py:93} INFO - 	at org.apache.spark.storage.BlockManagerMasterEndpoint.isExecutorAlive$lzycompute$1(BlockManagerMasterEndpoint.scala:688)
[2026-10-05T17:13:51.959+0000] {subprocess.py:93} INFO - 	at org.apache.spark.storage.BlockManagerMasterEndpoint.isExecutorAlive$1(BlockManagerMasterEndpoint.scala:687)
[2026-10-05T17:13:51.960+0000] {subprocess.py:93} INFO - 	at org.apache.spark.storage.BlockManagerMasterEndpoint.org$apache$spark$storage$BlockManagerMasterEndpoint$$register(BlockManagerMasterEndpoint.scala:725)
[2026-10-05T17:13:51.961+0000] {subprocess.py:93} INFO - 	at org.apache.spark.storage.BlockManagerMasterEndpoint$$anonfun$receiveAndReply$1.applyOrElse(BlockManagerMasterEndpoint.scala:133)
[2026-10-05T17:13:51.962+0000] {subprocess.py:93} INFO - 	at org.apache.spark.rpc.netty.Inbox.$anonfun$process$1(Inbox.scala:103)
[2026-10-05T17:13:51.963+0000] {subprocess.py:93} INFO - 	at org.apache.spark.rpc.netty.Inbox.safelyCall(Inbox.scala:213)
[2026-10-05T17:13:51.963+0000] {subprocess.py:93} INFO - 	at org.apache.spark.rpc.netty.Inbox.process(Inbox.scala:100)
[2026-10-05T17:13:51.964+0000] {subprocess.py:93} INFO - 	at org.apache.spark.rpc.netty.MessageLoop.org$apache$spark$rpc$netty$MessageLoop$$receiveLoop(MessageLoop.scala:75)
[2026-10-05T17:13:51.964+0000] {subprocess.py:93} INFO - 	at org.apache.spark.rpc.netty.MessageLoop$$anon$1.run(MessageLoop.scala:41)
[2026-10-05T17:13:51.965+0000] {subprocess.py:93} INFO - 	... 3 more
[2026-10-05T17:13:51.966+0000] {subprocess.py:93} INFO - Caused by: org.apache.spark.rpc.RpcEndpointNotFoundException: Cannot find endpoint: spark://CoarseGrainedScheduler@d2c30ec5c415:45737
[2026-10-05T17:13:51.966+0000] {subprocess.py:93} INFO - 	at org.apache.spark.rpc.netty.NettyRpcEnv.$anonfun$asyncSetupEndpointRefByURI$1(NettyRpcEnv.scala:148)
[2026-10-05T17:13:51.967+0000] {subprocess.py:93} INFO - 	at org.apache.spark.rpc.netty.NettyRpcEnv.$anonfun$asyncSetupEndpointRefByURI$1$adapted(NettyRpcEnv.scala:144)
[2026-10-05T17:13:51.967+0000] {subprocess.py:93} INFO - 	at scala.concurrent.Future.$anonfun$flatMap$1(Future.scala:307)
[2026-10-05T17:13:51.968+0000] {subprocess.py:93} INFO - 	at scala.concurrent.impl.Promise.$anonfun$transformWith$1(Promise.scala:41)
[2026-10-05T17:13:51.968+0000] {subprocess.py:93} INFO - 	at scala.concurrent.impl.CallbackRunnable.run(Promise.scala:64)
[2026-10-05T17:13:51.969+0000] {subprocess.py:93} INFO - 	at org.apache.spark.util.ThreadUtils$$anon$1.execute(ThreadUtils.scala:99)
[2026-10-05T17:13:51.969+0000] {subprocess.py:93} INFO - 	at scala.concurrent.impl.ExecutionContextImpl$$anon$4.execute(ExecutionContextImpl.scala:138)
[2026-10-05T17:13:51.970+0000] {subprocess.py:93} INFO - 	at scala.concurrent.impl.CallbackRunnable.executeWithValue(Promise.scala:72)
[2026-10-05T17:13:51.970+0000] {subprocess.py:93} INFO - 	at scala.concurrent.impl.Promise$DefaultPromise.dispatchOrAddCallback(Promise.scala:316)
[2026-10-05T17:13:51.970+0000] {subprocess.py:93} INFO - 	at scala.concurrent.impl.Promise$DefaultPromise.onComplete(Promise.scala:307)
[2026-10-05T17:13:51.971+0000] {subprocess.py:93} INFO - 	at scala.concurrent.impl.Promise.transformWith(Promise.scala:40)
[2026-10-05T17:13:51.971+0000] {subprocess.py:93} INFO - 	at scala.concurrent.impl.Promise.transformWith$(Promise.scala:38)
[2026-10-05T17:13:51.972+0000] {subprocess.py:93} INFO - 	at scala.concurrent.impl.Promise$DefaultPromise.transformWith(Promise.scala:187)
[2026-10-05T17:13:51.972+0000] {subprocess.py:93} INFO - 	at scala.concurrent.Future.flatMap(Future.scala:306)
[2026-10-05T17:13:51.972+0000] {subprocess.py:93} INFO - 	at scala.concurrent.Future.flatMap$(Future.scala:306)
[2026-10-05T17:13:51.973+0000] {subprocess.py:93} INFO - 	at scala.concurrent.impl.Promise$DefaultPromise.flatMap(Promise.scala:187)
[2026-10-05T17:13:51.973+0000] {subprocess.py:93} INFO - 	at org.apache.spark.rpc.netty.NettyRpcEnv.asyncSetupEndpointRefByURI(NettyRpcEnv.scala:150)
[2026-10-05T17:13:51.974+0000] {subprocess.py:93} INFO - 	... 17 more
[2026-10-05T17:13:51.974+0000] {subprocess.py:93} INFO - 26/10/05 17:13:46 ERROR Inbox: Ignoring error
[2026-10-05T17:13:51.975+0000] {subprocess.py:93} INFO - org.apache.spark.SparkException: Exception thrown in awaitResult:
[2026-10-05T17:13:51.976+0000] {subprocess.py:93} INFO - 	at org.apache.spark.util.SparkThreadUtils$.awaitResult(SparkThreadUtils.scala:56)
[2026-10-05T17:13:51.977+0000] {subprocess.py:93} INFO - 	at org.apache.spark.util.ThreadUtils$.awaitResult(ThreadUtils.scala:310)
[2026-10-05T17:13:51.978+0000] {subprocess.py:93} INFO - 	at org.apache.spark.rpc.RpcTimeout.awaitResult(RpcTimeout.scala:75)
[2026-10-05T17:13:51.978+0000] {subprocess.py:93} INFO - 	at org.apache.spark.rpc.RpcEnv.setupEndpointRefByURI(RpcEnv.scala:102)
[2026-10-05T17:13:51.979+0000] {subprocess.py:93} INFO - 	at org.apache.spark.rpc.RpcEnv.setupEndpointRef(RpcEnv.scala:110)
[2026-10-05T17:13:51.981+0000] {subprocess.py:93} INFO - 	at org.apache.spark.util.RpcUtils$.makeDriverRef(RpcUtils.scala:36)
[2026-10-05T17:13:51.982+0000] {subprocess.py:93} INFO - 	at org.apache.spark.storage.BlockManagerMasterEndpoint.driverEndpoint$lzycompute(BlockManagerMasterEndpoint.scala:124)
[2026-10-05T17:13:51.983+0000] {subprocess.py:93} INFO - 	at org.apache.spark.storage.BlockManagerMasterEndpoint.org$apache$spark$storage$BlockManagerMasterEndpoint$$driverEndpoint(BlockManagerMasterEndpoint.scala:123)
[2026-10-05T17:13:51.984+0000] {subprocess.py:93} INFO - 	at org.apache.spark.storage.BlockManagerMasterEndpoint.isExecutorAlive$lzycompute$1(BlockManagerMasterEndpoint.scala:688)
[2026-10-05T17:13:51.985+0000] {subprocess.py:93} INFO - 	at org.apache.spark.storage.BlockManagerMasterEndpoint.isExecutorAlive$1(BlockManagerMasterEndpoint.scala:687)
[2026-10-05T17:13:51.986+0000] {subprocess.py:93} INFO - 	at org.apache.spark.storage.BlockManagerMasterEndpoint.org$apache$spark$storage$BlockManagerMasterEndpoint$$register(BlockManagerMasterEndpoint.scala:725)
[2026-10-05T17:13:51.986+0000] {subprocess.py:93} INFO - 	at org.apache.spark.storage.BlockManagerMasterEndpoint$$anonfun$receiveAndReply$1.applyOrElse(BlockManagerMasterEndpoint.scala:133)
[2026-10-05T17:13:51.987+0000] {subprocess.py:93} INFO - 	at org.apache.spark.rpc.netty.Inbox.$anonfun$process$1(Inbox.scala:103)
[2026-10-05T17:13:51.988+0000] {subprocess.py:93} INFO - 	at org.apache.spark.rpc.netty.Inbox.safelyCall(Inbox.scala:213)
[2026-10-05T17:13:51.988+0000] {subprocess.py:93} INFO - 	at org.apache.spark.rpc.netty.Inbox.process(Inbox.scala:100)
[2026-10-05T17:13:51.990+0000] {subprocess.py:93} INFO - 	at org.apache.spark.rpc.netty.MessageLoop.org$apache$spark$rpc$netty$MessageLoop$$receiveLoop(MessageLoop.scala:75)
[2026-10-05T17:13:51.991+0000] {subprocess.py:93} INFO - 	at org.apache.spark.rpc.netty.MessageLoop$$anon$1.run(MessageLoop.scala:41)
[2026-10-05T17:13:51.992+0000] {subprocess.py:93} INFO - 	at java.base/java.util.concurrent.ThreadPoolExecutor.runWorker(Unknown Source)
[2026-10-05T17:13:51.993+0000] {subprocess.py:93} INFO - 	at java.base/java.util.concurrent.ThreadPoolExecutor$Worker.run(Unknown Source)
[2026-10-05T17:13:51.993+0000] {subprocess.py:93} INFO - 	at java.base/java.lang.Thread.run(Unknown Source)
[2026-10-05T17:13:51.994+0000] {subprocess.py:93} INFO - Caused by: org.apache.spark.rpc.RpcEndpointNotFoundException: Cannot find endpoint: spark://CoarseGrainedScheduler@d2c30ec5c415:45737
[2026-10-05T17:13:52.760+0000] {subprocess.py:93} INFO - 	at org.apache.spark.rpc.netty.NettyRpcEnv.$anonfun$asyncSetupEndpointRefByURI$1(NettyRpcEnv.scala:148)
[2026-10-05T17:13:52.772+0000] {subprocess.py:93} INFO - 	at org.apache.spark.rpc.netty.NettyRpcEnv.$anonfun$asyncSetupEndpointRefByURI$1$adapted(NettyRpcEnv.scala:144)
[2026-10-05T17:13:52.773+0000] {subprocess.py:93} INFO - 	at scala.concurrent.Future.$anonfun$flatMap$1(Future.scala:307)
[2026-10-05T17:13:52.774+0000] {subprocess.py:93} INFO - 	at scala.concurrent.impl.Promise.$anonfun$transformWith$1(Promise.scala:41)
[2026-10-05T17:13:52.775+0000] {subprocess.py:93} INFO - 	at scala.concurrent.impl.CallbackRunnable.run(Promise.scala:64)
[2026-10-05T17:13:52.775+0000] {subprocess.py:93} INFO - 	at org.apache.spark.util.ThreadUtils$$anon$1.execute(ThreadUtils.scala:99)
[2026-10-05T17:13:52.776+0000] {subprocess.py:93} INFO - 	at scala.concurrent.impl.ExecutionContextImpl$$anon$4.execute(ExecutionContextImpl.scala:138)
[2026-10-05T17:13:52.776+0000] {subprocess.py:93} INFO - 	at scala.concurrent.impl.CallbackRunnable.executeWithValue(Promise.scala:72)
[2026-10-05T17:13:52.777+0000] {subprocess.py:93} INFO - 	at scala.concurrent.impl.Promise$DefaultPromise.$anonfun$tryComplete$1(Promise.scala:288)
[2026-10-05T17:13:52.778+0000] {subprocess.py:93} INFO - 	at scala.concurrent.impl.Promise$DefaultPromise.$anonfun$tryComplete$1$adapted(Promise.scala:288)
[2026-10-05T17:13:52.779+0000] {subprocess.py:93} INFO - 	at scala.concurrent.impl.Promise$DefaultPromise.tryComplete(Promise.scala:288)
[2026-10-05T17:13:52.779+0000] {subprocess.py:93} INFO - 	at scala.concurrent.Promise.complete(Promise.scala:53)
[2026-10-05T17:13:52.780+0000] {subprocess.py:93} INFO - 	at scala.concurrent.Promise.complete$(Promise.scala:52)
[2026-10-05T17:13:52.781+0000] {subprocess.py:93} INFO - 	at scala.concurrent.impl.Promise$DefaultPromise.complete(Promise.scala:187)
[2026-10-05T17:13:52.782+0000] {subprocess.py:93} INFO - 	at scala.concurrent.impl.Promise.$anonfun$transform$1(Promise.scala:33)
[2026-10-05T17:13:52.783+0000] {subprocess.py:93} INFO - 	at scala.concurrent.impl.CallbackRunnable.run(Promise.scala:64)
[2026-10-05T17:13:52.784+0000] {subprocess.py:93} INFO - 	at org.apache.spark.util.ThreadUtils$$anon$1.execute(ThreadUtils.scala:99)
[2026-10-05T17:13:52.786+0000] {subprocess.py:93} INFO - 	at scala.concurrent.impl.ExecutionContextImpl$$anon$4.execute(ExecutionContextImpl.scala:138)
[2026-10-05T17:13:52.787+0000] {subprocess.py:93} INFO - 	at scala.concurrent.impl.CallbackRunnable.executeWithValue(Promise.scala:72)
[2026-10-05T17:13:52.788+0000] {subprocess.py:93} INFO - 	at scala.concurrent.impl.Promise$DefaultPromise.$anonfun$tryComplete$1(Promise.scala:288)
[2026-10-05T17:13:52.789+0000] {subprocess.py:93} INFO - 	at scala.concurrent.impl.Promise$DefaultPromise.$anonfun$tryComplete$1$adapted(Promise.scala:288)
[2026-10-05T17:13:52.790+0000] {subprocess.py:93} INFO - 	at scala.concurrent.impl.Promise$DefaultPromise.tryComplete(Promise.scala:288)
[2026-10-05T17:13:52.791+0000] {subprocess.py:93} INFO - 	at scala.concurrent.Promise.complete(Promise.scala:53)
[2026-10-05T17:13:52.791+0000] {subprocess.py:93} INFO - 	at scala.concurrent.Promise.complete$(Promise.scala:52)
[2026-10-05T17:13:52.792+0000] {subprocess.py:93} INFO - 	at scala.concurrent.impl.Promise$DefaultPromise.complete(Promise.scala:187)
[2026-10-05T17:13:52.793+0000] {subprocess.py:93} INFO - 	at scala.concurrent.impl.Promise.$anonfun$transform$1(Promise.scala:33)
[2026-10-05T17:13:52.794+0000] {subprocess.py:93} INFO - 	at scala.concurrent.impl.CallbackRunnable.run(Promise.scala:64)
[2026-10-05T17:13:52.795+0000] {subprocess.py:93} INFO - 	at scala.concurrent.BatchingExecutor$Batch.processBatch$1(BatchingExecutor.scala:67)
[2026-10-05T17:13:52.795+0000] {subprocess.py:93} INFO - 	at scala.concurrent.BatchingExecutor$Batch.$anonfun$run$1(BatchingExecutor.scala:82)
[2026-10-05T17:13:52.796+0000] {subprocess.py:93} INFO - 	at scala.runtime.java8.JFunction0$mcV$sp.apply(JFunction0$mcV$sp.java:23)
[2026-10-05T17:13:52.797+0000] {subprocess.py:93} INFO - 	at scala.concurrent.BlockContext$.withBlockContext(BlockContext.scala:85)
[2026-10-05T17:13:52.798+0000] {subprocess.py:93} INFO - 	at scala.concurrent.BatchingExecutor$Batch.run(BatchingExecutor.scala:59)
[2026-10-05T17:13:52.799+0000] {subprocess.py:93} INFO - 	at scala.concurrent.Future$InternalCallbackExecutor$.unbatchedExecute(Future.scala:875)
[2026-10-05T17:13:52.799+0000] {subprocess.py:93} INFO - 	at scala.concurrent.BatchingExecutor.execute(BatchingExecutor.scala:110)
[2026-10-05T17:13:52.800+0000] {subprocess.py:93} INFO - 	at scala.concurrent.BatchingExecutor.execute$(BatchingExecutor.scala:107)
[2026-10-05T17:13:52.801+0000] {subprocess.py:93} INFO - 	at scala.concurrent.Future$InternalCallbackExecutor$.execute(Future.scala:873)
[2026-10-05T17:13:52.802+0000] {subprocess.py:93} INFO - 	at scala.concurrent.impl.CallbackRunnable.executeWithValue(Promise.scala:72)
[2026-10-05T17:13:52.803+0000] {subprocess.py:93} INFO - 	at scala.concurrent.impl.Promise$DefaultPromise.$anonfun$tryComplete$1(Promise.scala:288)
[2026-10-05T17:13:52.804+0000] {subprocess.py:93} INFO - 	at scala.concurrent.impl.Promise$DefaultPromise.$anonfun$tryComplete$1$adapted(Promise.scala:288)
[2026-10-05T17:13:52.805+0000] {subprocess.py:93} INFO - 	at scala.concurrent.impl.Promise$DefaultPromise.tryComplete(Promise.scala:288)
[2026-10-05T17:13:52.806+0000] {subprocess.py:93} INFO - 	at scala.concurrent.Promise.trySuccess(Promise.scala:94)
[2026-10-05T17:13:52.807+0000] {subprocess.py:93} INFO - 	at scala.concurrent.Promise.trySuccess$(Promise.scala:94)
[2026-10-05T17:13:52.808+0000] {subprocess.py:93} INFO - 	at scala.concurrent.impl.Promise$DefaultPromise.trySuccess(Promise.scala:187)
[2026-10-05T17:13:52.809+0000] {subprocess.py:93} INFO - 	at org.apache.spark.rpc.netty.NettyRpcEnv.onSuccess$1(NettyRpcEnv.scala:225)
[2026-10-05T17:13:52.809+0000] {subprocess.py:93} INFO - 	at org.apache.spark.rpc.netty.NettyRpcEnv.$anonfun$askAbortable$5(NettyRpcEnv.scala:239)
[2026-10-05T17:13:52.810+0000] {subprocess.py:93} INFO - 	at org.apache.spark.rpc.netty.NettyRpcEnv.$anonfun$askAbortable$5$adapted(NettyRpcEnv.scala:238)
[2026-10-05T17:13:52.812+0000] {subprocess.py:93} INFO - 	at scala.concurrent.impl.CallbackRunnable.run(Promise.scala:64)
[2026-10-05T17:13:52.813+0000] {subprocess.py:93} INFO - 	at org.apache.spark.util.ThreadUtils$$anon$1.execute(ThreadUtils.scala:99)
[2026-10-05T17:13:52.815+0000] {subprocess.py:93} INFO - 	at scala.concurrent.impl.ExecutionContextImpl$$anon$4.execute(ExecutionContextImpl.scala:138)
[2026-10-05T17:13:52.816+0000] {subprocess.py:93} INFO - 	at scala.concurrent.impl.CallbackRunnable.executeWithValue(Promise.scala:72)
[2026-10-05T17:13:52.818+0000] {subprocess.py:93} INFO - 	at scala.concurrent.impl.Promise$DefaultPromise.$anonfun$tryComplete$1(Promise.scala:288)
[2026-10-05T17:13:52.819+0000] {subprocess.py:93} INFO - 	at scala.concurrent.impl.Promise$DefaultPromise.$anonfun$tryComplete$1$adapted(Promise.scala:288)
[2026-10-05T17:13:52.820+0000] {subprocess.py:93} INFO - 	at scala.concurrent.impl.Promise$DefaultPromise.tryComplete(Promise.scala:288)
[2026-10-05T17:13:52.821+0000] {subprocess.py:93} INFO - 	at scala.concurrent.Promise.complete(Promise.scala:53)
[2026-10-05T17:13:52.822+0000] {subprocess.py:93} INFO - 	at scala.concurrent.Promise.complete$(Promise.scala:52)
[2026-10-05T17:13:52.824+0000] {subprocess.py:93} INFO - 	at scala.concurrent.impl.Promise$DefaultPromise.complete(Promise.scala:187)
[2026-10-05T17:13:52.825+0000] {subprocess.py:93} INFO - 	at scala.concurrent.Promise.success(Promise.scala:86)
[2026-10-05T17:13:52.826+0000] {subprocess.py:93} INFO - 	at scala.concurrent.Promise.success$(Promise.scala:86)
[2026-10-05T17:13:52.827+0000] {subprocess.py:93} INFO - 	at scala.concurrent.impl.Promise$DefaultPromise.success(Promise.scala:187)
[2026-10-05T17:13:52.828+0000] {subprocess.py:93} INFO - 	at org.apache.spark.rpc.netty.LocalNettyRpcCallContext.send(NettyRpcCallContext.scala:50)
[2026-10-05T17:13:52.829+0000] {subprocess.py:93} INFO - 	at org.apache.spark.rpc.netty.NettyRpcCallContext.reply(NettyRpcCallContext.scala:32)
[2026-10-05T17:13:52.832+0000] {subprocess.py:93} INFO - 	at org.apache.spark.rpc.netty.RpcEndpointVerifier$$anonfun$receiveAndReply$1.applyOrElse(RpcEndpointVerifier.scala:31)
[2026-10-05T17:13:52.833+0000] {subprocess.py:93} INFO - 	... 8 more
[2026-10-05T17:13:52.834+0000] {subprocess.py:93} INFO - 26/10/05 17:13:46 WARN Executor: Issue communicating with driver in heartbeater
[2026-10-05T17:13:52.835+0000] {subprocess.py:93} INFO - org.apache.spark.SparkException: Exception thrown in awaitResult:
[2026-10-05T17:13:52.836+0000] {subprocess.py:93} INFO - 	at org.apache.spark.util.SparkThreadUtils$.awaitResult(SparkThreadUtils.scala:56)
[2026-10-05T17:13:52.837+0000] {subprocess.py:93} INFO - 	at org.apache.spark.util.ThreadUtils$.awaitResult(ThreadUtils.scala:310)
[2026-10-05T17:13:52.838+0000] {subprocess.py:93} INFO - 	at org.apache.spark.rpc.RpcTimeout.awaitResult(RpcTimeout.scala:75)
[2026-10-05T17:13:52.839+0000] {subprocess.py:93} INFO - 	at org.apache.spark.rpc.RpcEndpointRef.askSync(RpcEndpointRef.scala:101)
[2026-10-05T17:13:52.840+0000] {subprocess.py:93} INFO - 	at org.apache.spark.rpc.RpcEndpointRef.askSync(RpcEndpointRef.scala:85)
[2026-10-05T17:13:52.841+0000] {subprocess.py:93} INFO - 	at org.apache.spark.storage.BlockManagerMaster.registerBlockManager(BlockManagerMaster.scala:80)
[2026-10-05T17:13:52.842+0000] {subprocess.py:93} INFO - 	at org.apache.spark.storage.BlockManager.reregister(BlockManager.scala:642)
[2026-10-05T17:13:52.842+0000] {subprocess.py:93} INFO - 	at org.apache.spark.executor.Executor.reportHeartBeat(Executor.scala:1223)
[2026-10-05T17:13:52.843+0000] {subprocess.py:93} INFO - 	at org.apache.spark.executor.Executor.$anonfun$heartbeater$1(Executor.scala:295)
[2026-10-05T17:13:52.844+0000] {subprocess.py:93} INFO - 	at scala.runtime.java8.JFunction0$mcV$sp.apply(JFunction0$mcV$sp.java:23)
[2026-10-05T17:13:52.844+0000] {subprocess.py:93} INFO - 	at org.apache.spark.util.Utils$.logUncaughtExceptions(Utils.scala:1928)
[2026-10-05T17:13:52.845+0000] {subprocess.py:93} INFO - 	at org.apache.spark.Heartbeater$$anon$1.run(Heartbeater.scala:46)
[2026-10-05T17:13:52.846+0000] {subprocess.py:93} INFO - 	at java.base/java.util.concurrent.Executors$RunnableAdapter.call(Unknown Source)
[2026-10-05T17:13:52.846+0000] {subprocess.py:93} INFO - 	at java.base/java.util.concurrent.FutureTask.runAndReset(Unknown Source)
[2026-10-05T17:13:52.846+0000] {subprocess.py:93} INFO - 	at java.base/java.util.concurrent.ScheduledThreadPoolExecutor$ScheduledFutureTask.run(Unknown Source)
[2026-10-05T17:13:52.846+0000] {subprocess.py:93} INFO - 	at java.base/java.util.concurrent.ThreadPoolExecutor.runWorker(Unknown Source)
[2026-10-05T17:13:52.847+0000] {subprocess.py:93} INFO - 	at java.base/java.util.concurrent.ThreadPoolExecutor$Worker.run(Unknown Source)
[2026-10-05T17:13:52.847+0000] {subprocess.py:93} INFO - 	at java.base/java.lang.Thread.run(Unknown Source)
[2026-10-05T17:13:52.847+0000] {subprocess.py:93} INFO - Caused by: org.apache.spark.SparkException: Exception thrown in awaitResult:
[2026-10-05T17:13:52.848+0000] {subprocess.py:93} INFO - 	at org.apache.spark.util.SparkThreadUtils$.awaitResult(SparkThreadUtils.scala:56)
[2026-10-05T17:13:52.848+0000] {subprocess.py:93} INFO - 	at org.apache.spark.util.ThreadUtils$.awaitResult(ThreadUtils.scala:310)
[2026-10-05T17:13:52.848+0000] {subprocess.py:93} INFO - 	at org.apache.spark.rpc.RpcTimeout.awaitResult(RpcTimeout.scala:75)
[2026-10-05T17:13:52.849+0000] {subprocess.py:93} INFO - 	at org.apache.spark.rpc.RpcEnv.setupEndpointRefByURI(RpcEnv.scala:102)
[2026-10-05T17:13:52.849+0000] {subprocess.py:93} INFO - 	at org.apache.spark.rpc.RpcEnv.setupEndpointRef(RpcEnv.scala:110)
[2026-10-05T17:13:52.849+0000] {subprocess.py:93} INFO - 	at org.apache.spark.util.RpcUtils$.makeDriverRef(RpcUtils.scala:36)
[2026-10-05T17:13:52.849+0000] {subprocess.py:93} INFO - 	at org.apache.spark.storage.BlockManagerMasterEndpoint.driverEndpoint$lzycompute(BlockManagerMasterEndpoint.scala:124)
[2026-10-05T17:13:52.850+0000] {subprocess.py:93} INFO - 	at org.apache.spark.storage.BlockManagerMasterEndpoint.org$apache$spark$storage$BlockManagerMasterEndpoint$$driverEndpoint(BlockManagerMasterEndpoint.scala:123)
[2026-10-05T17:13:52.850+0000] {subprocess.py:93} INFO - 	at org.apache.spark.storage.BlockManagerMasterEndpoint.isExecutorAlive$lzycompute$1(BlockManagerMasterEndpoint.scala:688)
[2026-10-05T17:13:52.850+0000] {subprocess.py:93} INFO - 	at org.apache.spark.storage.BlockManagerMasterEndpoint.isExecutorAlive$1(BlockManagerMasterEndpoint.scala:687)
[2026-10-05T17:13:52.851+0000] {subprocess.py:93} INFO - 	at org.apache.spark.storage.BlockManagerMasterEndpoint.org$apache$spark$storage$BlockManagerMasterEndpoint$$register(BlockManagerMasterEndpoint.scala:725)
[2026-10-05T17:13:52.851+0000] {subprocess.py:93} INFO - 	at org.apache.spark.storage.BlockManagerMasterEndpoint$$anonfun$receiveAndReply$1.applyOrElse(BlockManagerMasterEndpoint.scala:133)
[2026-10-05T17:13:52.852+0000] {subprocess.py:93} INFO - 	at org.apache.spark.rpc.netty.Inbox.$anonfun$process$1(Inbox.scala:103)
[2026-10-05T17:13:52.853+0000] {subprocess.py:93} INFO - 	at org.apache.spark.rpc.netty.Inbox.safelyCall(Inbox.scala:213)
[2026-10-05T17:13:52.854+0000] {subprocess.py:93} INFO - 	at org.apache.spark.rpc.netty.Inbox.process(Inbox.scala:100)
[2026-10-05T17:13:52.855+0000] {subprocess.py:93} INFO - 	at org.apache.spark.rpc.netty.MessageLoop.org$apache$spark$rpc$netty$MessageLoop$$receiveLoop(MessageLoop.scala:75)
[2026-10-05T17:13:52.856+0000] {subprocess.py:93} INFO - 	at org.apache.spark.rpc.netty.MessageLoop$$anon$1.run(MessageLoop.scala:41)
[2026-10-05T17:13:52.857+0000] {subprocess.py:93} INFO - 	... 3 more
[2026-10-05T17:13:52.858+0000] {subprocess.py:93} INFO - Caused by: org.apache.spark.rpc.RpcEndpointNotFoundException: Cannot find endpoint: spark://CoarseGrainedScheduler@d2c30ec5c415:45737
[2026-10-05T17:13:52.859+0000] {subprocess.py:93} INFO - 	at org.apache.spark.rpc.netty.NettyRpcEnv.$anonfun$asyncSetupEndpointRefByURI$1(NettyRpcEnv.scala:148)
[2026-10-05T17:13:52.860+0000] {subprocess.py:93} INFO - 	at org.apache.spark.rpc.netty.NettyRpcEnv.$anonfun$asyncSetupEndpointRefByURI$1$adapted(NettyRpcEnv.scala:144)
[2026-10-05T17:13:52.861+0000] {subprocess.py:93} INFO - 	at scala.concurrent.Future.$anonfun$flatMap$1(Future.scala:307)
[2026-10-05T17:13:52.861+0000] {subprocess.py:93} INFO - 	at scala.concurrent.impl.Promise.$anonfun$transformWith$1(Promise.scala:41)
[2026-10-05T17:13:52.862+0000] {subprocess.py:93} INFO - 	at scala.concurrent.impl.CallbackRunnable.run(Promise.scala:64)
[2026-10-05T17:13:52.863+0000] {subprocess.py:93} INFO - 	at org.apache.spark.util.ThreadUtils$$anon$1.execute(ThreadUtils.scala:99)
[2026-10-05T17:13:52.864+0000] {subprocess.py:93} INFO - 	at scala.concurrent.impl.ExecutionContextImpl$$anon$4.execute(ExecutionContextImpl.scala:138)
[2026-10-05T17:13:52.864+0000] {subprocess.py:93} INFO - 	at scala.concurrent.impl.CallbackRunnable.executeWithValue(Promise.scala:72)
[2026-10-05T17:13:52.865+0000] {subprocess.py:93} INFO - 	at scala.concurrent.impl.Promise$DefaultPromise.$anonfun$tryComplete$1(Promise.scala:288)
[2026-10-05T17:13:52.866+0000] {subprocess.py:93} INFO - 	at scala.concurrent.impl.Promise$DefaultPromise.$anonfun$tryComplete$1$adapted(Promise.scala:288)
[2026-10-05T17:13:52.867+0000] {subprocess.py:93} INFO - 	at scala.concurrent.impl.Promise$DefaultPromise.tryComplete(Promise.scala:288)
[2026-10-05T17:13:52.868+0000] {subprocess.py:93} INFO - 	at scala.concurrent.Promise.complete(Promise.scala:53)
[2026-10-05T17:13:52.869+0000] {subprocess.py:93} INFO - 	at scala.concurrent.Promise.complete$(Promise.scala:52)
[2026-10-05T17:13:52.870+0000] {subprocess.py:93} INFO - 	at scala.concurrent.impl.Promise$DefaultPromise.complete(Promise.scala:187)
[2026-10-05T17:13:52.871+0000] {subprocess.py:93} INFO - 	at scala.concurrent.impl.Promise.$anonfun$transform$1(Promise.scala:33)
[2026-10-05T17:13:52.873+0000] {subprocess.py:93} INFO - 	at scala.concurrent.impl.CallbackRunnable.run(Promise.scala:64)
[2026-10-05T17:13:52.874+0000] {subprocess.py:93} INFO - 	at org.apache.spark.util.ThreadUtils$$anon$1.execute(ThreadUtils.scala:99)
[2026-10-05T17:13:52.876+0000] {subprocess.py:93} INFO - 	at scala.concurrent.impl.ExecutionContextImpl$$anon$4.execute(ExecutionContextImpl.scala:138)
[2026-10-05T17:13:52.877+0000] {subprocess.py:93} INFO - 	at scala.concurrent.impl.CallbackRunnable.executeWithValue(Promise.scala:72)
[2026-10-05T17:13:52.880+0000] {subprocess.py:93} INFO - 	at scala.concurrent.impl.Promise$DefaultPromise.$anonfun$tryComplete$1(Promise.scala:288)
[2026-10-05T17:13:52.882+0000] {subprocess.py:93} INFO - 	at scala.concurrent.impl.Promise$DefaultPromise.$anonfun$tryComplete$1$adapted(Promise.scala:288)
[2026-10-05T17:13:52.884+0000] {subprocess.py:93} INFO - 	at scala.concurrent.impl.Promise$DefaultPromise.tryComplete(Promise.scala:288)
[2026-10-05T17:13:52.886+0000] {subprocess.py:93} INFO - 	at scala.concurrent.Promise.complete(Promise.scala:53)
[2026-10-05T17:13:52.888+0000] {subprocess.py:93} INFO - 	at scala.concurrent.Promise.complete$(Promise.scala:52)
[2026-10-05T17:13:52.890+0000] {subprocess.py:93} INFO - 	at scala.concurrent.impl.Promise$DefaultPromise.complete(Promise.scala:187)
[2026-10-05T17:13:52.891+0000] {subprocess.py:93} INFO - 	at scala.concurrent.impl.Promise.$anonfun$transform$1(Promise.scala:33)
[2026-10-05T17:13:52.892+0000] {subprocess.py:93} INFO - 	at scala.concurrent.impl.CallbackRunnable.run(Promise.scala:64)
[2026-10-05T17:13:52.894+0000] {subprocess.py:93} INFO - 	at scala.concurrent.BatchingExecutor$Batch.processBatch$1(BatchingExecutor.scala:67)
[2026-10-05T17:13:52.896+0000] {subprocess.py:93} INFO - 	at scala.concurrent.BatchingExecutor$Batch.$anonfun$run$1(BatchingExecutor.scala:82)
[2026-10-05T17:13:52.898+0000] {subprocess.py:93} INFO - 	at scala.runtime.java8.JFunction0$mcV$sp.apply(JFunction0$mcV$sp.java:23)
[2026-10-05T17:13:52.899+0000] {subprocess.py:93} INFO - 	at scala.concurrent.BlockContext$.withBlockContext(BlockContext.scala:85)
[2026-10-05T17:13:52.901+0000] {subprocess.py:93} INFO - 	at scala.concurrent.BatchingExecutor$Batch.run(BatchingExecutor.scala:59)
[2026-10-05T17:13:52.903+0000] {subprocess.py:93} INFO - 	at scala.concurrent.Future$InternalCallbackExecutor$.unbatchedExecute(Future.scala:875)
[2026-10-05T17:13:52.905+0000] {subprocess.py:93} INFO - 	at scala.concurrent.BatchingExecutor.execute(BatchingExecutor.scala:110)
[2026-10-05T17:13:52.907+0000] {subprocess.py:93} INFO - 	at scala.concurrent.BatchingExecutor.execute$(BatchingExecutor.scala:107)
[2026-10-05T17:13:52.908+0000] {subprocess.py:93} INFO - 	at scala.concurrent.Future$InternalCallbackExecutor$.execute(Future.scala:873)
[2026-10-05T17:13:52.910+0000] {subprocess.py:93} INFO - 	at scala.concurrent.impl.CallbackRunnable.executeWithValue(Promise.scala:72)
[2026-10-05T17:13:52.912+0000] {subprocess.py:93} INFO - 	at scala.concurrent.impl.Promise$DefaultPromise.$anonfun$tryComplete$1(Promise.scala:288)
[2026-10-05T17:13:52.913+0000] {subprocess.py:93} INFO - 	at scala.concurrent.impl.Promise$DefaultPromise.$anonfun$tryComplete$1$adapted(Promise.scala:288)
[2026-10-05T17:13:52.915+0000] {subprocess.py:93} INFO - 	at scala.concurrent.impl.Promise$DefaultPromise.tryComplete(Promise.scala:288)
[2026-10-05T17:13:52.916+0000] {subprocess.py:93} INFO - 	at scala.concurrent.Promise.trySuccess(Promise.scala:94)
[2026-10-05T17:13:52.917+0000] {subprocess.py:93} INFO - 	at scala.concurrent.Promise.trySuccess$(Promise.scala:94)
[2026-10-05T17:13:52.919+0000] {subprocess.py:93} INFO - 	at scala.concurrent.impl.Promise$DefaultPromise.trySuccess(Promise.scala:187)
[2026-10-05T17:13:52.920+0000] {subprocess.py:93} INFO - 	at org.apache.spark.rpc.netty.NettyRpcEnv.onSuccess$1(NettyRpcEnv.scala:225)
[2026-10-05T17:13:52.922+0000] {subprocess.py:93} INFO - 	at org.apache.spark.rpc.netty.NettyRpcEnv.$anonfun$askAbortable$5(NettyRpcEnv.scala:239)
[2026-10-05T17:13:52.924+0000] {subprocess.py:93} INFO - 	at org.apache.spark.rpc.netty.NettyRpcEnv.$anonfun$askAbortable$5$adapted(NettyRpcEnv.scala:238)
[2026-10-05T17:13:52.925+0000] {subprocess.py:93} INFO - 	at scala.concurrent.impl.CallbackRunnable.run(Promise.scala:64)
[2026-10-05T17:13:52.926+0000] {subprocess.py:93} INFO - 	at org.apache.spark.util.ThreadUtils$$anon$1.execute(ThreadUtils.scala:99)
[2026-10-05T17:13:52.927+0000] {subprocess.py:93} INFO - 	at scala.concurrent.impl.ExecutionContextImpl$$anon$4.execute(ExecutionContextImpl.scala:138)
[2026-10-05T17:13:52.929+0000] {subprocess.py:93} INFO - 	at scala.concurrent.impl.CallbackRunnable.executeWithValue(Promise.scala:72)
[2026-10-05T17:13:52.932+0000] {subprocess.py:93} INFO - 	at scala.concurrent.impl.Promise$DefaultPromise.$anonfun$tryComplete$1(Promise.scala:288)
[2026-10-05T17:13:52.933+0000] {subprocess.py:93} INFO - 	at scala.concurrent.impl.Promise$DefaultPromise.$anonfun$tryComplete$1$adapted(Promise.scala:288)
[2026-10-05T17:13:52.934+0000] {subprocess.py:93} INFO - 	at scala.concurrent.impl.Promise$DefaultPromise.tryComplete(Promise.scala:288)
[2026-10-05T17:13:52.936+0000] {subprocess.py:93} INFO - 	at scala.concurrent.Promise.complete(Promise.scala:53)
[2026-10-05T17:13:52.937+0000] {subprocess.py:93} INFO - 	at scala.concurrent.Promise.complete$(Promise.scala:52)
[2026-10-05T17:13:52.938+0000] {subprocess.py:93} INFO - 	at scala.concurrent.impl.Promise$DefaultPromise.complete(Promise.scala:187)
[2026-10-05T17:13:52.938+0000] {subprocess.py:93} INFO - 	at scala.concurrent.Promise.success(Promise.scala:86)
[2026-10-05T17:13:52.939+0000] {subprocess.py:93} INFO - 	at scala.concurrent.Promise.success$(Promise.scala:86)
[2026-10-05T17:13:52.939+0000] {subprocess.py:93} INFO - 	at scala.concurrent.impl.Promise$DefaultPromise.success(Promise.scala:187)
[2026-10-05T17:13:52.940+0000] {subprocess.py:93} INFO - 	at org.apache.spark.rpc.netty.LocalNettyRpcCallContext.send(NettyRpcCallContext.scala:50)
[2026-10-05T17:13:52.941+0000] {subprocess.py:93} INFO - 	at org.apache.spark.rpc.netty.NettyRpcCallContext.reply(NettyRpcCallContext.scala:32)
[2026-10-05T17:13:52.942+0000] {subprocess.py:93} INFO - 	at org.apache.spark.rpc.netty.RpcEndpointVerifier$$anonfun$receiveAndReply$1.applyOrElse(RpcEndpointVerifier.scala:31)
[2026-10-05T17:13:52.943+0000] {subprocess.py:93} INFO - 	... 8 more
[2026-10-05T17:13:52.944+0000] {subprocess.py:93} INFO - 26/10/05 17:13:47 WARN Executor: Issue communicating with driver in heartbeater
[2026-10-05T17:13:52.945+0000] {subprocess.py:93} INFO - org.apache.spark.SparkException: Exception thrown in awaitResult:
[2026-10-05T17:13:52.945+0000] {subprocess.py:93} INFO - 	at org.apache.spark.util.SparkThreadUtils$.awaitResult(SparkThreadUtils.scala:56)
[2026-10-05T17:13:52.946+0000] {subprocess.py:93} INFO - 	at org.apache.spark.util.ThreadUtils$.awaitResult(ThreadUtils.scala:310)
[2026-10-05T17:13:52.947+0000] {subprocess.py:93} INFO - 	at org.apache.spark.rpc.RpcTimeout.awaitResult(RpcTimeout.scala:75)
[2026-10-05T17:13:52.947+0000] {subprocess.py:93} INFO - 	at org.apache.spark.rpc.RpcEndpointRef.askSync(RpcEndpointRef.scala:101)
[2026-10-05T17:13:52.948+0000] {subprocess.py:93} INFO - 	at org.apache.spark.rpc.RpcEndpointRef.askSync(RpcEndpointRef.scala:85)
[2026-10-05T17:13:52.949+0000] {subprocess.py:93} INFO - 	at org.apache.spark.storage.BlockManagerMaster.registerBlockManager(BlockManagerMaster.scala:80)
[2026-10-05T17:13:52.951+0000] {subprocess.py:93} INFO - 	at org.apache.spark.storage.BlockManager.reregister(BlockManager.scala:642)
[2026-10-05T17:13:52.952+0000] {subprocess.py:93} INFO - 	at org.apache.spark.executor.Executor.reportHeartBeat(Executor.scala:1223)
[2026-10-05T17:13:52.954+0000] {subprocess.py:93} INFO - 	at org.apache.spark.executor.Executor.$anonfun$heartbeater$1(Executor.scala:295)
[2026-10-05T17:13:52.957+0000] {subprocess.py:93} INFO - 	at scala.runtime.java8.JFunction0$mcV$sp.apply(JFunction0$mcV$sp.java:23)
[2026-10-05T17:13:52.959+0000] {subprocess.py:93} INFO - 	at org.apache.spark.util.Utils$.logUncaughtExceptions(Utils.scala:1928)
[2026-10-05T17:13:52.961+0000] {subprocess.py:93} INFO - 	at org.apache.spark.Heartbeater$$anon$1.run(Heartbeater.scala:46)
[2026-10-05T17:13:52.963+0000] {subprocess.py:93} INFO - 	at java.base/java.util.concurrent.Executors$RunnableAdapter.call(Unknown Source)
[2026-10-05T17:13:52.964+0000] {subprocess.py:93} INFO - 	at java.base/java.util.concurrent.FutureTask.runAndReset(Unknown Source)
[2026-10-05T17:13:52.965+0000] {subprocess.py:93} INFO - 	at java.base/java.util.concurrent.ScheduledThreadPoolExecutor$ScheduledFutureTask.run(Unknown Source)
[2026-10-05T17:13:52.966+0000] {subprocess.py:93} INFO - 	at java.base/java.util.concurrent.ThreadPoolExecutor.runWorker(Unknown Source)
[2026-10-05T17:13:52.967+0000] {subprocess.py:93} INFO - 	at java.base/java.util.concurrent.ThreadPoolExecutor$Worker.run(Unknown Source)
[2026-10-05T17:13:52.968+0000] {subprocess.py:93} INFO - 	at java.base/java.lang.Thread.run(Unknown Source)
[2026-10-05T17:13:52.970+0000] {subprocess.py:93} INFO - Caused by: org.apache.spark.SparkException: Exception thrown in awaitResult:
[2026-10-05T17:13:52.972+0000] {subprocess.py:93} INFO - 	at org.apache.spark.util.SparkThreadUtils$.awaitResult(SparkThreadUtils.scala:56)
[2026-10-05T17:13:52.973+0000] {subprocess.py:93} INFO - 	at org.apache.spark.util.ThreadUtils$.awaitResult(ThreadUtils.scala:310)
[2026-10-05T17:13:52.975+0000] {subprocess.py:93} INFO - 	at org.apache.spark.rpc.RpcTimeout.awaitResult(RpcTimeout.scala:75)
[2026-10-05T17:13:52.976+0000] {subprocess.py:93} INFO - 	at org.apache.spark.rpc.RpcEnv.setupEndpointRefByURI(RpcEnv.scala:102)
[2026-10-05T17:13:52.977+0000] {subprocess.py:93} INFO - 	at org.apache.spark.rpc.RpcEnv.setupEndpointRef(RpcEnv.scala:110)
[2026-10-05T17:13:52.979+0000] {subprocess.py:93} INFO - 	at org.apache.spark.util.RpcUtils$.makeDriverRef(RpcUtils.scala:36)
[2026-10-05T17:13:52.980+0000] {subprocess.py:93} INFO - 	at org.apache.spark.storage.BlockManagerMasterEndpoint.driverEndpoint$lzycompute(BlockManagerMasterEndpoint.scala:124)
[2026-10-05T17:13:52.981+0000] {subprocess.py:93} INFO - 	at org.apache.spark.storage.BlockManagerMasterEndpoint.org$apache$spark$storage$BlockManagerMasterEndpoint$$driverEndpoint(BlockManagerMasterEndpoint.scala:123)
[2026-10-05T17:13:52.982+0000] {subprocess.py:93} INFO - 	at org.apache.spark.storage.BlockManagerMasterEndpoint.isExecutorAlive$lzycompute$1(BlockManagerMasterEndpoint.scala:688)
[2026-10-05T17:13:52.983+0000] {subprocess.py:93} INFO - 	at org.apache.spark.storage.BlockManagerMasterEndpoint.isExecutorAlive$1(BlockManagerMasterEndpoint.scala:687)
[2026-10-05T17:13:52.984+0000] {subprocess.py:93} INFO - 	at org.apache.spark.storage.BlockManagerMasterEndpoint.org$apache$spark$storage$BlockManagerMasterEndpoint$$register(BlockManagerMasterEndpoint.scala:725)
[2026-10-05T17:13:52.985+0000] {subprocess.py:93} INFO - 	at org.apache.spark.storage.BlockManagerMasterEndpoint$$anonfun$receiveAndReply$1.applyOrElse(BlockManagerMasterEndpoint.scala:133)
[2026-10-05T17:13:52.986+0000] {subprocess.py:93} INFO - 	at org.apache.spark.rpc.netty.Inbox.$anonfun$process$1(Inbox.scala:103)
[2026-10-05T17:13:52.987+0000] {subprocess.py:93} INFO - 	at org.apache.spark.rpc.netty.Inbox.safelyCall(Inbox.scala:213)
[2026-10-05T17:13:52.988+0000] {subprocess.py:93} INFO - 	at org.apache.spark.rpc.netty.Inbox.process(Inbox.scala:100)
[2026-10-05T17:13:52.989+0000] {subprocess.py:93} INFO - 	at org.apache.spark.rpc.netty.MessageLoop.org$apache$spark$rpc$netty$MessageLoop$$receiveLoop(MessageLoop.scala:75)
[2026-10-05T17:13:52.990+0000] {subprocess.py:93} INFO - 	at org.apache.spark.rpc.netty.MessageLoop$$anon$1.run(MessageLoop.scala:41)
[2026-10-05T17:13:52.992+0000] {subprocess.py:93} INFO - 	... 3 more
[2026-10-05T17:13:52.994+0000] {subprocess.py:93} INFO - Caused by: org.apache.spark.rpc.RpcEndpointNotFoundException: Cannot find endpoint: spark://CoarseGrainedScheduler@d2c30ec5c415:45737
[2026-10-05T17:13:52.996+0000] {subprocess.py:93} INFO - 	at org.apache.spark.rpc.netty.NettyRpcEnv.$anonfun$asyncSetupEndpointRefByURI$1(NettyRpcEnv.scala:148)
[2026-10-05T17:13:52.997+0000] {subprocess.py:93} INFO - 	at org.apache.spark.rpc.netty.NettyRpcEnv.$anonfun$asyncSetupEndpointRefByURI$1$adapted(NettyRpcEnv.scala:144)
[2026-10-05T17:13:52.998+0000] {subprocess.py:93} INFO - 	at scala.concurrent.Future.$anonfun$flatMap$1(Future.scala:307)
[2026-10-05T17:13:52.999+0000] {subprocess.py:93} INFO - 	at scala.concurrent.impl.Promise.$anonfun$transformWith$1(Promise.scala:41)
[2026-10-05T17:13:53.000+0000] {subprocess.py:93} INFO - 	at scala.concurrent.impl.CallbackRunnable.run(Promise.scala:64)
[2026-10-05T17:13:53.002+0000] {subprocess.py:93} INFO - 	at org.apache.spark.util.ThreadUtils$$anon$1.execute(ThreadUtils.scala:99)
[2026-10-05T17:13:53.003+0000] {subprocess.py:93} INFO - 	at scala.concurrent.impl.ExecutionContextImpl$$anon$4.execute(ExecutionContextImpl.scala:138)
[2026-10-05T17:13:53.005+0000] {subprocess.py:93} INFO - 	at scala.concurrent.impl.CallbackRunnable.executeWithValue(Promise.scala:72)
[2026-10-05T17:13:53.006+0000] {subprocess.py:93} INFO - 	at scala.concurrent.impl.Promise$DefaultPromise.$anonfun$tryComplete$1(Promise.scala:288)
[2026-10-05T17:13:53.009+0000] {subprocess.py:93} INFO - 	at scala.concurrent.impl.Promise$DefaultPromise.$anonfun$tryComplete$1$adapted(Promise.scala:288)
[2026-10-05T17:13:53.013+0000] {subprocess.py:93} INFO - 	at scala.concurrent.impl.Promise$DefaultPromise.tryComplete(Promise.scala:288)
[2026-10-05T17:13:53.015+0000] {subprocess.py:93} INFO - 	at scala.concurrent.Promise.complete(Promise.scala:53)
[2026-10-05T17:13:53.016+0000] {subprocess.py:93} INFO - 	at scala.concurrent.Promise.complete$(Promise.scala:52)
[2026-10-05T17:13:53.017+0000] {subprocess.py:93} INFO - 	at scala.concurrent.impl.Promise$DefaultPromise.complete(Promise.scala:187)
[2026-10-05T17:13:53.018+0000] {subprocess.py:93} INFO - 	at scala.concurrent.impl.Promise.$anonfun$transform$1(Promise.scala:33)
[2026-10-05T17:13:53.018+0000] {subprocess.py:93} INFO - 	at scala.concurrent.impl.CallbackRunnable.run(Promise.scala:64)
[2026-10-05T17:13:53.020+0000] {subprocess.py:93} INFO - 	at org.apache.spark.util.ThreadUtils$$anon$1.execute(ThreadUtils.scala:99)
[2026-10-05T17:13:53.021+0000] {subprocess.py:93} INFO - 	at scala.concurrent.impl.ExecutionContextImpl$$anon$4.execute(ExecutionContextImpl.scala:138)
[2026-10-05T17:13:53.022+0000] {subprocess.py:93} INFO - 	at scala.concurrent.impl.CallbackRunnable.executeWithValue(Promise.scala:72)
[2026-10-05T17:13:53.024+0000] {subprocess.py:93} INFO - 	at scala.concurrent.impl.Promise$DefaultPromise.$anonfun$tryComplete$1(Promise.scala:288)
[2026-10-05T17:13:53.025+0000] {subprocess.py:93} INFO - 	at scala.concurrent.impl.Promise$DefaultPromise.$anonfun$tryComplete$1$adapted(Promise.scala:288)
[2026-10-05T17:13:53.027+0000] {subprocess.py:93} INFO - 	at scala.concurrent.impl.Promise$DefaultPromise.tryComplete(Promise.scala:288)
[2026-10-05T17:13:53.028+0000] {subprocess.py:93} INFO - 	at scala.concurrent.Promise.complete(Promise.scala:53)
[2026-10-05T17:13:53.030+0000] {subprocess.py:93} INFO - 	at scala.concurrent.Promise.complete$(Promise.scala:52)
[2026-10-05T17:13:53.031+0000] {subprocess.py:93} INFO - 	at scala.concurrent.impl.Promise$DefaultPromise.complete(Promise.scala:187)
[2026-10-05T17:13:53.033+0000] {subprocess.py:93} INFO - 	at scala.concurrent.impl.Promise.$anonfun$transform$1(Promise.scala:33)
[2026-10-05T17:13:53.034+0000] {subprocess.py:93} INFO - 	at scala.concurrent.impl.CallbackRunnable.run(Promise.scala:64)
[2026-10-05T17:13:53.036+0000] {subprocess.py:93} INFO - 	at scala.concurrent.BatchingExecutor$Batch.processBatch$1(BatchingExecutor.scala:67)
[2026-10-05T17:13:53.037+0000] {subprocess.py:93} INFO - 	at scala.concurrent.BatchingExecutor$Batch.$anonfun$run$1(BatchingExecutor.scala:82)
[2026-10-05T17:13:53.038+0000] {subprocess.py:93} INFO - 	at scala.runtime.java8.JFunction0$mcV$sp.apply(JFunction0$mcV$sp.java:23)
[2026-10-05T17:13:53.039+0000] {subprocess.py:93} INFO - 	at scala.concurrent.BlockContext$.withBlockContext(BlockContext.scala:85)
[2026-10-05T17:13:53.041+0000] {subprocess.py:93} INFO - 	at scala.concurrent.BatchingExecutor$Batch.run(BatchingExecutor.scala:59)
[2026-10-05T17:13:53.042+0000] {subprocess.py:93} INFO - 	at scala.concurrent.Future$InternalCallbackExecutor$.unbatchedExecute(Future.scala:875)
[2026-10-05T17:13:53.044+0000] {subprocess.py:93} INFO - 	at scala.concurrent.BatchingExecutor.execute(BatchingExecutor.scala:110)
[2026-10-05T17:13:53.045+0000] {subprocess.py:93} INFO - 	at scala.concurrent.BatchingExecutor.execute$(BatchingExecutor.scala:107)
[2026-10-05T17:13:53.047+0000] {subprocess.py:93} INFO - 	at scala.concurrent.Future$InternalCallbackExecutor$.execute(Future.scala:873)
[2026-10-05T17:13:53.050+0000] {subprocess.py:93} INFO - 	at scala.concurrent.impl.CallbackRunnable.executeWithValue(Promise.scala:72)
[2026-10-05T17:13:53.053+0000] {subprocess.py:93} INFO - 	at scala.concurrent.impl.Promise$DefaultPromise.$anonfun$tryComplete$1(Promise.scala:288)
[2026-10-05T17:13:53.055+0000] {subprocess.py:93} INFO - 	at scala.concurrent.impl.Promise$DefaultPromise.$anonfun$tryComplete$1$adapted(Promise.scala:288)
[2026-10-05T17:13:53.056+0000] {subprocess.py:93} INFO - 	at scala.concurrent.impl.Promise$DefaultPromise.tryComplete(Promise.scala:288)
[2026-10-05T17:13:53.057+0000] {subprocess.py:93} INFO - 	at scala.concurrent.Promise.trySuccess(Promise.scala:94)
[2026-10-05T17:13:53.058+0000] {subprocess.py:93} INFO - 	at scala.concurrent.Promise.trySuccess$(Promise.scala:94)
[2026-10-05T17:13:53.058+0000] {subprocess.py:93} INFO - 	at scala.concurrent.impl.Promise$DefaultPromise.trySuccess(Promise.scala:187)
[2026-10-05T17:13:53.058+0000] {subprocess.py:93} INFO - 	at org.apache.spark.rpc.netty.NettyRpcEnv.onSuccess$1(NettyRpcEnv.scala:225)
[2026-10-05T17:13:53.059+0000] {subprocess.py:93} INFO - 	at org.apache.spark.rpc.netty.NettyRpcEnv.$anonfun$askAbortable$5(NettyRpcEnv.scala:239)
[2026-10-05T17:13:53.059+0000] {subprocess.py:93} INFO - 	at org.apache.spark.rpc.netty.NettyRpcEnv.$anonfun$askAbortable$5$adapted(NettyRpcEnv.scala:238)
[2026-10-05T17:13:53.059+0000] {subprocess.py:93} INFO - 	at scala.concurrent.impl.CallbackRunnable.run(Promise.scala:64)
[2026-10-05T17:13:53.060+0000] {subprocess.py:93} INFO - 	at org.apache.spark.util.ThreadUtils$$anon$1.execute(ThreadUtils.scala:99)
[2026-10-05T17:13:53.060+0000] {subprocess.py:93} INFO - 	at scala.concurrent.impl.ExecutionContextImpl$$anon$4.execute(ExecutionContextImpl.scala:138)
[2026-10-05T17:13:53.061+0000] {subprocess.py:93} INFO - 	at scala.concurrent.impl.CallbackRunnable.executeWithValue(Promise.scala:72)
[2026-10-05T17:13:53.061+0000] {subprocess.py:93} INFO - 	at scala.concurrent.impl.Promise$DefaultPromise.$anonfun$tryComplete$1(Promise.scala:288)
[2026-10-05T17:13:53.061+0000] {subprocess.py:93} INFO - 	at scala.concurrent.impl.Promise$DefaultPromise.$anonfun$tryComplete$1$adapted(Promise.scala:288)
[2026-10-05T17:13:53.062+0000] {subprocess.py:93} INFO - 	at scala.concurrent.impl.Promise$DefaultPromise.tryComplete(Promise.scala:288)
[2026-10-05T17:13:53.062+0000] {subprocess.py:93} INFO - 	at scala.concurrent.Promise.complete(Promise.scala:53)
[2026-10-05T17:13:53.063+0000] {subprocess.py:93} INFO - 	at scala.concurrent.Promise.complete$(Promise.scala:52)
[2026-10-05T17:13:53.065+0000] {subprocess.py:93} INFO - 	at scala.concurrent.impl.Promise$DefaultPromise.complete(Promise.scala:187)
[2026-10-05T17:13:53.067+0000] {subprocess.py:93} INFO - 	at scala.concurrent.Promise.success(Promise.scala:86)
[2026-10-05T17:13:53.069+0000] {subprocess.py:93} INFO - 	at scala.concurrent.Promise.success$(Promise.scala:86)
[2026-10-05T17:13:53.071+0000] {subprocess.py:93} INFO - 	at scala.concurrent.impl.Promise$DefaultPromise.success(Promise.scala:187)
[2026-10-05T17:13:53.072+0000] {subprocess.py:93} INFO - 	at org.apache.spark.rpc.netty.LocalNettyRpcCallContext.send(NettyRpcCallContext.scala:50)
[2026-10-05T17:13:53.074+0000] {subprocess.py:93} INFO - 	at org.apache.spark.rpc.netty.NettyRpcCallContext.reply(NettyRpcCallContext.scala:32)
[2026-10-05T17:13:53.076+0000] {subprocess.py:93} INFO - 	at org.apache.spark.rpc.netty.RpcEndpointVerifier$$anonfun$receiveAndReply$1.applyOrElse(RpcEndpointVerifier.scala:31)
[2026-10-05T17:13:53.078+0000] {subprocess.py:93} INFO - 	... 8 more
[2026-10-05T17:13:53.080+0000] {subprocess.py:93} INFO - 26/10/05 17:13:47 ERROR Inbox: Ignoring error
[2026-10-05T17:13:53.081+0000] {subprocess.py:93} INFO - org.apache.spark.SparkException: Exception thrown in awaitResult:
[2026-10-05T17:13:53.082+0000] {subprocess.py:93} INFO - 	at org.apache.spark.util.SparkThreadUtils$.awaitResult(SparkThreadUtils.scala:56)
[2026-10-05T17:13:53.084+0000] {subprocess.py:93} INFO - 	at org.apache.spark.util.ThreadUtils$.awaitResult(ThreadUtils.scala:310)
[2026-10-05T17:13:53.085+0000] {subprocess.py:93} INFO - 	at org.apache.spark.rpc.RpcTimeout.awaitResult(RpcTimeout.scala:75)
[2026-10-05T17:13:53.087+0000] {subprocess.py:93} INFO - 	at org.apache.spark.rpc.RpcEnv.setupEndpointRefByURI(RpcEnv.scala:102)
[2026-10-05T17:13:53.088+0000] {subprocess.py:93} INFO - 	at org.apache.spark.rpc.RpcEnv.setupEndpointRef(RpcEnv.scala:110)
[2026-10-05T17:13:53.089+0000] {subprocess.py:93} INFO - 	at org.apache.spark.util.RpcUtils$.makeDriverRef(RpcUtils.scala:36)
[2026-10-05T17:13:53.090+0000] {subprocess.py:93} INFO - 	at org.apache.spark.storage.BlockManagerMasterEndpoint.driverEndpoint$lzycompute(BlockManagerMasterEndpoint.scala:124)
[2026-10-05T17:13:53.092+0000] {subprocess.py:93} INFO - 	at org.apache.spark.storage.BlockManagerMasterEndpoint.org$apache$spark$storage$BlockManagerMasterEndpoint$$driverEndpoint(BlockManagerMasterEndpoint.scala:123)
[2026-10-05T17:13:53.093+0000] {subprocess.py:93} INFO - 	at org.apache.spark.storage.BlockManagerMasterEndpoint.isExecutorAlive$lzycompute$1(BlockManagerMasterEndpoint.scala:688)
[2026-10-05T17:13:53.094+0000] {subprocess.py:93} INFO - 	at org.apache.spark.storage.BlockManagerMasterEndpoint.isExecutorAlive$1(BlockManagerMasterEndpoint.scala:687)
[2026-10-05T17:13:53.095+0000] {subprocess.py:93} INFO - 	at org.apache.spark.storage.BlockManagerMasterEndpoint.org$apache$spark$storage$BlockManagerMasterEndpoint$$register(BlockManagerMasterEndpoint.scala:725)
[2026-10-05T17:13:53.096+0000] {subprocess.py:93} INFO - 	at org.apache.spark.storage.BlockManagerMasterEndpoint$$anonfun$receiveAndReply$1.applyOrElse(BlockManagerMasterEndpoint.scala:133)
[2026-10-05T17:13:53.097+0000] {subprocess.py:93} INFO - 	at org.apache.spark.rpc.netty.Inbox.$anonfun$process$1(Inbox.scala:103)
[2026-10-05T17:13:53.099+0000] {subprocess.py:93} INFO - 	at org.apache.spark.rpc.netty.Inbox.safelyCall(Inbox.scala:213)
[2026-10-05T17:13:53.101+0000] {subprocess.py:93} INFO - 	at org.apache.spark.rpc.netty.Inbox.process(Inbox.scala:100)
[2026-10-05T17:13:53.103+0000] {subprocess.py:93} INFO - 	at org.apache.spark.rpc.netty.MessageLoop.org$apache$spark$rpc$netty$MessageLoop$$receiveLoop(MessageLoop.scala:75)
[2026-10-05T17:13:53.105+0000] {subprocess.py:93} INFO - 	at org.apache.spark.rpc.netty.MessageLoop$$anon$1.run(MessageLoop.scala:41)
[2026-10-05T17:13:53.106+0000] {subprocess.py:93} INFO - 	at java.base/java.util.concurrent.ThreadPoolExecutor.runWorker(Unknown Source)
[2026-10-05T17:13:53.108+0000] {subprocess.py:93} INFO - 	at java.base/java.util.concurrent.ThreadPoolExecutor$Worker.run(Unknown Source)
[2026-10-05T17:13:53.109+0000] {subprocess.py:93} INFO - 	at java.base/java.lang.Thread.run(Unknown Source)
[2026-10-05T17:13:53.109+0000] {subprocess.py:93} INFO - Caused by: org.apache.spark.rpc.RpcEndpointNotFoundException: Cannot find endpoint: spark://CoarseGrainedScheduler@d2c30ec5c415:45737
[2026-10-05T17:13:53.110+0000] {subprocess.py:93} INFO - 	at org.apache.spark.rpc.netty.NettyRpcEnv.$anonfun$asyncSetupEndpointRefByURI$1(NettyRpcEnv.scala:148)
[2026-10-05T17:13:53.111+0000] {subprocess.py:93} INFO - 	at org.apache.spark.rpc.netty.NettyRpcEnv.$anonfun$asyncSetupEndpointRefByURI$1$adapted(NettyRpcEnv.scala:144)
[2026-10-05T17:13:53.112+0000] {subprocess.py:93} INFO - 	at scala.concurrent.Future.$anonfun$flatMap$1(Future.scala:307)
[2026-10-05T17:13:53.113+0000] {subprocess.py:93} INFO - 	at scala.concurrent.impl.Promise.$anonfun$transformWith$1(Promise.scala:41)
[2026-10-05T17:13:53.114+0000] {subprocess.py:93} INFO - 	at scala.concurrent.impl.CallbackRunnable.run(Promise.scala:64)
[2026-10-05T17:13:53.115+0000] {subprocess.py:93} INFO - 	at org.apache.spark.util.ThreadUtils$$anon$1.execute(ThreadUtils.scala:99)
[2026-10-05T17:13:53.116+0000] {subprocess.py:93} INFO - 	at scala.concurrent.impl.ExecutionContextImpl$$anon$4.execute(ExecutionContextImpl.scala:138)
[2026-10-05T17:13:53.117+0000] {subprocess.py:93} INFO - 	at scala.concurrent.impl.CallbackRunnable.executeWithValue(Promise.scala:72)
[2026-10-05T17:13:53.117+0000] {subprocess.py:93} INFO - 	at scala.concurrent.impl.Promise$DefaultPromise.$anonfun$tryComplete$1(Promise.scala:288)
[2026-10-05T17:13:53.118+0000] {subprocess.py:93} INFO - 	at scala.concurrent.impl.Promise$DefaultPromise.$anonfun$tryComplete$1$adapted(Promise.scala:288)
[2026-10-05T17:13:53.118+0000] {subprocess.py:93} INFO - 	at scala.concurrent.impl.Promise$DefaultPromise.tryComplete(Promise.scala:288)
[2026-10-05T17:13:53.119+0000] {subprocess.py:93} INFO - 	at scala.concurrent.Promise.complete(Promise.scala:53)
[2026-10-05T17:13:53.119+0000] {subprocess.py:93} INFO - 	at scala.concurrent.Promise.complete$(Promise.scala:52)
[2026-10-05T17:13:53.120+0000] {subprocess.py:93} INFO - 	at scala.concurrent.impl.Promise$DefaultPromise.complete(Promise.scala:187)
[2026-10-05T17:13:53.120+0000] {subprocess.py:93} INFO - 	at scala.concurrent.impl.Promise.$anonfun$transform$1(Promise.scala:33)
[2026-10-05T17:13:53.121+0000] {subprocess.py:93} INFO - 	at scala.concurrent.impl.CallbackRunnable.run(Promise.scala:64)
[2026-10-05T17:13:53.121+0000] {subprocess.py:93} INFO - 	at org.apache.spark.util.ThreadUtils$$anon$1.execute(ThreadUtils.scala:99)
[2026-10-05T17:13:53.121+0000] {subprocess.py:93} INFO - 	at scala.concurrent.impl.ExecutionContextImpl$$anon$4.execute(ExecutionContextImpl.scala:138)
[2026-10-05T17:13:53.122+0000] {subprocess.py:93} INFO - 	at scala.concurrent.impl.CallbackRunnable.executeWithValue(Promise.scala:72)
[2026-10-05T17:13:53.122+0000] {subprocess.py:93} INFO - 	at scala.concurrent.impl.Promise$DefaultPromise.$anonfun$tryComplete$1(Promise.scala:288)
[2026-10-05T17:13:53.122+0000] {subprocess.py:93} INFO - 	at scala.concurrent.impl.Promise$DefaultPromise.$anonfun$tryComplete$1$adapted(Promise.scala:288)
[2026-10-05T17:13:53.123+0000] {subprocess.py:93} INFO - 	at scala.concurrent.impl.Promise$DefaultPromise.tryComplete(Promise.scala:288)
[2026-10-05T17:13:53.123+0000] {subprocess.py:93} INFO - 	at scala.concurrent.Promise.complete(Promise.scala:53)
[2026-10-05T17:13:53.123+0000] {subprocess.py:93} INFO - 	at scala.concurrent.Promise.complete$(Promise.scala:52)
[2026-10-05T17:13:53.123+0000] {subprocess.py:93} INFO - 	at scala.concurrent.impl.Promise$DefaultPromise.complete(Promise.scala:187)
[2026-10-05T17:13:53.124+0000] {subprocess.py:93} INFO - 	at scala.concurrent.impl.Promise.$anonfun$transform$1(Promise.scala:33)
[2026-10-05T17:13:53.124+0000] {subprocess.py:93} INFO - 	at scala.concurrent.impl.CallbackRunnable.run(Promise.scala:64)
[2026-10-05T17:13:53.124+0000] {subprocess.py:93} INFO - 	at scala.concurrent.BatchingExecutor$Batch.processBatch$1(BatchingExecutor.scala:67)
[2026-10-05T17:13:53.124+0000] {subprocess.py:93} INFO - 	at scala.concurrent.BatchingExecutor$Batch.$anonfun$run$1(BatchingExecutor.scala:82)
[2026-10-05T17:13:53.125+0000] {subprocess.py:93} INFO - 	at scala.runtime.java8.JFunction0$mcV$sp.apply(JFunction0$mcV$sp.java:23)
[2026-10-05T17:13:53.125+0000] {subprocess.py:93} INFO - 	at scala.concurrent.BlockContext$.withBlockContext(BlockContext.scala:85)
[2026-10-05T17:13:53.126+0000] {subprocess.py:93} INFO - 	at scala.concurrent.BatchingExecutor$Batch.run(BatchingExecutor.scala:59)
[2026-10-05T17:13:53.126+0000] {subprocess.py:93} INFO - 	at scala.concurrent.Future$InternalCallbackExecutor$.unbatchedExecute(Future.scala:875)
[2026-10-05T17:13:53.127+0000] {subprocess.py:93} INFO - 	at scala.concurrent.BatchingExecutor.execute(BatchingExecutor.scala:110)
[2026-10-05T17:13:53.128+0000] {subprocess.py:93} INFO - 	at scala.concurrent.BatchingExecutor.execute$(BatchingExecutor.scala:107)
[2026-10-05T17:13:53.129+0000] {subprocess.py:93} INFO - 	at scala.concurrent.Future$InternalCallbackExecutor$.execute(Future.scala:873)
[2026-10-05T17:13:53.130+0000] {subprocess.py:93} INFO - 	at scala.concurrent.impl.CallbackRunnable.executeWithValue(Promise.scala:72)
[2026-10-05T17:13:53.132+0000] {subprocess.py:93} INFO - 	at scala.concurrent.impl.Promise$DefaultPromise.$anonfun$tryComplete$1(Promise.scala:288)
[2026-10-05T17:13:53.133+0000] {subprocess.py:93} INFO - 	at scala.concurrent.impl.Promise$DefaultPromise.$anonfun$tryComplete$1$adapted(Promise.scala:288)
[2026-10-05T17:13:53.136+0000] {subprocess.py:93} INFO - 	at scala.concurrent.impl.Promise$DefaultPromise.tryComplete(Promise.scala:288)
[2026-10-05T17:13:53.138+0000] {subprocess.py:93} INFO - 	at scala.concurrent.Promise.trySuccess(Promise.scala:94)
[2026-10-05T17:13:53.139+0000] {subprocess.py:93} INFO - 	at scala.concurrent.Promise.trySuccess$(Promise.scala:94)
[2026-10-05T17:13:53.140+0000] {subprocess.py:93} INFO - 	at scala.concurrent.impl.Promise$DefaultPromise.trySuccess(Promise.scala:187)
[2026-10-05T17:13:53.142+0000] {subprocess.py:93} INFO - 	at org.apache.spark.rpc.netty.NettyRpcEnv.onSuccess$1(NettyRpcEnv.scala:225)
[2026-10-05T17:13:53.144+0000] {subprocess.py:93} INFO - 	at org.apache.spark.rpc.netty.NettyRpcEnv.$anonfun$askAbortable$5(NettyRpcEnv.scala:239)
[2026-10-05T17:13:53.145+0000] {subprocess.py:93} INFO - 	at org.apache.spark.rpc.netty.NettyRpcEnv.$anonfun$askAbortable$5$adapted(NettyRpcEnv.scala:238)
[2026-10-05T17:13:53.148+0000] {subprocess.py:93} INFO - 	at scala.concurrent.impl.CallbackRunnable.run(Promise.scala:64)
[2026-10-05T17:13:53.150+0000] {subprocess.py:93} INFO - 	at org.apache.spark.util.ThreadUtils$$anon$1.execute(ThreadUtils.scala:99)
[2026-10-05T17:13:53.151+0000] {subprocess.py:93} INFO - 	at scala.concurrent.impl.ExecutionContextImpl$$anon$4.execute(ExecutionContextImpl.scala:138)
[2026-10-05T17:13:53.153+0000] {subprocess.py:93} INFO - 	at scala.concurrent.impl.CallbackRunnable.executeWithValue(Promise.scala:72)
[2026-10-05T17:13:53.155+0000] {subprocess.py:93} INFO - 	at scala.concurrent.impl.Promise$DefaultPromise.$anonfun$tryComplete$1(Promise.scala:288)
[2026-10-05T17:13:53.156+0000] {subprocess.py:93} INFO - 	at scala.concurrent.impl.Promise$DefaultPromise.$anonfun$tryComplete$1$adapted(Promise.scala:288)
[2026-10-05T17:13:53.158+0000] {subprocess.py:93} INFO - 	at scala.concurrent.impl.Promise$DefaultPromise.tryComplete(Promise.scala:288)
[2026-10-05T17:13:53.159+0000] {subprocess.py:93} INFO - 	at scala.concurrent.Promise.complete(Promise.scala:53)
[2026-10-05T17:13:53.160+0000] {subprocess.py:93} INFO - 	at scala.concurrent.Promise.complete$(Promise.scala:52)
[2026-10-05T17:13:53.162+0000] {subprocess.py:93} INFO - 	at scala.concurrent.impl.Promise$DefaultPromise.complete(Promise.scala:187)
[2026-10-05T17:13:53.163+0000] {subprocess.py:93} INFO - 	at scala.concurrent.Promise.success(Promise.scala:86)
[2026-10-05T17:13:53.164+0000] {subprocess.py:93} INFO - 	at scala.concurrent.Promise.success$(Promise.scala:86)
[2026-10-05T17:13:53.165+0000] {subprocess.py:93} INFO - 	at scala.concurrent.impl.Promise$DefaultPromise.success(Promise.scala:187)
[2026-10-05T17:13:53.166+0000] {subprocess.py:93} INFO - 	at org.apache.spark.rpc.netty.LocalNettyRpcCallContext.send(NettyRpcCallContext.scala:50)
[2026-10-05T17:13:53.168+0000] {subprocess.py:93} INFO - 	at org.apache.spark.rpc.netty.NettyRpcCallContext.reply(NettyRpcCallContext.scala:32)
[2026-10-05T17:13:53.169+0000] {subprocess.py:93} INFO - 	at org.apache.spark.rpc.netty.RpcEndpointVerifier$$anonfun$receiveAndReply$1.applyOrElse(RpcEndpointVerifier.scala:31)
[2026-10-05T17:13:53.170+0000] {subprocess.py:93} INFO - 	... 8 more
[2026-10-05T17:13:53.172+0000] {subprocess.py:93} INFO - 26/10/05 17:13:47 ERROR Inbox: Ignoring error
[2026-10-05T17:13:53.173+0000] {subprocess.py:93} INFO - org.apache.spark.SparkException: Exception thrown in awaitResult:
[2026-10-05T17:13:53.174+0000] {subprocess.py:93} INFO - 	at org.apache.spark.util.SparkThreadUtils$.awaitResult(SparkThreadUtils.scala:56)
[2026-10-05T17:13:53.175+0000] {subprocess.py:93} INFO - 	at org.apache.spark.util.ThreadUtils$.awaitResult(ThreadUtils.scala:310)
[2026-10-05T17:13:53.176+0000] {subprocess.py:93} INFO - 	at org.apache.spark.rpc.RpcTimeout.awaitResult(RpcTimeout.scala:75)
[2026-10-05T17:13:53.179+0000] {subprocess.py:93} INFO - 	at org.apache.spark.rpc.RpcEnv.setupEndpointRefByURI(RpcEnv.scala:102)
[2026-10-05T17:13:53.181+0000] {subprocess.py:93} INFO - 	at org.apache.spark.rpc.RpcEnv.setupEndpointRef(RpcEnv.scala:110)
[2026-10-05T17:13:53.183+0000] {subprocess.py:93} INFO - 	at org.apache.spark.util.RpcUtils$.makeDriverRef(RpcUtils.scala:36)
[2026-10-05T17:13:53.185+0000] {subprocess.py:93} INFO - 	at org.apache.spark.storage.BlockManagerMasterEndpoint.driverEndpoint$lzycompute(BlockManagerMasterEndpoint.scala:124)
[2026-10-05T17:13:53.187+0000] {subprocess.py:93} INFO - 	at org.apache.spark.storage.BlockManagerMasterEndpoint.org$apache$spark$storage$BlockManagerMasterEndpoint$$driverEndpoint(BlockManagerMasterEndpoint.scala:123)
[2026-10-05T17:13:53.188+0000] {subprocess.py:93} INFO - 	at org.apache.spark.storage.BlockManagerMasterEndpoint.isExecutorAlive$lzycompute$1(BlockManagerMasterEndpoint.scala:688)
[2026-10-05T17:13:53.189+0000] {subprocess.py:93} INFO - 	at org.apache.spark.storage.BlockManagerMasterEndpoint.isExecutorAlive$1(BlockManagerMasterEndpoint.scala:687)
[2026-10-05T17:13:53.190+0000] {subprocess.py:93} INFO - 	at org.apache.spark.storage.BlockManagerMasterEndpoint.org$apache$spark$storage$BlockManagerMasterEndpoint$$register(BlockManagerMasterEndpoint.scala:725)
[2026-10-05T17:13:53.191+0000] {subprocess.py:93} INFO - 	at org.apache.spark.storage.BlockManagerMasterEndpoint$$anonfun$receiveAndReply$1.applyOrElse(BlockManagerMasterEndpoint.scala:133)
[2026-10-05T17:13:53.193+0000] {subprocess.py:93} INFO - 	at org.apache.spark.rpc.netty.Inbox.$anonfun$process$1(Inbox.scala:103)
[2026-10-05T17:13:53.194+0000] {subprocess.py:93} INFO - 	at org.apache.spark.rpc.netty.Inbox.safelyCall(Inbox.scala:213)
[2026-10-05T17:13:53.196+0000] {subprocess.py:93} INFO - 	at org.apache.spark.rpc.netty.Inbox.process(Inbox.scala:100)
[2026-10-05T17:13:53.197+0000] {subprocess.py:93} INFO - 	at org.apache.spark.rpc.netty.MessageLoop.org$apache$spark$rpc$netty$MessageLoop$$receiveLoop(MessageLoop.scala:75)
[2026-10-05T17:13:53.197+0000] {subprocess.py:93} INFO - 	at org.apache.spark.rpc.netty.MessageLoop$$anon$1.run(MessageLoop.scala:41)
[2026-10-05T17:13:53.198+0000] {subprocess.py:93} INFO - 	at java.base/java.util.concurrent.ThreadPoolExecutor.runWorker(Unknown Source)
[2026-10-05T17:13:53.199+0000] {subprocess.py:93} INFO - 	at java.base/java.util.concurrent.ThreadPoolExecutor$Worker.run(Unknown Source)
[2026-10-05T17:13:53.200+0000] {subprocess.py:93} INFO - 	at java.base/java.lang.Thread.run(Unknown Source)
[2026-10-05T17:13:53.200+0000] {subprocess.py:93} INFO - Caused by: org.apache.spark.rpc.RpcEndpointNotFoundException: Cannot find endpoint: spark://CoarseGrainedScheduler@d2c30ec5c415:45737
[2026-10-05T17:13:53.201+0000] {subprocess.py:93} INFO - 	at org.apache.spark.rpc.netty.NettyRpcEnv.$anonfun$asyncSetupEndpointRefByURI$1(NettyRpcEnv.scala:148)
[2026-10-05T17:13:53.202+0000] {subprocess.py:93} INFO - 	at org.apache.spark.rpc.netty.NettyRpcEnv.$anonfun$asyncSetupEndpointRefByURI$1$adapted(NettyRpcEnv.scala:144)
[2026-10-05T17:13:53.203+0000] {subprocess.py:93} INFO - 	at scala.concurrent.Future.$anonfun$flatMap$1(Future.scala:307)
[2026-10-05T17:13:53.204+0000] {subprocess.py:93} INFO - 	at scala.concurrent.impl.Promise.$anonfun$transformWith$1(Promise.scala:41)
[2026-10-05T17:13:53.205+0000] {subprocess.py:93} INFO - 	at scala.concurrent.impl.CallbackRunnable.run(Promise.scala:64)
[2026-10-05T17:13:53.206+0000] {subprocess.py:93} INFO - 	at org.apache.spark.util.ThreadUtils$$anon$1.execute(ThreadUtils.scala:99)
[2026-10-05T17:13:53.207+0000] {subprocess.py:93} INFO - 	at scala.concurrent.impl.ExecutionContextImpl$$anon$4.execute(ExecutionContextImpl.scala:138)
[2026-10-05T17:13:53.207+0000] {subprocess.py:93} INFO - 	at scala.concurrent.impl.CallbackRunnable.executeWithValue(Promise.scala:72)
[2026-10-05T17:13:53.208+0000] {subprocess.py:93} INFO - 	at scala.concurrent.impl.Promise$DefaultPromise.dispatchOrAddCallback(Promise.scala:316)
[2026-10-05T17:13:53.208+0000] {subprocess.py:93} INFO - 	at scala.concurrent.impl.Promise$DefaultPromise.onComplete(Promise.scala:307)
[2026-10-05T17:13:53.209+0000] {subprocess.py:93} INFO - 	at scala.concurrent.impl.Promise.transformWith(Promise.scala:40)
[2026-10-05T17:13:53.210+0000] {subprocess.py:93} INFO - 	at scala.concurrent.impl.Promise.transformWith$(Promise.scala:38)
[2026-10-05T17:13:53.211+0000] {subprocess.py:93} INFO - 	at scala.concurrent.impl.Promise$DefaultPromise.transformWith(Promise.scala:187)
[2026-10-05T17:13:53.213+0000] {subprocess.py:93} INFO - 	at scala.concurrent.Future.flatMap(Future.scala:306)
[2026-10-05T17:13:53.215+0000] {subprocess.py:93} INFO - 	at scala.concurrent.Future.flatMap$(Future.scala:306)
[2026-10-05T17:13:53.216+0000] {subprocess.py:93} INFO - 	at scala.concurrent.impl.Promise$DefaultPromise.flatMap(Promise.scala:187)
[2026-10-05T17:13:53.217+0000] {subprocess.py:93} INFO - 	at org.apache.spark.rpc.netty.NettyRpcEnv.asyncSetupEndpointRefByURI(NettyRpcEnv.scala:150)
[2026-10-05T17:13:53.218+0000] {subprocess.py:93} INFO - 	... 17 more
[2026-10-05T17:13:53.218+0000] {subprocess.py:93} INFO - 26/10/05 17:13:47 WARN Executor: Issue communicating with driver in heartbeater
[2026-10-05T17:13:53.219+0000] {subprocess.py:93} INFO - org.apache.spark.SparkException: Exception thrown in awaitResult:
[2026-10-05T17:13:53.220+0000] {subprocess.py:93} INFO - 	at org.apache.spark.util.SparkThreadUtils$.awaitResult(SparkThreadUtils.scala:56)
[2026-10-05T17:13:53.221+0000] {subprocess.py:93} INFO - 	at org.apache.spark.util.ThreadUtils$.awaitResult(ThreadUtils.scala:310)
[2026-10-05T17:13:53.222+0000] {subprocess.py:93} INFO - 	at org.apache.spark.rpc.RpcTimeout.awaitResult(RpcTimeout.scala:75)
[2026-10-05T17:13:53.222+0000] {subprocess.py:93} INFO - 	at org.apache.spark.rpc.RpcEndpointRef.askSync(RpcEndpointRef.scala:101)
[2026-10-05T17:13:53.223+0000] {subprocess.py:93} INFO - 	at org.apache.spark.rpc.RpcEndpointRef.askSync(RpcEndpointRef.scala:85)
[2026-10-05T17:13:53.223+0000] {subprocess.py:93} INFO - 	at org.apache.spark.storage.BlockManagerMaster.registerBlockManager(BlockManagerMaster.scala:80)
[2026-10-05T17:13:53.224+0000] {subprocess.py:93} INFO - 	at org.apache.spark.storage.BlockManager.reregister(BlockManager.scala:642)
[2026-10-05T17:13:53.224+0000] {subprocess.py:93} INFO - 	at org.apache.spark.executor.Executor.reportHeartBeat(Executor.scala:1223)
[2026-10-05T17:13:53.225+0000] {subprocess.py:93} INFO - 	at org.apache.spark.executor.Executor.$anonfun$heartbeater$1(Executor.scala:295)
[2026-10-05T17:13:53.225+0000] {subprocess.py:93} INFO - 	at scala.runtime.java8.JFunction0$mcV$sp.apply(JFunction0$mcV$sp.java:23)
[2026-10-05T17:13:53.225+0000] {subprocess.py:93} INFO - 	at org.apache.spark.util.Utils$.logUncaughtExceptions(Utils.scala:1928)
[2026-10-05T17:13:53.226+0000] {subprocess.py:93} INFO - 	at org.apache.spark.Heartbeater$$anon$1.run(Heartbeater.scala:46)
[2026-10-05T17:13:53.226+0000] {subprocess.py:93} INFO - 	at java.base/java.util.concurrent.Executors$RunnableAdapter.call(Unknown Source)
[2026-10-05T17:13:53.226+0000] {subprocess.py:93} INFO - 	at java.base/java.util.concurrent.FutureTask.runAndReset(Unknown Source)
[2026-10-05T17:13:53.227+0000] {subprocess.py:93} INFO - 	at java.base/java.util.concurrent.ScheduledThreadPoolExecutor$ScheduledFutureTask.run(Unknown Source)
[2026-10-05T17:13:53.228+0000] {subprocess.py:93} INFO - 	at java.base/java.util.concurrent.ThreadPoolExecutor.runWorker(Unknown Source)
[2026-10-05T17:13:53.228+0000] {subprocess.py:93} INFO - 	at java.base/java.util.concurrent.ThreadPoolExecutor$Worker.run(Unknown Source)
[2026-10-05T17:13:53.229+0000] {subprocess.py:93} INFO - 	at java.base/java.lang.Thread.run(Unknown Source)
[2026-10-05T17:13:53.230+0000] {subprocess.py:93} INFO - Caused by: org.apache.spark.SparkException: Exception thrown in awaitResult:
[2026-10-05T17:13:53.231+0000] {subprocess.py:93} INFO - 	at org.apache.spark.util.SparkThreadUtils$.awaitResult(SparkThreadUtils.scala:56)
[2026-10-05T17:13:53.232+0000] {subprocess.py:93} INFO - 	at org.apache.spark.util.ThreadUtils$.awaitResult(ThreadUtils.scala:310)
[2026-10-05T17:13:53.233+0000] {subprocess.py:93} INFO - 	at org.apache.spark.rpc.RpcTimeout.awaitResult(RpcTimeout.scala:75)
[2026-10-05T17:13:53.234+0000] {subprocess.py:93} INFO - 	at org.apache.spark.rpc.RpcEnv.setupEndpointRefByURI(RpcEnv.scala:102)
[2026-10-05T17:13:53.236+0000] {subprocess.py:93} INFO - 	at org.apache.spark.rpc.RpcEnv.setupEndpointRef(RpcEnv.scala:110)
[2026-10-05T17:13:53.237+0000] {subprocess.py:93} INFO - 	at org.apache.spark.util.RpcUtils$.makeDriverRef(RpcUtils.scala:36)
[2026-10-05T17:13:53.238+0000] {subprocess.py:93} INFO - 	at org.apache.spark.storage.BlockManagerMasterEndpoint.driverEndpoint$lzycompute(BlockManagerMasterEndpoint.scala:124)
[2026-10-05T17:13:53.239+0000] {subprocess.py:93} INFO - 	at org.apache.spark.storage.BlockManagerMasterEndpoint.org$apache$spark$storage$BlockManagerMasterEndpoint$$driverEndpoint(BlockManagerMasterEndpoint.scala:123)
[2026-10-05T17:13:53.240+0000] {subprocess.py:93} INFO - 	at org.apache.spark.storage.BlockManagerMasterEndpoint.isExecutorAlive$lzycompute$1(BlockManagerMasterEndpoint.scala:688)
[2026-10-05T17:13:53.241+0000] {subprocess.py:93} INFO - 	at org.apache.spark.storage.BlockManagerMasterEndpoint.isExecutorAlive$1(BlockManagerMasterEndpoint.scala:687)
[2026-10-05T17:13:53.242+0000] {subprocess.py:93} INFO - 	at org.apache.spark.storage.BlockManagerMasterEndpoint.org$apache$spark$storage$BlockManagerMasterEndpoint$$register(BlockManagerMasterEndpoint.scala:725)
[2026-10-05T17:13:53.243+0000] {subprocess.py:93} INFO - 	at org.apache.spark.storage.BlockManagerMasterEndpoint$$anonfun$receiveAndReply$1.applyOrElse(BlockManagerMasterEndpoint.scala:133)
[2026-10-05T17:13:53.244+0000] {subprocess.py:93} INFO - 	at org.apache.spark.rpc.netty.Inbox.$anonfun$process$1(Inbox.scala:103)
[2026-10-05T17:13:53.245+0000] {subprocess.py:93} INFO - 	at org.apache.spark.rpc.netty.Inbox.safelyCall(Inbox.scala:213)
[2026-10-05T17:13:53.247+0000] {subprocess.py:93} INFO - 	at org.apache.spark.rpc.netty.Inbox.process(Inbox.scala:100)
[2026-10-05T17:13:53.248+0000] {subprocess.py:93} INFO - 	at org.apache.spark.rpc.netty.MessageLoop.org$apache$spark$rpc$netty$MessageLoop$$receiveLoop(MessageLoop.scala:75)
[2026-10-05T17:13:53.249+0000] {subprocess.py:93} INFO - 	at org.apache.spark.rpc.netty.MessageLoop$$anon$1.run(MessageLoop.scala:41)
[2026-10-05T17:13:53.250+0000] {subprocess.py:93} INFO - 	... 3 more
[2026-10-05T17:13:53.251+0000] {subprocess.py:93} INFO - Caused by: org.apache.spark.rpc.RpcEndpointNotFoundException: Cannot find endpoint: spark://CoarseGrainedScheduler@d2c30ec5c415:45737
[2026-10-05T17:13:53.253+0000] {subprocess.py:93} INFO - 	at org.apache.spark.rpc.netty.NettyRpcEnv.$anonfun$asyncSetupEndpointRefByURI$1(NettyRpcEnv.scala:148)
[2026-10-05T17:13:53.254+0000] {subprocess.py:93} INFO - 	at org.apache.spark.rpc.netty.NettyRpcEnv.$anonfun$asyncSetupEndpointRefByURI$1$adapted(NettyRpcEnv.scala:144)
[2026-10-05T17:13:53.256+0000] {subprocess.py:93} INFO - 	at scala.concurrent.Future.$anonfun$flatMap$1(Future.scala:307)
[2026-10-05T17:13:53.257+0000] {subprocess.py:93} INFO - 	at scala.concurrent.impl.Promise.$anonfun$transformWith$1(Promise.scala:41)
[2026-10-05T17:13:53.259+0000] {subprocess.py:93} INFO - 	at scala.concurrent.impl.CallbackRunnable.run(Promise.scala:64)
[2026-10-05T17:13:53.259+0000] {subprocess.py:93} INFO - 	at org.apache.spark.util.ThreadUtils$$anon$1.execute(ThreadUtils.scala:99)
[2026-10-05T17:13:53.261+0000] {subprocess.py:93} INFO - 	at scala.concurrent.impl.ExecutionContextImpl$$anon$4.execute(ExecutionContextImpl.scala:138)
[2026-10-05T17:13:53.262+0000] {subprocess.py:93} INFO - 	at scala.concurrent.impl.CallbackRunnable.executeWithValue(Promise.scala:72)
[2026-10-05T17:13:53.263+0000] {subprocess.py:93} INFO - 	at scala.concurrent.impl.Promise$DefaultPromise.dispatchOrAddCallback(Promise.scala:316)
[2026-10-05T17:13:53.263+0000] {subprocess.py:93} INFO - 	at scala.concurrent.impl.Promise$DefaultPromise.onComplete(Promise.scala:307)
[2026-10-05T17:13:53.264+0000] {subprocess.py:93} INFO - 	at scala.concurrent.impl.Promise.transformWith(Promise.scala:40)
[2026-10-05T17:13:53.265+0000] {subprocess.py:93} INFO - 	at scala.concurrent.impl.Promise.transformWith$(Promise.scala:38)
[2026-10-05T17:13:53.265+0000] {subprocess.py:93} INFO - 	at scala.concurrent.impl.Promise$DefaultPromise.transformWith(Promise.scala:187)
[2026-10-05T17:13:53.265+0000] {subprocess.py:93} INFO - 	at scala.concurrent.Future.flatMap(Future.scala:306)
[2026-10-05T17:13:53.266+0000] {subprocess.py:93} INFO - 	at scala.concurrent.Future.flatMap$(Future.scala:306)
[2026-10-05T17:13:53.266+0000] {subprocess.py:93} INFO - 	at scala.concurrent.impl.Promise$DefaultPromise.flatMap(Promise.scala:187)
[2026-10-05T17:13:53.267+0000] {subprocess.py:93} INFO - 	at org.apache.spark.rpc.netty.NettyRpcEnv.asyncSetupEndpointRefByURI(NettyRpcEnv.scala:150)
[2026-10-05T17:13:53.267+0000] {subprocess.py:93} INFO - 	... 17 more
[2026-10-05T17:13:53.268+0000] {subprocess.py:93} INFO - 26/10/05 17:13:47 ERROR Inbox: Ignoring error
[2026-10-05T17:13:53.269+0000] {subprocess.py:93} INFO - org.apache.spark.SparkException: Exception thrown in awaitResult:
[2026-10-05T17:13:53.269+0000] {subprocess.py:93} INFO - 	at org.apache.spark.util.SparkThreadUtils$.awaitResult(SparkThreadUtils.scala:56)
[2026-10-05T17:13:53.271+0000] {subprocess.py:93} INFO - 	at org.apache.spark.util.ThreadUtils$.awaitResult(ThreadUtils.scala:310)
[2026-10-05T17:13:53.272+0000] {subprocess.py:93} INFO - 	at org.apache.spark.rpc.RpcTimeout.awaitResult(RpcTimeout.scala:75)
[2026-10-05T17:13:53.272+0000] {subprocess.py:93} INFO - 	at org.apache.spark.rpc.RpcEnv.setupEndpointRefByURI(RpcEnv.scala:102)
[2026-10-05T17:13:53.273+0000] {subprocess.py:93} INFO - 	at org.apache.spark.rpc.RpcEnv.setupEndpointRef(RpcEnv.scala:110)
[2026-10-05T17:13:53.273+0000] {subprocess.py:93} INFO - 	at org.apache.spark.util.RpcUtils$.makeDriverRef(RpcUtils.scala:36)
[2026-10-05T17:13:53.274+0000] {subprocess.py:93} INFO - 	at org.apache.spark.storage.BlockManagerMasterEndpoint.driverEndpoint$lzycompute(BlockManagerMasterEndpoint.scala:124)
[2026-10-05T17:13:53.274+0000] {subprocess.py:93} INFO - 	at org.apache.spark.storage.BlockManagerMasterEndpoint.org$apache$spark$storage$BlockManagerMasterEndpoint$$driverEndpoint(BlockManagerMasterEndpoint.scala:123)
[2026-10-05T17:13:53.274+0000] {subprocess.py:93} INFO - 	at org.apache.spark.storage.BlockManagerMasterEndpoint.isExecutorAlive$lzycompute$1(BlockManagerMasterEndpoint.scala:688)
[2026-10-05T17:13:53.275+0000] {subprocess.py:93} INFO - 	at org.apache.spark.storage.BlockManagerMasterEndpoint.isExecutorAlive$1(BlockManagerMasterEndpoint.scala:687)
[2026-10-05T17:13:53.276+0000] {subprocess.py:93} INFO - 	at org.apache.spark.storage.BlockManagerMasterEndpoint.org$apache$spark$storage$BlockManagerMasterEndpoint$$register(BlockManagerMasterEndpoint.scala:725)
[2026-10-05T17:13:53.277+0000] {subprocess.py:93} INFO - 	at org.apache.spark.storage.BlockManagerMasterEndpoint$$anonfun$receiveAndReply$1.applyOrElse(BlockManagerMasterEndpoint.scala:133)
[2026-10-05T17:13:53.277+0000] {subprocess.py:93} INFO - 	at org.apache.spark.rpc.netty.Inbox.$anonfun$process$1(Inbox.scala:103)
[2026-10-05T17:13:53.278+0000] {subprocess.py:93} INFO - 	at org.apache.spark.rpc.netty.Inbox.safelyCall(Inbox.scala:213)
[2026-10-05T17:13:53.279+0000] {subprocess.py:93} INFO - 	at org.apache.spark.rpc.netty.Inbox.process(Inbox.scala:100)
[2026-10-05T17:13:53.280+0000] {subprocess.py:93} INFO - 	at org.apache.spark.rpc.netty.MessageLoop.org$apache$spark$rpc$netty$MessageLoop$$receiveLoop(MessageLoop.scala:75)
[2026-10-05T17:13:53.281+0000] {subprocess.py:93} INFO - 	at org.apache.spark.rpc.netty.MessageLoop$$anon$1.run(MessageLoop.scala:41)
[2026-10-05T17:13:53.283+0000] {subprocess.py:93} INFO - 	at java.base/java.util.concurrent.ThreadPoolExecutor.runWorker(Unknown Source)
[2026-10-05T17:13:53.283+0000] {subprocess.py:93} INFO - 	at java.base/java.util.concurrent.ThreadPoolExecutor$Worker.run(Unknown Source)
[2026-10-05T17:13:53.283+0000] {subprocess.py:93} INFO - 	at java.base/java.lang.Thread.run(Unknown Source)
[2026-10-05T17:13:53.284+0000] {subprocess.py:93} INFO - Caused by: org.apache.spark.rpc.RpcEndpointNotFoundException: Cannot find endpoint: spark://CoarseGrainedScheduler@d2c30ec5c415:45737
[2026-10-05T17:13:53.285+0000] {subprocess.py:93} INFO - 	at org.apache.spark.rpc.netty.NettyRpcEnv.$anonfun$asyncSetupEndpointRefByURI$1(NettyRpcEnv.scala:148)
[2026-10-05T17:13:53.286+0000] {subprocess.py:93} INFO - 	at org.apache.spark.rpc.netty.NettyRpcEnv.$anonfun$asyncSetupEndpointRefByURI$1$adapted(NettyRpcEnv.scala:144)
[2026-10-05T17:13:53.286+0000] {subprocess.py:93} INFO - 	at scala.concurrent.Future.$anonfun$flatMap$1(Future.scala:307)
[2026-10-05T17:13:53.286+0000] {subprocess.py:93} INFO - 	at scala.concurrent.impl.Promise.$anonfun$transformWith$1(Promise.scala:41)
[2026-10-05T17:13:53.287+0000] {subprocess.py:93} INFO - 	at scala.concurrent.impl.CallbackRunnable.run(Promise.scala:64)
[2026-10-05T17:13:53.287+0000] {subprocess.py:93} INFO - 	at org.apache.spark.util.ThreadUtils$$anon$1.execute(ThreadUtils.scala:99)
[2026-10-05T17:13:53.288+0000] {subprocess.py:93} INFO - 	at scala.concurrent.impl.ExecutionContextImpl$$anon$4.execute(ExecutionContextImpl.scala:138)
[2026-10-05T17:13:53.288+0000] {subprocess.py:93} INFO - 	at scala.concurrent.impl.CallbackRunnable.executeWithValue(Promise.scala:72)
[2026-10-05T17:13:53.289+0000] {subprocess.py:93} INFO - 	at scala.concurrent.impl.Promise$DefaultPromise.dispatchOrAddCallback(Promise.scala:316)
[2026-10-05T17:13:53.289+0000] {subprocess.py:93} INFO - 	at scala.concurrent.impl.Promise$DefaultPromise.onComplete(Promise.scala:307)
[2026-10-05T17:13:53.290+0000] {subprocess.py:93} INFO - 	at scala.concurrent.impl.Promise.transformWith(Promise.scala:40)
[2026-10-05T17:13:53.290+0000] {subprocess.py:93} INFO - 	at scala.concurrent.impl.Promise.transformWith$(Promise.scala:38)
[2026-10-05T17:13:53.291+0000] {subprocess.py:93} INFO - 	at scala.concurrent.impl.Promise$DefaultPromise.transformWith(Promise.scala:187)
[2026-10-05T17:13:53.291+0000] {subprocess.py:93} INFO - 	at scala.concurrent.Future.flatMap(Future.scala:306)
[2026-10-05T17:13:53.291+0000] {subprocess.py:93} INFO - 	at scala.concurrent.Future.flatMap$(Future.scala:306)
[2026-10-05T17:13:53.292+0000] {subprocess.py:93} INFO - 	at scala.concurrent.impl.Promise$DefaultPromise.flatMap(Promise.scala:187)
[2026-10-05T17:13:53.292+0000] {subprocess.py:93} INFO - 	at org.apache.spark.rpc.netty.NettyRpcEnv.asyncSetupEndpointRefByURI(NettyRpcEnv.scala:150)
[2026-10-05T17:13:53.293+0000] {subprocess.py:93} INFO - 	... 17 more
[2026-10-05T17:13:53.293+0000] {subprocess.py:93} INFO - 26/10/05 17:13:47 WARN Executor: Issue communicating with driver in heartbeater
[2026-10-05T17:13:53.294+0000] {subprocess.py:93} INFO - org.apache.spark.SparkException: Exception thrown in awaitResult:
[2026-10-05T17:13:53.295+0000] {subprocess.py:93} INFO - 	at org.apache.spark.util.SparkThreadUtils$.awaitResult(SparkThreadUtils.scala:56)
[2026-10-05T17:13:53.295+0000] {subprocess.py:93} INFO - 	at org.apache.spark.util.ThreadUtils$.awaitResult(ThreadUtils.scala:310)
[2026-10-05T17:13:53.296+0000] {subprocess.py:93} INFO - 	at org.apache.spark.rpc.RpcTimeout.awaitResult(RpcTimeout.scala:75)
[2026-10-05T17:13:53.296+0000] {subprocess.py:93} INFO - 	at org.apache.spark.rpc.RpcEndpointRef.askSync(RpcEndpointRef.scala:101)
[2026-10-05T17:13:53.297+0000] {subprocess.py:93} INFO - 	at org.apache.spark.rpc.RpcEndpointRef.askSync(RpcEndpointRef.scala:85)
[2026-10-05T17:13:53.297+0000] {subprocess.py:93} INFO - 	at org.apache.spark.storage.BlockManagerMaster.registerBlockManager(BlockManagerMaster.scala:80)
[2026-10-05T17:13:53.298+0000] {subprocess.py:93} INFO - 	at org.apache.spark.storage.BlockManager.reregister(BlockManager.scala:642)
[2026-10-05T17:13:53.299+0000] {subprocess.py:93} INFO - 	at org.apache.spark.executor.Executor.reportHeartBeat(Executor.scala:1223)
[2026-10-05T17:13:53.300+0000] {subprocess.py:93} INFO - 	at org.apache.spark.executor.Executor.$anonfun$heartbeater$1(Executor.scala:295)
[2026-10-05T17:13:53.301+0000] {subprocess.py:93} INFO - 	at scala.runtime.java8.JFunction0$mcV$sp.apply(JFunction0$mcV$sp.java:23)
[2026-10-05T17:13:53.302+0000] {subprocess.py:93} INFO - 	at org.apache.spark.util.Utils$.logUncaughtExceptions(Utils.scala:1928)
[2026-10-05T17:13:53.303+0000] {subprocess.py:93} INFO - 	at org.apache.spark.Heartbeater$$anon$1.run(Heartbeater.scala:46)
[2026-10-05T17:13:53.304+0000] {subprocess.py:93} INFO - 	at java.base/java.util.concurrent.Executors$RunnableAdapter.call(Unknown Source)
[2026-10-05T17:13:53.305+0000] {subprocess.py:93} INFO - 	at java.base/java.util.concurrent.FutureTask.runAndReset(Unknown Source)
[2026-10-05T17:13:53.305+0000] {subprocess.py:93} INFO - 	at java.base/java.util.concurrent.ScheduledThreadPoolExecutor$ScheduledFutureTask.run(Unknown Source)
[2026-10-05T17:13:53.305+0000] {subprocess.py:93} INFO - 	at java.base/java.util.concurrent.ThreadPoolExecutor.runWorker(Unknown Source)
[2026-10-05T17:13:53.306+0000] {subprocess.py:93} INFO - 	at java.base/java.util.concurrent.ThreadPoolExecutor$Worker.run(Unknown Source)
[2026-10-05T17:13:53.306+0000] {subprocess.py:93} INFO - 	at java.base/java.lang.Thread.run(Unknown Source)
[2026-10-05T17:13:53.307+0000] {subprocess.py:93} INFO - Caused by: org.apache.spark.SparkException: Exception thrown in awaitResult:
[2026-10-05T17:13:53.308+0000] {subprocess.py:93} INFO - 	at org.apache.spark.util.SparkThreadUtils$.awaitResult(SparkThreadUtils.scala:56)
[2026-10-05T17:13:53.308+0000] {subprocess.py:93} INFO - 	at org.apache.spark.util.ThreadUtils$.awaitResult(ThreadUtils.scala:310)
[2026-10-05T17:13:53.309+0000] {subprocess.py:93} INFO - 	at org.apache.spark.rpc.RpcTimeout.awaitResult(RpcTimeout.scala:75)
[2026-10-05T17:13:53.310+0000] {subprocess.py:93} INFO - 	at org.apache.spark.rpc.RpcEnv.setupEndpointRefByURI(RpcEnv.scala:102)
[2026-10-05T17:13:53.311+0000] {subprocess.py:93} INFO - 	at org.apache.spark.rpc.RpcEnv.setupEndpointRef(RpcEnv.scala:110)
[2026-10-05T17:13:53.312+0000] {subprocess.py:93} INFO - 	at org.apache.spark.util.RpcUtils$.makeDriverRef(RpcUtils.scala:36)
[2026-10-05T17:13:53.312+0000] {subprocess.py:93} INFO - 	at org.apache.spark.storage.BlockManagerMasterEndpoint.driverEndpoint$lzycompute(BlockManagerMasterEndpoint.scala:124)
[2026-10-05T17:13:53.313+0000] {subprocess.py:93} INFO - 	at org.apache.spark.storage.BlockManagerMasterEndpoint.org$apache$spark$storage$BlockManagerMasterEndpoint$$driverEndpoint(BlockManagerMasterEndpoint.scala:123)
[2026-10-05T17:13:53.313+0000] {subprocess.py:93} INFO - 	at org.apache.spark.storage.BlockManagerMasterEndpoint.isExecutorAlive$lzycompute$1(BlockManagerMasterEndpoint.scala:688)
[2026-10-05T17:13:53.313+0000] {subprocess.py:93} INFO - 	at org.apache.spark.storage.BlockManagerMasterEndpoint.isExecutorAlive$1(BlockManagerMasterEndpoint.scala:687)
[2026-10-05T17:13:53.314+0000] {subprocess.py:93} INFO - 	at org.apache.spark.storage.BlockManagerMasterEndpoint.org$apache$spark$storage$BlockManagerMasterEndpoint$$register(BlockManagerMasterEndpoint.scala:725)
[2026-10-05T17:13:53.314+0000] {subprocess.py:93} INFO - 	at org.apache.spark.storage.BlockManagerMasterEndpoint$$anonfun$receiveAndReply$1.applyOrElse(BlockManagerMasterEndpoint.scala:133)
[2026-10-05T17:13:53.316+0000] {subprocess.py:93} INFO - 	at org.apache.spark.rpc.netty.Inbox.$anonfun$process$1(Inbox.scala:103)
[2026-10-05T17:13:53.316+0000] {subprocess.py:93} INFO - 	at org.apache.spark.rpc.netty.Inbox.safelyCall(Inbox.scala:213)
[2026-10-05T17:13:53.317+0000] {subprocess.py:93} INFO - 	at org.apache.spark.rpc.netty.Inbox.process(Inbox.scala:100)
[2026-10-05T17:13:53.317+0000] {subprocess.py:93} INFO - 	at org.apache.spark.rpc.netty.MessageLoop.org$apache$spark$rpc$netty$MessageLoop$$receiveLoop(MessageLoop.scala:75)
[2026-10-05T17:13:53.318+0000] {subprocess.py:93} INFO - 	at org.apache.spark.rpc.netty.MessageLoop$$anon$1.run(MessageLoop.scala:41)
[2026-10-05T17:13:53.319+0000] {subprocess.py:93} INFO - 	... 3 more
[2026-10-05T17:13:53.320+0000] {subprocess.py:93} INFO - Caused by: org.apache.spark.rpc.RpcEndpointNotFoundException: Cannot find endpoint: spark://CoarseGrainedScheduler@d2c30ec5c415:45737
[2026-10-05T17:13:53.322+0000] {subprocess.py:93} INFO - 	at org.apache.spark.rpc.netty.NettyRpcEnv.$anonfun$asyncSetupEndpointRefByURI$1(NettyRpcEnv.scala:148)
[2026-10-05T17:13:53.323+0000] {subprocess.py:93} INFO - 	at org.apache.spark.rpc.netty.NettyRpcEnv.$anonfun$asyncSetupEndpointRefByURI$1$adapted(NettyRpcEnv.scala:144)
[2026-10-05T17:13:53.324+0000] {subprocess.py:93} INFO - 	at scala.concurrent.Future.$anonfun$flatMap$1(Future.scala:307)
[2026-10-05T17:13:53.324+0000] {subprocess.py:93} INFO - 	at scala.concurrent.impl.Promise.$anonfun$transformWith$1(Promise.scala:41)
[2026-10-05T17:13:53.325+0000] {subprocess.py:93} INFO - 	at scala.concurrent.impl.CallbackRunnable.run(Promise.scala:64)
[2026-10-05T17:13:53.325+0000] {subprocess.py:93} INFO - 	at org.apache.spark.util.ThreadUtils$$anon$1.execute(ThreadUtils.scala:99)
[2026-10-05T17:13:53.326+0000] {subprocess.py:93} INFO - 	at scala.concurrent.impl.ExecutionContextImpl$$anon$4.execute(ExecutionContextImpl.scala:138)
[2026-10-05T17:13:53.326+0000] {subprocess.py:93} INFO - 	at scala.concurrent.impl.CallbackRunnable.executeWithValue(Promise.scala:72)
[2026-10-05T17:13:53.327+0000] {subprocess.py:93} INFO - 	at scala.concurrent.impl.Promise$DefaultPromise.dispatchOrAddCallback(Promise.scala:316)
[2026-10-05T17:13:53.328+0000] {subprocess.py:93} INFO - 	at scala.concurrent.impl.Promise$DefaultPromise.onComplete(Promise.scala:307)
[2026-10-05T17:13:53.329+0000] {subprocess.py:93} INFO - 	at scala.concurrent.impl.Promise.transformWith(Promise.scala:40)
[2026-10-05T17:13:53.329+0000] {subprocess.py:93} INFO - 	at scala.concurrent.impl.Promise.transformWith$(Promise.scala:38)
[2026-10-05T17:13:53.330+0000] {subprocess.py:93} INFO - 	at scala.concurrent.impl.Promise$DefaultPromise.transformWith(Promise.scala:187)
[2026-10-05T17:13:53.331+0000] {subprocess.py:93} INFO - 	at scala.concurrent.Future.flatMap(Future.scala:306)
[2026-10-05T17:13:53.332+0000] {subprocess.py:93} INFO - 	at scala.concurrent.Future.flatMap$(Future.scala:306)
[2026-10-05T17:13:53.332+0000] {subprocess.py:93} INFO - 	at scala.concurrent.impl.Promise$DefaultPromise.flatMap(Promise.scala:187)
[2026-10-05T17:13:53.333+0000] {subprocess.py:93} INFO - 	at org.apache.spark.rpc.netty.NettyRpcEnv.asyncSetupEndpointRefByURI(NettyRpcEnv.scala:150)
[2026-10-05T17:13:53.333+0000] {subprocess.py:93} INFO - 	... 17 more
[2026-10-05T17:13:53.334+0000] {subprocess.py:93} INFO - 26/10/05 17:13:47 ERROR Inbox: Ignoring error
[2026-10-05T17:13:53.334+0000] {subprocess.py:93} INFO - org.apache.spark.SparkException: Exception thrown in awaitResult:
[2026-10-05T17:13:53.335+0000] {subprocess.py:93} INFO - 	at org.apache.spark.util.SparkThreadUtils$.awaitResult(SparkThreadUtils.scala:56)
[2026-10-05T17:13:53.335+0000] {subprocess.py:93} INFO - 	at org.apache.spark.util.ThreadUtils$.awaitResult(ThreadUtils.scala:310)
[2026-10-05T17:13:53.336+0000] {subprocess.py:93} INFO - 	at org.apache.spark.rpc.RpcTimeout.awaitResult(RpcTimeout.scala:75)
[2026-10-05T17:13:53.336+0000] {subprocess.py:93} INFO - 	at org.apache.spark.rpc.RpcEnv.setupEndpointRefByURI(RpcEnv.scala:102)
[2026-10-05T17:13:53.337+0000] {subprocess.py:93} INFO - 	at org.apache.spark.rpc.RpcEnv.setupEndpointRef(RpcEnv.scala:110)
[2026-10-05T17:13:53.337+0000] {subprocess.py:93} INFO - 	at org.apache.spark.util.RpcUtils$.makeDriverRef(RpcUtils.scala:36)
[2026-10-05T17:13:53.338+0000] {subprocess.py:93} INFO - 	at org.apache.spark.storage.BlockManagerMasterEndpoint.driverEndpoint$lzycompute(BlockManagerMasterEndpoint.scala:124)
[2026-10-05T17:13:53.338+0000] {subprocess.py:93} INFO - 	at org.apache.spark.storage.BlockManagerMasterEndpoint.org$apache$spark$storage$BlockManagerMasterEndpoint$$driverEndpoint(BlockManagerMasterEndpoint.scala:123)
[2026-10-05T17:13:53.338+0000] {subprocess.py:93} INFO - 	at org.apache.spark.storage.BlockManagerMasterEndpoint.isExecutorAlive$lzycompute$1(BlockManagerMasterEndpoint.scala:688)
[2026-10-05T17:13:53.339+0000] {subprocess.py:93} INFO - 	at org.apache.spark.storage.BlockManagerMasterEndpoint.isExecutorAlive$1(BlockManagerMasterEndpoint.scala:687)
[2026-10-05T17:13:53.339+0000] {subprocess.py:93} INFO - 	at org.apache.spark.storage.BlockManagerMasterEndpoint.org$apache$spark$storage$BlockManagerMasterEndpoint$$register(BlockManagerMasterEndpoint.scala:725)
[2026-10-05T17:13:53.339+0000] {subprocess.py:93} INFO - 	at org.apache.spark.storage.BlockManagerMasterEndpoint$$anonfun$receiveAndReply$1.applyOrElse(BlockManagerMasterEndpoint.scala:133)
[2026-10-05T17:13:53.340+0000] {subprocess.py:93} INFO - 	at org.apache.spark.rpc.netty.Inbox.$anonfun$process$1(Inbox.scala:103)
[2026-10-05T17:13:53.340+0000] {subprocess.py:93} INFO - 	at org.apache.spark.rpc.netty.Inbox.safelyCall(Inbox.scala:213)
[2026-10-05T17:13:53.340+0000] {subprocess.py:93} INFO - 	at org.apache.spark.rpc.netty.Inbox.process(Inbox.scala:100)
[2026-10-05T17:13:53.341+0000] {subprocess.py:93} INFO - 	at org.apache.spark.rpc.netty.MessageLoop.org$apache$spark$rpc$netty$MessageLoop$$receiveLoop(MessageLoop.scala:75)
[2026-10-05T17:13:53.341+0000] {subprocess.py:93} INFO - 	at org.apache.spark.rpc.netty.MessageLoop$$anon$1.run(MessageLoop.scala:41)
[2026-10-05T17:13:53.342+0000] {subprocess.py:93} INFO - 	at java.base/java.util.concurrent.ThreadPoolExecutor.runWorker(Unknown Source)
[2026-10-05T17:13:53.342+0000] {subprocess.py:93} INFO - 	at java.base/java.util.concurrent.ThreadPoolExecutor$Worker.run(Unknown Source)
[2026-10-05T17:13:53.343+0000] {subprocess.py:93} INFO - 	at java.base/java.lang.Thread.run(Unknown Source)
[2026-10-05T17:13:53.343+0000] {subprocess.py:93} INFO - Caused by: org.apache.spark.rpc.RpcEndpointNotFoundException: Cannot find endpoint: spark://CoarseGrainedScheduler@d2c30ec5c415:45737
[2026-10-05T17:13:53.344+0000] {subprocess.py:93} INFO - 	at org.apache.spark.rpc.netty.NettyRpcEnv.$anonfun$asyncSetupEndpointRefByURI$1(NettyRpcEnv.scala:148)
[2026-10-05T17:13:53.344+0000] {subprocess.py:93} INFO - 	at org.apache.spark.rpc.netty.NettyRpcEnv.$anonfun$asyncSetupEndpointRefByURI$1$adapted(NettyRpcEnv.scala:144)
[2026-10-05T17:13:53.345+0000] {subprocess.py:93} INFO - 	at scala.concurrent.Future.$anonfun$flatMap$1(Future.scala:307)
[2026-10-05T17:13:53.345+0000] {subprocess.py:93} INFO - 	at scala.concurrent.impl.Promise.$anonfun$transformWith$1(Promise.scala:41)
[2026-10-05T17:13:53.345+0000] {subprocess.py:93} INFO - 	at scala.concurrent.impl.CallbackRunnable.run(Promise.scala:64)
[2026-10-05T17:13:53.346+0000] {subprocess.py:93} INFO - 	at org.apache.spark.util.ThreadUtils$$anon$1.execute(ThreadUtils.scala:99)
[2026-10-05T17:13:53.347+0000] {subprocess.py:93} INFO - 	at scala.concurrent.impl.ExecutionContextImpl$$anon$4.execute(ExecutionContextImpl.scala:138)
[2026-10-05T17:13:53.347+0000] {subprocess.py:93} INFO - 	at scala.concurrent.impl.CallbackRunnable.executeWithValue(Promise.scala:72)
[2026-10-05T17:13:53.348+0000] {subprocess.py:93} INFO - 	at scala.concurrent.impl.Promise$DefaultPromise.$anonfun$tryComplete$1(Promise.scala:288)
[2026-10-05T17:13:53.349+0000] {subprocess.py:93} INFO - 	at scala.concurrent.impl.Promise$DefaultPromise.$anonfun$tryComplete$1$adapted(Promise.scala:288)
[2026-10-05T17:13:53.349+0000] {subprocess.py:93} INFO - 	at scala.concurrent.impl.Promise$DefaultPromise.tryComplete(Promise.scala:288)
[2026-10-05T17:13:53.350+0000] {subprocess.py:93} INFO - 	at scala.concurrent.Promise.complete(Promise.scala:53)
[2026-10-05T17:13:53.350+0000] {subprocess.py:93} INFO - 	at scala.concurrent.Promise.complete$(Promise.scala:52)
[2026-10-05T17:13:53.351+0000] {subprocess.py:93} INFO - 	at scala.concurrent.impl.Promise$DefaultPromise.complete(Promise.scala:187)
[2026-10-05T17:13:53.352+0000] {subprocess.py:93} INFO - 	at scala.concurrent.impl.Promise.$anonfun$transform$1(Promise.scala:33)
[2026-10-05T17:13:53.353+0000] {subprocess.py:93} INFO - 	at scala.concurrent.impl.CallbackRunnable.run(Promise.scala:64)
[2026-10-05T17:13:53.355+0000] {subprocess.py:93} INFO - 	at org.apache.spark.util.ThreadUtils$$anon$1.execute(ThreadUtils.scala:99)
[2026-10-05T17:13:53.356+0000] {subprocess.py:93} INFO - 	at scala.concurrent.impl.ExecutionContextImpl$$anon$4.execute(ExecutionContextImpl.scala:138)
[2026-10-05T17:13:53.357+0000] {subprocess.py:93} INFO - 	at scala.concurrent.impl.CallbackRunnable.executeWithValue(Promise.scala:72)
[2026-10-05T17:13:53.358+0000] {subprocess.py:93} INFO - 	at scala.concurrent.impl.Promise$DefaultPromise.$anonfun$tryComplete$1(Promise.scala:288)
[2026-10-05T17:13:53.358+0000] {subprocess.py:93} INFO - 	at scala.concurrent.impl.Promise$DefaultPromise.$anonfun$tryComplete$1$adapted(Promise.scala:288)
[2026-10-05T17:13:53.359+0000] {subprocess.py:93} INFO - 	at scala.concurrent.impl.Promise$DefaultPromise.tryComplete(Promise.scala:288)
[2026-10-05T17:13:53.360+0000] {subprocess.py:93} INFO - 	at scala.concurrent.Promise.complete(Promise.scala:53)
[2026-10-05T17:13:53.361+0000] {subprocess.py:93} INFO - 	at scala.concurrent.Promise.complete$(Promise.scala:52)
[2026-10-05T17:13:53.362+0000] {subprocess.py:93} INFO - 	at scala.concurrent.impl.Promise$DefaultPromise.complete(Promise.scala:187)
[2026-10-05T17:13:53.362+0000] {subprocess.py:93} INFO - 	at scala.concurrent.impl.Promise.$anonfun$transform$1(Promise.scala:33)
[2026-10-05T17:13:53.363+0000] {subprocess.py:93} INFO - 	at scala.concurrent.impl.CallbackRunnable.run(Promise.scala:64)
[2026-10-05T17:13:53.364+0000] {subprocess.py:93} INFO - 	at scala.concurrent.BatchingExecutor$Batch.processBatch$1(BatchingExecutor.scala:67)
[2026-10-05T17:13:53.364+0000] {subprocess.py:93} INFO - 	at scala.concurrent.BatchingExecutor$Batch.$anonfun$run$1(BatchingExecutor.scala:82)
[2026-10-05T17:13:53.364+0000] {subprocess.py:93} INFO - 	at scala.runtime.java8.JFunction0$mcV$sp.apply(JFunction0$mcV$sp.java:23)
[2026-10-05T17:13:53.365+0000] {subprocess.py:93} INFO - 	at scala.concurrent.BlockContext$.withBlockContext(BlockContext.scala:85)
[2026-10-05T17:13:53.365+0000] {subprocess.py:93} INFO - 	at scala.concurrent.BatchingExecutor$Batch.run(BatchingExecutor.scala:59)
[2026-10-05T17:13:53.366+0000] {subprocess.py:93} INFO - 	at scala.concurrent.Future$InternalCallbackExecutor$.unbatchedExecute(Future.scala:875)
[2026-10-05T17:13:53.366+0000] {subprocess.py:93} INFO - 	at scala.concurrent.BatchingExecutor.execute(BatchingExecutor.scala:110)
[2026-10-05T17:13:53.367+0000] {subprocess.py:93} INFO - 	at scala.concurrent.BatchingExecutor.execute$(BatchingExecutor.scala:107)
[2026-10-05T17:13:53.368+0000] {subprocess.py:93} INFO - 	at scala.concurrent.Future$InternalCallbackExecutor$.execute(Future.scala:873)
[2026-10-05T17:13:53.369+0000] {subprocess.py:93} INFO - 	at scala.concurrent.impl.CallbackRunnable.executeWithValue(Promise.scala:72)
[2026-10-05T17:13:53.370+0000] {subprocess.py:93} INFO - 	at scala.concurrent.impl.Promise$DefaultPromise.$anonfun$tryComplete$1(Promise.scala:288)
[2026-10-05T17:13:53.372+0000] {subprocess.py:93} INFO - 	at scala.concurrent.impl.Promise$DefaultPromise.$anonfun$tryComplete$1$adapted(Promise.scala:288)
[2026-10-05T17:13:53.372+0000] {subprocess.py:93} INFO - 	at scala.concurrent.impl.Promise$DefaultPromise.tryComplete(Promise.scala:288)
[2026-10-05T17:13:53.373+0000] {subprocess.py:93} INFO - 	at scala.concurrent.Promise.trySuccess(Promise.scala:94)
[2026-10-05T17:13:53.373+0000] {subprocess.py:93} INFO - 	at scala.concurrent.Promise.trySuccess$(Promise.scala:94)
[2026-10-05T17:13:53.374+0000] {subprocess.py:93} INFO - 	at scala.concurrent.impl.Promise$DefaultPromise.trySuccess(Promise.scala:187)
[2026-10-05T17:13:53.375+0000] {subprocess.py:93} INFO - 	at org.apache.spark.rpc.netty.NettyRpcEnv.onSuccess$1(NettyRpcEnv.scala:225)
[2026-10-05T17:13:53.376+0000] {subprocess.py:93} INFO - 	at org.apache.spark.rpc.netty.NettyRpcEnv.$anonfun$askAbortable$5(NettyRpcEnv.scala:239)
[2026-10-05T17:13:53.376+0000] {subprocess.py:93} INFO - 	at org.apache.spark.rpc.netty.NettyRpcEnv.$anonfun$askAbortable$5$adapted(NettyRpcEnv.scala:238)
[2026-10-05T17:13:53.377+0000] {subprocess.py:93} INFO - 	at scala.concurrent.impl.CallbackRunnable.run(Promise.scala:64)
[2026-10-05T17:13:53.378+0000] {subprocess.py:93} INFO - 	at org.apache.spark.util.ThreadUtils$$anon$1.execute(ThreadUtils.scala:99)
[2026-10-05T17:13:53.378+0000] {subprocess.py:93} INFO - 	at scala.concurrent.impl.ExecutionContextImpl$$anon$4.execute(ExecutionContextImpl.scala:138)
[2026-10-05T17:13:53.379+0000] {subprocess.py:93} INFO - 	at scala.concurrent.impl.CallbackRunnable.executeWithValue(Promise.scala:72)
[2026-10-05T17:13:53.380+0000] {subprocess.py:93} INFO - 	at scala.concurrent.impl.Promise$DefaultPromise.$anonfun$tryComplete$1(Promise.scala:288)
[2026-10-05T17:13:53.381+0000] {subprocess.py:93} INFO - 	at scala.concurrent.impl.Promise$DefaultPromise.$anonfun$tryComplete$1$adapted(Promise.scala:288)
[2026-10-05T17:13:53.381+0000] {subprocess.py:93} INFO - 	at scala.concurrent.impl.Promise$DefaultPromise.tryComplete(Promise.scala:288)
[2026-10-05T17:13:53.382+0000] {subprocess.py:93} INFO - 	at scala.concurrent.Promise.complete(Promise.scala:53)
[2026-10-05T17:13:53.383+0000] {subprocess.py:93} INFO - 	at scala.concurrent.Promise.complete$(Promise.scala:52)
[2026-10-05T17:13:53.383+0000] {subprocess.py:93} INFO - 	at scala.concurrent.impl.Promise$DefaultPromise.complete(Promise.scala:187)
[2026-10-05T17:13:53.384+0000] {subprocess.py:93} INFO - 	at scala.concurrent.Promise.success(Promise.scala:86)
[2026-10-05T17:13:53.384+0000] {subprocess.py:93} INFO - 	at scala.concurrent.Promise.success$(Promise.scala:86)
[2026-10-05T17:13:53.385+0000] {subprocess.py:93} INFO - 	at scala.concurrent.impl.Promise$DefaultPromise.success(Promise.scala:187)
[2026-10-05T17:13:53.385+0000] {subprocess.py:93} INFO - 	at org.apache.spark.rpc.netty.LocalNettyRpcCallContext.send(NettyRpcCallContext.scala:50)
[2026-10-05T17:13:53.386+0000] {subprocess.py:93} INFO - 	at org.apache.spark.rpc.netty.NettyRpcCallContext.reply(NettyRpcCallContext.scala:32)
[2026-10-05T17:13:53.387+0000] {subprocess.py:93} INFO - 	at org.apache.spark.rpc.netty.RpcEndpointVerifier$$anonfun$receiveAndReply$1.applyOrElse(RpcEndpointVerifier.scala:31)
[2026-10-05T17:13:53.387+0000] {subprocess.py:93} INFO - 	... 8 more
[2026-10-05T17:13:53.387+0000] {subprocess.py:93} INFO - 26/10/05 17:13:47 WARN Executor: Issue communicating with driver in heartbeater
[2026-10-05T17:13:53.388+0000] {subprocess.py:93} INFO - org.apache.spark.SparkException: Exception thrown in awaitResult:
[2026-10-05T17:13:53.388+0000] {subprocess.py:93} INFO - 	at org.apache.spark.util.SparkThreadUtils$.awaitResult(SparkThreadUtils.scala:56)
[2026-10-05T17:13:53.389+0000] {subprocess.py:93} INFO - 	at org.apache.spark.util.ThreadUtils$.awaitResult(ThreadUtils.scala:310)
[2026-10-05T17:13:53.389+0000] {subprocess.py:93} INFO - 	at org.apache.spark.rpc.RpcTimeout.awaitResult(RpcTimeout.scala:75)
[2026-10-05T17:13:53.389+0000] {subprocess.py:93} INFO - 	at org.apache.spark.rpc.RpcEndpointRef.askSync(RpcEndpointRef.scala:101)
[2026-10-05T17:13:53.391+0000] {subprocess.py:93} INFO - 	at org.apache.spark.rpc.RpcEndpointRef.askSync(RpcEndpointRef.scala:85)
[2026-10-05T17:13:53.392+0000] {subprocess.py:93} INFO - 	at org.apache.spark.storage.BlockManagerMaster.registerBlockManager(BlockManagerMaster.scala:80)
[2026-10-05T17:13:53.394+0000] {subprocess.py:93} INFO - 	at org.apache.spark.storage.BlockManager.reregister(BlockManager.scala:642)
[2026-10-05T17:13:53.396+0000] {subprocess.py:93} INFO - 	at org.apache.spark.executor.Executor.reportHeartBeat(Executor.scala:1223)
[2026-10-05T17:13:53.397+0000] {subprocess.py:93} INFO - 	at org.apache.spark.executor.Executor.$anonfun$heartbeater$1(Executor.scala:295)
[2026-10-05T17:13:53.398+0000] {subprocess.py:93} INFO - 	at scala.runtime.java8.JFunction0$mcV$sp.apply(JFunction0$mcV$sp.java:23)
[2026-10-05T17:13:53.399+0000] {subprocess.py:93} INFO - 	at org.apache.spark.util.Utils$.logUncaughtExceptions(Utils.scala:1928)
[2026-10-05T17:13:53.401+0000] {subprocess.py:93} INFO - 	at org.apache.spark.Heartbeater$$anon$1.run(Heartbeater.scala:46)
[2026-10-05T17:13:53.402+0000] {subprocess.py:93} INFO - 	at java.base/java.util.concurrent.Executors$RunnableAdapter.call(Unknown Source)
[2026-10-05T17:13:53.403+0000] {subprocess.py:93} INFO - 	at java.base/java.util.concurrent.FutureTask.runAndReset(Unknown Source)
[2026-10-05T17:13:53.404+0000] {subprocess.py:93} INFO - 	at java.base/java.util.concurrent.ScheduledThreadPoolExecutor$ScheduledFutureTask.run(Unknown Source)
[2026-10-05T17:13:53.404+0000] {subprocess.py:93} INFO - 	at java.base/java.util.concurrent.ThreadPoolExecutor.runWorker(Unknown Source)
[2026-10-05T17:13:53.405+0000] {subprocess.py:93} INFO - 	at java.base/java.util.concurrent.ThreadPoolExecutor$Worker.run(Unknown Source)
[2026-10-05T17:13:53.406+0000] {subprocess.py:93} INFO - 	at java.base/java.lang.Thread.run(Unknown Source)
[2026-10-05T17:13:53.408+0000] {subprocess.py:93} INFO - Caused by: org.apache.spark.SparkException: Exception thrown in awaitResult:
[2026-10-05T17:13:53.409+0000] {subprocess.py:93} INFO - 	at org.apache.spark.util.SparkThreadUtils$.awaitResult(SparkThreadUtils.scala:56)
[2026-10-05T17:13:53.410+0000] {subprocess.py:93} INFO - 	at org.apache.spark.util.ThreadUtils$.awaitResult(ThreadUtils.scala:310)
[2026-10-05T17:13:53.411+0000] {subprocess.py:93} INFO - 	at org.apache.spark.rpc.RpcTimeout.awaitResult(RpcTimeout.scala:75)
[2026-10-05T17:13:53.413+0000] {subprocess.py:93} INFO - 	at org.apache.spark.rpc.RpcEnv.setupEndpointRefByURI(RpcEnv.scala:102)
[2026-10-05T17:13:53.414+0000] {subprocess.py:93} INFO - 	at org.apache.spark.rpc.RpcEnv.setupEndpointRef(RpcEnv.scala:110)
[2026-10-05T17:13:53.415+0000] {subprocess.py:93} INFO - 	at org.apache.spark.util.RpcUtils$.makeDriverRef(RpcUtils.scala:36)
[2026-10-05T17:13:53.416+0000] {subprocess.py:93} INFO - 	at org.apache.spark.storage.BlockManagerMasterEndpoint.driverEndpoint$lzycompute(BlockManagerMasterEndpoint.scala:124)
[2026-10-05T17:13:53.417+0000] {subprocess.py:93} INFO - 	at org.apache.spark.storage.BlockManagerMasterEndpoint.org$apache$spark$storage$BlockManagerMasterEndpoint$$driverEndpoint(BlockManagerMasterEndpoint.scala:123)
[2026-10-05T17:13:53.418+0000] {subprocess.py:93} INFO - 	at org.apache.spark.storage.BlockManagerMasterEndpoint.isExecutorAlive$lzycompute$1(BlockManagerMasterEndpoint.scala:688)
[2026-10-05T17:13:53.419+0000] {subprocess.py:93} INFO - 	at org.apache.spark.storage.BlockManagerMasterEndpoint.isExecutorAlive$1(BlockManagerMasterEndpoint.scala:687)
[2026-10-05T17:13:53.421+0000] {subprocess.py:93} INFO - 	at org.apache.spark.storage.BlockManagerMasterEndpoint.org$apache$spark$storage$BlockManagerMasterEndpoint$$register(BlockManagerMasterEndpoint.scala:725)
[2026-10-05T17:13:53.422+0000] {subprocess.py:93} INFO - 	at org.apache.spark.storage.BlockManagerMasterEndpoint$$anonfun$receiveAndReply$1.applyOrElse(BlockManagerMasterEndpoint.scala:133)
[2026-10-05T17:13:53.423+0000] {subprocess.py:93} INFO - 	at org.apache.spark.rpc.netty.Inbox.$anonfun$process$1(Inbox.scala:103)
[2026-10-05T17:13:53.425+0000] {subprocess.py:93} INFO - 	at org.apache.spark.rpc.netty.Inbox.safelyCall(Inbox.scala:213)
[2026-10-05T17:13:53.428+0000] {subprocess.py:93} INFO - 	at org.apache.spark.rpc.netty.Inbox.process(Inbox.scala:100)
[2026-10-05T17:13:53.430+0000] {subprocess.py:93} INFO - 	at org.apache.spark.rpc.netty.MessageLoop.org$apache$spark$rpc$netty$MessageLoop$$receiveLoop(MessageLoop.scala:75)
[2026-10-05T17:13:53.431+0000] {subprocess.py:93} INFO - 	at org.apache.spark.rpc.netty.MessageLoop$$anon$1.run(MessageLoop.scala:41)
[2026-10-05T17:13:53.433+0000] {subprocess.py:93} INFO - 	... 3 more
[2026-10-05T17:13:53.434+0000] {subprocess.py:93} INFO - Caused by: org.apache.spark.rpc.RpcEndpointNotFoundException: Cannot find endpoint: spark://CoarseGrainedScheduler@d2c30ec5c415:45737
[2026-10-05T17:13:53.435+0000] {subprocess.py:93} INFO - 	at org.apache.spark.rpc.netty.NettyRpcEnv.$anonfun$asyncSetupEndpointRefByURI$1(NettyRpcEnv.scala:148)
[2026-10-05T17:13:53.435+0000] {subprocess.py:93} INFO - 	at org.apache.spark.rpc.netty.NettyRpcEnv.$anonfun$asyncSetupEndpointRefByURI$1$adapted(NettyRpcEnv.scala:144)
[2026-10-05T17:13:53.437+0000] {subprocess.py:93} INFO - 	at scala.concurrent.Future.$anonfun$flatMap$1(Future.scala:307)
[2026-10-05T17:13:53.438+0000] {subprocess.py:93} INFO - 	at scala.concurrent.impl.Promise.$anonfun$transformWith$1(Promise.scala:41)
[2026-10-05T17:13:53.439+0000] {subprocess.py:93} INFO - 	at scala.concurrent.impl.CallbackRunnable.run(Promise.scala:64)
[2026-10-05T17:13:53.441+0000] {subprocess.py:93} INFO - 	at org.apache.spark.util.ThreadUtils$$anon$1.execute(ThreadUtils.scala:99)
[2026-10-05T17:13:53.443+0000] {subprocess.py:93} INFO - 	at scala.concurrent.impl.ExecutionContextImpl$$anon$4.execute(ExecutionContextImpl.scala:138)
[2026-10-05T17:13:53.445+0000] {subprocess.py:93} INFO - 	at scala.concurrent.impl.CallbackRunnable.executeWithValue(Promise.scala:72)
[2026-10-05T17:13:53.446+0000] {subprocess.py:93} INFO - 	at scala.concurrent.impl.Promise$DefaultPromise.$anonfun$tryComplete$1(Promise.scala:288)
[2026-10-05T17:13:53.446+0000] {subprocess.py:93} INFO - 	at scala.concurrent.impl.Promise$DefaultPromise.$anonfun$tryComplete$1$adapted(Promise.scala:288)
[2026-10-05T17:13:53.446+0000] {subprocess.py:93} INFO - 	at scala.concurrent.impl.Promise$DefaultPromise.tryComplete(Promise.scala:288)
[2026-10-05T17:13:53.447+0000] {subprocess.py:93} INFO - 	at scala.concurrent.Promise.complete(Promise.scala:53)
[2026-10-05T17:13:53.447+0000] {subprocess.py:93} INFO - 	at scala.concurrent.Promise.complete$(Promise.scala:52)
[2026-10-05T17:13:53.447+0000] {subprocess.py:93} INFO - 	at scala.concurrent.impl.Promise$DefaultPromise.complete(Promise.scala:187)
[2026-10-05T17:13:53.447+0000] {subprocess.py:93} INFO - 	at scala.concurrent.impl.Promise.$anonfun$transform$1(Promise.scala:33)
[2026-10-05T17:13:53.448+0000] {subprocess.py:93} INFO - 	at scala.concurrent.impl.CallbackRunnable.run(Promise.scala:64)
[2026-10-05T17:13:53.448+0000] {subprocess.py:93} INFO - 	at org.apache.spark.util.ThreadUtils$$anon$1.execute(ThreadUtils.scala:99)
[2026-10-05T17:13:53.448+0000] {subprocess.py:93} INFO - 	at scala.concurrent.impl.ExecutionContextImpl$$anon$4.execute(ExecutionContextImpl.scala:138)
[2026-10-05T17:13:53.448+0000] {subprocess.py:93} INFO - 	at scala.concurrent.impl.CallbackRunnable.executeWithValue(Promise.scala:72)
[2026-10-05T17:13:53.449+0000] {subprocess.py:93} INFO - 	at scala.concurrent.impl.Promise$DefaultPromise.$anonfun$tryComplete$1(Promise.scala:288)
[2026-10-05T17:13:53.449+0000] {subprocess.py:93} INFO - 	at scala.concurrent.impl.Promise$DefaultPromise.$anonfun$tryComplete$1$adapted(Promise.scala:288)
[2026-10-05T17:13:53.449+0000] {subprocess.py:93} INFO - 	at scala.concurrent.impl.Promise$DefaultPromise.tryComplete(Promise.scala:288)
[2026-10-05T17:13:53.450+0000] {subprocess.py:93} INFO - 	at scala.concurrent.Promise.complete(Promise.scala:53)
[2026-10-05T17:13:53.450+0000] {subprocess.py:93} INFO - 	at scala.concurrent.Promise.complete$(Promise.scala:52)
[2026-10-05T17:13:53.450+0000] {subprocess.py:93} INFO - 	at scala.concurrent.impl.Promise$DefaultPromise.complete(Promise.scala:187)
[2026-10-05T17:13:53.450+0000] {subprocess.py:93} INFO - 	at scala.concurrent.impl.Promise.$anonfun$transform$1(Promise.scala:33)
[2026-10-05T17:13:53.451+0000] {subprocess.py:93} INFO - 	at scala.concurrent.impl.CallbackRunnable.run(Promise.scala:64)
[2026-10-05T17:13:53.451+0000] {subprocess.py:93} INFO - 	at scala.concurrent.BatchingExecutor$Batch.processBatch$1(BatchingExecutor.scala:67)
[2026-10-05T17:13:53.451+0000] {subprocess.py:93} INFO - 	at scala.concurrent.BatchingExecutor$Batch.$anonfun$run$1(BatchingExecutor.scala:82)
[2026-10-05T17:13:53.452+0000] {subprocess.py:93} INFO - 	at scala.runtime.java8.JFunction0$mcV$sp.apply(JFunction0$mcV$sp.java:23)
[2026-10-05T17:13:53.452+0000] {subprocess.py:93} INFO - 	at scala.concurrent.BlockContext$.withBlockContext(BlockContext.scala:85)
[2026-10-05T17:13:53.452+0000] {subprocess.py:93} INFO - 	at scala.concurrent.BatchingExecutor$Batch.run(BatchingExecutor.scala:59)
[2026-10-05T17:13:53.452+0000] {subprocess.py:93} INFO - 	at scala.concurrent.Future$InternalCallbackExecutor$.unbatchedExecute(Future.scala:875)
[2026-10-05T17:13:53.453+0000] {subprocess.py:93} INFO - 	at scala.concurrent.BatchingExecutor.execute(BatchingExecutor.scala:110)
[2026-10-05T17:13:53.453+0000] {subprocess.py:93} INFO - 	at scala.concurrent.BatchingExecutor.execute$(BatchingExecutor.scala:107)
[2026-10-05T17:13:53.453+0000] {subprocess.py:93} INFO - 	at scala.concurrent.Future$InternalCallbackExecutor$.execute(Future.scala:873)
[2026-10-05T17:13:53.454+0000] {subprocess.py:93} INFO - 	at scala.concurrent.impl.CallbackRunnable.executeWithValue(Promise.scala:72)
[2026-10-05T17:13:53.455+0000] {subprocess.py:93} INFO - 	at scala.concurrent.impl.Promise$DefaultPromise.$anonfun$tryComplete$1(Promise.scala:288)
[2026-10-05T17:13:53.456+0000] {subprocess.py:93} INFO - 	at scala.concurrent.impl.Promise$DefaultPromise.$anonfun$tryComplete$1$adapted(Promise.scala:288)
[2026-10-05T17:13:53.457+0000] {subprocess.py:93} INFO - 	at scala.concurrent.impl.Promise$DefaultPromise.tryComplete(Promise.scala:288)
[2026-10-05T17:13:53.457+0000] {subprocess.py:93} INFO - 	at scala.concurrent.Promise.trySuccess(Promise.scala:94)
[2026-10-05T17:13:53.458+0000] {subprocess.py:93} INFO - 	at scala.concurrent.Promise.trySuccess$(Promise.scala:94)
[2026-10-05T17:13:53.458+0000] {subprocess.py:93} INFO - 	at scala.concurrent.impl.Promise$DefaultPromise.trySuccess(Promise.scala:187)
[2026-10-05T17:13:53.459+0000] {subprocess.py:93} INFO - 	at org.apache.spark.rpc.netty.NettyRpcEnv.onSuccess$1(NettyRpcEnv.scala:225)
[2026-10-05T17:13:53.459+0000] {subprocess.py:93} INFO - 	at org.apache.spark.rpc.netty.NettyRpcEnv.$anonfun$askAbortable$5(NettyRpcEnv.scala:239)
[2026-10-05T17:13:53.460+0000] {subprocess.py:93} INFO - 	at org.apache.spark.rpc.netty.NettyRpcEnv.$anonfun$askAbortable$5$adapted(NettyRpcEnv.scala:238)
[2026-10-05T17:13:53.461+0000] {subprocess.py:93} INFO - 	at scala.concurrent.impl.CallbackRunnable.run(Promise.scala:64)
[2026-10-05T17:13:53.462+0000] {subprocess.py:93} INFO - 	at org.apache.spark.util.ThreadUtils$$anon$1.execute(ThreadUtils.scala:99)
[2026-10-05T17:13:53.462+0000] {subprocess.py:93} INFO - 	at scala.concurrent.impl.ExecutionContextImpl$$anon$4.execute(ExecutionContextImpl.scala:138)
[2026-10-05T17:13:53.463+0000] {subprocess.py:93} INFO - 	at scala.concurrent.impl.CallbackRunnable.executeWithValue(Promise.scala:72)
[2026-10-05T17:13:53.463+0000] {subprocess.py:93} INFO - 	at scala.concurrent.impl.Promise$DefaultPromise.$anonfun$tryComplete$1(Promise.scala:288)
[2026-10-05T17:13:53.463+0000] {subprocess.py:93} INFO - 	at scala.concurrent.impl.Promise$DefaultPromise.$anonfun$tryComplete$1$adapted(Promise.scala:288)
[2026-10-05T17:13:53.464+0000] {subprocess.py:93} INFO - 	at scala.concurrent.impl.Promise$DefaultPromise.tryComplete(Promise.scala:288)
[2026-10-05T17:13:53.465+0000] {subprocess.py:93} INFO - 	at scala.concurrent.Promise.complete(Promise.scala:53)
[2026-10-05T17:13:53.466+0000] {subprocess.py:93} INFO - 	at scala.concurrent.Promise.complete$(Promise.scala:52)
[2026-10-05T17:13:53.467+0000] {subprocess.py:93} INFO - 	at scala.concurrent.impl.Promise$DefaultPromise.complete(Promise.scala:187)
[2026-10-05T17:13:53.468+0000] {subprocess.py:93} INFO - 	at scala.concurrent.Promise.success(Promise.scala:86)
[2026-10-05T17:13:53.470+0000] {subprocess.py:93} INFO - 	at scala.concurrent.Promise.success$(Promise.scala:86)
[2026-10-05T17:13:53.471+0000] {subprocess.py:93} INFO - 	at scala.concurrent.impl.Promise$DefaultPromise.success(Promise.scala:187)
[2026-10-05T17:13:53.472+0000] {subprocess.py:93} INFO - 	at org.apache.spark.rpc.netty.LocalNettyRpcCallContext.send(NettyRpcCallContext.scala:50)
[2026-10-05T17:13:53.472+0000] {subprocess.py:93} INFO - 	at org.apache.spark.rpc.netty.NettyRpcCallContext.reply(NettyRpcCallContext.scala:32)
[2026-10-05T17:13:53.473+0000] {subprocess.py:93} INFO - 	at org.apache.spark.rpc.netty.RpcEndpointVerifier$$anonfun$receiveAndReply$1.applyOrElse(RpcEndpointVerifier.scala:31)
[2026-10-05T17:13:53.474+0000] {subprocess.py:93} INFO - 	... 8 more
[2026-10-05T17:13:53.474+0000] {subprocess.py:93} INFO - 26/10/05 17:13:52 ERROR Inbox: Ignoring error
[2026-10-05T17:13:53.475+0000] {subprocess.py:93} INFO - org.apache.spark.SparkException: Exception thrown in awaitResult:
[2026-10-05T17:13:53.476+0000] {subprocess.py:93} INFO - 	at org.apache.spark.util.SparkThreadUtils$.awaitResult(SparkThreadUtils.scala:56)
[2026-10-05T17:13:53.477+0000] {subprocess.py:93} INFO - 	at org.apache.spark.util.ThreadUtils$.awaitResult(ThreadUtils.scala:310)
[2026-10-05T17:13:53.478+0000] {subprocess.py:93} INFO - 	at org.apache.spark.rpc.RpcTimeout.awaitResult(RpcTimeout.scala:75)
[2026-10-05T17:13:53.479+0000] {subprocess.py:93} INFO - 	at org.apache.spark.rpc.RpcEnv.setupEndpointRefByURI(RpcEnv.scala:102)
[2026-10-05T17:13:53.479+0000] {subprocess.py:93} INFO - 	at org.apache.spark.rpc.RpcEnv.setupEndpointRef(RpcEnv.scala:110)
[2026-10-05T17:13:53.480+0000] {subprocess.py:93} INFO - 	at org.apache.spark.util.RpcUtils$.makeDriverRef(RpcUtils.scala:36)
[2026-10-05T17:13:53.481+0000] {subprocess.py:93} INFO - 	at org.apache.spark.storage.BlockManagerMasterEndpoint.driverEndpoint$lzycompute(BlockManagerMasterEndpoint.scala:124)
[2026-10-05T17:13:53.482+0000] {subprocess.py:93} INFO - 	at org.apache.spark.storage.BlockManagerMasterEndpoint.org$apache$spark$storage$BlockManagerMasterEndpoint$$driverEndpoint(BlockManagerMasterEndpoint.scala:123)
[2026-10-05T17:13:53.483+0000] {subprocess.py:93} INFO - 	at org.apache.spark.storage.BlockManagerMasterEndpoint.isExecutorAlive$lzycompute$1(BlockManagerMasterEndpoint.scala:688)
[2026-10-05T17:13:53.483+0000] {subprocess.py:93} INFO - 	at org.apache.spark.storage.BlockManagerMasterEndpoint.isExecutorAlive$1(BlockManagerMasterEndpoint.scala:687)
[2026-10-05T17:13:53.484+0000] {subprocess.py:93} INFO - 	at org.apache.spark.storage.BlockManagerMasterEndpoint.org$apache$spark$storage$BlockManagerMasterEndpoint$$register(BlockManagerMasterEndpoint.scala:725)
[2026-10-05T17:13:53.484+0000] {subprocess.py:93} INFO - 	at org.apache.spark.storage.BlockManagerMasterEndpoint$$anonfun$receiveAndReply$1.applyOrElse(BlockManagerMasterEndpoint.scala:133)
[2026-10-05T17:13:53.485+0000] {subprocess.py:93} INFO - 	at org.apache.spark.rpc.netty.Inbox.$anonfun$process$1(Inbox.scala:103)
[2026-10-05T17:13:53.487+0000] {subprocess.py:93} INFO - 	at org.apache.spark.rpc.netty.Inbox.safelyCall(Inbox.scala:213)
[2026-10-05T17:13:53.488+0000] {subprocess.py:93} INFO - 	at org.apache.spark.rpc.netty.Inbox.process(Inbox.scala:100)
[2026-10-05T17:13:53.488+0000] {subprocess.py:93} INFO - 	at org.apache.spark.rpc.netty.MessageLoop.org$apache$spark$rpc$netty$MessageLoop$$receiveLoop(MessageLoop.scala:75)
[2026-10-05T17:13:53.489+0000] {subprocess.py:93} INFO - 	at org.apache.spark.rpc.netty.MessageLoop$$anon$1.run(MessageLoop.scala:41)
[2026-10-05T17:13:53.489+0000] {subprocess.py:93} INFO - 	at java.base/java.util.concurrent.ThreadPoolExecutor.runWorker(Unknown Source)
[2026-10-05T17:13:53.490+0000] {subprocess.py:93} INFO - 	at java.base/java.util.concurrent.ThreadPoolExecutor$Worker.run(Unknown Source)
[2026-10-05T17:13:53.490+0000] {subprocess.py:93} INFO - 	at java.base/java.lang.Thread.run(Unknown Source)
[2026-10-05T17:13:53.491+0000] {subprocess.py:93} INFO - Caused by: org.apache.spark.rpc.RpcEndpointNotFoundException: Cannot find endpoint: spark://CoarseGrainedScheduler@d2c30ec5c415:45737
[2026-10-05T17:13:53.492+0000] {subprocess.py:93} INFO - 	at org.apache.spark.rpc.netty.NettyRpcEnv.$anonfun$asyncSetupEndpointRefByURI$1(NettyRpcEnv.scala:148)
[2026-10-05T17:13:53.493+0000] {subprocess.py:93} INFO - 	at org.apache.spark.rpc.netty.NettyRpcEnv.$anonfun$asyncSetupEndpointRefByURI$1$adapted(NettyRpcEnv.scala:144)
[2026-10-05T17:13:53.495+0000] {subprocess.py:93} INFO - 	at scala.concurrent.Future.$anonfun$flatMap$1(Future.scala:307)
[2026-10-05T17:13:53.496+0000] {subprocess.py:93} INFO - 	at scala.concurrent.impl.Promise.$anonfun$transformWith$1(Promise.scala:41)
[2026-10-05T17:13:53.496+0000] {subprocess.py:93} INFO - 	at scala.concurrent.impl.CallbackRunnable.run(Promise.scala:64)
[2026-10-05T17:13:53.497+0000] {subprocess.py:93} INFO - 	at org.apache.spark.util.ThreadUtils$$anon$1.execute(ThreadUtils.scala:99)
[2026-10-05T17:13:53.498+0000] {subprocess.py:93} INFO - 	at scala.concurrent.impl.ExecutionContextImpl$$anon$4.execute(ExecutionContextImpl.scala:138)
[2026-10-05T17:13:53.499+0000] {subprocess.py:93} INFO - 	at scala.concurrent.impl.CallbackRunnable.executeWithValue(Promise.scala:72)
[2026-10-05T17:13:53.500+0000] {subprocess.py:93} INFO - 	at scala.concurrent.impl.Promise$DefaultPromise.$anonfun$tryComplete$1(Promise.scala:288)
[2026-10-05T17:13:53.501+0000] {subprocess.py:93} INFO - 	at scala.concurrent.impl.Promise$DefaultPromise.$anonfun$tryComplete$1$adapted(Promise.scala:288)
[2026-10-05T17:13:53.503+0000] {subprocess.py:93} INFO - 	at scala.concurrent.impl.Promise$DefaultPromise.tryComplete(Promise.scala:288)
[2026-10-05T17:13:53.504+0000] {subprocess.py:93} INFO - 	at scala.concurrent.Promise.complete(Promise.scala:53)
[2026-10-05T17:13:53.505+0000] {subprocess.py:93} INFO - 	at scala.concurrent.Promise.complete$(Promise.scala:52)
[2026-10-05T17:13:53.507+0000] {subprocess.py:93} INFO - 	at scala.concurrent.impl.Promise$DefaultPromise.complete(Promise.scala:187)
[2026-10-05T17:13:53.508+0000] {subprocess.py:93} INFO - 	at scala.concurrent.impl.Promise.$anonfun$transform$1(Promise.scala:33)
[2026-10-05T17:13:53.509+0000] {subprocess.py:93} INFO - 	at scala.concurrent.impl.CallbackRunnable.run(Promise.scala:64)
[2026-10-05T17:13:53.509+0000] {subprocess.py:93} INFO - 	at org.apache.spark.util.ThreadUtils$$anon$1.execute(ThreadUtils.scala:99)
[2026-10-05T17:13:53.510+0000] {subprocess.py:93} INFO - 	at scala.concurrent.impl.ExecutionContextImpl$$anon$4.execute(ExecutionContextImpl.scala:138)
[2026-10-05T17:13:53.512+0000] {subprocess.py:93} INFO - 	at scala.concurrent.impl.CallbackRunnable.executeWithValue(Promise.scala:72)
[2026-10-05T17:13:53.512+0000] {subprocess.py:93} INFO - 	at scala.concurrent.impl.Promise$DefaultPromise.$anonfun$tryComplete$1(Promise.scala:288)
[2026-10-05T17:13:53.513+0000] {subprocess.py:93} INFO - 	at scala.concurrent.impl.Promise$DefaultPromise.$anonfun$tryComplete$1$adapted(Promise.scala:288)
[2026-10-05T17:13:53.514+0000] {subprocess.py:93} INFO - 	at scala.concurrent.impl.Promise$DefaultPromise.tryComplete(Promise.scala:288)
[2026-10-05T17:13:53.514+0000] {subprocess.py:93} INFO - 	at scala.concurrent.Promise.complete(Promise.scala:53)
[2026-10-05T17:13:53.515+0000] {subprocess.py:93} INFO - 	at scala.concurrent.Promise.complete$(Promise.scala:52)
[2026-10-05T17:13:53.516+0000] {subprocess.py:93} INFO - 	at scala.concurrent.impl.Promise$DefaultPromise.complete(Promise.scala:187)
[2026-10-05T17:13:53.516+0000] {subprocess.py:93} INFO - 	at scala.concurrent.impl.Promise.$anonfun$transform$1(Promise.scala:33)
[2026-10-05T17:13:53.517+0000] {subprocess.py:93} INFO - 	at scala.concurrent.impl.CallbackRunnable.run(Promise.scala:64)
[2026-10-05T17:13:53.519+0000] {subprocess.py:93} INFO - 	at scala.concurrent.BatchingExecutor$Batch.processBatch$1(BatchingExecutor.scala:67)
[2026-10-05T17:13:53.520+0000] {subprocess.py:93} INFO - 	at scala.concurrent.BatchingExecutor$Batch.$anonfun$run$1(BatchingExecutor.scala:82)
[2026-10-05T17:13:53.522+0000] {subprocess.py:93} INFO - 	at scala.runtime.java8.JFunction0$mcV$sp.apply(JFunction0$mcV$sp.java:23)
[2026-10-05T17:13:53.523+0000] {subprocess.py:93} INFO - 	at scala.concurrent.BlockContext$.withBlockContext(BlockContext.scala:85)
[2026-10-05T17:13:53.524+0000] {subprocess.py:93} INFO - 	at scala.concurrent.BatchingExecutor$Batch.run(BatchingExecutor.scala:59)
[2026-10-05T17:13:53.524+0000] {subprocess.py:93} INFO - 	at scala.concurrent.Future$InternalCallbackExecutor$.unbatchedExecute(Future.scala:875)
[2026-10-05T17:13:53.525+0000] {subprocess.py:93} INFO - 	at scala.concurrent.BatchingExecutor.execute(BatchingExecutor.scala:110)
[2026-10-05T17:13:53.525+0000] {subprocess.py:93} INFO - 	at scala.concurrent.BatchingExecutor.execute$(BatchingExecutor.scala:107)
[2026-10-05T17:13:53.526+0000] {subprocess.py:93} INFO - 	at scala.concurrent.Future$InternalCallbackExecutor$.execute(Future.scala:873)
[2026-10-05T17:13:53.527+0000] {subprocess.py:93} INFO - 	at scala.concurrent.impl.CallbackRunnable.executeWithValue(Promise.scala:72)
[2026-10-05T17:13:53.528+0000] {subprocess.py:93} INFO - 	at scala.concurrent.impl.Promise$DefaultPromise.$anonfun$tryComplete$1(Promise.scala:288)
[2026-10-05T17:13:53.529+0000] {subprocess.py:93} INFO - 	at scala.concurrent.impl.Promise$DefaultPromise.$anonfun$tryComplete$1$adapted(Promise.scala:288)
[2026-10-05T17:13:53.530+0000] {subprocess.py:93} INFO - 	at scala.concurrent.impl.Promise$DefaultPromise.tryComplete(Promise.scala:288)
[2026-10-05T17:13:53.531+0000] {subprocess.py:93} INFO - 	at scala.concurrent.Promise.trySuccess(Promise.scala:94)
[2026-10-05T17:13:53.532+0000] {subprocess.py:93} INFO - 	at scala.concurrent.Promise.trySuccess$(Promise.scala:94)
[2026-10-05T17:13:53.532+0000] {subprocess.py:93} INFO - 	at scala.concurrent.impl.Promise$DefaultPromise.trySuccess(Promise.scala:187)
[2026-10-05T17:13:53.533+0000] {subprocess.py:93} INFO - 	at org.apache.spark.rpc.netty.NettyRpcEnv.onSuccess$1(NettyRpcEnv.scala:225)
[2026-10-05T17:13:53.534+0000] {subprocess.py:93} INFO - 	at org.apache.spark.rpc.netty.NettyRpcEnv.$anonfun$askAbortable$5(NettyRpcEnv.scala:239)
[2026-10-05T17:13:53.535+0000] {subprocess.py:93} INFO - 	at org.apache.spark.rpc.netty.NettyRpcEnv.$anonfun$askAbortable$5$adapted(NettyRpcEnv.scala:238)
[2026-10-05T17:13:53.536+0000] {subprocess.py:93} INFO - 	at scala.concurrent.impl.CallbackRunnable.run(Promise.scala:64)
[2026-10-05T17:13:53.538+0000] {subprocess.py:93} INFO - 	at org.apache.spark.util.ThreadUtils$$anon$1.execute(ThreadUtils.scala:99)
[2026-10-05T17:13:53.539+0000] {subprocess.py:93} INFO - 	at scala.concurrent.impl.ExecutionContextImpl$$anon$4.execute(ExecutionContextImpl.scala:138)
[2026-10-05T17:13:53.541+0000] {subprocess.py:93} INFO - 	at scala.concurrent.impl.CallbackRunnable.executeWithValue(Promise.scala:72)
[2026-10-05T17:13:53.542+0000] {subprocess.py:93} INFO - 	at scala.concurrent.impl.Promise$DefaultPromise.$anonfun$tryComplete$1(Promise.scala:288)
[2026-10-05T17:13:53.543+0000] {subprocess.py:93} INFO - 	at scala.concurrent.impl.Promise$DefaultPromise.$anonfun$tryComplete$1$adapted(Promise.scala:288)
[2026-10-05T17:13:53.544+0000] {subprocess.py:93} INFO - 	at scala.concurrent.impl.Promise$DefaultPromise.tryComplete(Promise.scala:288)
[2026-10-05T17:13:53.545+0000] {subprocess.py:93} INFO - 	at scala.concurrent.Promise.complete(Promise.scala:53)
[2026-10-05T17:13:53.546+0000] {subprocess.py:93} INFO - 	at scala.concurrent.Promise.complete$(Promise.scala:52)
[2026-10-05T17:13:53.547+0000] {subprocess.py:93} INFO - 	at scala.concurrent.impl.Promise$DefaultPromise.complete(Promise.scala:187)
[2026-10-05T17:13:53.548+0000] {subprocess.py:93} INFO - 	at scala.concurrent.Promise.success(Promise.scala:86)
[2026-10-05T17:13:53.549+0000] {subprocess.py:93} INFO - 	at scala.concurrent.Promise.success$(Promise.scala:86)
[2026-10-05T17:13:53.549+0000] {subprocess.py:93} INFO - 	at scala.concurrent.impl.Promise$DefaultPromise.success(Promise.scala:187)
[2026-10-05T17:13:53.550+0000] {subprocess.py:93} INFO - 	at org.apache.spark.rpc.netty.LocalNettyRpcCallContext.send(NettyRpcCallContext.scala:50)
[2026-10-05T17:13:53.551+0000] {subprocess.py:93} INFO - 	at org.apache.spark.rpc.netty.NettyRpcCallContext.reply(NettyRpcCallContext.scala:32)
[2026-10-05T17:13:53.552+0000] {subprocess.py:93} INFO - 	at org.apache.spark.rpc.netty.RpcEndpointVerifier$$anonfun$receiveAndReply$1.applyOrElse(RpcEndpointVerifier.scala:31)
[2026-10-05T17:13:53.553+0000] {subprocess.py:93} INFO - 	... 8 more
[2026-10-05T17:13:53.555+0000] {subprocess.py:93} INFO - 26/10/05 17:13:52 WARN Executor: Issue communicating with driver in heartbeater
[2026-10-05T17:13:53.556+0000] {subprocess.py:93} INFO - org.apache.spark.SparkException: Exception thrown in awaitResult:
[2026-10-05T17:13:53.557+0000] {subprocess.py:93} INFO - 	at org.apache.spark.util.SparkThreadUtils$.awaitResult(SparkThreadUtils.scala:56)
[2026-10-05T17:13:53.557+0000] {subprocess.py:93} INFO - 	at org.apache.spark.util.ThreadUtils$.awaitResult(ThreadUtils.scala:310)
[2026-10-05T17:13:53.558+0000] {subprocess.py:93} INFO - 	at org.apache.spark.rpc.RpcTimeout.awaitResult(RpcTimeout.scala:75)
[2026-10-05T17:13:53.559+0000] {subprocess.py:93} INFO - 	at org.apache.spark.rpc.RpcEndpointRef.askSync(RpcEndpointRef.scala:101)
[2026-10-05T17:13:53.559+0000] {subprocess.py:93} INFO - 	at org.apache.spark.rpc.RpcEndpointRef.askSync(RpcEndpointRef.scala:85)
[2026-10-05T17:13:53.560+0000] {subprocess.py:93} INFO - 	at org.apache.spark.storage.BlockManagerMaster.registerBlockManager(BlockManagerMaster.scala:80)
[2026-10-05T17:13:53.561+0000] {subprocess.py:93} INFO - 	at org.apache.spark.storage.BlockManager.reregister(BlockManager.scala:642)
[2026-10-05T17:13:53.562+0000] {subprocess.py:93} INFO - 	at org.apache.spark.executor.Executor.reportHeartBeat(Executor.scala:1223)
[2026-10-05T17:13:53.563+0000] {subprocess.py:93} INFO - 	at org.apache.spark.executor.Executor.$anonfun$heartbeater$1(Executor.scala:295)
[2026-10-05T17:13:53.564+0000] {subprocess.py:93} INFO - 	at scala.runtime.java8.JFunction0$mcV$sp.apply(JFunction0$mcV$sp.java:23)
[2026-10-05T17:13:53.565+0000] {subprocess.py:93} INFO - 	at org.apache.spark.util.Utils$.logUncaughtExceptions(Utils.scala:1928)
[2026-10-05T17:13:53.566+0000] {subprocess.py:93} INFO - 	at org.apache.spark.Heartbeater$$anon$1.run(Heartbeater.scala:46)
[2026-10-05T17:13:53.566+0000] {subprocess.py:93} INFO - 	at java.base/java.util.concurrent.Executors$RunnableAdapter.call(Unknown Source)
[2026-10-05T17:13:53.567+0000] {subprocess.py:93} INFO - 	at java.base/java.util.concurrent.FutureTask.runAndReset(Unknown Source)
[2026-10-05T17:13:53.568+0000] {subprocess.py:93} INFO - 	at java.base/java.util.concurrent.ScheduledThreadPoolExecutor$ScheduledFutureTask.run(Unknown Source)
[2026-10-05T17:13:53.568+0000] {subprocess.py:93} INFO - 	at java.base/java.util.concurrent.ThreadPoolExecutor.runWorker(Unknown Source)
[2026-10-05T17:13:53.569+0000] {subprocess.py:93} INFO - 	at java.base/java.util.concurrent.ThreadPoolExecutor$Worker.run(Unknown Source)
[2026-10-05T17:13:53.570+0000] {subprocess.py:93} INFO - 	at java.base/java.lang.Thread.run(Unknown Source)
[2026-10-05T17:13:53.572+0000] {subprocess.py:93} INFO - Caused by: org.apache.spark.SparkException: Exception thrown in awaitResult:
[2026-10-05T17:13:53.573+0000] {subprocess.py:93} INFO - 	at org.apache.spark.util.SparkThreadUtils$.awaitResult(SparkThreadUtils.scala:56)
[2026-10-05T17:13:53.574+0000] {subprocess.py:93} INFO - 	at org.apache.spark.util.ThreadUtils$.awaitResult(ThreadUtils.scala:310)
[2026-10-05T17:13:53.576+0000] {subprocess.py:93} INFO - 	at org.apache.spark.rpc.RpcTimeout.awaitResult(RpcTimeout.scala:75)
[2026-10-05T17:13:53.577+0000] {subprocess.py:93} INFO - 	at org.apache.spark.rpc.RpcEnv.setupEndpointRefByURI(RpcEnv.scala:102)
[2026-10-05T17:13:53.578+0000] {subprocess.py:93} INFO - 	at org.apache.spark.rpc.RpcEnv.setupEndpointRef(RpcEnv.scala:110)
[2026-10-05T17:13:53.578+0000] {subprocess.py:93} INFO - 	at org.apache.spark.util.RpcUtils$.makeDriverRef(RpcUtils.scala:36)
[2026-10-05T17:13:53.579+0000] {subprocess.py:93} INFO - 	at org.apache.spark.storage.BlockManagerMasterEndpoint.driverEndpoint$lzycompute(BlockManagerMasterEndpoint.scala:124)
[2026-10-05T17:13:53.579+0000] {subprocess.py:93} INFO - 	at org.apache.spark.storage.BlockManagerMasterEndpoint.org$apache$spark$storage$BlockManagerMasterEndpoint$$driverEndpoint(BlockManagerMasterEndpoint.scala:123)
[2026-10-05T17:13:53.580+0000] {subprocess.py:93} INFO - 	at org.apache.spark.storage.BlockManagerMasterEndpoint.isExecutorAlive$lzycompute$1(BlockManagerMasterEndpoint.scala:688)
[2026-10-05T17:13:53.580+0000] {subprocess.py:93} INFO - 	at org.apache.spark.storage.BlockManagerMasterEndpoint.isExecutorAlive$1(BlockManagerMasterEndpoint.scala:687)
[2026-10-05T17:13:53.581+0000] {subprocess.py:93} INFO - 	at org.apache.spark.storage.BlockManagerMasterEndpoint.org$apache$spark$storage$BlockManagerMasterEndpoint$$register(BlockManagerMasterEndpoint.scala:725)
[2026-10-05T17:13:53.582+0000] {subprocess.py:93} INFO - 	at org.apache.spark.storage.BlockManagerMasterEndpoint$$anonfun$receiveAndReply$1.applyOrElse(BlockManagerMasterEndpoint.scala:133)
[2026-10-05T17:13:53.583+0000] {subprocess.py:93} INFO - 	at org.apache.spark.rpc.netty.Inbox.$anonfun$process$1(Inbox.scala:103)
[2026-10-05T17:13:53.584+0000] {subprocess.py:93} INFO - 	at org.apache.spark.rpc.netty.Inbox.safelyCall(Inbox.scala:213)
[2026-10-05T17:13:53.584+0000] {subprocess.py:93} INFO - 	at org.apache.spark.rpc.netty.Inbox.process(Inbox.scala:100)
[2026-10-05T17:13:53.585+0000] {subprocess.py:93} INFO - 	at org.apache.spark.rpc.netty.MessageLoop.org$apache$spark$rpc$netty$MessageLoop$$receiveLoop(MessageLoop.scala:75)
[2026-10-05T17:13:53.585+0000] {subprocess.py:93} INFO - 	at org.apache.spark.rpc.netty.MessageLoop$$anon$1.run(MessageLoop.scala:41)
[2026-10-05T17:13:53.586+0000] {subprocess.py:93} INFO - 	... 3 more
[2026-10-05T17:13:53.587+0000] {subprocess.py:93} INFO - Caused by: org.apache.spark.rpc.RpcEndpointNotFoundException: Cannot find endpoint: spark://CoarseGrainedScheduler@d2c30ec5c415:45737
[2026-10-05T17:13:53.587+0000] {subprocess.py:93} INFO - 	at org.apache.spark.rpc.netty.NettyRpcEnv.$anonfun$asyncSetupEndpointRefByURI$1(NettyRpcEnv.scala:148)
[2026-10-05T17:13:53.588+0000] {subprocess.py:93} INFO - 	at org.apache.spark.rpc.netty.NettyRpcEnv.$anonfun$asyncSetupEndpointRefByURI$1$adapted(NettyRpcEnv.scala:144)
[2026-10-05T17:13:53.588+0000] {subprocess.py:93} INFO - 	at scala.concurrent.Future.$anonfun$flatMap$1(Future.scala:307)
[2026-10-05T17:13:53.589+0000] {subprocess.py:93} INFO - 	at scala.concurrent.impl.Promise.$anonfun$transformWith$1(Promise.scala:41)
[2026-10-05T17:13:53.589+0000] {subprocess.py:93} INFO - 	at scala.concurrent.impl.CallbackRunnable.run(Promise.scala:64)
[2026-10-05T17:13:53.589+0000] {subprocess.py:93} INFO - 	at org.apache.spark.util.ThreadUtils$$anon$1.execute(ThreadUtils.scala:99)
[2026-10-05T17:13:53.590+0000] {subprocess.py:93} INFO - 	at scala.concurrent.impl.ExecutionContextImpl$$anon$4.execute(ExecutionContextImpl.scala:138)
[2026-10-05T17:13:53.590+0000] {subprocess.py:93} INFO - 	at scala.concurrent.impl.CallbackRunnable.executeWithValue(Promise.scala:72)
[2026-10-05T17:13:53.590+0000] {subprocess.py:93} INFO - 	at scala.concurrent.impl.Promise$DefaultPromise.$anonfun$tryComplete$1(Promise.scala:288)
[2026-10-05T17:13:53.591+0000] {subprocess.py:93} INFO - 	at scala.concurrent.impl.Promise$DefaultPromise.$anonfun$tryComplete$1$adapted(Promise.scala:288)
[2026-10-05T17:13:53.591+0000] {subprocess.py:93} INFO - 	at scala.concurrent.impl.Promise$DefaultPromise.tryComplete(Promise.scala:288)
[2026-10-05T17:13:53.592+0000] {subprocess.py:93} INFO - 	at scala.concurrent.Promise.complete(Promise.scala:53)
[2026-10-05T17:13:53.592+0000] {subprocess.py:93} INFO - 	at scala.concurrent.Promise.complete$(Promise.scala:52)
[2026-10-05T17:13:53.593+0000] {subprocess.py:93} INFO - 	at scala.concurrent.impl.Promise$DefaultPromise.complete(Promise.scala:187)
[2026-10-05T17:13:53.593+0000] {subprocess.py:93} INFO - 	at scala.concurrent.impl.Promise.$anonfun$transform$1(Promise.scala:33)
[2026-10-05T17:13:53.594+0000] {subprocess.py:93} INFO - 	at scala.concurrent.impl.CallbackRunnable.run(Promise.scala:64)
[2026-10-05T17:13:53.594+0000] {subprocess.py:93} INFO - 	at org.apache.spark.util.ThreadUtils$$anon$1.execute(ThreadUtils.scala:99)
[2026-10-05T17:13:53.594+0000] {subprocess.py:93} INFO - 	at scala.concurrent.impl.ExecutionContextImpl$$anon$4.execute(ExecutionContextImpl.scala:138)
[2026-10-05T17:13:53.595+0000] {subprocess.py:93} INFO - 	at scala.concurrent.impl.CallbackRunnable.executeWithValue(Promise.scala:72)
[2026-10-05T17:13:53.595+0000] {subprocess.py:93} INFO - 	at scala.concurrent.impl.Promise$DefaultPromise.$anonfun$tryComplete$1(Promise.scala:288)
[2026-10-05T17:13:53.596+0000] {subprocess.py:93} INFO - 	at scala.concurrent.impl.Promise$DefaultPromise.$anonfun$tryComplete$1$adapted(Promise.scala:288)
[2026-10-05T17:13:53.596+0000] {subprocess.py:93} INFO - 	at scala.concurrent.impl.Promise$DefaultPromise.tryComplete(Promise.scala:288)
[2026-10-05T17:13:53.597+0000] {subprocess.py:93} INFO - 	at scala.concurrent.Promise.complete(Promise.scala:53)
[2026-10-05T17:13:53.597+0000] {subprocess.py:93} INFO - 	at scala.concurrent.Promise.complete$(Promise.scala:52)
[2026-10-05T17:13:53.597+0000] {subprocess.py:93} INFO - 	at scala.concurrent.impl.Promise$DefaultPromise.complete(Promise.scala:187)
[2026-10-05T17:13:53.598+0000] {subprocess.py:93} INFO - 	at scala.concurrent.impl.Promise.$anonfun$transform$1(Promise.scala:33)
[2026-10-05T17:13:53.599+0000] {subprocess.py:93} INFO - 	at scala.concurrent.impl.CallbackRunnable.run(Promise.scala:64)
[2026-10-05T17:13:53.599+0000] {subprocess.py:93} INFO - 	at scala.concurrent.BatchingExecutor$Batch.processBatch$1(BatchingExecutor.scala:67)
[2026-10-05T17:13:53.600+0000] {subprocess.py:93} INFO - 	at scala.concurrent.BatchingExecutor$Batch.$anonfun$run$1(BatchingExecutor.scala:82)
[2026-10-05T17:13:53.600+0000] {subprocess.py:93} INFO - 	at scala.runtime.java8.JFunction0$mcV$sp.apply(JFunction0$mcV$sp.java:23)
[2026-10-05T17:13:53.600+0000] {subprocess.py:93} INFO - 	at scala.concurrent.BlockContext$.withBlockContext(BlockContext.scala:85)
[2026-10-05T17:13:53.601+0000] {subprocess.py:93} INFO - 	at scala.concurrent.BatchingExecutor$Batch.run(BatchingExecutor.scala:59)
[2026-10-05T17:13:53.602+0000] {subprocess.py:93} INFO - 	at scala.concurrent.Future$InternalCallbackExecutor$.unbatchedExecute(Future.scala:875)
[2026-10-05T17:13:53.602+0000] {subprocess.py:93} INFO - 	at scala.concurrent.BatchingExecutor.execute(BatchingExecutor.scala:110)
[2026-10-05T17:13:53.603+0000] {subprocess.py:93} INFO - 	at scala.concurrent.BatchingExecutor.execute$(BatchingExecutor.scala:107)
[2026-10-05T17:13:53.603+0000] {subprocess.py:93} INFO - 	at scala.concurrent.Future$InternalCallbackExecutor$.execute(Future.scala:873)
[2026-10-05T17:13:53.604+0000] {subprocess.py:93} INFO - 	at scala.concurrent.impl.CallbackRunnable.executeWithValue(Promise.scala:72)
[2026-10-05T17:13:53.604+0000] {subprocess.py:93} INFO - 	at scala.concurrent.impl.Promise$DefaultPromise.$anonfun$tryComplete$1(Promise.scala:288)
[2026-10-05T17:13:53.604+0000] {subprocess.py:93} INFO - 	at scala.concurrent.impl.Promise$DefaultPromise.$anonfun$tryComplete$1$adapted(Promise.scala:288)
[2026-10-05T17:13:53.605+0000] {subprocess.py:93} INFO - 	at scala.concurrent.impl.Promise$DefaultPromise.tryComplete(Promise.scala:288)
[2026-10-05T17:13:53.605+0000] {subprocess.py:93} INFO - 	at scala.concurrent.Promise.trySuccess(Promise.scala:94)
[2026-10-05T17:13:53.606+0000] {subprocess.py:93} INFO - 	at scala.concurrent.Promise.trySuccess$(Promise.scala:94)
[2026-10-05T17:13:53.608+0000] {subprocess.py:93} INFO - 	at scala.concurrent.impl.Promise$DefaultPromise.trySuccess(Promise.scala:187)
[2026-10-05T17:13:53.610+0000] {subprocess.py:93} INFO - 	at org.apache.spark.rpc.netty.NettyRpcEnv.onSuccess$1(NettyRpcEnv.scala:225)
[2026-10-05T17:13:53.612+0000] {subprocess.py:93} INFO - 	at org.apache.spark.rpc.netty.NettyRpcEnv.$anonfun$askAbortable$5(NettyRpcEnv.scala:239)
[2026-10-05T17:13:53.614+0000] {subprocess.py:93} INFO - 	at org.apache.spark.rpc.netty.NettyRpcEnv.$anonfun$askAbortable$5$adapted(NettyRpcEnv.scala:238)
[2026-10-05T17:13:53.615+0000] {subprocess.py:93} INFO - 	at scala.concurrent.impl.CallbackRunnable.run(Promise.scala:64)
[2026-10-05T17:13:53.616+0000] {subprocess.py:93} INFO - 	at org.apache.spark.util.ThreadUtils$$anon$1.execute(ThreadUtils.scala:99)
[2026-10-05T17:13:53.616+0000] {subprocess.py:93} INFO - 	at scala.concurrent.impl.ExecutionContextImpl$$anon$4.execute(ExecutionContextImpl.scala:138)
[2026-10-05T17:13:53.617+0000] {subprocess.py:93} INFO - 	at scala.concurrent.impl.CallbackRunnable.executeWithValue(Promise.scala:72)
[2026-10-05T17:13:53.618+0000] {subprocess.py:93} INFO - 	at scala.concurrent.impl.Promise$DefaultPromise.$anonfun$tryComplete$1(Promise.scala:288)
[2026-10-05T17:13:53.618+0000] {subprocess.py:93} INFO - 	at scala.concurrent.impl.Promise$DefaultPromise.$anonfun$tryComplete$1$adapted(Promise.scala:288)
[2026-10-05T17:13:53.620+0000] {subprocess.py:93} INFO - 	at scala.concurrent.impl.Promise$DefaultPromise.tryComplete(Promise.scala:288)
[2026-10-05T17:13:53.622+0000] {subprocess.py:93} INFO - 	at scala.concurrent.Promise.complete(Promise.scala:53)
[2026-10-05T17:13:53.623+0000] {subprocess.py:93} INFO - 	at scala.concurrent.Promise.complete$(Promise.scala:52)
[2026-10-05T17:13:53.624+0000] {subprocess.py:93} INFO - 	at scala.concurrent.impl.Promise$DefaultPromise.complete(Promise.scala:187)
[2026-10-05T17:13:53.625+0000] {subprocess.py:93} INFO - 	at scala.concurrent.Promise.success(Promise.scala:86)
[2026-10-05T17:13:53.625+0000] {subprocess.py:93} INFO - 	at scala.concurrent.Promise.success$(Promise.scala:86)
[2026-10-05T17:13:53.626+0000] {subprocess.py:93} INFO - 	at scala.concurrent.impl.Promise$DefaultPromise.success(Promise.scala:187)
[2026-10-05T17:13:53.627+0000] {subprocess.py:93} INFO - 	at org.apache.spark.rpc.netty.LocalNettyRpcCallContext.send(NettyRpcCallContext.scala:50)
[2026-10-05T17:13:53.627+0000] {subprocess.py:93} INFO - 	at org.apache.spark.rpc.netty.NettyRpcCallContext.reply(NettyRpcCallContext.scala:32)
[2026-10-05T17:13:53.628+0000] {subprocess.py:93} INFO - 	at org.apache.spark.rpc.netty.RpcEndpointVerifier$$anonfun$receiveAndReply$1.applyOrElse(RpcEndpointVerifier.scala:31)
[2026-10-05T17:13:53.628+0000] {subprocess.py:93} INFO - 	... 8 more
[2026-10-05T17:14:47.380+0000] {subprocess.py:93} INFO - 26/10/05 17:14:02 WARN Executor: Issue communicating with driver in heartbeater
[2026-10-05T17:14:47.382+0000] {subprocess.py:93} INFO - org.apache.spark.SparkException: Exception thrown in awaitResult:
[2026-10-05T17:14:47.382+0000] {subprocess.py:93} INFO - 	at org.apache.spark.util.SparkThreadUtils$.awaitResult(SparkThreadUtils.scala:56)
[2026-10-05T17:14:47.383+0000] {subprocess.py:93} INFO - 	at org.apache.spark.util.ThreadUtils$.awaitResult(ThreadUtils.scala:310)
[2026-10-05T17:14:47.383+0000] {subprocess.py:93} INFO - 	at org.apache.spark.rpc.RpcTimeout.awaitResult(RpcTimeout.scala:75)
[2026-10-05T17:14:47.384+0000] {subprocess.py:93} INFO - 	at org.apache.spark.rpc.RpcEndpointRef.askSync(RpcEndpointRef.scala:101)
[2026-10-05T17:14:47.384+0000] {subprocess.py:93} INFO - 	at org.apache.spark.rpc.RpcEndpointRef.askSync(RpcEndpointRef.scala:85)
[2026-10-05T17:14:47.385+0000] {subprocess.py:93} INFO - 	at org.apache.spark.storage.BlockManagerMaster.registerBlockManager(BlockManagerMaster.scala:80)
[2026-10-05T17:14:47.386+0000] {subprocess.py:93} INFO - 	at org.apache.spark.storage.BlockManager.reregister(BlockManager.scala:642)
[2026-10-05T17:14:47.386+0000] {subprocess.py:93} INFO - 	at org.apache.spark.executor.Executor.reportHeartBeat(Executor.scala:1223)
[2026-10-05T17:14:47.387+0000] {subprocess.py:93} INFO - 	at org.apache.spark.executor.Executor.$anonfun$heartbeater$1(Executor.scala:295)
[2026-10-05T17:14:47.387+0000] {subprocess.py:93} INFO - 	at scala.runtime.java8.JFunction0$mcV$sp.apply(JFunction0$mcV$sp.java:23)
[2026-10-05T17:14:47.388+0000] {subprocess.py:93} INFO - 	at org.apache.spark.util.Utils$.logUncaughtExceptions(Utils.scala:1928)
[2026-10-05T17:14:47.388+0000] {subprocess.py:93} INFO - 	at org.apache.spark.Heartbeater$$anon$1.run(Heartbeater.scala:46)
[2026-10-05T17:14:47.388+0000] {subprocess.py:93} INFO - 	at java.base/java.util.concurrent.Executors$RunnableAdapter.call(Unknown Source)
[2026-10-05T17:14:47.389+0000] {subprocess.py:93} INFO - 	at java.base/java.util.concurrent.FutureTask.runAndReset(Unknown Source)
[2026-10-05T17:14:47.389+0000] {subprocess.py:93} INFO - 	at java.base/java.util.concurrent.ScheduledThreadPoolExecutor$ScheduledFutureTask.run(Unknown Source)
[2026-10-05T17:14:47.390+0000] {subprocess.py:93} INFO - 	at java.base/java.util.concurrent.ThreadPoolExecutor.runWorker(Unknown Source)
[2026-10-05T17:14:47.390+0000] {subprocess.py:93} INFO - 	at java.base/java.util.concurrent.ThreadPoolExecutor$Worker.run(Unknown Source)
[2026-10-05T17:14:47.391+0000] {subprocess.py:93} INFO - 	at java.base/java.lang.Thread.run(Unknown Source)
[2026-10-05T17:14:47.391+0000] {subprocess.py:93} INFO - Caused by: org.apache.spark.SparkException: Exception thrown in awaitResult:
[2026-10-05T17:14:47.392+0000] {subprocess.py:93} INFO - 	at org.apache.spark.util.SparkThreadUtils$.awaitResult(SparkThreadUtils.scala:56)
[2026-10-05T17:14:47.393+0000] {subprocess.py:93} INFO - 	at org.apache.spark.util.ThreadUtils$.awaitResult(ThreadUtils.scala:310)
[2026-10-05T17:14:47.394+0000] {subprocess.py:93} INFO - 	at org.apache.spark.rpc.RpcTimeout.awaitResult(RpcTimeout.scala:75)
[2026-10-05T17:14:47.395+0000] {subprocess.py:93} INFO - 	at org.apache.spark.rpc.RpcEnv.setupEndpointRefByURI(RpcEnv.scala:102)
[2026-10-05T17:14:47.395+0000] {subprocess.py:93} INFO - 	at org.apache.spark.rpc.RpcEnv.setupEndpointRef(RpcEnv.scala:110)
[2026-10-05T17:14:47.396+0000] {subprocess.py:93} INFO - 	at org.apache.spark.util.RpcUtils$.makeDriverRef(RpcUtils.scala:36)
[2026-10-05T17:14:47.396+0000] {subprocess.py:93} INFO - 	at org.apache.spark.storage.BlockManagerMasterEndpoint.driverEndpoint$lzycompute(BlockManagerMasterEndpoint.scala:124)
[2026-10-05T17:14:47.397+0000] {subprocess.py:93} INFO - 	at org.apache.spark.storage.BlockManagerMasterEndpoint.org$apache$spark$storage$BlockManagerMasterEndpoint$$driverEndpoint(BlockManagerMasterEndpoint.scala:123)
[2026-10-05T17:14:47.397+0000] {subprocess.py:93} INFO - 	at org.apache.spark.storage.BlockManagerMasterEndpoint.isExecutorAlive$lzycompute$1(BlockManagerMasterEndpoint.scala:688)
[2026-10-05T17:14:47.398+0000] {subprocess.py:93} INFO - 	at org.apache.spark.storage.BlockManagerMasterEndpoint.isExecutorAlive$1(BlockManagerMasterEndpoint.scala:687)
[2026-10-05T17:14:47.398+0000] {subprocess.py:93} INFO - 	at org.apache.spark.storage.BlockManagerMasterEndpoint.org$apache$spark$storage$BlockManagerMasterEndpoint$$register(BlockManagerMasterEndpoint.scala:725)
[2026-10-05T17:14:47.399+0000] {subprocess.py:93} INFO - 	at org.apache.spark.storage.BlockManagerMasterEndpoint$$anonfun$receiveAndReply$1.applyOrElse(BlockManagerMasterEndpoint.scala:133)
[2026-10-05T17:14:47.399+0000] {subprocess.py:93} INFO - 	at org.apache.spark.rpc.netty.Inbox.$anonfun$process$1(Inbox.scala:103)
[2026-10-05T17:14:47.400+0000] {subprocess.py:93} INFO - 	at org.apache.spark.rpc.netty.Inbox.safelyCall(Inbox.scala:213)
[2026-10-05T17:14:47.400+0000] {subprocess.py:93} INFO - 	at org.apache.spark.rpc.netty.Inbox.process(Inbox.scala:100)
[2026-10-05T17:14:47.402+0000] {subprocess.py:93} INFO - 	at org.apache.spark.rpc.netty.MessageLoop.org$apache$spark$rpc$netty$MessageLoop$$receiveLoop(MessageLoop.scala:75)
[2026-10-05T17:14:47.402+0000] {subprocess.py:93} INFO - 	at org.apache.spark.rpc.netty.MessageLoop$$anon$1.run(MessageLoop.scala:41)
[2026-10-05T17:14:47.403+0000] {subprocess.py:93} INFO - 	... 3 more
[2026-10-05T17:14:47.403+0000] {subprocess.py:93} INFO - Caused by: org.apache.spark.rpc.RpcEndpointNotFoundException: Cannot find endpoint: spark://CoarseGrainedScheduler@d2c30ec5c415:45737
[2026-10-05T17:14:47.404+0000] {subprocess.py:93} INFO - 	at org.apache.spark.rpc.netty.NettyRpcEnv.$anonfun$asyncSetupEndpointRefByURI$1(NettyRpcEnv.scala:148)
[2026-10-05T17:14:47.404+0000] {subprocess.py:93} INFO - 	at org.apache.spark.rpc.netty.NettyRpcEnv.$anonfun$asyncSetupEndpointRefByURI$1$adapted(NettyRpcEnv.scala:144)
[2026-10-05T17:14:47.405+0000] {subprocess.py:93} INFO - 	at scala.concurrent.Future.$anonfun$flatMap$1(Future.scala:307)
[2026-10-05T17:14:47.405+0000] {subprocess.py:93} INFO - 	at scala.concurrent.impl.Promise.$anonfun$transformWith$1(Promise.scala:41)
[2026-10-05T17:14:47.406+0000] {subprocess.py:93} INFO - 	at scala.concurrent.impl.CallbackRunnable.run(Promise.scala:64)
[2026-10-05T17:14:47.406+0000] {subprocess.py:93} INFO - 	at org.apache.spark.util.ThreadUtils$$anon$1.execute(ThreadUtils.scala:99)
[2026-10-05T17:14:47.406+0000] {subprocess.py:93} INFO - 	at scala.concurrent.impl.ExecutionContextImpl$$anon$4.execute(ExecutionContextImpl.scala:138)
[2026-10-05T17:14:47.407+0000] {subprocess.py:93} INFO - 	at scala.concurrent.impl.CallbackRunnable.executeWithValue(Promise.scala:72)
[2026-10-05T17:14:47.407+0000] {subprocess.py:93} INFO - 	at scala.concurrent.impl.Promise$DefaultPromise.dispatchOrAddCallback(Promise.scala:316)
[2026-10-05T17:14:47.408+0000] {subprocess.py:93} INFO - 	at scala.concurrent.impl.Promise$DefaultPromise.onComplete(Promise.scala:307)
[2026-10-05T17:14:47.408+0000] {subprocess.py:93} INFO - 	at scala.concurrent.impl.Promise.transformWith(Promise.scala:40)
[2026-10-05T17:14:47.409+0000] {subprocess.py:93} INFO - 	at scala.concurrent.impl.Promise.transformWith$(Promise.scala:38)
[2026-10-05T17:14:47.410+0000] {subprocess.py:93} INFO - 	at scala.concurrent.impl.Promise$DefaultPromise.transformWith(Promise.scala:187)
[2026-10-05T17:14:47.410+0000] {subprocess.py:93} INFO - 	at scala.concurrent.Future.flatMap(Future.scala:306)
[2026-10-05T17:14:47.411+0000] {subprocess.py:93} INFO - 	at scala.concurrent.Future.flatMap$(Future.scala:306)
[2026-10-05T17:14:47.411+0000] {subprocess.py:93} INFO - 	at scala.concurrent.impl.Promise$DefaultPromise.flatMap(Promise.scala:187)
[2026-10-05T17:14:47.412+0000] {subprocess.py:93} INFO - 	at org.apache.spark.rpc.netty.NettyRpcEnv.asyncSetupEndpointRefByURI(NettyRpcEnv.scala:150)
[2026-10-05T17:14:47.412+0000] {subprocess.py:93} INFO - 	... 17 more
[2026-10-05T17:14:47.413+0000] {subprocess.py:93} INFO - 26/10/05 17:14:02 ERROR Inbox: Ignoring error
[2026-10-05T17:14:47.414+0000] {subprocess.py:93} INFO - org.apache.spark.SparkException: Exception thrown in awaitResult:
[2026-10-05T17:14:47.415+0000] {subprocess.py:93} INFO - 	at org.apache.spark.util.SparkThreadUtils$.awaitResult(SparkThreadUtils.scala:56)
[2026-10-05T17:14:47.416+0000] {subprocess.py:93} INFO - 	at org.apache.spark.util.ThreadUtils$.awaitResult(ThreadUtils.scala:310)
[2026-10-05T17:14:47.416+0000] {subprocess.py:93} INFO - 	at org.apache.spark.rpc.RpcTimeout.awaitResult(RpcTimeout.scala:75)
[2026-10-05T17:14:47.417+0000] {subprocess.py:93} INFO - 	at org.apache.spark.rpc.RpcEnv.setupEndpointRefByURI(RpcEnv.scala:102)
[2026-10-05T17:14:47.417+0000] {subprocess.py:93} INFO - 	at org.apache.spark.rpc.RpcEnv.setupEndpointRef(RpcEnv.scala:110)
[2026-10-05T17:14:47.418+0000] {subprocess.py:93} INFO - 	at org.apache.spark.util.RpcUtils$.makeDriverRef(RpcUtils.scala:36)
[2026-10-05T17:14:47.418+0000] {subprocess.py:93} INFO - 	at org.apache.spark.storage.BlockManagerMasterEndpoint.driverEndpoint$lzycompute(BlockManagerMasterEndpoint.scala:124)
[2026-10-05T17:14:47.418+0000] {subprocess.py:93} INFO - 	at org.apache.spark.storage.BlockManagerMasterEndpoint.org$apache$spark$storage$BlockManagerMasterEndpoint$$driverEndpoint(BlockManagerMasterEndpoint.scala:123)
[2026-10-05T17:14:47.419+0000] {subprocess.py:93} INFO - 	at org.apache.spark.storage.BlockManagerMasterEndpoint.isExecutorAlive$lzycompute$1(BlockManagerMasterEndpoint.scala:688)
[2026-10-05T17:14:47.420+0000] {subprocess.py:93} INFO - 	at org.apache.spark.storage.BlockManagerMasterEndpoint.isExecutorAlive$1(BlockManagerMasterEndpoint.scala:687)
[2026-10-05T17:14:47.420+0000] {subprocess.py:93} INFO - 	at org.apache.spark.storage.BlockManagerMasterEndpoint.org$apache$spark$storage$BlockManagerMasterEndpoint$$register(BlockManagerMasterEndpoint.scala:725)
[2026-10-05T17:14:47.421+0000] {subprocess.py:93} INFO - 	at org.apache.spark.storage.BlockManagerMasterEndpoint$$anonfun$receiveAndReply$1.applyOrElse(BlockManagerMasterEndpoint.scala:133)
[2026-10-05T17:14:47.421+0000] {subprocess.py:93} INFO - 	at org.apache.spark.rpc.netty.Inbox.$anonfun$process$1(Inbox.scala:103)
[2026-10-05T17:14:47.422+0000] {subprocess.py:93} INFO - 	at org.apache.spark.rpc.netty.Inbox.safelyCall(Inbox.scala:213)
[2026-10-05T17:14:47.422+0000] {subprocess.py:93} INFO - 	at org.apache.spark.rpc.netty.Inbox.process(Inbox.scala:100)
[2026-10-05T17:14:47.422+0000] {subprocess.py:93} INFO - 	at org.apache.spark.rpc.netty.MessageLoop.org$apache$spark$rpc$netty$MessageLoop$$receiveLoop(MessageLoop.scala:75)
[2026-10-05T17:14:47.423+0000] {subprocess.py:93} INFO - 	at org.apache.spark.rpc.netty.MessageLoop$$anon$1.run(MessageLoop.scala:41)
[2026-10-05T17:14:47.424+0000] {subprocess.py:93} INFO - 	at java.base/java.util.concurrent.ThreadPoolExecutor.runWorker(Unknown Source)
[2026-10-05T17:14:47.424+0000] {subprocess.py:93} INFO - 	at java.base/java.util.concurrent.ThreadPoolExecutor$Worker.run(Unknown Source)
[2026-10-05T17:14:47.425+0000] {subprocess.py:93} INFO - 	at java.base/java.lang.Thread.run(Unknown Source)
[2026-10-05T17:14:47.425+0000] {subprocess.py:93} INFO - Caused by: org.apache.spark.rpc.RpcEndpointNotFoundException: Cannot find endpoint: spark://CoarseGrainedScheduler@d2c30ec5c415:45737
[2026-10-05T17:14:47.427+0000] {subprocess.py:93} INFO - 	at org.apache.spark.rpc.netty.NettyRpcEnv.$anonfun$asyncSetupEndpointRefByURI$1(NettyRpcEnv.scala:148)
[2026-10-05T17:14:47.428+0000] {subprocess.py:93} INFO - 	at org.apache.spark.rpc.netty.NettyRpcEnv.$anonfun$asyncSetupEndpointRefByURI$1$adapted(NettyRpcEnv.scala:144)
[2026-10-05T17:14:47.429+0000] {subprocess.py:93} INFO - 	at scala.concurrent.Future.$anonfun$flatMap$1(Future.scala:307)
[2026-10-05T17:14:47.430+0000] {subprocess.py:93} INFO - 	at scala.concurrent.impl.Promise.$anonfun$transformWith$1(Promise.scala:41)
[2026-10-05T17:14:47.430+0000] {subprocess.py:93} INFO - 	at scala.concurrent.impl.CallbackRunnable.run(Promise.scala:64)
[2026-10-05T17:14:47.431+0000] {subprocess.py:93} INFO - 	at org.apache.spark.util.ThreadUtils$$anon$1.execute(ThreadUtils.scala:99)
[2026-10-05T17:14:47.431+0000] {subprocess.py:93} INFO - 	at scala.concurrent.impl.ExecutionContextImpl$$anon$4.execute(ExecutionContextImpl.scala:138)
[2026-10-05T17:14:47.432+0000] {subprocess.py:93} INFO - 	at scala.concurrent.impl.CallbackRunnable.executeWithValue(Promise.scala:72)
[2026-10-05T17:14:47.432+0000] {subprocess.py:93} INFO - 	at scala.concurrent.impl.Promise$DefaultPromise.dispatchOrAddCallback(Promise.scala:316)
[2026-10-05T17:14:47.433+0000] {subprocess.py:93} INFO - 	at scala.concurrent.impl.Promise$DefaultPromise.onComplete(Promise.scala:307)
[2026-10-05T17:14:47.433+0000] {subprocess.py:93} INFO - 	at scala.concurrent.impl.Promise.transformWith(Promise.scala:40)
[2026-10-05T17:14:47.434+0000] {subprocess.py:93} INFO - 	at scala.concurrent.impl.Promise.transformWith$(Promise.scala:38)
[2026-10-05T17:14:47.434+0000] {subprocess.py:93} INFO - 	at scala.concurrent.impl.Promise$DefaultPromise.transformWith(Promise.scala:187)
[2026-10-05T17:14:47.435+0000] {subprocess.py:93} INFO - 	at scala.concurrent.Future.flatMap(Future.scala:306)
[2026-10-05T17:14:47.435+0000] {subprocess.py:93} INFO - 	at scala.concurrent.Future.flatMap$(Future.scala:306)
[2026-10-05T17:14:47.436+0000] {subprocess.py:93} INFO - 	at scala.concurrent.impl.Promise$DefaultPromise.flatMap(Promise.scala:187)
[2026-10-05T17:14:47.436+0000] {subprocess.py:93} INFO - 	at org.apache.spark.rpc.netty.NettyRpcEnv.asyncSetupEndpointRefByURI(NettyRpcEnv.scala:150)
[2026-10-05T17:14:47.437+0000] {subprocess.py:93} INFO - 	... 17 more
[2026-10-05T17:14:47.657+0000] {subprocess.py:97} INFO - Command exited with return code 137
[2026-10-05T17:14:47.668+0000] {taskinstance.py:441} INFO - ::group::Post task execution logs
[2026-10-05T17:14:47.727+0000] {taskinstance.py:2905} ERROR - Task failed with exception
Traceback (most recent call last):
  File "/home/airflow/.local/lib/python3.12/site-packages/airflow/models/taskinstance.py", line 465, in _execute_task
    result = _execute_callable(context=context, **execute_callable_kwargs)
             ^^^^^^^^^^^^^^^^^^^^^^^^^^^^^^^^^^^^^^^^^^^^^^^^^^^^^^^^^^^^^
  File "/home/airflow/.local/lib/python3.12/site-packages/airflow/models/taskinstance.py", line 432, in _execute_callable
    return execute_callable(context=context, **execute_callable_kwargs)
           ^^^^^^^^^^^^^^^^^^^^^^^^^^^^^^^^^^^^^^^^^^^^^^^^^^^^^^^^^^^^
  File "/home/airflow/.local/lib/python3.12/site-packages/airflow/models/baseoperator.py", line 401, in wrapper
    return func(self, *args, **kwargs)
           ^^^^^^^^^^^^^^^^^^^^^^^^^^^
  File "/home/airflow/.local/lib/python3.12/site-packages/airflow/operators/bash.py", line 243, in execute
    raise AirflowException(
airflow.exceptions.AirflowException: Bash command failed. The command returned a non-zero exit code 137.
[2026-10-05T17:14:47.761+0000] {taskinstance.py:1206} INFO - Marking task as FAILED. dag_id=daily_summary_dag, task_id=run_daily_summary_job, run_id=manual__2026-10-05T17:10:56.263799+00:00, execution_date=20261005T171056, start_date=20261005T171059, end_date=20261005T171447
[2026-10-05T17:14:47.826+0000] {standard_task_runner.py:110} ERROR - Failed to execute job 4 for task run_daily_summary_job (Bash command failed. The command returned a non-zero exit code 137.; 795)
[2026-10-05T17:14:47.878+0000] {local_task_job_runner.py:243} INFO - Task exited with return code 1
[2026-10-05T17:14:47.935+0000] {taskinstance.py:3503} INFO - 0 downstream tasks scheduled from follow-on schedule check
[2026-10-05T17:14:47.938+0000] {local_task_job_runner.py:222} INFO - ::endgroup::
