[2026-10-05T17:05:58.892+0000] {processor.py:161} INFO - Started process (PID=658) to work on /opt/airflow/dags/daily_summary_dag.py
[2026-10-05T17:05:58.895+0000] {processor.py:830} INFO - Processing file /opt/airflow/dags/daily_summary_dag.py for tasks to queue
[2026-10-05T17:05:58.931+0000] {logging_mixin.py:188} INFO - [2026-10-05T17:05:58.925+0000] {dagbag.py:545} INFO - Filling up the DagBag from /opt/airflow/dags/daily_summary_dag.py
[2026-10-05T17:05:59.091+0000] {processor.py:840} INFO - DAG(s) 'daily_summary_dag' retrieved from /opt/airflow/dags/daily_summary_dag.py
[2026-10-05T17:06:00.330+0000] {logging_mixin.py:188} INFO - [2026-10-05T17:06:00.328+0000] {override.py:1858} INFO - Created Permission View: can edit on DAG:daily_summary_dag
[2026-10-05T17:06:00.374+0000] {logging_mixin.py:188} INFO - [2026-10-05T17:06:00.374+0000] {override.py:1858} INFO - Created Permission View: can read on DAG:daily_summary_dag
[2026-10-05T17:06:00.389+0000] {logging_mixin.py:188} INFO - [2026-10-05T17:06:00.388+0000] {override.py:1858} INFO - Created Permission View: can delete on DAG:daily_summary_dag
[2026-10-05T17:06:00.391+0000] {logging_mixin.py:188} INFO - [2026-10-05T17:06:00.390+0000] {dag.py:3089} INFO - Sync 1 DAGs
[2026-10-05T17:06:00.494+0000] {logging_mixin.py:188} INFO - [2026-10-05T17:06:00.493+0000] {dag.py:3111} INFO - Creating ORM DAG for daily_summary_dag
[2026-10-05T17:06:00.503+0000] {logging_mixin.py:188} INFO - [2026-10-05T17:06:00.502+0000] {dag.py:3947} INFO - Setting next_dagrun for daily_summary_dag to None, run_after=None
[2026-10-05T17:06:00.602+0000] {processor.py:183} INFO - Processing /opt/airflow/dags/daily_summary_dag.py took 1.790 seconds
[2026-10-05T17:06:30.902+0000] {processor.py:161} INFO - Started process (PID=669) to work on /opt/airflow/dags/daily_summary_dag.py
[2026-10-05T17:06:30.904+0000] {processor.py:830} INFO - Processing file /opt/airflow/dags/daily_summary_dag.py for tasks to queue
[2026-10-05T17:06:30.906+0000] {logging_mixin.py:188} INFO - [2026-10-05T17:06:30.906+0000] {dagbag.py:545} INFO - Filling up the DagBag from /opt/airflow/dags/daily_summary_dag.py
[2026-10-05T17:06:30.929+0000] {processor.py:840} INFO - DAG(s) 'daily_summary_dag' retrieved from /opt/airflow/dags/daily_summary_dag.py
[2026-10-05T17:06:31.008+0000] {logging_mixin.py:188} INFO - [2026-10-05T17:06:31.007+0000] {dag.py:3089} INFO - Sync 1 DAGs
[2026-10-05T17:06:31.027+0000] {logging_mixin.py:188} INFO - [2026-10-05T17:06:31.026+0000] {dag.py:3947} INFO - Setting next_dagrun for daily_summary_dag to None, run_after=None
[2026-10-05T17:06:31.055+0000] {processor.py:183} INFO - Processing /opt/airflow/dags/daily_summary_dag.py took 0.175 seconds
[2026-10-05T17:06:39.124+0000] {processor.py:161} INFO - Started process (PID=674) to work on /opt/airflow/dags/daily_summary_dag.py
[2026-10-05T17:06:39.129+0000] {processor.py:830} INFO - Processing file /opt/airflow/dags/daily_summary_dag.py for tasks to queue
[2026-10-05T17:06:39.182+0000] {logging_mixin.py:188} INFO - [2026-10-05T17:06:39.175+0000] {dagbag.py:545} INFO - Filling up the DagBag from /opt/airflow/dags/daily_summary_dag.py
[2026-10-05T17:06:39.401+0000] {processor.py:840} INFO - DAG(s) 'daily_summary_dag' retrieved from /opt/airflow/dags/daily_summary_dag.py
[2026-10-05T17:06:39.689+0000] {logging_mixin.py:188} INFO - [2026-10-05T17:06:39.688+0000] {dag.py:3089} INFO - Sync 1 DAGs
[2026-10-05T17:06:39.855+0000] {logging_mixin.py:188} INFO - [2026-10-05T17:06:39.855+0000] {dag.py:3947} INFO - Setting next_dagrun for daily_summary_dag to None, run_after=None
[2026-10-05T17:06:39.953+0000] {processor.py:183} INFO - Processing /opt/airflow/dags/daily_summary_dag.py took 0.924 seconds
[2026-10-05T17:07:01.271+0000] {processor.py:161} INFO - Started process (PID=679) to work on /opt/airflow/dags/daily_summary_dag.py
[2026-10-05T17:07:01.274+0000] {processor.py:830} INFO - Processing file /opt/airflow/dags/daily_summary_dag.py for tasks to queue
[2026-10-05T17:07:01.279+0000] {logging_mixin.py:188} INFO - [2026-10-05T17:07:01.278+0000] {dagbag.py:545} INFO - Filling up the DagBag from /opt/airflow/dags/daily_summary_dag.py
[2026-10-05T17:07:01.316+0000] {processor.py:840} INFO - DAG(s) 'daily_summary_dag' retrieved from /opt/airflow/dags/daily_summary_dag.py
[2026-10-05T17:07:01.358+0000] {logging_mixin.py:188} INFO - [2026-10-05T17:07:01.358+0000] {dag.py:3089} INFO - Sync 1 DAGs
[2026-10-05T17:07:01.375+0000] {logging_mixin.py:188} INFO - [2026-10-05T17:07:01.375+0000] {dag.py:3947} INFO - Setting next_dagrun for daily_summary_dag to None, run_after=None
[2026-10-05T17:07:01.411+0000] {processor.py:183} INFO - Processing /opt/airflow/dags/daily_summary_dag.py took 0.151 seconds
[2026-10-05T17:07:10.192+0000] {processor.py:161} INFO - Started process (PID=684) to work on /opt/airflow/dags/daily_summary_dag.py
[2026-10-05T17:07:10.193+0000] {processor.py:830} INFO - Processing file /opt/airflow/dags/daily_summary_dag.py for tasks to queue
[2026-10-05T17:07:10.195+0000] {logging_mixin.py:188} INFO - [2026-10-05T17:07:10.195+0000] {dagbag.py:545} INFO - Filling up the DagBag from /opt/airflow/dags/daily_summary_dag.py
[2026-10-05T17:07:10.215+0000] {processor.py:840} INFO - DAG(s) 'daily_summary_dag' retrieved from /opt/airflow/dags/daily_summary_dag.py
[2026-10-05T17:07:10.251+0000] {logging_mixin.py:188} INFO - [2026-10-05T17:07:10.251+0000] {dag.py:3089} INFO - Sync 1 DAGs
[2026-10-05T17:07:10.267+0000] {logging_mixin.py:188} INFO - [2026-10-05T17:07:10.266+0000] {dag.py:3947} INFO - Setting next_dagrun for daily_summary_dag to None, run_after=None
[2026-10-05T17:07:10.295+0000] {processor.py:183} INFO - Processing /opt/airflow/dags/daily_summary_dag.py took 0.108 seconds
[2026-10-05T17:07:31.622+0000] {processor.py:161} INFO - Started process (PID=689) to work on /opt/airflow/dags/daily_summary_dag.py
[2026-10-05T17:07:31.623+0000] {processor.py:830} INFO - Processing file /opt/airflow/dags/daily_summary_dag.py for tasks to queue
[2026-10-05T17:07:31.626+0000] {logging_mixin.py:188} INFO - [2026-10-05T17:07:31.625+0000] {dagbag.py:545} INFO - Filling up the DagBag from /opt/airflow/dags/daily_summary_dag.py
[2026-10-05T17:07:31.647+0000] {processor.py:840} INFO - DAG(s) 'daily_summary_dag' retrieved from /opt/airflow/dags/daily_summary_dag.py
[2026-10-05T17:07:31.704+0000] {logging_mixin.py:188} INFO - [2026-10-05T17:07:31.703+0000] {dag.py:3089} INFO - Sync 1 DAGs
[2026-10-05T17:07:31.724+0000] {logging_mixin.py:188} INFO - [2026-10-05T17:07:31.723+0000] {dag.py:3947} INFO - Setting next_dagrun for daily_summary_dag to None, run_after=None
[2026-10-05T17:07:31.760+0000] {processor.py:183} INFO - Processing /opt/airflow/dags/daily_summary_dag.py took 0.145 seconds
[2026-10-05T17:07:32.487+0000] {processor.py:161} INFO - Started process (PID=694) to work on /opt/airflow/dags/daily_summary_dag.py
[2026-10-05T17:07:32.492+0000] {processor.py:830} INFO - Processing file /opt/airflow/dags/daily_summary_dag.py for tasks to queue
[2026-10-05T17:07:32.553+0000] {logging_mixin.py:188} INFO - [2026-10-05T17:07:32.547+0000] {dagbag.py:545} INFO - Filling up the DagBag from /opt/airflow/dags/daily_summary_dag.py
[2026-10-05T17:07:32.777+0000] {processor.py:840} INFO - DAG(s) 'daily_summary_dag' retrieved from /opt/airflow/dags/daily_summary_dag.py
[2026-10-05T17:07:33.021+0000] {logging_mixin.py:188} INFO - [2026-10-05T17:07:33.021+0000] {dag.py:3089} INFO - Sync 1 DAGs
[2026-10-05T17:07:33.126+0000] {logging_mixin.py:188} INFO - [2026-10-05T17:07:33.124+0000] {dag.py:3947} INFO - Setting next_dagrun for daily_summary_dag to None, run_after=None
[2026-10-05T17:07:33.237+0000] {processor.py:183} INFO - Processing /opt/airflow/dags/daily_summary_dag.py took 0.847 seconds
[2026-10-05T17:07:40.374+0000] {processor.py:161} INFO - Started process (PID=699) to work on /opt/airflow/dags/daily_summary_dag.py
[2026-10-05T17:07:40.376+0000] {processor.py:830} INFO - Processing file /opt/airflow/dags/daily_summary_dag.py for tasks to queue
[2026-10-05T17:07:40.380+0000] {logging_mixin.py:188} INFO - [2026-10-05T17:07:40.379+0000] {dagbag.py:545} INFO - Filling up the DagBag from /opt/airflow/dags/daily_summary_dag.py
[2026-10-05T17:07:40.405+0000] {processor.py:840} INFO - DAG(s) 'daily_summary_dag' retrieved from /opt/airflow/dags/daily_summary_dag.py
[2026-10-05T17:07:40.441+0000] {logging_mixin.py:188} INFO - [2026-10-05T17:07:40.441+0000] {dag.py:3089} INFO - Sync 1 DAGs
[2026-10-05T17:07:40.459+0000] {logging_mixin.py:188} INFO - [2026-10-05T17:07:40.458+0000] {dag.py:3947} INFO - Setting next_dagrun for daily_summary_dag to None, run_after=None
[2026-10-05T17:07:40.484+0000] {processor.py:183} INFO - Processing /opt/airflow/dags/daily_summary_dag.py took 0.117 seconds
[2026-10-05T17:08:01.969+0000] {processor.py:161} INFO - Started process (PID=704) to work on /opt/airflow/dags/daily_summary_dag.py
[2026-10-05T17:08:01.970+0000] {processor.py:830} INFO - Processing file /opt/airflow/dags/daily_summary_dag.py for tasks to queue
[2026-10-05T17:08:01.973+0000] {logging_mixin.py:188} INFO - [2026-10-05T17:08:01.972+0000] {dagbag.py:545} INFO - Filling up the DagBag from /opt/airflow/dags/daily_summary_dag.py
[2026-10-05T17:08:01.993+0000] {processor.py:840} INFO - DAG(s) 'daily_summary_dag' retrieved from /opt/airflow/dags/daily_summary_dag.py
[2026-10-05T17:08:02.050+0000] {logging_mixin.py:188} INFO - [2026-10-05T17:08:02.050+0000] {dag.py:3089} INFO - Sync 1 DAGs
[2026-10-05T17:08:02.064+0000] {logging_mixin.py:188} INFO - [2026-10-05T17:08:02.064+0000] {dag.py:3947} INFO - Setting next_dagrun for daily_summary_dag to None, run_after=None
[2026-10-05T17:08:02.087+0000] {processor.py:183} INFO - Processing /opt/airflow/dags/daily_summary_dag.py took 0.124 seconds
[2026-10-05T17:08:03.499+0000] {processor.py:161} INFO - Started process (PID=709) to work on /opt/airflow/dags/daily_summary_dag.py
[2026-10-05T17:08:03.500+0000] {processor.py:830} INFO - Processing file /opt/airflow/dags/daily_summary_dag.py for tasks to queue
[2026-10-05T17:08:03.503+0000] {logging_mixin.py:188} INFO - [2026-10-05T17:08:03.502+0000] {dagbag.py:545} INFO - Filling up the DagBag from /opt/airflow/dags/daily_summary_dag.py
[2026-10-05T17:08:03.524+0000] {processor.py:840} INFO - DAG(s) 'daily_summary_dag' retrieved from /opt/airflow/dags/daily_summary_dag.py
[2026-10-05T17:08:03.555+0000] {logging_mixin.py:188} INFO - [2026-10-05T17:08:03.555+0000] {dag.py:3089} INFO - Sync 1 DAGs
[2026-10-05T17:08:03.568+0000] {logging_mixin.py:188} INFO - [2026-10-05T17:08:03.568+0000] {dag.py:3947} INFO - Setting next_dagrun for daily_summary_dag to None, run_after=None
[2026-10-05T17:08:03.593+0000] {processor.py:183} INFO - Processing /opt/airflow/dags/daily_summary_dag.py took 0.099 seconds
[2026-10-05T17:08:10.657+0000] {processor.py:161} INFO - Started process (PID=714) to work on /opt/airflow/dags/daily_summary_dag.py
[2026-10-05T17:08:10.658+0000] {processor.py:830} INFO - Processing file /opt/airflow/dags/daily_summary_dag.py for tasks to queue
[2026-10-05T17:08:10.660+0000] {logging_mixin.py:188} INFO - [2026-10-05T17:08:10.660+0000] {dagbag.py:545} INFO - Filling up the DagBag from /opt/airflow/dags/daily_summary_dag.py
[2026-10-05T17:08:10.680+0000] {processor.py:840} INFO - DAG(s) 'daily_summary_dag' retrieved from /opt/airflow/dags/daily_summary_dag.py
[2026-10-05T17:08:10.709+0000] {logging_mixin.py:188} INFO - [2026-10-05T17:08:10.708+0000] {dag.py:3089} INFO - Sync 1 DAGs
[2026-10-05T17:08:10.722+0000] {logging_mixin.py:188} INFO - [2026-10-05T17:08:10.722+0000] {dag.py:3947} INFO - Setting next_dagrun for daily_summary_dag to None, run_after=None
[2026-10-05T17:08:10.745+0000] {processor.py:183} INFO - Processing /opt/airflow/dags/daily_summary_dag.py took 0.094 seconds
[2026-10-05T17:08:32.166+0000] {processor.py:161} INFO - Started process (PID=719) to work on /opt/airflow/dags/daily_summary_dag.py
[2026-10-05T17:08:32.168+0000] {processor.py:830} INFO - Processing file /opt/airflow/dags/daily_summary_dag.py for tasks to queue
[2026-10-05T17:08:32.170+0000] {logging_mixin.py:188} INFO - [2026-10-05T17:08:32.170+0000] {dagbag.py:545} INFO - Filling up the DagBag from /opt/airflow/dags/daily_summary_dag.py
[2026-10-05T17:08:32.189+0000] {processor.py:840} INFO - DAG(s) 'daily_summary_dag' retrieved from /opt/airflow/dags/daily_summary_dag.py
[2026-10-05T17:08:32.227+0000] {logging_mixin.py:188} INFO - [2026-10-05T17:08:32.227+0000] {dag.py:3089} INFO - Sync 1 DAGs
[2026-10-05T17:08:32.239+0000] {logging_mixin.py:188} INFO - [2026-10-05T17:08:32.239+0000] {dag.py:3947} INFO - Setting next_dagrun for daily_summary_dag to None, run_after=None
[2026-10-05T17:08:32.261+0000] {processor.py:183} INFO - Processing /opt/airflow/dags/daily_summary_dag.py took 0.100 seconds
[2026-10-05T17:08:33.692+0000] {processor.py:161} INFO - Started process (PID=724) to work on /opt/airflow/dags/daily_summary_dag.py
[2026-10-05T17:08:33.693+0000] {processor.py:830} INFO - Processing file /opt/airflow/dags/daily_summary_dag.py for tasks to queue
[2026-10-05T17:08:33.695+0000] {logging_mixin.py:188} INFO - [2026-10-05T17:08:33.695+0000] {dagbag.py:545} INFO - Filling up the DagBag from /opt/airflow/dags/daily_summary_dag.py
[2026-10-05T17:08:33.716+0000] {processor.py:840} INFO - DAG(s) 'daily_summary_dag' retrieved from /opt/airflow/dags/daily_summary_dag.py
[2026-10-05T17:08:33.751+0000] {logging_mixin.py:188} INFO - [2026-10-05T17:08:33.750+0000] {dag.py:3089} INFO - Sync 1 DAGs
[2026-10-05T17:08:33.764+0000] {logging_mixin.py:188} INFO - [2026-10-05T17:08:33.763+0000] {dag.py:3947} INFO - Setting next_dagrun for daily_summary_dag to None, run_after=None
[2026-10-05T17:08:33.787+0000] {processor.py:183} INFO - Processing /opt/airflow/dags/daily_summary_dag.py took 0.102 seconds
[2026-10-05T17:08:40.855+0000] {processor.py:161} INFO - Started process (PID=729) to work on /opt/airflow/dags/daily_summary_dag.py
[2026-10-05T17:08:40.857+0000] {processor.py:830} INFO - Processing file /opt/airflow/dags/daily_summary_dag.py for tasks to queue
[2026-10-05T17:08:40.860+0000] {logging_mixin.py:188} INFO - [2026-10-05T17:08:40.859+0000] {dagbag.py:545} INFO - Filling up the DagBag from /opt/airflow/dags/daily_summary_dag.py
[2026-10-05T17:08:40.878+0000] {processor.py:840} INFO - DAG(s) 'daily_summary_dag' retrieved from /opt/airflow/dags/daily_summary_dag.py
[2026-10-05T17:08:40.910+0000] {logging_mixin.py:188} INFO - [2026-10-05T17:08:40.910+0000] {dag.py:3089} INFO - Sync 1 DAGs
[2026-10-05T17:08:40.923+0000] {logging_mixin.py:188} INFO - [2026-10-05T17:08:40.923+0000] {dag.py:3947} INFO - Setting next_dagrun for daily_summary_dag to None, run_after=None
[2026-10-05T17:08:40.944+0000] {processor.py:183} INFO - Processing /opt/airflow/dags/daily_summary_dag.py took 0.099 seconds
[2026-10-05T17:09:02.460+0000] {processor.py:161} INFO - Started process (PID=734) to work on /opt/airflow/dags/daily_summary_dag.py
[2026-10-05T17:09:02.461+0000] {processor.py:830} INFO - Processing file /opt/airflow/dags/daily_summary_dag.py for tasks to queue
[2026-10-05T17:09:02.463+0000] {logging_mixin.py:188} INFO - [2026-10-05T17:09:02.463+0000] {dagbag.py:545} INFO - Filling up the DagBag from /opt/airflow/dags/daily_summary_dag.py
[2026-10-05T17:09:02.482+0000] {processor.py:840} INFO - DAG(s) 'daily_summary_dag' retrieved from /opt/airflow/dags/daily_summary_dag.py
[2026-10-05T17:09:02.510+0000] {logging_mixin.py:188} INFO - [2026-10-05T17:09:02.510+0000] {dag.py:3089} INFO - Sync 1 DAGs
[2026-10-05T17:09:02.524+0000] {logging_mixin.py:188} INFO - [2026-10-05T17:09:02.524+0000] {dag.py:3947} INFO - Setting next_dagrun for daily_summary_dag to None, run_after=None
[2026-10-05T17:09:02.547+0000] {processor.py:183} INFO - Processing /opt/airflow/dags/daily_summary_dag.py took 0.091 seconds
[2026-10-05T17:09:03.946+0000] {processor.py:161} INFO - Started process (PID=739) to work on /opt/airflow/dags/daily_summary_dag.py
[2026-10-05T17:09:03.947+0000] {processor.py:830} INFO - Processing file /opt/airflow/dags/daily_summary_dag.py for tasks to queue
[2026-10-05T17:09:03.949+0000] {logging_mixin.py:188} INFO - [2026-10-05T17:09:03.949+0000] {dagbag.py:545} INFO - Filling up the DagBag from /opt/airflow/dags/daily_summary_dag.py
[2026-10-05T17:09:03.970+0000] {processor.py:840} INFO - DAG(s) 'daily_summary_dag' retrieved from /opt/airflow/dags/daily_summary_dag.py
[2026-10-05T17:09:04.012+0000] {logging_mixin.py:188} INFO - [2026-10-05T17:09:04.012+0000] {dag.py:3089} INFO - Sync 1 DAGs
[2026-10-05T17:09:04.028+0000] {logging_mixin.py:188} INFO - [2026-10-05T17:09:04.027+0000] {dag.py:3947} INFO - Setting next_dagrun for daily_summary_dag to None, run_after=None
[2026-10-05T17:09:04.050+0000] {processor.py:183} INFO - Processing /opt/airflow/dags/daily_summary_dag.py took 0.110 seconds
[2026-10-05T17:09:11.115+0000] {processor.py:161} INFO - Started process (PID=744) to work on /opt/airflow/dags/daily_summary_dag.py
[2026-10-05T17:09:11.117+0000] {processor.py:830} INFO - Processing file /opt/airflow/dags/daily_summary_dag.py for tasks to queue
[2026-10-05T17:09:11.119+0000] {logging_mixin.py:188} INFO - [2026-10-05T17:09:11.119+0000] {dagbag.py:545} INFO - Filling up the DagBag from /opt/airflow/dags/daily_summary_dag.py
[2026-10-05T17:09:11.138+0000] {processor.py:840} INFO - DAG(s) 'daily_summary_dag' retrieved from /opt/airflow/dags/daily_summary_dag.py
[2026-10-05T17:09:11.175+0000] {logging_mixin.py:188} INFO - [2026-10-05T17:09:11.175+0000] {dag.py:3089} INFO - Sync 1 DAGs
[2026-10-05T17:09:11.189+0000] {logging_mixin.py:188} INFO - [2026-10-05T17:09:11.188+0000] {dag.py:3947} INFO - Setting next_dagrun for daily_summary_dag to None, run_after=None
[2026-10-05T17:09:11.210+0000] {processor.py:183} INFO - Processing /opt/airflow/dags/daily_summary_dag.py took 0.100 seconds
[2026-10-05T17:09:32.653+0000] {processor.py:161} INFO - Started process (PID=749) to work on /opt/airflow/dags/daily_summary_dag.py
[2026-10-05T17:09:32.654+0000] {processor.py:830} INFO - Processing file /opt/airflow/dags/daily_summary_dag.py for tasks to queue
[2026-10-05T17:09:32.657+0000] {logging_mixin.py:188} INFO - [2026-10-05T17:09:32.657+0000] {dagbag.py:545} INFO - Filling up the DagBag from /opt/airflow/dags/daily_summary_dag.py
[2026-10-05T17:09:32.676+0000] {processor.py:840} INFO - DAG(s) 'daily_summary_dag' retrieved from /opt/airflow/dags/daily_summary_dag.py
[2026-10-05T17:09:32.715+0000] {logging_mixin.py:188} INFO - [2026-10-05T17:09:32.714+0000] {dag.py:3089} INFO - Sync 1 DAGs
[2026-10-05T17:09:32.731+0000] {logging_mixin.py:188} INFO - [2026-10-05T17:09:32.731+0000] {dag.py:3947} INFO - Setting next_dagrun for daily_summary_dag to None, run_after=None
[2026-10-05T17:09:32.765+0000] {processor.py:183} INFO - Processing /opt/airflow/dags/daily_summary_dag.py took 0.122 seconds
[2026-10-05T17:09:34.141+0000] {processor.py:161} INFO - Started process (PID=754) to work on /opt/airflow/dags/daily_summary_dag.py
[2026-10-05T17:09:34.142+0000] {processor.py:830} INFO - Processing file /opt/airflow/dags/daily_summary_dag.py for tasks to queue
[2026-10-05T17:09:34.145+0000] {logging_mixin.py:188} INFO - [2026-10-05T17:09:34.144+0000] {dagbag.py:545} INFO - Filling up the DagBag from /opt/airflow/dags/daily_summary_dag.py
[2026-10-05T17:09:34.165+0000] {processor.py:840} INFO - DAG(s) 'daily_summary_dag' retrieved from /opt/airflow/dags/daily_summary_dag.py
[2026-10-05T17:09:34.197+0000] {logging_mixin.py:188} INFO - [2026-10-05T17:09:34.197+0000] {dag.py:3089} INFO - Sync 1 DAGs
[2026-10-05T17:09:34.214+0000] {logging_mixin.py:188} INFO - [2026-10-05T17:09:34.213+0000] {dag.py:3947} INFO - Setting next_dagrun for daily_summary_dag to None, run_after=None
[2026-10-05T17:09:34.244+0000] {processor.py:183} INFO - Processing /opt/airflow/dags/daily_summary_dag.py took 0.109 seconds
[2026-10-05T17:09:41.291+0000] {processor.py:161} INFO - Started process (PID=759) to work on /opt/airflow/dags/daily_summary_dag.py
[2026-10-05T17:09:41.293+0000] {processor.py:830} INFO - Processing file /opt/airflow/dags/daily_summary_dag.py for tasks to queue
[2026-10-05T17:09:41.295+0000] {logging_mixin.py:188} INFO - [2026-10-05T17:09:41.294+0000] {dagbag.py:545} INFO - Filling up the DagBag from /opt/airflow/dags/daily_summary_dag.py
[2026-10-05T17:09:41.313+0000] {processor.py:840} INFO - DAG(s) 'daily_summary_dag' retrieved from /opt/airflow/dags/daily_summary_dag.py
[2026-10-05T17:09:41.343+0000] {logging_mixin.py:188} INFO - [2026-10-05T17:09:41.342+0000] {dag.py:3089} INFO - Sync 1 DAGs
[2026-10-05T17:09:41.355+0000] {logging_mixin.py:188} INFO - [2026-10-05T17:09:41.355+0000] {dag.py:3947} INFO - Setting next_dagrun for daily_summary_dag to None, run_after=None
[2026-10-05T17:09:41.377+0000] {processor.py:183} INFO - Processing /opt/airflow/dags/daily_summary_dag.py took 0.091 seconds
[2026-10-05T17:10:02.904+0000] {processor.py:161} INFO - Started process (PID=764) to work on /opt/airflow/dags/daily_summary_dag.py
[2026-10-05T17:10:02.905+0000] {processor.py:830} INFO - Processing file /opt/airflow/dags/daily_summary_dag.py for tasks to queue
[2026-10-05T17:10:02.907+0000] {logging_mixin.py:188} INFO - [2026-10-05T17:10:02.907+0000] {dagbag.py:545} INFO - Filling up the DagBag from /opt/airflow/dags/daily_summary_dag.py
[2026-10-05T17:10:02.930+0000] {processor.py:840} INFO - DAG(s) 'daily_summary_dag' retrieved from /opt/airflow/dags/daily_summary_dag.py
[2026-10-05T17:10:02.965+0000] {logging_mixin.py:188} INFO - [2026-10-05T17:10:02.965+0000] {dag.py:3089} INFO - Sync 1 DAGs
[2026-10-05T17:10:02.980+0000] {logging_mixin.py:188} INFO - [2026-10-05T17:10:02.980+0000] {dag.py:3947} INFO - Setting next_dagrun for daily_summary_dag to None, run_after=None
[2026-10-05T17:10:03.006+0000] {processor.py:183} INFO - Processing /opt/airflow/dags/daily_summary_dag.py took 0.108 seconds
[2026-10-05T17:10:04.422+0000] {processor.py:161} INFO - Started process (PID=769) to work on /opt/airflow/dags/daily_summary_dag.py
[2026-10-05T17:10:04.424+0000] {processor.py:830} INFO - Processing file /opt/airflow/dags/daily_summary_dag.py for tasks to queue
[2026-10-05T17:10:04.427+0000] {logging_mixin.py:188} INFO - [2026-10-05T17:10:04.427+0000] {dagbag.py:545} INFO - Filling up the DagBag from /opt/airflow/dags/daily_summary_dag.py
[2026-10-05T17:10:04.451+0000] {processor.py:840} INFO - DAG(s) 'daily_summary_dag' retrieved from /opt/airflow/dags/daily_summary_dag.py
[2026-10-05T17:10:04.486+0000] {logging_mixin.py:188} INFO - [2026-10-05T17:10:04.486+0000] {dag.py:3089} INFO - Sync 1 DAGs
[2026-10-05T17:10:04.501+0000] {logging_mixin.py:188} INFO - [2026-10-05T17:10:04.501+0000] {dag.py:3947} INFO - Setting next_dagrun for daily_summary_dag to None, run_after=None
[2026-10-05T17:10:04.524+0000] {processor.py:183} INFO - Processing /opt/airflow/dags/daily_summary_dag.py took 0.109 seconds
[2026-10-05T17:10:11.578+0000] {processor.py:161} INFO - Started process (PID=774) to work on /opt/airflow/dags/daily_summary_dag.py
[2026-10-05T17:10:11.580+0000] {processor.py:830} INFO - Processing file /opt/airflow/dags/daily_summary_dag.py for tasks to queue
[2026-10-05T17:10:11.583+0000] {logging_mixin.py:188} INFO - [2026-10-05T17:10:11.582+0000] {dagbag.py:545} INFO - Filling up the DagBag from /opt/airflow/dags/daily_summary_dag.py
[2026-10-05T17:10:11.606+0000] {processor.py:840} INFO - DAG(s) 'daily_summary_dag' retrieved from /opt/airflow/dags/daily_summary_dag.py
[2026-10-05T17:10:11.640+0000] {logging_mixin.py:188} INFO - [2026-10-05T17:10:11.640+0000] {dag.py:3089} INFO - Sync 1 DAGs
[2026-10-05T17:10:11.655+0000] {logging_mixin.py:188} INFO - [2026-10-05T17:10:11.655+0000] {dag.py:3947} INFO - Setting next_dagrun for daily_summary_dag to None, run_after=None
[2026-10-05T17:10:11.677+0000] {processor.py:183} INFO - Processing /opt/airflow/dags/daily_summary_dag.py took 0.105 seconds
[2026-10-05T17:10:33.336+0000] {processor.py:161} INFO - Started process (PID=779) to work on /opt/airflow/dags/daily_summary_dag.py
[2026-10-05T17:10:33.352+0000] {processor.py:830} INFO - Processing file /opt/airflow/dags/daily_summary_dag.py for tasks to queue
[2026-10-05T17:10:33.363+0000] {logging_mixin.py:188} INFO - [2026-10-05T17:10:33.362+0000] {dagbag.py:545} INFO - Filling up the DagBag from /opt/airflow/dags/daily_summary_dag.py
[2026-10-05T17:10:33.461+0000] {processor.py:840} INFO - DAG(s) 'daily_summary_dag' retrieved from /opt/airflow/dags/daily_summary_dag.py
[2026-10-05T17:10:33.605+0000] {logging_mixin.py:188} INFO - [2026-10-05T17:10:33.604+0000] {dag.py:3089} INFO - Sync 1 DAGs
[2026-10-05T17:10:33.637+0000] {logging_mixin.py:188} INFO - [2026-10-05T17:10:33.637+0000] {dag.py:3947} INFO - Setting next_dagrun for daily_summary_dag to None, run_after=None
[2026-10-05T17:10:33.775+0000] {processor.py:183} INFO - Processing /opt/airflow/dags/daily_summary_dag.py took 0.604 seconds
[2026-10-05T17:10:34.650+0000] {processor.py:161} INFO - Started process (PID=784) to work on /opt/airflow/dags/daily_summary_dag.py
[2026-10-05T17:10:34.672+0000] {processor.py:830} INFO - Processing file /opt/airflow/dags/daily_summary_dag.py for tasks to queue
[2026-10-05T17:10:34.681+0000] {logging_mixin.py:188} INFO - [2026-10-05T17:10:34.679+0000] {dagbag.py:545} INFO - Filling up the DagBag from /opt/airflow/dags/daily_summary_dag.py
[2026-10-05T17:10:34.898+0000] {processor.py:840} INFO - DAG(s) 'daily_summary_dag' retrieved from /opt/airflow/dags/daily_summary_dag.py
[2026-10-05T17:10:35.212+0000] {logging_mixin.py:188} INFO - [2026-10-05T17:10:35.212+0000] {dag.py:3089} INFO - Sync 1 DAGs
[2026-10-05T17:10:35.299+0000] {logging_mixin.py:188} INFO - [2026-10-05T17:10:35.298+0000] {dag.py:3947} INFO - Setting next_dagrun for daily_summary_dag to None, run_after=None
[2026-10-05T17:10:35.340+0000] {processor.py:183} INFO - Processing /opt/airflow/dags/daily_summary_dag.py took 0.723 seconds
[2026-10-05T17:10:41.797+0000] {processor.py:161} INFO - Started process (PID=789) to work on /opt/airflow/dags/daily_summary_dag.py
[2026-10-05T17:10:41.799+0000] {processor.py:830} INFO - Processing file /opt/airflow/dags/daily_summary_dag.py for tasks to queue
[2026-10-05T17:10:41.802+0000] {logging_mixin.py:188} INFO - [2026-10-05T17:10:41.801+0000] {dagbag.py:545} INFO - Filling up the DagBag from /opt/airflow/dags/daily_summary_dag.py
[2026-10-05T17:10:41.830+0000] {processor.py:840} INFO - DAG(s) 'daily_summary_dag' retrieved from /opt/airflow/dags/daily_summary_dag.py
[2026-10-05T17:10:41.939+0000] {logging_mixin.py:188} INFO - [2026-10-05T17:10:41.939+0000] {dag.py:3089} INFO - Sync 1 DAGs
[2026-10-05T17:10:42.069+0000] {logging_mixin.py:188} INFO - [2026-10-05T17:10:42.069+0000] {dag.py:3947} INFO - Setting next_dagrun for daily_summary_dag to None, run_after=None
[2026-10-05T17:10:42.109+0000] {processor.py:183} INFO - Processing /opt/airflow/dags/daily_summary_dag.py took 0.320 seconds
[2026-10-05T17:11:04.286+0000] {processor.py:161} INFO - Started process (PID=806) to work on /opt/airflow/dags/daily_summary_dag.py
[2026-10-05T17:11:04.291+0000] {processor.py:830} INFO - Processing file /opt/airflow/dags/daily_summary_dag.py for tasks to queue
[2026-10-05T17:11:04.306+0000] {logging_mixin.py:188} INFO - [2026-10-05T17:11:04.302+0000] {dagbag.py:545} INFO - Filling up the DagBag from /opt/airflow/dags/daily_summary_dag.py
[2026-10-05T17:11:04.389+0000] {processor.py:840} INFO - DAG(s) 'daily_summary_dag' retrieved from /opt/airflow/dags/daily_summary_dag.py
[2026-10-05T17:11:04.537+0000] {logging_mixin.py:188} INFO - [2026-10-05T17:11:04.537+0000] {dag.py:3089} INFO - Sync 1 DAGs
[2026-10-05T17:11:04.609+0000] {logging_mixin.py:188} INFO - [2026-10-05T17:11:04.609+0000] {dag.py:3947} INFO - Setting next_dagrun for daily_summary_dag to None, run_after=None
[2026-10-05T17:11:04.665+0000] {processor.py:183} INFO - Processing /opt/airflow/dags/daily_summary_dag.py took 0.567 seconds
[2026-10-05T17:11:05.577+0000] {processor.py:161} INFO - Started process (PID=811) to work on /opt/airflow/dags/daily_summary_dag.py
[2026-10-05T17:11:05.581+0000] {processor.py:830} INFO - Processing file /opt/airflow/dags/daily_summary_dag.py for tasks to queue
[2026-10-05T17:11:05.598+0000] {logging_mixin.py:188} INFO - [2026-10-05T17:11:05.597+0000] {dagbag.py:545} INFO - Filling up the DagBag from /opt/airflow/dags/daily_summary_dag.py
[2026-10-05T17:11:05.697+0000] {processor.py:840} INFO - DAG(s) 'daily_summary_dag' retrieved from /opt/airflow/dags/daily_summary_dag.py
[2026-10-05T17:11:05.816+0000] {logging_mixin.py:188} INFO - [2026-10-05T17:11:05.815+0000] {dag.py:3089} INFO - Sync 1 DAGs
[2026-10-05T17:11:05.878+0000] {logging_mixin.py:188} INFO - [2026-10-05T17:11:05.877+0000] {dag.py:3947} INFO - Setting next_dagrun for daily_summary_dag to None, run_after=None
[2026-10-05T17:11:05.940+0000] {processor.py:183} INFO - Processing /opt/airflow/dags/daily_summary_dag.py took 0.378 seconds
[2026-10-05T17:11:12.360+0000] {processor.py:161} INFO - Started process (PID=816) to work on /opt/airflow/dags/daily_summary_dag.py
[2026-10-05T17:11:12.367+0000] {processor.py:830} INFO - Processing file /opt/airflow/dags/daily_summary_dag.py for tasks to queue
[2026-10-05T17:11:12.396+0000] {logging_mixin.py:188} INFO - [2026-10-05T17:11:12.394+0000] {dagbag.py:545} INFO - Filling up the DagBag from /opt/airflow/dags/daily_summary_dag.py
[2026-10-05T17:11:12.471+0000] {processor.py:840} INFO - DAG(s) 'daily_summary_dag' retrieved from /opt/airflow/dags/daily_summary_dag.py
[2026-10-05T17:11:12.663+0000] {logging_mixin.py:188} INFO - [2026-10-05T17:11:12.663+0000] {dag.py:3089} INFO - Sync 1 DAGs
[2026-10-05T17:11:12.709+0000] {logging_mixin.py:188} INFO - [2026-10-05T17:11:12.709+0000] {dag.py:3947} INFO - Setting next_dagrun for daily_summary_dag to None, run_after=None
[2026-10-05T17:11:12.762+0000] {processor.py:183} INFO - Processing /opt/airflow/dags/daily_summary_dag.py took 0.437 seconds
[2026-10-05T17:12:15.308+0000] {processor.py:161} INFO - Started process (PID=821) to work on /opt/airflow/dags/daily_summary_dag.py
[2026-10-05T17:12:15.308+0000] {processor.py:161} INFO - Started process (PID=824) to work on /opt/airflow/dags/daily_summary_dag.py
[2026-10-05T17:12:15.366+0000] {processor.py:830} INFO - Processing file /opt/airflow/dags/daily_summary_dag.py for tasks to queue
[2026-10-05T17:12:15.361+0000] {processor.py:830} INFO - Processing file /opt/airflow/dags/daily_summary_dag.py for tasks to queue
[2026-10-05T17:12:15.741+0000] {logging_mixin.py:188} INFO - [2026-10-05T17:12:15.684+0000] {dagbag.py:545} INFO - Filling up the DagBag from /opt/airflow/dags/daily_summary_dag.py
[2026-10-05T17:12:15.741+0000] {logging_mixin.py:188} INFO - [2026-10-05T17:12:15.684+0000] {dagbag.py:545} INFO - Filling up the DagBag from /opt/airflow/dags/daily_summary_dag.py
[2026-10-05T17:13:14.586+0000] {processor.py:840} INFO - DAG(s) 'daily_summary_dag' retrieved from /opt/airflow/dags/daily_summary_dag.py
[2026-10-05T17:13:44.881+0000] {processor.py:161} INFO - Started process (PID=831) to work on /opt/airflow/dags/daily_summary_dag.py
[2026-10-05T17:13:44.940+0000] {processor.py:830} INFO - Processing file /opt/airflow/dags/daily_summary_dag.py for tasks to queue
[2026-10-05T17:13:44.982+0000] {logging_mixin.py:188} INFO - [2026-10-05T17:13:44.960+0000] {dagbag.py:545} INFO - Filling up the DagBag from /opt/airflow/dags/daily_summary_dag.py
[2026-10-05T17:13:45.383+0000] {processor.py:840} INFO - DAG(s) 'daily_summary_dag' retrieved from /opt/airflow/dags/daily_summary_dag.py
[2026-10-05T17:14:02.494+0000] {logging_mixin.py:188} INFO - [2026-10-05T17:14:02.026+0000] {dag.py:3089} INFO - Sync 1 DAGs
[2026-10-05T17:14:47.258+0000] {processor.py:161} INFO - Started process (PID=835) to work on /opt/airflow/dags/daily_summary_dag.py
[2026-10-05T17:14:47.258+0000] {processor.py:161} INFO - Started process (PID=834) to work on /opt/airflow/dags/daily_summary_dag.py
[2026-10-05T17:14:47.262+0000] {processor.py:830} INFO - Processing file /opt/airflow/dags/daily_summary_dag.py for tasks to queue
[2026-10-05T17:14:47.262+0000] {processor.py:830} INFO - Processing file /opt/airflow/dags/daily_summary_dag.py for tasks to queue
[2026-10-05T17:14:47.275+0000] {logging_mixin.py:188} INFO - [2026-10-05T17:14:47.268+0000] {dagbag.py:545} INFO - Filling up the DagBag from /opt/airflow/dags/daily_summary_dag.py
[2026-10-05T17:14:47.283+0000] {logging_mixin.py:188} INFO - [2026-10-05T17:14:47.278+0000] {dagbag.py:545} INFO - Filling up the DagBag from /opt/airflow/dags/daily_summary_dag.py
[2026-10-05T17:14:47.434+0000] {processor.py:840} INFO - DAG(s) 'daily_summary_dag' retrieved from /opt/airflow/dags/daily_summary_dag.py
[2026-10-05T17:14:47.457+0000] {processor.py:840} INFO - DAG(s) 'daily_summary_dag' retrieved from /opt/airflow/dags/daily_summary_dag.py
[2026-10-05T17:14:48.568+0000] {logging_mixin.py:188} INFO - [2026-10-05T17:14:48.568+0000] {dag.py:3089} INFO - Sync 1 DAGs
[2026-10-05T17:14:48.571+0000] {logging_mixin.py:188} INFO - [2026-10-05T17:14:48.571+0000] {dag.py:3089} INFO - Sync 1 DAGs
[2026-10-05T17:14:48.614+0000] {logging_mixin.py:188} INFO - [2026-10-05T17:14:48.614+0000] {dag.py:3947} INFO - Setting next_dagrun for daily_summary_dag to None, run_after=None
[2026-10-05T17:14:48.655+0000] {logging_mixin.py:188} INFO - [2026-10-05T17:14:48.655+0000] {dag.py:3947} INFO - Setting next_dagrun for daily_summary_dag to None, run_after=None
[2026-10-05T17:14:48.661+0000] {processor.py:183} INFO - Processing /opt/airflow/dags/daily_summary_dag.py took 1.430 seconds
[2026-10-05T17:14:48.778+0000] {logging_mixin.py:188} INFO - [2026-10-05T17:14:48.764+0000] {dagbag.py:654} ERROR - Failed to write serialized DAG: /opt/airflow/dags/daily_summary_dag.py
Traceback (most recent call last):
  File "/home/airflow/.local/lib/python3.12/site-packages/airflow/models/dagbag.py", line 642, in _serialize_dag_capturing_errors
    dag_was_updated = SerializedDagModel.write_dag(
                      ^^^^^^^^^^^^^^^^^^^^^^^^^^^^^
  File "/home/airflow/.local/lib/python3.12/site-packages/airflow/utils/session.py", line 76, in wrapper
    return func(*args, **kwargs)
           ^^^^^^^^^^^^^^^^^^^^^
  File "/home/airflow/.local/lib/python3.12/site-packages/airflow/models/serialized_dag.py", line 158, in write_dag
    if session.scalar(
       ^^^^^^^^^^^^^^^
  File "/home/airflow/.local/lib/python3.12/site-packages/sqlalchemy/orm/session.py", line 1747, in scalar
    return self.execute(
           ^^^^^^^^^^^^^
  File "/home/airflow/.local/lib/python3.12/site-packages/sqlalchemy/orm/session.py", line 1716, in execute
    conn = self._connection_for_bind(bind)
           ^^^^^^^^^^^^^^^^^^^^^^^^^^^^^^^
  File "/home/airflow/.local/lib/python3.12/site-packages/sqlalchemy/orm/session.py", line 1555, in _connection_for_bind
    return self._transaction._connection_for_bind(
           ^^^^^^^^^^^^^^^^^^^^^^^^^^^^^^^^^^^^^^^
  File "/home/airflow/.local/lib/python3.12/site-packages/sqlalchemy/orm/session.py", line 724, in _connection_for_bind
    self._assert_active()
  File "/home/airflow/.local/lib/python3.12/site-packages/sqlalchemy/orm/session.py", line 604, in _assert_active
    raise sa_exc.PendingRollbackError(
sqlalchemy.exc.PendingRollbackError: This Session's transaction has been rolled back due to a previous exception during flush. To begin a new transaction with this Session, first issue Session.rollback(). Original exception was: (psycopg2.errors.UniqueViolation) duplicate key value violates unique constraint "serialized_dag_pkey"
DETAIL:  Key (dag_id)=(daily_summary_dag) already exists.

[SQL: INSERT INTO serialized_dag (dag_id, fileloc, fileloc_hash, data, data_compressed, last_updated, dag_hash, processor_subdir) VALUES (%(dag_id)s, %(fileloc)s, %(fileloc_hash)s, %(data)s, %(data_compressed)s, %(last_updated)s, %(dag_hash)s, %(processor_subdir)s)]
[parameters: {'dag_id': 'daily_summary_dag', 'fileloc': '/opt/airflow/dags/daily_summary_dag.py', 'fileloc_hash': 58660702965425884, 'data': '{"__version": 1, "dag": {"_description": "Triggers the Gold daily summary Spark job", "schedule_interval": null, "edge_info": {}, "default_args": {"_ ... (1403 characters truncated) ... spark_catalog=org.apache.spark.sql.delta.catalog.DeltaCatalog /opt/app/src/streaming/gold_daily_summary.py"}], "dag_dependencies": [], "params": []}}', 'data_compressed': None, 'last_updated': datetime.datetime(2026, 10, 5, 17, 14, 47, 519014, tzinfo=Timezone('UTC')), 'dag_hash': '22d0d210c4af4d52695743efaf951dab', 'processor_subdir': '/opt/airflow/dags'}]
(Background on this error at: https://sqlalche.me/e/14/gkpj) (Background on this error at: https://sqlalche.me/e/14/7s2a)
[2026-10-05T17:14:48.779+0000] {logging_mixin.py:188} INFO - [2026-10-05T17:14:48.779+0000] {dag.py:3089} INFO - Sync 1 DAGs
[2026-10-05T17:14:48.781+0000] {processor.py:186} ERROR - Got an exception! Propagating...
Traceback (most recent call last):
  File "/home/airflow/.local/lib/python3.12/site-packages/airflow/dag_processing/processor.py", line 182, in _run_file_processor
    _handle_dag_file_processing()
  File "/home/airflow/.local/lib/python3.12/site-packages/airflow/dag_processing/processor.py", line 163, in _handle_dag_file_processing
    result: tuple[int, int] = dag_file_processor.process_file(
                              ^^^^^^^^^^^^^^^^^^^^^^^^^^^^^^^^
  File "/home/airflow/.local/lib/python3.12/site-packages/airflow/utils/session.py", line 79, in wrapper
    return func(*args, session=session, **kwargs)
           ^^^^^^^^^^^^^^^^^^^^^^^^^^^^^^^^^^^^^^
  File "/home/airflow/.local/lib/python3.12/site-packages/airflow/dag_processing/processor.py", line 859, in process_file
    serialize_errors = DagFileProcessor.save_dag_to_db(
                       ^^^^^^^^^^^^^^^^^^^^^^^^^^^^^^^^
  File "/home/airflow/.local/lib/python3.12/site-packages/airflow/api_internal/internal_api_call.py", line 115, in wrapper
    return func(*args, **kwargs)
           ^^^^^^^^^^^^^^^^^^^^^
  File "/home/airflow/.local/lib/python3.12/site-packages/airflow/utils/session.py", line 79, in wrapper
    return func(*args, session=session, **kwargs)
           ^^^^^^^^^^^^^^^^^^^^^^^^^^^^^^^^^^^^^^
  File "/home/airflow/.local/lib/python3.12/site-packages/airflow/dag_processing/processor.py", line 895, in save_dag_to_db
    import_errors = DagBag._sync_to_db(dags=dags, processor_subdir=dag_directory, session=session)
                    ^^^^^^^^^^^^^^^^^^^^^^^^^^^^^^^^^^^^^^^^^^^^^^^^^^^^^^^^^^^^^^^^^^^^^^^^^^^^^^
  File "/home/airflow/.local/lib/python3.12/site-packages/airflow/utils/session.py", line 76, in wrapper
    return func(*args, **kwargs)
           ^^^^^^^^^^^^^^^^^^^^^
  File "/home/airflow/.local/lib/python3.12/site-packages/airflow/models/dagbag.py", line 664, in _sync_to_db
    for attempt in run_with_db_retries(logger=log):
  File "/home/airflow/.local/lib/python3.12/site-packages/tenacity/__init__.py", line 443, in __iter__
    do = self.iter(retry_state=retry_state)
         ^^^^^^^^^^^^^^^^^^^^^^^^^^^^^^^^^^
  File "/home/airflow/.local/lib/python3.12/site-packages/tenacity/__init__.py", line 376, in iter
    result = action(retry_state)
             ^^^^^^^^^^^^^^^^^^^
  File "/home/airflow/.local/lib/python3.12/site-packages/tenacity/__init__.py", line 398, in <lambda>
    self._add_action_func(lambda rs: rs.outcome.result())
                                     ^^^^^^^^^^^^^^^^^^^
  File "/usr/local/lib/python3.12/concurrent/futures/_base.py", line 449, in result
    return self.__get_result()
           ^^^^^^^^^^^^^^^^^^^
  File "/usr/local/lib/python3.12/concurrent/futures/_base.py", line 401, in __get_result
    raise self._exception
  File "/home/airflow/.local/lib/python3.12/site-packages/airflow/models/dagbag.py", line 680, in _sync_to_db
    DAG.bulk_write_to_db(dags.values(), processor_subdir=processor_subdir, session=session)
  File "/home/airflow/.local/lib/python3.12/site-packages/airflow/utils/session.py", line 76, in wrapper
    return func(*args, **kwargs)
           ^^^^^^^^^^^^^^^^^^^^^
  File "/home/airflow/.local/lib/python3.12/site-packages/airflow/models/dag.py", line 3101, in bulk_write_to_db
    orm_dags: list[DagModel] = session.scalars(query).unique().all()
                               ^^^^^^^^^^^^^^^^^^^^^^
  File "/home/airflow/.local/lib/python3.12/site-packages/sqlalchemy/orm/session.py", line 1778, in scalars
    return self.execute(
           ^^^^^^^^^^^^^
  File "/home/airflow/.local/lib/python3.12/site-packages/sqlalchemy/orm/session.py", line 1716, in execute
    conn = self._connection_for_bind(bind)
           ^^^^^^^^^^^^^^^^^^^^^^^^^^^^^^^
  File "/home/airflow/.local/lib/python3.12/site-packages/sqlalchemy/orm/session.py", line 1555, in _connection_for_bind
    return self._transaction._connection_for_bind(
           ^^^^^^^^^^^^^^^^^^^^^^^^^^^^^^^^^^^^^^^
  File "/home/airflow/.local/lib/python3.12/site-packages/sqlalchemy/orm/session.py", line 724, in _connection_for_bind
    self._assert_active()
  File "/home/airflow/.local/lib/python3.12/site-packages/sqlalchemy/orm/session.py", line 604, in _assert_active
    raise sa_exc.PendingRollbackError(
sqlalchemy.exc.PendingRollbackError: This Session's transaction has been rolled back due to a previous exception during flush. To begin a new transaction with this Session, first issue Session.rollback(). Original exception was: (psycopg2.errors.UniqueViolation) duplicate key value violates unique constraint "serialized_dag_pkey"
DETAIL:  Key (dag_id)=(daily_summary_dag) already exists.

[SQL: INSERT INTO serialized_dag (dag_id, fileloc, fileloc_hash, data, data_compressed, last_updated, dag_hash, processor_subdir) VALUES (%(dag_id)s, %(fileloc)s, %(fileloc_hash)s, %(data)s, %(data_compressed)s, %(last_updated)s, %(dag_hash)s, %(processor_subdir)s)]
[parameters: {'dag_id': 'daily_summary_dag', 'fileloc': '/opt/airflow/dags/daily_summary_dag.py', 'fileloc_hash': 58660702965425884, 'data': '{"__version": 1, "dag": {"_description": "Triggers the Gold daily summary Spark job", "schedule_interval": null, "edge_info": {}, "default_args": {"_ ... (1403 characters truncated) ... spark_catalog=org.apache.spark.sql.delta.catalog.DeltaCatalog /opt/app/src/streaming/gold_daily_summary.py"}], "dag_dependencies": [], "params": []}}', 'data_compressed': None, 'last_updated': datetime.datetime(2026, 10, 5, 17, 14, 47, 519014, tzinfo=Timezone('UTC')), 'dag_hash': '22d0d210c4af4d52695743efaf951dab', 'processor_subdir': '/opt/airflow/dags'}]
(Background on this error at: https://sqlalche.me/e/14/gkpj) (Background on this error at: https://sqlalche.me/e/14/7s2a)
[2026-10-05T17:15:17.283+0000] {processor.py:161} INFO - Started process (PID=844) to work on /opt/airflow/dags/daily_summary_dag.py
[2026-10-05T17:15:17.287+0000] {processor.py:830} INFO - Processing file /opt/airflow/dags/daily_summary_dag.py for tasks to queue
[2026-10-05T17:15:17.292+0000] {logging_mixin.py:188} INFO - [2026-10-05T17:15:17.291+0000] {dagbag.py:545} INFO - Filling up the DagBag from /opt/airflow/dags/daily_summary_dag.py
[2026-10-05T17:15:17.374+0000] {processor.py:840} INFO - DAG(s) 'daily_summary_dag' retrieved from /opt/airflow/dags/daily_summary_dag.py
[2026-10-05T17:15:17.403+0000] {logging_mixin.py:188} INFO - [2026-10-05T17:15:17.402+0000] {dag.py:3089} INFO - Sync 1 DAGs
[2026-10-05T17:15:17.433+0000] {logging_mixin.py:188} INFO - [2026-10-05T17:15:17.432+0000] {dag.py:3947} INFO - Setting next_dagrun for daily_summary_dag to None, run_after=None
[2026-10-05T17:15:17.489+0000] {processor.py:183} INFO - Processing /opt/airflow/dags/daily_summary_dag.py took 0.252 seconds
[2026-10-05T17:15:18.865+0000] {processor.py:161} INFO - Started process (PID=849) to work on /opt/airflow/dags/daily_summary_dag.py
[2026-10-05T17:15:18.866+0000] {processor.py:830} INFO - Processing file /opt/airflow/dags/daily_summary_dag.py for tasks to queue
[2026-10-05T17:15:18.867+0000] {logging_mixin.py:188} INFO - [2026-10-05T17:15:18.867+0000] {dagbag.py:545} INFO - Filling up the DagBag from /opt/airflow/dags/daily_summary_dag.py
[2026-10-05T17:15:18.885+0000] {processor.py:840} INFO - DAG(s) 'daily_summary_dag' retrieved from /opt/airflow/dags/daily_summary_dag.py
[2026-10-05T17:15:18.920+0000] {logging_mixin.py:188} INFO - [2026-10-05T17:15:18.919+0000] {dag.py:3089} INFO - Sync 1 DAGs
[2026-10-05T17:15:18.937+0000] {logging_mixin.py:188} INFO - [2026-10-05T17:15:18.937+0000] {dag.py:3947} INFO - Setting next_dagrun for daily_summary_dag to None, run_after=None
[2026-10-05T17:15:18.962+0000] {processor.py:183} INFO - Processing /opt/airflow/dags/daily_summary_dag.py took 0.104 seconds
[2026-10-05T17:15:19.021+0000] {processor.py:161} INFO - Started process (PID=854) to work on /opt/airflow/dags/daily_summary_dag.py
[2026-10-05T17:15:19.022+0000] {processor.py:830} INFO - Processing file /opt/airflow/dags/daily_summary_dag.py for tasks to queue
[2026-10-05T17:15:19.023+0000] {logging_mixin.py:188} INFO - [2026-10-05T17:15:19.023+0000] {dagbag.py:545} INFO - Filling up the DagBag from /opt/airflow/dags/daily_summary_dag.py
[2026-10-05T17:15:19.043+0000] {processor.py:840} INFO - DAG(s) 'daily_summary_dag' retrieved from /opt/airflow/dags/daily_summary_dag.py
[2026-10-05T17:15:19.074+0000] {logging_mixin.py:188} INFO - [2026-10-05T17:15:19.073+0000] {dag.py:3089} INFO - Sync 1 DAGs
[2026-10-05T17:15:19.086+0000] {logging_mixin.py:188} INFO - [2026-10-05T17:15:19.086+0000] {dag.py:3947} INFO - Setting next_dagrun for daily_summary_dag to None, run_after=None
[2026-10-05T17:15:19.121+0000] {processor.py:183} INFO - Processing /opt/airflow/dags/daily_summary_dag.py took 0.106 seconds
[2026-10-05T17:15:47.773+0000] {processor.py:161} INFO - Started process (PID=859) to work on /opt/airflow/dags/daily_summary_dag.py
[2026-10-05T17:15:47.774+0000] {processor.py:830} INFO - Processing file /opt/airflow/dags/daily_summary_dag.py for tasks to queue
[2026-10-05T17:15:47.776+0000] {logging_mixin.py:188} INFO - [2026-10-05T17:15:47.775+0000] {dagbag.py:545} INFO - Filling up the DagBag from /opt/airflow/dags/daily_summary_dag.py
[2026-10-05T17:15:47.797+0000] {processor.py:840} INFO - DAG(s) 'daily_summary_dag' retrieved from /opt/airflow/dags/daily_summary_dag.py
[2026-10-05T17:15:47.841+0000] {logging_mixin.py:188} INFO - [2026-10-05T17:15:47.841+0000] {dag.py:3089} INFO - Sync 1 DAGs
[2026-10-05T17:15:47.864+0000] {logging_mixin.py:188} INFO - [2026-10-05T17:15:47.864+0000] {dag.py:3947} INFO - Setting next_dagrun for daily_summary_dag to None, run_after=None
[2026-10-05T17:15:47.895+0000] {processor.py:183} INFO - Processing /opt/airflow/dags/daily_summary_dag.py took 0.130 seconds
[2026-10-05T17:15:49.080+0000] {processor.py:161} INFO - Started process (PID=864) to work on /opt/airflow/dags/daily_summary_dag.py
[2026-10-05T17:15:49.081+0000] {processor.py:830} INFO - Processing file /opt/airflow/dags/daily_summary_dag.py for tasks to queue
[2026-10-05T17:15:49.083+0000] {logging_mixin.py:188} INFO - [2026-10-05T17:15:49.083+0000] {dagbag.py:545} INFO - Filling up the DagBag from /opt/airflow/dags/daily_summary_dag.py
[2026-10-05T17:15:49.105+0000] {processor.py:840} INFO - DAG(s) 'daily_summary_dag' retrieved from /opt/airflow/dags/daily_summary_dag.py
[2026-10-05T17:15:49.142+0000] {logging_mixin.py:188} INFO - [2026-10-05T17:15:49.142+0000] {dag.py:3089} INFO - Sync 1 DAGs
[2026-10-05T17:15:49.158+0000] {logging_mixin.py:188} INFO - [2026-10-05T17:15:49.157+0000] {dag.py:3947} INFO - Setting next_dagrun for daily_summary_dag to None, run_after=None
[2026-10-05T17:15:49.184+0000] {processor.py:183} INFO - Processing /opt/airflow/dags/daily_summary_dag.py took 0.112 seconds
[2026-10-05T17:15:49.213+0000] {processor.py:161} INFO - Started process (PID=867) to work on /opt/airflow/dags/daily_summary_dag.py
[2026-10-05T17:15:49.214+0000] {processor.py:830} INFO - Processing file /opt/airflow/dags/daily_summary_dag.py for tasks to queue
[2026-10-05T17:15:49.217+0000] {logging_mixin.py:188} INFO - [2026-10-05T17:15:49.216+0000] {dagbag.py:545} INFO - Filling up the DagBag from /opt/airflow/dags/daily_summary_dag.py
[2026-10-05T17:15:49.237+0000] {processor.py:840} INFO - DAG(s) 'daily_summary_dag' retrieved from /opt/airflow/dags/daily_summary_dag.py
[2026-10-05T17:15:49.270+0000] {logging_mixin.py:188} INFO - [2026-10-05T17:15:49.269+0000] {dag.py:3089} INFO - Sync 1 DAGs
[2026-10-05T17:15:49.283+0000] {logging_mixin.py:188} INFO - [2026-10-05T17:15:49.283+0000] {dag.py:3947} INFO - Setting next_dagrun for daily_summary_dag to None, run_after=None
[2026-10-05T17:15:49.313+0000] {processor.py:183} INFO - Processing /opt/airflow/dags/daily_summary_dag.py took 0.106 seconds
[2026-10-05T17:16:18.000+0000] {processor.py:161} INFO - Started process (PID=874) to work on /opt/airflow/dags/daily_summary_dag.py
[2026-10-05T17:16:18.002+0000] {processor.py:830} INFO - Processing file /opt/airflow/dags/daily_summary_dag.py for tasks to queue
[2026-10-05T17:16:18.003+0000] {logging_mixin.py:188} INFO - [2026-10-05T17:16:18.002+0000] {dagbag.py:545} INFO - Filling up the DagBag from /opt/airflow/dags/daily_summary_dag.py
[2026-10-05T17:16:18.021+0000] {processor.py:840} INFO - DAG(s) 'daily_summary_dag' retrieved from /opt/airflow/dags/daily_summary_dag.py
[2026-10-05T17:16:18.054+0000] {logging_mixin.py:188} INFO - [2026-10-05T17:16:18.054+0000] {dag.py:3089} INFO - Sync 1 DAGs
[2026-10-05T17:16:18.079+0000] {logging_mixin.py:188} INFO - [2026-10-05T17:16:18.078+0000] {dag.py:3947} INFO - Setting next_dagrun for daily_summary_dag to None, run_after=None
[2026-10-05T17:16:18.113+0000] {processor.py:183} INFO - Processing /opt/airflow/dags/daily_summary_dag.py took 0.119 seconds
[2026-10-05T17:16:19.321+0000] {processor.py:161} INFO - Started process (PID=879) to work on /opt/airflow/dags/daily_summary_dag.py
[2026-10-05T17:16:19.323+0000] {processor.py:830} INFO - Processing file /opt/airflow/dags/daily_summary_dag.py for tasks to queue
[2026-10-05T17:16:19.324+0000] {logging_mixin.py:188} INFO - [2026-10-05T17:16:19.323+0000] {dagbag.py:545} INFO - Filling up the DagBag from /opt/airflow/dags/daily_summary_dag.py
[2026-10-05T17:16:19.341+0000] {processor.py:840} INFO - DAG(s) 'daily_summary_dag' retrieved from /opt/airflow/dags/daily_summary_dag.py
[2026-10-05T17:16:19.371+0000] {logging_mixin.py:188} INFO - [2026-10-05T17:16:19.371+0000] {dag.py:3089} INFO - Sync 1 DAGs
[2026-10-05T17:16:19.384+0000] {logging_mixin.py:188} INFO - [2026-10-05T17:16:19.384+0000] {dag.py:3947} INFO - Setting next_dagrun for daily_summary_dag to None, run_after=None
[2026-10-05T17:16:19.408+0000] {processor.py:183} INFO - Processing /opt/airflow/dags/daily_summary_dag.py took 0.092 seconds
[2026-10-05T17:16:19.502+0000] {processor.py:161} INFO - Started process (PID=884) to work on /opt/airflow/dags/daily_summary_dag.py
[2026-10-05T17:16:19.503+0000] {processor.py:830} INFO - Processing file /opt/airflow/dags/daily_summary_dag.py for tasks to queue
[2026-10-05T17:16:19.505+0000] {logging_mixin.py:188} INFO - [2026-10-05T17:16:19.505+0000] {dagbag.py:545} INFO - Filling up the DagBag from /opt/airflow/dags/daily_summary_dag.py
[2026-10-05T17:16:19.525+0000] {processor.py:840} INFO - DAG(s) 'daily_summary_dag' retrieved from /opt/airflow/dags/daily_summary_dag.py
[2026-10-05T17:16:19.557+0000] {logging_mixin.py:188} INFO - [2026-10-05T17:16:19.557+0000] {dag.py:3089} INFO - Sync 1 DAGs
[2026-10-05T17:16:19.570+0000] {logging_mixin.py:188} INFO - [2026-10-05T17:16:19.569+0000] {dag.py:3947} INFO - Setting next_dagrun for daily_summary_dag to None, run_after=None
[2026-10-05T17:16:19.597+0000] {processor.py:183} INFO - Processing /opt/airflow/dags/daily_summary_dag.py took 0.099 seconds
[2026-10-05T17:16:48.257+0000] {processor.py:161} INFO - Started process (PID=889) to work on /opt/airflow/dags/daily_summary_dag.py
[2026-10-05T17:16:48.259+0000] {processor.py:830} INFO - Processing file /opt/airflow/dags/daily_summary_dag.py for tasks to queue
[2026-10-05T17:16:48.260+0000] {logging_mixin.py:188} INFO - [2026-10-05T17:16:48.260+0000] {dagbag.py:545} INFO - Filling up the DagBag from /opt/airflow/dags/daily_summary_dag.py
[2026-10-05T17:16:48.279+0000] {processor.py:840} INFO - DAG(s) 'daily_summary_dag' retrieved from /opt/airflow/dags/daily_summary_dag.py
[2026-10-05T17:16:48.315+0000] {logging_mixin.py:188} INFO - [2026-10-05T17:16:48.315+0000] {dag.py:3089} INFO - Sync 1 DAGs
[2026-10-05T17:16:48.336+0000] {logging_mixin.py:188} INFO - [2026-10-05T17:16:48.336+0000] {dag.py:3947} INFO - Setting next_dagrun for daily_summary_dag to None, run_after=None
[2026-10-05T17:16:48.360+0000] {processor.py:183} INFO - Processing /opt/airflow/dags/daily_summary_dag.py took 0.108 seconds
[2026-10-05T17:16:49.545+0000] {processor.py:161} INFO - Started process (PID=894) to work on /opt/airflow/dags/daily_summary_dag.py
[2026-10-05T17:16:49.546+0000] {processor.py:830} INFO - Processing file /opt/airflow/dags/daily_summary_dag.py for tasks to queue
[2026-10-05T17:16:49.547+0000] {logging_mixin.py:188} INFO - [2026-10-05T17:16:49.547+0000] {dagbag.py:545} INFO - Filling up the DagBag from /opt/airflow/dags/daily_summary_dag.py
[2026-10-05T17:16:49.566+0000] {processor.py:840} INFO - DAG(s) 'daily_summary_dag' retrieved from /opt/airflow/dags/daily_summary_dag.py
[2026-10-05T17:16:49.595+0000] {logging_mixin.py:188} INFO - [2026-10-05T17:16:49.594+0000] {dag.py:3089} INFO - Sync 1 DAGs
[2026-10-05T17:16:49.607+0000] {logging_mixin.py:188} INFO - [2026-10-05T17:16:49.607+0000] {dag.py:3947} INFO - Setting next_dagrun for daily_summary_dag to None, run_after=None
[2026-10-05T17:16:49.628+0000] {processor.py:183} INFO - Processing /opt/airflow/dags/daily_summary_dag.py took 0.088 seconds
[2026-10-05T17:16:49.735+0000] {processor.py:161} INFO - Started process (PID=899) to work on /opt/airflow/dags/daily_summary_dag.py
[2026-10-05T17:16:49.737+0000] {processor.py:830} INFO - Processing file /opt/airflow/dags/daily_summary_dag.py for tasks to queue
[2026-10-05T17:16:49.739+0000] {logging_mixin.py:188} INFO - [2026-10-05T17:16:49.739+0000] {dagbag.py:545} INFO - Filling up the DagBag from /opt/airflow/dags/daily_summary_dag.py
[2026-10-05T17:16:49.757+0000] {processor.py:840} INFO - DAG(s) 'daily_summary_dag' retrieved from /opt/airflow/dags/daily_summary_dag.py
[2026-10-05T17:16:49.789+0000] {logging_mixin.py:188} INFO - [2026-10-05T17:16:49.789+0000] {dag.py:3089} INFO - Sync 1 DAGs
[2026-10-05T17:16:49.802+0000] {logging_mixin.py:188} INFO - [2026-10-05T17:16:49.802+0000] {dag.py:3947} INFO - Setting next_dagrun for daily_summary_dag to None, run_after=None
[2026-10-05T17:16:49.824+0000] {processor.py:183} INFO - Processing /opt/airflow/dags/daily_summary_dag.py took 0.094 seconds
[2026-10-05T17:17:18.487+0000] {processor.py:161} INFO - Started process (PID=916) to work on /opt/airflow/dags/daily_summary_dag.py
[2026-10-05T17:17:18.489+0000] {processor.py:830} INFO - Processing file /opt/airflow/dags/daily_summary_dag.py for tasks to queue
[2026-10-05T17:17:18.490+0000] {logging_mixin.py:188} INFO - [2026-10-05T17:17:18.490+0000] {dagbag.py:545} INFO - Filling up the DagBag from /opt/airflow/dags/daily_summary_dag.py
[2026-10-05T17:17:18.519+0000] {processor.py:840} INFO - DAG(s) 'daily_summary_dag' retrieved from /opt/airflow/dags/daily_summary_dag.py
[2026-10-05T17:17:18.576+0000] {logging_mixin.py:188} INFO - [2026-10-05T17:17:18.575+0000] {dag.py:3089} INFO - Sync 1 DAGs
[2026-10-05T17:17:18.596+0000] {logging_mixin.py:188} INFO - [2026-10-05T17:17:18.596+0000] {dag.py:3947} INFO - Setting next_dagrun for daily_summary_dag to None, run_after=None
[2026-10-05T17:17:18.625+0000] {processor.py:183} INFO - Processing /opt/airflow/dags/daily_summary_dag.py took 0.149 seconds
[2026-10-05T17:17:19.779+0000] {processor.py:161} INFO - Started process (PID=921) to work on /opt/airflow/dags/daily_summary_dag.py
[2026-10-05T17:17:19.781+0000] {processor.py:830} INFO - Processing file /opt/airflow/dags/daily_summary_dag.py for tasks to queue
[2026-10-05T17:17:19.782+0000] {logging_mixin.py:188} INFO - [2026-10-05T17:17:19.782+0000] {dagbag.py:545} INFO - Filling up the DagBag from /opt/airflow/dags/daily_summary_dag.py
[2026-10-05T17:17:19.819+0000] {processor.py:840} INFO - DAG(s) 'daily_summary_dag' retrieved from /opt/airflow/dags/daily_summary_dag.py
[2026-10-05T17:17:19.899+0000] {logging_mixin.py:188} INFO - [2026-10-05T17:17:19.899+0000] {dag.py:3089} INFO - Sync 1 DAGs
[2026-10-05T17:17:19.920+0000] {logging_mixin.py:188} INFO - [2026-10-05T17:17:19.920+0000] {dag.py:3947} INFO - Setting next_dagrun for daily_summary_dag to None, run_after=None
[2026-10-05T17:17:19.950+0000] {processor.py:183} INFO - Processing /opt/airflow/dags/daily_summary_dag.py took 0.179 seconds
[2026-10-05T17:17:19.969+0000] {processor.py:161} INFO - Started process (PID=924) to work on /opt/airflow/dags/daily_summary_dag.py
[2026-10-05T17:17:19.970+0000] {processor.py:830} INFO - Processing file /opt/airflow/dags/daily_summary_dag.py for tasks to queue
[2026-10-05T17:17:19.973+0000] {logging_mixin.py:188} INFO - [2026-10-05T17:17:19.973+0000] {dagbag.py:545} INFO - Filling up the DagBag from /opt/airflow/dags/daily_summary_dag.py
[2026-10-05T17:17:19.999+0000] {processor.py:840} INFO - DAG(s) 'daily_summary_dag' retrieved from /opt/airflow/dags/daily_summary_dag.py
[2026-10-05T17:17:20.042+0000] {logging_mixin.py:188} INFO - [2026-10-05T17:17:20.042+0000] {dag.py:3089} INFO - Sync 1 DAGs
[2026-10-05T17:17:20.059+0000] {logging_mixin.py:188} INFO - [2026-10-05T17:17:20.059+0000] {dag.py:3947} INFO - Setting next_dagrun for daily_summary_dag to None, run_after=None
[2026-10-05T17:17:20.090+0000] {processor.py:183} INFO - Processing /opt/airflow/dags/daily_summary_dag.py took 0.128 seconds
[2026-10-05T17:19:16.075+0000] {processor.py:161} INFO - Started process (PID=934) to work on /opt/airflow/dags/daily_summary_dag.py
[2026-10-05T17:19:16.091+0000] {processor.py:830} INFO - Processing file /opt/airflow/dags/daily_summary_dag.py for tasks to queue
[2026-10-05T17:19:16.094+0000] {processor.py:161} INFO - Started process (PID=933) to work on /opt/airflow/dags/daily_summary_dag.py
[2026-10-05T17:19:16.095+0000] {processor.py:830} INFO - Processing file /opt/airflow/dags/daily_summary_dag.py for tasks to queue
[2026-10-05T17:19:16.122+0000] {logging_mixin.py:188} INFO - [2026-10-05T17:19:16.104+0000] {dagbag.py:545} INFO - Filling up the DagBag from /opt/airflow/dags/daily_summary_dag.py
[2026-10-05T17:19:46.334+0000] {processor.py:161} INFO - Started process (PID=945) to work on /opt/airflow/dags/daily_summary_dag.py
[2026-10-05T17:19:46.335+0000] {processor.py:830} INFO - Processing file /opt/airflow/dags/daily_summary_dag.py for tasks to queue
[2026-10-05T17:19:46.340+0000] {logging_mixin.py:188} INFO - [2026-10-05T17:19:46.337+0000] {dagbag.py:545} INFO - Filling up the DagBag from /opt/airflow/dags/daily_summary_dag.py
[2026-10-05T17:19:46.342+0000] {processor.py:161} INFO - Started process (PID=942) to work on /opt/airflow/dags/daily_summary_dag.py
[2026-10-05T17:19:46.345+0000] {processor.py:830} INFO - Processing file /opt/airflow/dags/daily_summary_dag.py for tasks to queue
[2026-10-05T17:19:46.350+0000] {logging_mixin.py:188} INFO - [2026-10-05T17:19:46.348+0000] {dagbag.py:545} INFO - Filling up the DagBag from /opt/airflow/dags/daily_summary_dag.py
[2026-10-05T17:19:46.453+0000] {processor.py:840} INFO - DAG(s) 'daily_summary_dag' retrieved from /opt/airflow/dags/daily_summary_dag.py
[2026-10-05T17:19:46.457+0000] {processor.py:840} INFO - DAG(s) 'daily_summary_dag' retrieved from /opt/airflow/dags/daily_summary_dag.py
[2026-10-05T17:19:46.503+0000] {processor.py:161} INFO - Started process (PID=948) to work on /opt/airflow/dags/daily_summary_dag.py
[2026-10-05T17:19:46.504+0000] {processor.py:830} INFO - Processing file /opt/airflow/dags/daily_summary_dag.py for tasks to queue
[2026-10-05T17:19:46.506+0000] {logging_mixin.py:188} INFO - [2026-10-05T17:19:46.505+0000] {dagbag.py:545} INFO - Filling up the DagBag from /opt/airflow/dags/daily_summary_dag.py
[2026-10-05T17:19:46.589+0000] {processor.py:840} INFO - DAG(s) 'daily_summary_dag' retrieved from /opt/airflow/dags/daily_summary_dag.py
[2026-10-05T17:19:47.189+0000] {logging_mixin.py:188} INFO - [2026-10-05T17:19:47.189+0000] {dag.py:3089} INFO - Sync 1 DAGs
[2026-10-05T17:19:47.228+0000] {logging_mixin.py:188} INFO - [2026-10-05T17:19:47.227+0000] {dag.py:3089} INFO - Sync 1 DAGs
[2026-10-05T17:19:47.235+0000] {logging_mixin.py:188} INFO - [2026-10-05T17:19:47.234+0000] {dag.py:3947} INFO - Setting next_dagrun for daily_summary_dag to None, run_after=None
[2026-10-05T17:19:47.252+0000] {logging_mixin.py:188} INFO - [2026-10-05T17:19:47.252+0000] {dag.py:3089} INFO - Sync 1 DAGs
[2026-10-05T17:19:47.285+0000] {logging_mixin.py:188} INFO - [2026-10-05T17:19:47.285+0000] {dag.py:3947} INFO - Setting next_dagrun for daily_summary_dag to None, run_after=None
[2026-10-05T17:19:47.297+0000] {processor.py:183} INFO - Processing /opt/airflow/dags/daily_summary_dag.py took 0.973 seconds
[2026-10-05T17:19:47.335+0000] {logging_mixin.py:188} INFO - [2026-10-05T17:19:47.335+0000] {dag.py:3947} INFO - Setting next_dagrun for daily_summary_dag to None, run_after=None
[2026-10-05T17:19:47.431+0000] {logging_mixin.py:188} INFO - [2026-10-05T17:19:47.419+0000] {dagbag.py:654} ERROR - Failed to write serialized DAG: /opt/airflow/dags/daily_summary_dag.py
Traceback (most recent call last):
  File "/home/airflow/.local/lib/python3.12/site-packages/airflow/models/dagbag.py", line 642, in _serialize_dag_capturing_errors
    dag_was_updated = SerializedDagModel.write_dag(
                      ^^^^^^^^^^^^^^^^^^^^^^^^^^^^^
  File "/home/airflow/.local/lib/python3.12/site-packages/airflow/utils/session.py", line 76, in wrapper
    return func(*args, **kwargs)
           ^^^^^^^^^^^^^^^^^^^^^
  File "/home/airflow/.local/lib/python3.12/site-packages/airflow/models/serialized_dag.py", line 158, in write_dag
    if session.scalar(
       ^^^^^^^^^^^^^^^
  File "/home/airflow/.local/lib/python3.12/site-packages/sqlalchemy/orm/session.py", line 1747, in scalar
    return self.execute(
           ^^^^^^^^^^^^^
  File "/home/airflow/.local/lib/python3.12/site-packages/sqlalchemy/orm/session.py", line 1716, in execute
    conn = self._connection_for_bind(bind)
           ^^^^^^^^^^^^^^^^^^^^^^^^^^^^^^^
  File "/home/airflow/.local/lib/python3.12/site-packages/sqlalchemy/orm/session.py", line 1555, in _connection_for_bind
    return self._transaction._connection_for_bind(
           ^^^^^^^^^^^^^^^^^^^^^^^^^^^^^^^^^^^^^^^
  File "/home/airflow/.local/lib/python3.12/site-packages/sqlalchemy/orm/session.py", line 724, in _connection_for_bind
    self._assert_active()
  File "/home/airflow/.local/lib/python3.12/site-packages/sqlalchemy/orm/session.py", line 604, in _assert_active
    raise sa_exc.PendingRollbackError(
sqlalchemy.exc.PendingRollbackError: This Session's transaction has been rolled back due to a previous exception during flush. To begin a new transaction with this Session, first issue Session.rollback(). Original exception was: (psycopg2.errors.UniqueViolation) duplicate key value violates unique constraint "serialized_dag_pkey"
DETAIL:  Key (dag_id)=(daily_summary_dag) already exists.

[SQL: INSERT INTO serialized_dag (dag_id, fileloc, fileloc_hash, data, data_compressed, last_updated, dag_hash, processor_subdir) VALUES (%(dag_id)s, %(fileloc)s, %(fileloc_hash)s, %(data)s, %(data_compressed)s, %(last_updated)s, %(dag_hash)s, %(processor_subdir)s)]
[parameters: {'dag_id': 'daily_summary_dag', 'fileloc': '/opt/airflow/dags/daily_summary_dag.py', 'fileloc_hash': 58660702965425884, 'data': '{"__version": 1, "dag": {"_description": "Triggers the Gold daily summary Spark job", "start_date": 1790812800.0, "_dag_id": "daily_summary_dag", "fi ... (1403 characters truncated) ... spark_catalog=org.apache.spark.sql.delta.catalog.DeltaCatalog /opt/app/src/streaming/gold_daily_summary.py"}], "dag_dependencies": [], "params": []}}', 'data_compressed': None, 'last_updated': datetime.datetime(2026, 10, 5, 17, 19, 46, 623331, tzinfo=Timezone('UTC')), 'dag_hash': '22d0d210c4af4d52695743efaf951dab', 'processor_subdir': '/opt/airflow/dags'}]
(Background on this error at: https://sqlalche.me/e/14/gkpj) (Background on this error at: https://sqlalche.me/e/14/7s2a)
[2026-10-05T17:19:47.432+0000] {logging_mixin.py:188} INFO - [2026-10-05T17:19:47.432+0000] {dag.py:3089} INFO - Sync 1 DAGs
[2026-10-05T17:19:47.435+0000] {processor.py:186} ERROR - Got an exception! Propagating...
Traceback (most recent call last):
  File "/home/airflow/.local/lib/python3.12/site-packages/airflow/dag_processing/processor.py", line 182, in _run_file_processor
    _handle_dag_file_processing()
  File "/home/airflow/.local/lib/python3.12/site-packages/airflow/dag_processing/processor.py", line 163, in _handle_dag_file_processing
    result: tuple[int, int] = dag_file_processor.process_file(
                              ^^^^^^^^^^^^^^^^^^^^^^^^^^^^^^^^
  File "/home/airflow/.local/lib/python3.12/site-packages/airflow/utils/session.py", line 79, in wrapper
    return func(*args, session=session, **kwargs)
           ^^^^^^^^^^^^^^^^^^^^^^^^^^^^^^^^^^^^^^
  File "/home/airflow/.local/lib/python3.12/site-packages/airflow/dag_processing/processor.py", line 859, in process_file
    serialize_errors = DagFileProcessor.save_dag_to_db(
                       ^^^^^^^^^^^^^^^^^^^^^^^^^^^^^^^^
  File "/home/airflow/.local/lib/python3.12/site-packages/airflow/api_internal/internal_api_call.py", line 115, in wrapper
    return func(*args, **kwargs)
           ^^^^^^^^^^^^^^^^^^^^^
  File "/home/airflow/.local/lib/python3.12/site-packages/airflow/utils/session.py", line 79, in wrapper
    return func(*args, session=session, **kwargs)
           ^^^^^^^^^^^^^^^^^^^^^^^^^^^^^^^^^^^^^^
  File "/home/airflow/.local/lib/python3.12/site-packages/airflow/dag_processing/processor.py", line 895, in save_dag_to_db
    import_errors = DagBag._sync_to_db(dags=dags, processor_subdir=dag_directory, session=session)
                    ^^^^^^^^^^^^^^^^^^^^^^^^^^^^^^^^^^^^^^^^^^^^^^^^^^^^^^^^^^^^^^^^^^^^^^^^^^^^^^
  File "/home/airflow/.local/lib/python3.12/site-packages/airflow/utils/session.py", line 76, in wrapper
    return func(*args, **kwargs)
           ^^^^^^^^^^^^^^^^^^^^^
  File "/home/airflow/.local/lib/python3.12/site-packages/airflow/models/dagbag.py", line 664, in _sync_to_db
    for attempt in run_with_db_retries(logger=log):
  File "/home/airflow/.local/lib/python3.12/site-packages/tenacity/__init__.py", line 443, in __iter__
    do = self.iter(retry_state=retry_state)
         ^^^^^^^^^^^^^^^^^^^^^^^^^^^^^^^^^^
  File "/home/airflow/.local/lib/python3.12/site-packages/tenacity/__init__.py", line 376, in iter
    result = action(retry_state)
             ^^^^^^^^^^^^^^^^^^^
  File "/home/airflow/.local/lib/python3.12/site-packages/tenacity/__init__.py", line 398, in <lambda>
    self._add_action_func(lambda rs: rs.outcome.result())
                                     ^^^^^^^^^^^^^^^^^^^
  File "/usr/local/lib/python3.12/concurrent/futures/_base.py", line 449, in result
    return self.__get_result()
           ^^^^^^^^^^^^^^^^^^^
  File "/usr/local/lib/python3.12/concurrent/futures/_base.py", line 401, in __get_result
    raise self._exception
  File "/home/airflow/.local/lib/python3.12/site-packages/airflow/models/dagbag.py", line 680, in _sync_to_db
    DAG.bulk_write_to_db(dags.values(), processor_subdir=processor_subdir, session=session)
  File "/home/airflow/.local/lib/python3.12/site-packages/airflow/utils/session.py", line 76, in wrapper
    return func(*args, **kwargs)
           ^^^^^^^^^^^^^^^^^^^^^
  File "/home/airflow/.local/lib/python3.12/site-packages/airflow/models/dag.py", line 3101, in bulk_write_to_db
    orm_dags: list[DagModel] = session.scalars(query).unique().all()
                               ^^^^^^^^^^^^^^^^^^^^^^
  File "/home/airflow/.local/lib/python3.12/site-packages/sqlalchemy/orm/session.py", line 1778, in scalars
    return self.execute(
           ^^^^^^^^^^^^^
  File "/home/airflow/.local/lib/python3.12/site-packages/sqlalchemy/orm/session.py", line 1716, in execute
    conn = self._connection_for_bind(bind)
           ^^^^^^^^^^^^^^^^^^^^^^^^^^^^^^^
  File "/home/airflow/.local/lib/python3.12/site-packages/sqlalchemy/orm/session.py", line 1555, in _connection_for_bind
    return self._transaction._connection_for_bind(
           ^^^^^^^^^^^^^^^^^^^^^^^^^^^^^^^^^^^^^^^
  File "/home/airflow/.local/lib/python3.12/site-packages/sqlalchemy/orm/session.py", line 724, in _connection_for_bind
    self._assert_active()
  File "/home/airflow/.local/lib/python3.12/site-packages/sqlalchemy/orm/session.py", line 604, in _assert_active
    raise sa_exc.PendingRollbackError(
sqlalchemy.exc.PendingRollbackError: This Session's transaction has been rolled back due to a previous exception during flush. To begin a new transaction with this Session, first issue Session.rollback(). Original exception was: (psycopg2.errors.UniqueViolation) duplicate key value violates unique constraint "serialized_dag_pkey"
DETAIL:  Key (dag_id)=(daily_summary_dag) already exists.

[SQL: INSERT INTO serialized_dag (dag_id, fileloc, fileloc_hash, data, data_compressed, last_updated, dag_hash, processor_subdir) VALUES (%(dag_id)s, %(fileloc)s, %(fileloc_hash)s, %(data)s, %(data_compressed)s, %(last_updated)s, %(dag_hash)s, %(processor_subdir)s)]
[parameters: {'dag_id': 'daily_summary_dag', 'fileloc': '/opt/airflow/dags/daily_summary_dag.py', 'fileloc_hash': 58660702965425884, 'data': '{"__version": 1, "dag": {"_description": "Triggers the Gold daily summary Spark job", "start_date": 1790812800.0, "_dag_id": "daily_summary_dag", "fi ... (1403 characters truncated) ... spark_catalog=org.apache.spark.sql.delta.catalog.DeltaCatalog /opt/app/src/streaming/gold_daily_summary.py"}], "dag_dependencies": [], "params": []}}', 'data_compressed': None, 'last_updated': datetime.datetime(2026, 10, 5, 17, 19, 46, 623331, tzinfo=Timezone('UTC')), 'dag_hash': '22d0d210c4af4d52695743efaf951dab', 'processor_subdir': '/opt/airflow/dags'}]
(Background on this error at: https://sqlalche.me/e/14/gkpj) (Background on this error at: https://sqlalche.me/e/14/7s2a)
[2026-10-05T17:19:47.463+0000] {logging_mixin.py:188} INFO - [2026-10-05T17:19:47.454+0000] {dagbag.py:654} ERROR - Failed to write serialized DAG: /opt/airflow/dags/daily_summary_dag.py
Traceback (most recent call last):
  File "/home/airflow/.local/lib/python3.12/site-packages/airflow/models/dagbag.py", line 642, in _serialize_dag_capturing_errors
    dag_was_updated = SerializedDagModel.write_dag(
                      ^^^^^^^^^^^^^^^^^^^^^^^^^^^^^
  File "/home/airflow/.local/lib/python3.12/site-packages/airflow/utils/session.py", line 76, in wrapper
    return func(*args, **kwargs)
           ^^^^^^^^^^^^^^^^^^^^^
  File "/home/airflow/.local/lib/python3.12/site-packages/airflow/models/serialized_dag.py", line 158, in write_dag
    if session.scalar(
       ^^^^^^^^^^^^^^^
  File "/home/airflow/.local/lib/python3.12/site-packages/sqlalchemy/orm/session.py", line 1747, in scalar
    return self.execute(
           ^^^^^^^^^^^^^
  File "/home/airflow/.local/lib/python3.12/site-packages/sqlalchemy/orm/session.py", line 1716, in execute
    conn = self._connection_for_bind(bind)
           ^^^^^^^^^^^^^^^^^^^^^^^^^^^^^^^
  File "/home/airflow/.local/lib/python3.12/site-packages/sqlalchemy/orm/session.py", line 1555, in _connection_for_bind
    return self._transaction._connection_for_bind(
           ^^^^^^^^^^^^^^^^^^^^^^^^^^^^^^^^^^^^^^^
  File "/home/airflow/.local/lib/python3.12/site-packages/sqlalchemy/orm/session.py", line 724, in _connection_for_bind
    self._assert_active()
  File "/home/airflow/.local/lib/python3.12/site-packages/sqlalchemy/orm/session.py", line 604, in _assert_active
    raise sa_exc.PendingRollbackError(
sqlalchemy.exc.PendingRollbackError: This Session's transaction has been rolled back due to a previous exception during flush. To begin a new transaction with this Session, first issue Session.rollback(). Original exception was: (psycopg2.errors.UniqueViolation) duplicate key value violates unique constraint "serialized_dag_pkey"
DETAIL:  Key (dag_id)=(daily_summary_dag) already exists.

[SQL: INSERT INTO serialized_dag (dag_id, fileloc, fileloc_hash, data, data_compressed, last_updated, dag_hash, processor_subdir) VALUES (%(dag_id)s, %(fileloc)s, %(fileloc_hash)s, %(data)s, %(data_compressed)s, %(last_updated)s, %(dag_hash)s, %(processor_subdir)s)]
[parameters: {'dag_id': 'daily_summary_dag', 'fileloc': '/opt/airflow/dags/daily_summary_dag.py', 'fileloc_hash': 58660702965425884, 'data': '{"__version": 1, "dag": {"catchup": false, "schedule_interval": null, "fileloc": "/opt/airflow/dags/daily_summary_dag.py", "edge_info": {}, "_task_gr ... (1403 characters truncated) ... spark_catalog=org.apache.spark.sql.delta.catalog.DeltaCatalog /opt/app/src/streaming/gold_daily_summary.py"}], "dag_dependencies": [], "params": []}}', 'data_compressed': None, 'last_updated': datetime.datetime(2026, 10, 5, 17, 19, 46, 511432, tzinfo=Timezone('UTC')), 'dag_hash': '22d0d210c4af4d52695743efaf951dab', 'processor_subdir': '/opt/airflow/dags'}]
(Background on this error at: https://sqlalche.me/e/14/gkpj) (Background on this error at: https://sqlalche.me/e/14/7s2a)
[2026-10-05T17:19:47.464+0000] {logging_mixin.py:188} INFO - [2026-10-05T17:19:47.464+0000] {dag.py:3089} INFO - Sync 1 DAGs
[2026-10-05T17:19:47.467+0000] {processor.py:186} ERROR - Got an exception! Propagating...
Traceback (most recent call last):
  File "/home/airflow/.local/lib/python3.12/site-packages/airflow/dag_processing/processor.py", line 182, in _run_file_processor
    _handle_dag_file_processing()
  File "/home/airflow/.local/lib/python3.12/site-packages/airflow/dag_processing/processor.py", line 163, in _handle_dag_file_processing
    result: tuple[int, int] = dag_file_processor.process_file(
                              ^^^^^^^^^^^^^^^^^^^^^^^^^^^^^^^^
  File "/home/airflow/.local/lib/python3.12/site-packages/airflow/utils/session.py", line 79, in wrapper
    return func(*args, session=session, **kwargs)
           ^^^^^^^^^^^^^^^^^^^^^^^^^^^^^^^^^^^^^^
  File "/home/airflow/.local/lib/python3.12/site-packages/airflow/dag_processing/processor.py", line 859, in process_file
    serialize_errors = DagFileProcessor.save_dag_to_db(
                       ^^^^^^^^^^^^^^^^^^^^^^^^^^^^^^^^
  File "/home/airflow/.local/lib/python3.12/site-packages/airflow/api_internal/internal_api_call.py", line 115, in wrapper
    return func(*args, **kwargs)
           ^^^^^^^^^^^^^^^^^^^^^
  File "/home/airflow/.local/lib/python3.12/site-packages/airflow/utils/session.py", line 79, in wrapper
    return func(*args, session=session, **kwargs)
           ^^^^^^^^^^^^^^^^^^^^^^^^^^^^^^^^^^^^^^
  File "/home/airflow/.local/lib/python3.12/site-packages/airflow/dag_processing/processor.py", line 895, in save_dag_to_db
    import_errors = DagBag._sync_to_db(dags=dags, processor_subdir=dag_directory, session=session)
                    ^^^^^^^^^^^^^^^^^^^^^^^^^^^^^^^^^^^^^^^^^^^^^^^^^^^^^^^^^^^^^^^^^^^^^^^^^^^^^^
  File "/home/airflow/.local/lib/python3.12/site-packages/airflow/utils/session.py", line 76, in wrapper
    return func(*args, **kwargs)
           ^^^^^^^^^^^^^^^^^^^^^
  File "/home/airflow/.local/lib/python3.12/site-packages/airflow/models/dagbag.py", line 664, in _sync_to_db
    for attempt in run_with_db_retries(logger=log):
  File "/home/airflow/.local/lib/python3.12/site-packages/tenacity/__init__.py", line 443, in __iter__
    do = self.iter(retry_state=retry_state)
         ^^^^^^^^^^^^^^^^^^^^^^^^^^^^^^^^^^
  File "/home/airflow/.local/lib/python3.12/site-packages/tenacity/__init__.py", line 376, in iter
    result = action(retry_state)
             ^^^^^^^^^^^^^^^^^^^
  File "/home/airflow/.local/lib/python3.12/site-packages/tenacity/__init__.py", line 398, in <lambda>
    self._add_action_func(lambda rs: rs.outcome.result())
                                     ^^^^^^^^^^^^^^^^^^^
  File "/usr/local/lib/python3.12/concurrent/futures/_base.py", line 449, in result
    return self.__get_result()
           ^^^^^^^^^^^^^^^^^^^
  File "/usr/local/lib/python3.12/concurrent/futures/_base.py", line 401, in __get_result
    raise self._exception
  File "/home/airflow/.local/lib/python3.12/site-packages/airflow/models/dagbag.py", line 680, in _sync_to_db
    DAG.bulk_write_to_db(dags.values(), processor_subdir=processor_subdir, session=session)
  File "/home/airflow/.local/lib/python3.12/site-packages/airflow/utils/session.py", line 76, in wrapper
    return func(*args, **kwargs)
           ^^^^^^^^^^^^^^^^^^^^^
  File "/home/airflow/.local/lib/python3.12/site-packages/airflow/models/dag.py", line 3101, in bulk_write_to_db
    orm_dags: list[DagModel] = session.scalars(query).unique().all()
                               ^^^^^^^^^^^^^^^^^^^^^^
  File "/home/airflow/.local/lib/python3.12/site-packages/sqlalchemy/orm/session.py", line 1778, in scalars
    return self.execute(
           ^^^^^^^^^^^^^
  File "/home/airflow/.local/lib/python3.12/site-packages/sqlalchemy/orm/session.py", line 1716, in execute
    conn = self._connection_for_bind(bind)
           ^^^^^^^^^^^^^^^^^^^^^^^^^^^^^^^
  File "/home/airflow/.local/lib/python3.12/site-packages/sqlalchemy/orm/session.py", line 1555, in _connection_for_bind
    return self._transaction._connection_for_bind(
           ^^^^^^^^^^^^^^^^^^^^^^^^^^^^^^^^^^^^^^^
  File "/home/airflow/.local/lib/python3.12/site-packages/sqlalchemy/orm/session.py", line 724, in _connection_for_bind
    self._assert_active()
  File "/home/airflow/.local/lib/python3.12/site-packages/sqlalchemy/orm/session.py", line 604, in _assert_active
    raise sa_exc.PendingRollbackError(
sqlalchemy.exc.PendingRollbackError: This Session's transaction has been rolled back due to a previous exception during flush. To begin a new transaction with this Session, first issue Session.rollback(). Original exception was: (psycopg2.errors.UniqueViolation) duplicate key value violates unique constraint "serialized_dag_pkey"
DETAIL:  Key (dag_id)=(daily_summary_dag) already exists.

[SQL: INSERT INTO serialized_dag (dag_id, fileloc, fileloc_hash, data, data_compressed, last_updated, dag_hash, processor_subdir) VALUES (%(dag_id)s, %(fileloc)s, %(fileloc_hash)s, %(data)s, %(data_compressed)s, %(last_updated)s, %(dag_hash)s, %(processor_subdir)s)]
[parameters: {'dag_id': 'daily_summary_dag', 'fileloc': '/opt/airflow/dags/daily_summary_dag.py', 'fileloc_hash': 58660702965425884, 'data': '{"__version": 1, "dag": {"catchup": false, "schedule_interval": null, "fileloc": "/opt/airflow/dags/daily_summary_dag.py", "edge_info": {}, "_task_gr ... (1403 characters truncated) ... spark_catalog=org.apache.spark.sql.delta.catalog.DeltaCatalog /opt/app/src/streaming/gold_daily_summary.py"}], "dag_dependencies": [], "params": []}}', 'data_compressed': None, 'last_updated': datetime.datetime(2026, 10, 5, 17, 19, 46, 511432, tzinfo=Timezone('UTC')), 'dag_hash': '22d0d210c4af4d52695743efaf951dab', 'processor_subdir': '/opt/airflow/dags'}]
(Background on this error at: https://sqlalche.me/e/14/gkpj) (Background on this error at: https://sqlalche.me/e/14/7s2a)
[2026-10-05T17:20:17.523+0000] {processor.py:161} INFO - Started process (PID=957) to work on /opt/airflow/dags/daily_summary_dag.py
[2026-10-05T17:20:17.524+0000] {processor.py:830} INFO - Processing file /opt/airflow/dags/daily_summary_dag.py for tasks to queue
[2026-10-05T17:20:17.525+0000] {logging_mixin.py:188} INFO - [2026-10-05T17:20:17.525+0000] {dagbag.py:545} INFO - Filling up the DagBag from /opt/airflow/dags/daily_summary_dag.py
[2026-10-05T17:20:17.546+0000] {processor.py:840} INFO - DAG(s) 'daily_summary_dag' retrieved from /opt/airflow/dags/daily_summary_dag.py
[2026-10-05T17:20:17.579+0000] {logging_mixin.py:188} INFO - [2026-10-05T17:20:17.579+0000] {dag.py:3089} INFO - Sync 1 DAGs
[2026-10-05T17:20:17.593+0000] {logging_mixin.py:188} INFO - [2026-10-05T17:20:17.593+0000] {dag.py:3947} INFO - Setting next_dagrun for daily_summary_dag to None, run_after=None
[2026-10-05T17:20:17.615+0000] {processor.py:183} INFO - Processing /opt/airflow/dags/daily_summary_dag.py took 0.098 seconds
[2026-10-05T17:20:17.664+0000] {processor.py:161} INFO - Started process (PID=963) to work on /opt/airflow/dags/daily_summary_dag.py
[2026-10-05T17:20:17.664+0000] {processor.py:161} INFO - Started process (PID=962) to work on /opt/airflow/dags/daily_summary_dag.py
[2026-10-05T17:20:17.665+0000] {processor.py:830} INFO - Processing file /opt/airflow/dags/daily_summary_dag.py for tasks to queue
[2026-10-05T17:20:17.666+0000] {processor.py:830} INFO - Processing file /opt/airflow/dags/daily_summary_dag.py for tasks to queue
[2026-10-05T17:20:17.667+0000] {logging_mixin.py:188} INFO - [2026-10-05T17:20:17.666+0000] {dagbag.py:545} INFO - Filling up the DagBag from /opt/airflow/dags/daily_summary_dag.py
[2026-10-05T17:20:17.668+0000] {logging_mixin.py:188} INFO - [2026-10-05T17:20:17.667+0000] {dagbag.py:545} INFO - Filling up the DagBag from /opt/airflow/dags/daily_summary_dag.py
[2026-10-05T17:20:17.688+0000] {processor.py:840} INFO - DAG(s) 'daily_summary_dag' retrieved from /opt/airflow/dags/daily_summary_dag.py
[2026-10-05T17:20:17.688+0000] {processor.py:840} INFO - DAG(s) 'daily_summary_dag' retrieved from /opt/airflow/dags/daily_summary_dag.py
[2026-10-05T17:20:17.721+0000] {logging_mixin.py:188} INFO - [2026-10-05T17:20:17.721+0000] {dag.py:3089} INFO - Sync 1 DAGs
[2026-10-05T17:20:17.723+0000] {logging_mixin.py:188} INFO - [2026-10-05T17:20:17.722+0000] {dag.py:3089} INFO - Sync 1 DAGs
[2026-10-05T17:20:17.736+0000] {logging_mixin.py:188} INFO - [2026-10-05T17:20:17.736+0000] {dag.py:3947} INFO - Setting next_dagrun for daily_summary_dag to None, run_after=None
[2026-10-05T17:20:17.754+0000] {logging_mixin.py:188} INFO - [2026-10-05T17:20:17.753+0000] {dag.py:3947} INFO - Setting next_dagrun for daily_summary_dag to None, run_after=None
[2026-10-05T17:20:17.767+0000] {processor.py:183} INFO - Processing /opt/airflow/dags/daily_summary_dag.py took 0.109 seconds
[2026-10-05T17:20:17.789+0000] {processor.py:183} INFO - Processing /opt/airflow/dags/daily_summary_dag.py took 0.132 seconds
[2026-10-05T17:20:47.750+0000] {processor.py:161} INFO - Started process (PID=972) to work on /opt/airflow/dags/daily_summary_dag.py
[2026-10-05T17:20:47.751+0000] {processor.py:830} INFO - Processing file /opt/airflow/dags/daily_summary_dag.py for tasks to queue
[2026-10-05T17:20:47.753+0000] {logging_mixin.py:188} INFO - [2026-10-05T17:20:47.752+0000] {dagbag.py:545} INFO - Filling up the DagBag from /opt/airflow/dags/daily_summary_dag.py
[2026-10-05T17:20:47.773+0000] {processor.py:840} INFO - DAG(s) 'daily_summary_dag' retrieved from /opt/airflow/dags/daily_summary_dag.py
[2026-10-05T17:20:47.806+0000] {logging_mixin.py:188} INFO - [2026-10-05T17:20:47.805+0000] {dag.py:3089} INFO - Sync 1 DAGs
[2026-10-05T17:20:47.821+0000] {logging_mixin.py:188} INFO - [2026-10-05T17:20:47.820+0000] {dag.py:3947} INFO - Setting next_dagrun for daily_summary_dag to None, run_after=None
[2026-10-05T17:20:47.847+0000] {processor.py:183} INFO - Processing /opt/airflow/dags/daily_summary_dag.py took 0.103 seconds
[2026-10-05T17:20:47.862+0000] {processor.py:161} INFO - Started process (PID=975) to work on /opt/airflow/dags/daily_summary_dag.py
[2026-10-05T17:20:47.863+0000] {processor.py:830} INFO - Processing file /opt/airflow/dags/daily_summary_dag.py for tasks to queue
[2026-10-05T17:20:47.865+0000] {logging_mixin.py:188} INFO - [2026-10-05T17:20:47.864+0000] {dagbag.py:545} INFO - Filling up the DagBag from /opt/airflow/dags/daily_summary_dag.py
[2026-10-05T17:20:47.865+0000] {processor.py:161} INFO - Started process (PID=977) to work on /opt/airflow/dags/daily_summary_dag.py
[2026-10-05T17:20:47.866+0000] {processor.py:830} INFO - Processing file /opt/airflow/dags/daily_summary_dag.py for tasks to queue
[2026-10-05T17:20:47.868+0000] {logging_mixin.py:188} INFO - [2026-10-05T17:20:47.867+0000] {dagbag.py:545} INFO - Filling up the DagBag from /opt/airflow/dags/daily_summary_dag.py
[2026-10-05T17:20:47.885+0000] {processor.py:840} INFO - DAG(s) 'daily_summary_dag' retrieved from /opt/airflow/dags/daily_summary_dag.py
[2026-10-05T17:20:47.887+0000] {processor.py:840} INFO - DAG(s) 'daily_summary_dag' retrieved from /opt/airflow/dags/daily_summary_dag.py
[2026-10-05T17:20:47.921+0000] {logging_mixin.py:188} INFO - [2026-10-05T17:20:47.921+0000] {dag.py:3089} INFO - Sync 1 DAGs
[2026-10-05T17:20:47.922+0000] {logging_mixin.py:188} INFO - [2026-10-05T17:20:47.922+0000] {dag.py:3089} INFO - Sync 1 DAGs
[2026-10-05T17:20:47.939+0000] {logging_mixin.py:188} INFO - [2026-10-05T17:20:47.939+0000] {dag.py:3947} INFO - Setting next_dagrun for daily_summary_dag to None, run_after=None
[2026-10-05T17:20:47.957+0000] {logging_mixin.py:188} INFO - [2026-10-05T17:20:47.957+0000] {dag.py:3947} INFO - Setting next_dagrun for daily_summary_dag to None, run_after=None
[2026-10-05T17:20:47.965+0000] {processor.py:183} INFO - Processing /opt/airflow/dags/daily_summary_dag.py took 0.107 seconds
[2026-10-05T17:20:47.984+0000] {processor.py:183} INFO - Processing /opt/airflow/dags/daily_summary_dag.py took 0.130 seconds
[2026-10-05T17:21:17.984+0000] {processor.py:161} INFO - Started process (PID=987) to work on /opt/airflow/dags/daily_summary_dag.py
[2026-10-05T17:21:17.985+0000] {processor.py:830} INFO - Processing file /opt/airflow/dags/daily_summary_dag.py for tasks to queue
[2026-10-05T17:21:17.986+0000] {logging_mixin.py:188} INFO - [2026-10-05T17:21:17.986+0000] {dagbag.py:545} INFO - Filling up the DagBag from /opt/airflow/dags/daily_summary_dag.py
[2026-10-05T17:21:18.005+0000] {processor.py:840} INFO - DAG(s) 'daily_summary_dag' retrieved from /opt/airflow/dags/daily_summary_dag.py
[2026-10-05T17:21:18.036+0000] {logging_mixin.py:188} INFO - [2026-10-05T17:21:18.036+0000] {dag.py:3089} INFO - Sync 1 DAGs
[2026-10-05T17:21:18.050+0000] {logging_mixin.py:188} INFO - [2026-10-05T17:21:18.049+0000] {dag.py:3947} INFO - Setting next_dagrun for daily_summary_dag to None, run_after=None
[2026-10-05T17:21:18.075+0000] {processor.py:183} INFO - Processing /opt/airflow/dags/daily_summary_dag.py took 0.096 seconds
[2026-10-05T17:21:18.142+0000] {processor.py:161} INFO - Started process (PID=992) to work on /opt/airflow/dags/daily_summary_dag.py
[2026-10-05T17:21:18.143+0000] {processor.py:830} INFO - Processing file /opt/airflow/dags/daily_summary_dag.py for tasks to queue
[2026-10-05T17:21:18.145+0000] {logging_mixin.py:188} INFO - [2026-10-05T17:21:18.144+0000] {dagbag.py:545} INFO - Filling up the DagBag from /opt/airflow/dags/daily_summary_dag.py
[2026-10-05T17:21:18.166+0000] {processor.py:840} INFO - DAG(s) 'daily_summary_dag' retrieved from /opt/airflow/dags/daily_summary_dag.py
[2026-10-05T17:21:18.194+0000] {processor.py:161} INFO - Started process (PID=995) to work on /opt/airflow/dags/daily_summary_dag.py
[2026-10-05T17:21:18.195+0000] {processor.py:830} INFO - Processing file /opt/airflow/dags/daily_summary_dag.py for tasks to queue
[2026-10-05T17:21:18.197+0000] {logging_mixin.py:188} INFO - [2026-10-05T17:21:18.196+0000] {dagbag.py:545} INFO - Filling up the DagBag from /opt/airflow/dags/daily_summary_dag.py
[2026-10-05T17:21:18.199+0000] {logging_mixin.py:188} INFO - [2026-10-05T17:21:18.199+0000] {dag.py:3089} INFO - Sync 1 DAGs
[2026-10-05T17:21:18.213+0000] {logging_mixin.py:188} INFO - [2026-10-05T17:21:18.212+0000] {dag.py:3947} INFO - Setting next_dagrun for daily_summary_dag to None, run_after=None
[2026-10-05T17:21:18.217+0000] {processor.py:840} INFO - DAG(s) 'daily_summary_dag' retrieved from /opt/airflow/dags/daily_summary_dag.py
[2026-10-05T17:21:18.238+0000] {processor.py:183} INFO - Processing /opt/airflow/dags/daily_summary_dag.py took 0.101 seconds
[2026-10-05T17:21:18.250+0000] {logging_mixin.py:188} INFO - [2026-10-05T17:21:18.249+0000] {dag.py:3089} INFO - Sync 1 DAGs
[2026-10-05T17:21:18.265+0000] {logging_mixin.py:188} INFO - [2026-10-05T17:21:18.265+0000] {dag.py:3947} INFO - Setting next_dagrun for daily_summary_dag to None, run_after=None
[2026-10-05T17:21:18.284+0000] {processor.py:183} INFO - Processing /opt/airflow/dags/daily_summary_dag.py took 0.097 seconds
[2026-10-05T17:21:48.244+0000] {processor.py:161} INFO - Started process (PID=1002) to work on /opt/airflow/dags/daily_summary_dag.py
[2026-10-05T17:21:48.246+0000] {processor.py:830} INFO - Processing file /opt/airflow/dags/daily_summary_dag.py for tasks to queue
[2026-10-05T17:21:48.247+0000] {logging_mixin.py:188} INFO - [2026-10-05T17:21:48.246+0000] {dagbag.py:545} INFO - Filling up the DagBag from /opt/airflow/dags/daily_summary_dag.py
[2026-10-05T17:21:48.268+0000] {processor.py:840} INFO - DAG(s) 'daily_summary_dag' retrieved from /opt/airflow/dags/daily_summary_dag.py
[2026-10-05T17:21:48.301+0000] {logging_mixin.py:188} INFO - [2026-10-05T17:21:48.300+0000] {dag.py:3089} INFO - Sync 1 DAGs
[2026-10-05T17:21:48.316+0000] {logging_mixin.py:188} INFO - [2026-10-05T17:21:48.316+0000] {dag.py:3947} INFO - Setting next_dagrun for daily_summary_dag to None, run_after=None
[2026-10-05T17:21:48.323+0000] {processor.py:161} INFO - Started process (PID=1005) to work on /opt/airflow/dags/daily_summary_dag.py
[2026-10-05T17:21:48.324+0000] {processor.py:830} INFO - Processing file /opt/airflow/dags/daily_summary_dag.py for tasks to queue
[2026-10-05T17:21:48.325+0000] {logging_mixin.py:188} INFO - [2026-10-05T17:21:48.325+0000] {dagbag.py:545} INFO - Filling up the DagBag from /opt/airflow/dags/daily_summary_dag.py
[2026-10-05T17:21:48.341+0000] {processor.py:183} INFO - Processing /opt/airflow/dags/daily_summary_dag.py took 0.102 seconds
[2026-10-05T17:21:48.348+0000] {processor.py:840} INFO - DAG(s) 'daily_summary_dag' retrieved from /opt/airflow/dags/daily_summary_dag.py
[2026-10-05T17:21:48.376+0000] {processor.py:161} INFO - Started process (PID=1010) to work on /opt/airflow/dags/daily_summary_dag.py
[2026-10-05T17:21:48.377+0000] {processor.py:830} INFO - Processing file /opt/airflow/dags/daily_summary_dag.py for tasks to queue
[2026-10-05T17:21:48.378+0000] {logging_mixin.py:188} INFO - [2026-10-05T17:21:48.378+0000] {dag.py:3089} INFO - Sync 1 DAGs
[2026-10-05T17:21:48.378+0000] {logging_mixin.py:188} INFO - [2026-10-05T17:21:48.378+0000] {dagbag.py:545} INFO - Filling up the DagBag from /opt/airflow/dags/daily_summary_dag.py
[2026-10-05T17:21:48.390+0000] {logging_mixin.py:188} INFO - [2026-10-05T17:21:48.389+0000] {dag.py:3947} INFO - Setting next_dagrun for daily_summary_dag to None, run_after=None
[2026-10-05T17:21:48.396+0000] {processor.py:840} INFO - DAG(s) 'daily_summary_dag' retrieved from /opt/airflow/dags/daily_summary_dag.py
[2026-10-05T17:21:48.413+0000] {processor.py:183} INFO - Processing /opt/airflow/dags/daily_summary_dag.py took 0.096 seconds
[2026-10-05T17:21:48.432+0000] {logging_mixin.py:188} INFO - [2026-10-05T17:21:48.432+0000] {dag.py:3089} INFO - Sync 1 DAGs
[2026-10-05T17:21:48.446+0000] {logging_mixin.py:188} INFO - [2026-10-05T17:21:48.445+0000] {dag.py:3947} INFO - Setting next_dagrun for daily_summary_dag to None, run_after=None
[2026-10-05T17:21:48.469+0000] {processor.py:183} INFO - Processing /opt/airflow/dags/daily_summary_dag.py took 0.100 seconds
[2026-10-05T17:22:18.441+0000] {processor.py:161} INFO - Started process (PID=1017) to work on /opt/airflow/dags/daily_summary_dag.py
[2026-10-05T17:22:18.442+0000] {processor.py:830} INFO - Processing file /opt/airflow/dags/daily_summary_dag.py for tasks to queue
[2026-10-05T17:22:18.443+0000] {logging_mixin.py:188} INFO - [2026-10-05T17:22:18.443+0000] {dagbag.py:545} INFO - Filling up the DagBag from /opt/airflow/dags/daily_summary_dag.py
[2026-10-05T17:22:18.463+0000] {processor.py:840} INFO - DAG(s) 'daily_summary_dag' retrieved from /opt/airflow/dags/daily_summary_dag.py
[2026-10-05T17:22:18.496+0000] {logging_mixin.py:188} INFO - [2026-10-05T17:22:18.496+0000] {dag.py:3089} INFO - Sync 1 DAGs
[2026-10-05T17:22:18.511+0000] {logging_mixin.py:188} INFO - [2026-10-05T17:22:18.511+0000] {dag.py:3947} INFO - Setting next_dagrun for daily_summary_dag to None, run_after=None
[2026-10-05T17:22:18.535+0000] {processor.py:183} INFO - Processing /opt/airflow/dags/daily_summary_dag.py took 0.101 seconds
[2026-10-05T17:22:18.612+0000] {processor.py:161} INFO - Started process (PID=1022) to work on /opt/airflow/dags/daily_summary_dag.py
[2026-10-05T17:22:18.613+0000] {processor.py:830} INFO - Processing file /opt/airflow/dags/daily_summary_dag.py for tasks to queue
[2026-10-05T17:22:18.614+0000] {logging_mixin.py:188} INFO - [2026-10-05T17:22:18.614+0000] {dagbag.py:545} INFO - Filling up the DagBag from /opt/airflow/dags/daily_summary_dag.py
[2026-10-05T17:22:18.636+0000] {processor.py:161} INFO - Started process (PID=1025) to work on /opt/airflow/dags/daily_summary_dag.py
[2026-10-05T17:22:18.637+0000] {processor.py:840} INFO - DAG(s) 'daily_summary_dag' retrieved from /opt/airflow/dags/daily_summary_dag.py
[2026-10-05T17:22:18.638+0000] {processor.py:830} INFO - Processing file /opt/airflow/dags/daily_summary_dag.py for tasks to queue
[2026-10-05T17:22:18.639+0000] {logging_mixin.py:188} INFO - [2026-10-05T17:22:18.638+0000] {dagbag.py:545} INFO - Filling up the DagBag from /opt/airflow/dags/daily_summary_dag.py
[2026-10-05T17:22:18.660+0000] {processor.py:840} INFO - DAG(s) 'daily_summary_dag' retrieved from /opt/airflow/dags/daily_summary_dag.py
[2026-10-05T17:22:18.670+0000] {logging_mixin.py:188} INFO - [2026-10-05T17:22:18.669+0000] {dag.py:3089} INFO - Sync 1 DAGs
[2026-10-05T17:22:18.684+0000] {logging_mixin.py:188} INFO - [2026-10-05T17:22:18.684+0000] {dag.py:3947} INFO - Setting next_dagrun for daily_summary_dag to None, run_after=None
[2026-10-05T17:22:18.693+0000] {logging_mixin.py:188} INFO - [2026-10-05T17:22:18.693+0000] {dag.py:3089} INFO - Sync 1 DAGs
[2026-10-05T17:22:18.708+0000] {logging_mixin.py:188} INFO - [2026-10-05T17:22:18.708+0000] {dag.py:3947} INFO - Setting next_dagrun for daily_summary_dag to None, run_after=None
[2026-10-05T17:22:18.711+0000] {processor.py:183} INFO - Processing /opt/airflow/dags/daily_summary_dag.py took 0.104 seconds
[2026-10-05T17:22:18.734+0000] {processor.py:183} INFO - Processing /opt/airflow/dags/daily_summary_dag.py took 0.106 seconds
[2026-10-05T17:22:48.706+0000] {processor.py:161} INFO - Started process (PID=1032) to work on /opt/airflow/dags/daily_summary_dag.py
[2026-10-05T17:22:48.708+0000] {processor.py:830} INFO - Processing file /opt/airflow/dags/daily_summary_dag.py for tasks to queue
[2026-10-05T17:22:48.709+0000] {logging_mixin.py:188} INFO - [2026-10-05T17:22:48.709+0000] {dagbag.py:545} INFO - Filling up the DagBag from /opt/airflow/dags/daily_summary_dag.py
[2026-10-05T17:22:48.728+0000] {processor.py:840} INFO - DAG(s) 'daily_summary_dag' retrieved from /opt/airflow/dags/daily_summary_dag.py
[2026-10-05T17:22:48.758+0000] {logging_mixin.py:188} INFO - [2026-10-05T17:22:48.758+0000] {dag.py:3089} INFO - Sync 1 DAGs
[2026-10-05T17:22:48.772+0000] {logging_mixin.py:188} INFO - [2026-10-05T17:22:48.772+0000] {dag.py:3947} INFO - Setting next_dagrun for daily_summary_dag to None, run_after=None
[2026-10-05T17:22:48.782+0000] {processor.py:161} INFO - Started process (PID=1035) to work on /opt/airflow/dags/daily_summary_dag.py
[2026-10-05T17:22:48.783+0000] {processor.py:830} INFO - Processing file /opt/airflow/dags/daily_summary_dag.py for tasks to queue
[2026-10-05T17:22:48.784+0000] {logging_mixin.py:188} INFO - [2026-10-05T17:22:48.784+0000] {dagbag.py:545} INFO - Filling up the DagBag from /opt/airflow/dags/daily_summary_dag.py
[2026-10-05T17:22:48.795+0000] {processor.py:183} INFO - Processing /opt/airflow/dags/daily_summary_dag.py took 0.093 seconds
[2026-10-05T17:22:48.806+0000] {processor.py:840} INFO - DAG(s) 'daily_summary_dag' retrieved from /opt/airflow/dags/daily_summary_dag.py
[2026-10-05T17:22:48.822+0000] {processor.py:161} INFO - Started process (PID=1040) to work on /opt/airflow/dags/daily_summary_dag.py
[2026-10-05T17:22:48.824+0000] {processor.py:830} INFO - Processing file /opt/airflow/dags/daily_summary_dag.py for tasks to queue
[2026-10-05T17:22:48.825+0000] {logging_mixin.py:188} INFO - [2026-10-05T17:22:48.825+0000] {dagbag.py:545} INFO - Filling up the DagBag from /opt/airflow/dags/daily_summary_dag.py
[2026-10-05T17:22:48.838+0000] {logging_mixin.py:188} INFO - [2026-10-05T17:22:48.837+0000] {dag.py:3089} INFO - Sync 1 DAGs
[2026-10-05T17:22:48.845+0000] {processor.py:840} INFO - DAG(s) 'daily_summary_dag' retrieved from /opt/airflow/dags/daily_summary_dag.py
[2026-10-05T17:22:48.851+0000] {logging_mixin.py:188} INFO - [2026-10-05T17:22:48.851+0000] {dag.py:3947} INFO - Setting next_dagrun for daily_summary_dag to None, run_after=None
[2026-10-05T17:22:48.874+0000] {processor.py:183} INFO - Processing /opt/airflow/dags/daily_summary_dag.py took 0.097 seconds
[2026-10-05T17:22:48.881+0000] {logging_mixin.py:188} INFO - [2026-10-05T17:22:48.881+0000] {dag.py:3089} INFO - Sync 1 DAGs
[2026-10-05T17:22:48.896+0000] {logging_mixin.py:188} INFO - [2026-10-05T17:22:48.896+0000] {dag.py:3947} INFO - Setting next_dagrun for daily_summary_dag to None, run_after=None
[2026-10-05T17:22:48.918+0000] {processor.py:183} INFO - Processing /opt/airflow/dags/daily_summary_dag.py took 0.103 seconds
[2026-10-05T17:23:18.893+0000] {processor.py:161} INFO - Started process (PID=1047) to work on /opt/airflow/dags/daily_summary_dag.py
[2026-10-05T17:23:18.894+0000] {processor.py:830} INFO - Processing file /opt/airflow/dags/daily_summary_dag.py for tasks to queue
[2026-10-05T17:23:18.895+0000] {logging_mixin.py:188} INFO - [2026-10-05T17:23:18.895+0000] {dagbag.py:545} INFO - Filling up the DagBag from /opt/airflow/dags/daily_summary_dag.py
[2026-10-05T17:23:18.915+0000] {processor.py:840} INFO - DAG(s) 'daily_summary_dag' retrieved from /opt/airflow/dags/daily_summary_dag.py
[2026-10-05T17:23:18.947+0000] {logging_mixin.py:188} INFO - [2026-10-05T17:23:18.947+0000] {dag.py:3089} INFO - Sync 1 DAGs
[2026-10-05T17:23:18.962+0000] {logging_mixin.py:188} INFO - [2026-10-05T17:23:18.962+0000] {dag.py:3947} INFO - Setting next_dagrun for daily_summary_dag to None, run_after=None
[2026-10-05T17:23:18.984+0000] {processor.py:183} INFO - Processing /opt/airflow/dags/daily_summary_dag.py took 0.097 seconds
[2026-10-05T17:23:19.086+0000] {processor.py:161} INFO - Started process (PID=1052) to work on /opt/airflow/dags/daily_summary_dag.py
[2026-10-05T17:23:19.088+0000] {processor.py:830} INFO - Processing file /opt/airflow/dags/daily_summary_dag.py for tasks to queue
[2026-10-05T17:23:19.089+0000] {logging_mixin.py:188} INFO - [2026-10-05T17:23:19.089+0000] {dagbag.py:545} INFO - Filling up the DagBag from /opt/airflow/dags/daily_summary_dag.py
[2026-10-05T17:23:19.090+0000] {processor.py:161} INFO - Started process (PID=1055) to work on /opt/airflow/dags/daily_summary_dag.py
[2026-10-05T17:23:19.091+0000] {processor.py:830} INFO - Processing file /opt/airflow/dags/daily_summary_dag.py for tasks to queue
[2026-10-05T17:23:19.092+0000] {logging_mixin.py:188} INFO - [2026-10-05T17:23:19.092+0000] {dagbag.py:545} INFO - Filling up the DagBag from /opt/airflow/dags/daily_summary_dag.py
[2026-10-05T17:23:19.107+0000] {processor.py:840} INFO - DAG(s) 'daily_summary_dag' retrieved from /opt/airflow/dags/daily_summary_dag.py
[2026-10-05T17:23:19.108+0000] {processor.py:840} INFO - DAG(s) 'daily_summary_dag' retrieved from /opt/airflow/dags/daily_summary_dag.py
[2026-10-05T17:23:19.137+0000] {logging_mixin.py:188} INFO - [2026-10-05T17:23:19.137+0000] {dag.py:3089} INFO - Sync 1 DAGs
[2026-10-05T17:23:19.138+0000] {logging_mixin.py:188} INFO - [2026-10-05T17:23:19.138+0000] {dag.py:3089} INFO - Sync 1 DAGs
[2026-10-05T17:23:19.150+0000] {logging_mixin.py:188} INFO - [2026-10-05T17:23:19.150+0000] {dag.py:3947} INFO - Setting next_dagrun for daily_summary_dag to None, run_after=None
[2026-10-05T17:23:19.166+0000] {logging_mixin.py:188} INFO - [2026-10-05T17:23:19.166+0000] {dag.py:3947} INFO - Setting next_dagrun for daily_summary_dag to None, run_after=None
[2026-10-05T17:23:19.174+0000] {processor.py:183} INFO - Processing /opt/airflow/dags/daily_summary_dag.py took 0.093 seconds
[2026-10-05T17:23:19.196+0000] {processor.py:183} INFO - Processing /opt/airflow/dags/daily_summary_dag.py took 0.112 seconds
[2026-10-05T17:23:49.148+0000] {processor.py:161} INFO - Started process (PID=1062) to work on /opt/airflow/dags/daily_summary_dag.py
[2026-10-05T17:23:49.150+0000] {processor.py:830} INFO - Processing file /opt/airflow/dags/daily_summary_dag.py for tasks to queue
[2026-10-05T17:23:49.151+0000] {logging_mixin.py:188} INFO - [2026-10-05T17:23:49.151+0000] {dagbag.py:545} INFO - Filling up the DagBag from /opt/airflow/dags/daily_summary_dag.py
[2026-10-05T17:23:49.169+0000] {processor.py:840} INFO - DAG(s) 'daily_summary_dag' retrieved from /opt/airflow/dags/daily_summary_dag.py
[2026-10-05T17:23:49.201+0000] {logging_mixin.py:188} INFO - [2026-10-05T17:23:49.200+0000] {dag.py:3089} INFO - Sync 1 DAGs
[2026-10-05T17:23:49.213+0000] {logging_mixin.py:188} INFO - [2026-10-05T17:23:49.213+0000] {dag.py:3947} INFO - Setting next_dagrun for daily_summary_dag to None, run_after=None
[2026-10-05T17:23:49.237+0000] {processor.py:183} INFO - Processing /opt/airflow/dags/daily_summary_dag.py took 0.093 seconds
[2026-10-05T17:23:49.268+0000] {processor.py:161} INFO - Started process (PID=1068) to work on /opt/airflow/dags/daily_summary_dag.py
[2026-10-05T17:23:49.269+0000] {processor.py:161} INFO - Started process (PID=1067) to work on /opt/airflow/dags/daily_summary_dag.py
[2026-10-05T17:23:49.270+0000] {processor.py:830} INFO - Processing file /opt/airflow/dags/daily_summary_dag.py for tasks to queue
[2026-10-05T17:23:49.270+0000] {processor.py:830} INFO - Processing file /opt/airflow/dags/daily_summary_dag.py for tasks to queue
[2026-10-05T17:23:49.271+0000] {logging_mixin.py:188} INFO - [2026-10-05T17:23:49.271+0000] {dagbag.py:545} INFO - Filling up the DagBag from /opt/airflow/dags/daily_summary_dag.py
[2026-10-05T17:23:49.271+0000] {logging_mixin.py:188} INFO - [2026-10-05T17:23:49.271+0000] {dagbag.py:545} INFO - Filling up the DagBag from /opt/airflow/dags/daily_summary_dag.py
[2026-10-05T17:23:49.290+0000] {processor.py:840} INFO - DAG(s) 'daily_summary_dag' retrieved from /opt/airflow/dags/daily_summary_dag.py
[2026-10-05T17:23:49.290+0000] {processor.py:840} INFO - DAG(s) 'daily_summary_dag' retrieved from /opt/airflow/dags/daily_summary_dag.py
[2026-10-05T17:23:49.322+0000] {logging_mixin.py:188} INFO - [2026-10-05T17:23:49.321+0000] {dag.py:3089} INFO - Sync 1 DAGs
[2026-10-05T17:23:49.322+0000] {logging_mixin.py:188} INFO - [2026-10-05T17:23:49.321+0000] {dag.py:3089} INFO - Sync 1 DAGs
[2026-10-05T17:23:49.337+0000] {logging_mixin.py:188} INFO - [2026-10-05T17:23:49.336+0000] {dag.py:3947} INFO - Setting next_dagrun for daily_summary_dag to None, run_after=None
[2026-10-05T17:23:49.353+0000] {logging_mixin.py:188} INFO - [2026-10-05T17:23:49.353+0000] {dag.py:3947} INFO - Setting next_dagrun for daily_summary_dag to None, run_after=None
[2026-10-05T17:23:49.360+0000] {processor.py:183} INFO - Processing /opt/airflow/dags/daily_summary_dag.py took 0.098 seconds
[2026-10-05T17:23:49.377+0000] {processor.py:183} INFO - Processing /opt/airflow/dags/daily_summary_dag.py took 0.116 seconds
[2026-10-05T17:24:19.336+0000] {processor.py:161} INFO - Started process (PID=1077) to work on /opt/airflow/dags/daily_summary_dag.py
[2026-10-05T17:24:19.337+0000] {processor.py:830} INFO - Processing file /opt/airflow/dags/daily_summary_dag.py for tasks to queue
[2026-10-05T17:24:19.338+0000] {logging_mixin.py:188} INFO - [2026-10-05T17:24:19.338+0000] {dagbag.py:545} INFO - Filling up the DagBag from /opt/airflow/dags/daily_summary_dag.py
[2026-10-05T17:24:19.357+0000] {processor.py:840} INFO - DAG(s) 'daily_summary_dag' retrieved from /opt/airflow/dags/daily_summary_dag.py
[2026-10-05T17:24:19.386+0000] {logging_mixin.py:188} INFO - [2026-10-05T17:24:19.385+0000] {dag.py:3089} INFO - Sync 1 DAGs
[2026-10-05T17:24:19.400+0000] {logging_mixin.py:188} INFO - [2026-10-05T17:24:19.399+0000] {dag.py:3947} INFO - Setting next_dagrun for daily_summary_dag to None, run_after=None
[2026-10-05T17:24:19.420+0000] {processor.py:183} INFO - Processing /opt/airflow/dags/daily_summary_dag.py took 0.090 seconds
[2026-10-05T17:24:19.553+0000] {processor.py:161} INFO - Started process (PID=1082) to work on /opt/airflow/dags/daily_summary_dag.py
[2026-10-05T17:24:19.555+0000] {processor.py:830} INFO - Processing file /opt/airflow/dags/daily_summary_dag.py for tasks to queue
[2026-10-05T17:24:19.557+0000] {logging_mixin.py:188} INFO - [2026-10-05T17:24:19.556+0000] {dagbag.py:545} INFO - Filling up the DagBag from /opt/airflow/dags/daily_summary_dag.py
[2026-10-05T17:24:19.569+0000] {processor.py:161} INFO - Started process (PID=1085) to work on /opt/airflow/dags/daily_summary_dag.py
[2026-10-05T17:24:19.570+0000] {processor.py:830} INFO - Processing file /opt/airflow/dags/daily_summary_dag.py for tasks to queue
[2026-10-05T17:24:19.572+0000] {logging_mixin.py:188} INFO - [2026-10-05T17:24:19.571+0000] {dagbag.py:545} INFO - Filling up the DagBag from /opt/airflow/dags/daily_summary_dag.py
[2026-10-05T17:24:19.576+0000] {processor.py:840} INFO - DAG(s) 'daily_summary_dag' retrieved from /opt/airflow/dags/daily_summary_dag.py
[2026-10-05T17:24:19.595+0000] {processor.py:840} INFO - DAG(s) 'daily_summary_dag' retrieved from /opt/airflow/dags/daily_summary_dag.py
[2026-10-05T17:24:19.611+0000] {logging_mixin.py:188} INFO - [2026-10-05T17:24:19.611+0000] {dag.py:3089} INFO - Sync 1 DAGs
[2026-10-05T17:24:19.630+0000] {logging_mixin.py:188} INFO - [2026-10-05T17:24:19.630+0000] {dag.py:3947} INFO - Setting next_dagrun for daily_summary_dag to None, run_after=None
[2026-10-05T17:24:19.635+0000] {logging_mixin.py:188} INFO - [2026-10-05T17:24:19.634+0000] {dag.py:3089} INFO - Sync 1 DAGs
[2026-10-05T17:24:19.658+0000] {logging_mixin.py:188} INFO - [2026-10-05T17:24:19.658+0000] {dag.py:3947} INFO - Setting next_dagrun for daily_summary_dag to None, run_after=None
[2026-10-05T17:24:19.666+0000] {processor.py:183} INFO - Processing /opt/airflow/dags/daily_summary_dag.py took 0.120 seconds
[2026-10-05T17:24:19.684+0000] {processor.py:183} INFO - Processing /opt/airflow/dags/daily_summary_dag.py took 0.121 seconds
[2026-10-05T17:24:49.604+0000] {processor.py:161} INFO - Started process (PID=1092) to work on /opt/airflow/dags/daily_summary_dag.py
[2026-10-05T17:24:49.605+0000] {processor.py:830} INFO - Processing file /opt/airflow/dags/daily_summary_dag.py for tasks to queue
[2026-10-05T17:24:49.606+0000] {logging_mixin.py:188} INFO - [2026-10-05T17:24:49.606+0000] {dagbag.py:545} INFO - Filling up the DagBag from /opt/airflow/dags/daily_summary_dag.py
[2026-10-05T17:24:49.627+0000] {processor.py:840} INFO - DAG(s) 'daily_summary_dag' retrieved from /opt/airflow/dags/daily_summary_dag.py
[2026-10-05T17:24:49.657+0000] {logging_mixin.py:188} INFO - [2026-10-05T17:24:49.656+0000] {dag.py:3089} INFO - Sync 1 DAGs
[2026-10-05T17:24:49.670+0000] {logging_mixin.py:188} INFO - [2026-10-05T17:24:49.670+0000] {dag.py:3947} INFO - Setting next_dagrun for daily_summary_dag to None, run_after=None
[2026-10-05T17:24:49.692+0000] {processor.py:183} INFO - Processing /opt/airflow/dags/daily_summary_dag.py took 0.094 seconds
[2026-10-05T17:24:49.748+0000] {processor.py:161} INFO - Started process (PID=1097) to work on /opt/airflow/dags/daily_summary_dag.py
[2026-10-05T17:24:49.750+0000] {processor.py:830} INFO - Processing file /opt/airflow/dags/daily_summary_dag.py for tasks to queue
[2026-10-05T17:24:49.751+0000] {logging_mixin.py:188} INFO - [2026-10-05T17:24:49.751+0000] {dagbag.py:545} INFO - Filling up the DagBag from /opt/airflow/dags/daily_summary_dag.py
[2026-10-05T17:24:49.763+0000] {processor.py:161} INFO - Started process (PID=1100) to work on /opt/airflow/dags/daily_summary_dag.py
[2026-10-05T17:24:49.764+0000] {processor.py:830} INFO - Processing file /opt/airflow/dags/daily_summary_dag.py for tasks to queue
[2026-10-05T17:24:49.765+0000] {logging_mixin.py:188} INFO - [2026-10-05T17:24:49.765+0000] {dagbag.py:545} INFO - Filling up the DagBag from /opt/airflow/dags/daily_summary_dag.py
[2026-10-05T17:24:49.771+0000] {processor.py:840} INFO - DAG(s) 'daily_summary_dag' retrieved from /opt/airflow/dags/daily_summary_dag.py
[2026-10-05T17:24:49.786+0000] {processor.py:840} INFO - DAG(s) 'daily_summary_dag' retrieved from /opt/airflow/dags/daily_summary_dag.py
[2026-10-05T17:24:49.804+0000] {logging_mixin.py:188} INFO - [2026-10-05T17:24:49.804+0000] {dag.py:3089} INFO - Sync 1 DAGs
[2026-10-05T17:24:49.817+0000] {logging_mixin.py:188} INFO - [2026-10-05T17:24:49.817+0000] {dag.py:3947} INFO - Setting next_dagrun for daily_summary_dag to None, run_after=None
[2026-10-05T17:24:49.818+0000] {logging_mixin.py:188} INFO - [2026-10-05T17:24:49.818+0000] {dag.py:3089} INFO - Sync 1 DAGs
[2026-10-05T17:24:49.835+0000] {logging_mixin.py:188} INFO - [2026-10-05T17:24:49.835+0000] {dag.py:3947} INFO - Setting next_dagrun for daily_summary_dag to None, run_after=None
[2026-10-05T17:24:49.842+0000] {processor.py:183} INFO - Processing /opt/airflow/dags/daily_summary_dag.py took 0.101 seconds
[2026-10-05T17:24:49.858+0000] {processor.py:183} INFO - Processing /opt/airflow/dags/daily_summary_dag.py took 0.101 seconds
[2026-10-05T17:25:19.791+0000] {processor.py:161} INFO - Started process (PID=1107) to work on /opt/airflow/dags/daily_summary_dag.py
[2026-10-05T17:25:19.792+0000] {processor.py:830} INFO - Processing file /opt/airflow/dags/daily_summary_dag.py for tasks to queue
[2026-10-05T17:25:19.794+0000] {logging_mixin.py:188} INFO - [2026-10-05T17:25:19.793+0000] {dagbag.py:545} INFO - Filling up the DagBag from /opt/airflow/dags/daily_summary_dag.py
[2026-10-05T17:25:19.812+0000] {processor.py:840} INFO - DAG(s) 'daily_summary_dag' retrieved from /opt/airflow/dags/daily_summary_dag.py
[2026-10-05T17:25:19.843+0000] {logging_mixin.py:188} INFO - [2026-10-05T17:25:19.842+0000] {dag.py:3089} INFO - Sync 1 DAGs
[2026-10-05T17:25:19.857+0000] {logging_mixin.py:188} INFO - [2026-10-05T17:25:19.856+0000] {dag.py:3947} INFO - Setting next_dagrun for daily_summary_dag to None, run_after=None
[2026-10-05T17:25:19.877+0000] {processor.py:183} INFO - Processing /opt/airflow/dags/daily_summary_dag.py took 0.092 seconds
[2026-10-05T17:25:20.045+0000] {processor.py:161} INFO - Started process (PID=1112) to work on /opt/airflow/dags/daily_summary_dag.py
[2026-10-05T17:25:20.046+0000] {processor.py:830} INFO - Processing file /opt/airflow/dags/daily_summary_dag.py for tasks to queue
[2026-10-05T17:25:20.047+0000] {logging_mixin.py:188} INFO - [2026-10-05T17:25:20.047+0000] {dagbag.py:545} INFO - Filling up the DagBag from /opt/airflow/dags/daily_summary_dag.py
[2026-10-05T17:25:20.049+0000] {processor.py:161} INFO - Started process (PID=1115) to work on /opt/airflow/dags/daily_summary_dag.py
[2026-10-05T17:25:20.050+0000] {processor.py:830} INFO - Processing file /opt/airflow/dags/daily_summary_dag.py for tasks to queue
[2026-10-05T17:25:20.051+0000] {logging_mixin.py:188} INFO - [2026-10-05T17:25:20.050+0000] {dagbag.py:545} INFO - Filling up the DagBag from /opt/airflow/dags/daily_summary_dag.py
[2026-10-05T17:25:20.065+0000] {processor.py:840} INFO - DAG(s) 'daily_summary_dag' retrieved from /opt/airflow/dags/daily_summary_dag.py
[2026-10-05T17:25:20.066+0000] {processor.py:840} INFO - DAG(s) 'daily_summary_dag' retrieved from /opt/airflow/dags/daily_summary_dag.py
[2026-10-05T17:25:20.096+0000] {logging_mixin.py:188} INFO - [2026-10-05T17:25:20.096+0000] {dag.py:3089} INFO - Sync 1 DAGs
[2026-10-05T17:25:20.096+0000] {logging_mixin.py:188} INFO - [2026-10-05T17:25:20.096+0000] {dag.py:3089} INFO - Sync 1 DAGs
[2026-10-05T17:25:20.109+0000] {logging_mixin.py:188} INFO - [2026-10-05T17:25:20.109+0000] {dag.py:3947} INFO - Setting next_dagrun for daily_summary_dag to None, run_after=None
[2026-10-05T17:25:20.125+0000] {logging_mixin.py:188} INFO - [2026-10-05T17:25:20.124+0000] {dag.py:3947} INFO - Setting next_dagrun for daily_summary_dag to None, run_after=None
[2026-10-05T17:25:20.133+0000] {processor.py:183} INFO - Processing /opt/airflow/dags/daily_summary_dag.py took 0.096 seconds
[2026-10-05T17:25:20.148+0000] {processor.py:183} INFO - Processing /opt/airflow/dags/daily_summary_dag.py took 0.105 seconds
[2026-10-05T17:25:50.080+0000] {processor.py:161} INFO - Started process (PID=1122) to work on /opt/airflow/dags/daily_summary_dag.py
[2026-10-05T17:25:50.082+0000] {processor.py:830} INFO - Processing file /opt/airflow/dags/daily_summary_dag.py for tasks to queue
[2026-10-05T17:25:50.083+0000] {logging_mixin.py:188} INFO - [2026-10-05T17:25:50.082+0000] {dagbag.py:545} INFO - Filling up the DagBag from /opt/airflow/dags/daily_summary_dag.py
[2026-10-05T17:25:50.109+0000] {processor.py:840} INFO - DAG(s) 'daily_summary_dag' retrieved from /opt/airflow/dags/daily_summary_dag.py
[2026-10-05T17:25:50.154+0000] {logging_mixin.py:188} INFO - [2026-10-05T17:25:50.153+0000] {dag.py:3089} INFO - Sync 1 DAGs
[2026-10-05T17:25:50.172+0000] {logging_mixin.py:188} INFO - [2026-10-05T17:25:50.171+0000] {dag.py:3947} INFO - Setting next_dagrun for daily_summary_dag to None, run_after=None
[2026-10-05T17:25:50.205+0000] {processor.py:183} INFO - Processing /opt/airflow/dags/daily_summary_dag.py took 0.132 seconds
[2026-10-05T17:25:50.238+0000] {processor.py:161} INFO - Started process (PID=1125) to work on /opt/airflow/dags/daily_summary_dag.py
[2026-10-05T17:25:50.239+0000] {processor.py:830} INFO - Processing file /opt/airflow/dags/daily_summary_dag.py for tasks to queue
[2026-10-05T17:25:50.241+0000] {logging_mixin.py:188} INFO - [2026-10-05T17:25:50.240+0000] {dagbag.py:545} INFO - Filling up the DagBag from /opt/airflow/dags/daily_summary_dag.py
[2026-10-05T17:25:50.251+0000] {processor.py:161} INFO - Started process (PID=1130) to work on /opt/airflow/dags/daily_summary_dag.py
[2026-10-05T17:25:50.252+0000] {processor.py:830} INFO - Processing file /opt/airflow/dags/daily_summary_dag.py for tasks to queue
[2026-10-05T17:25:50.254+0000] {logging_mixin.py:188} INFO - [2026-10-05T17:25:50.254+0000] {dagbag.py:545} INFO - Filling up the DagBag from /opt/airflow/dags/daily_summary_dag.py
[2026-10-05T17:25:50.266+0000] {processor.py:840} INFO - DAG(s) 'daily_summary_dag' retrieved from /opt/airflow/dags/daily_summary_dag.py
[2026-10-05T17:25:50.279+0000] {processor.py:840} INFO - DAG(s) 'daily_summary_dag' retrieved from /opt/airflow/dags/daily_summary_dag.py
[2026-10-05T17:25:50.310+0000] {logging_mixin.py:188} INFO - [2026-10-05T17:25:50.309+0000] {dag.py:3089} INFO - Sync 1 DAGs
[2026-10-05T17:25:50.317+0000] {logging_mixin.py:188} INFO - [2026-10-05T17:25:50.317+0000] {dag.py:3089} INFO - Sync 1 DAGs
[2026-10-05T17:25:50.326+0000] {logging_mixin.py:188} INFO - [2026-10-05T17:25:50.325+0000] {dag.py:3947} INFO - Setting next_dagrun for daily_summary_dag to None, run_after=None
[2026-10-05T17:25:50.345+0000] {logging_mixin.py:188} INFO - [2026-10-05T17:25:50.344+0000] {dag.py:3947} INFO - Setting next_dagrun for daily_summary_dag to None, run_after=None
[2026-10-05T17:25:50.356+0000] {processor.py:183} INFO - Processing /opt/airflow/dags/daily_summary_dag.py took 0.131 seconds
[2026-10-05T17:25:50.379+0000] {processor.py:183} INFO - Processing /opt/airflow/dags/daily_summary_dag.py took 0.135 seconds
[2026-10-05T17:26:20.272+0000] {processor.py:161} INFO - Started process (PID=1137) to work on /opt/airflow/dags/daily_summary_dag.py
[2026-10-05T17:26:20.273+0000] {processor.py:830} INFO - Processing file /opt/airflow/dags/daily_summary_dag.py for tasks to queue
[2026-10-05T17:26:20.275+0000] {logging_mixin.py:188} INFO - [2026-10-05T17:26:20.274+0000] {dagbag.py:545} INFO - Filling up the DagBag from /opt/airflow/dags/daily_summary_dag.py
[2026-10-05T17:26:20.296+0000] {processor.py:840} INFO - DAG(s) 'daily_summary_dag' retrieved from /opt/airflow/dags/daily_summary_dag.py
[2026-10-05T17:26:20.327+0000] {logging_mixin.py:188} INFO - [2026-10-05T17:26:20.327+0000] {dag.py:3089} INFO - Sync 1 DAGs
[2026-10-05T17:26:20.341+0000] {logging_mixin.py:188} INFO - [2026-10-05T17:26:20.341+0000] {dag.py:3947} INFO - Setting next_dagrun for daily_summary_dag to None, run_after=None
[2026-10-05T17:26:20.363+0000] {processor.py:183} INFO - Processing /opt/airflow/dags/daily_summary_dag.py took 0.098 seconds
[2026-10-05T17:26:20.518+0000] {processor.py:161} INFO - Started process (PID=1142) to work on /opt/airflow/dags/daily_summary_dag.py
[2026-10-05T17:26:20.522+0000] {processor.py:830} INFO - Processing file /opt/airflow/dags/daily_summary_dag.py for tasks to queue
[2026-10-05T17:26:20.525+0000] {logging_mixin.py:188} INFO - [2026-10-05T17:26:20.524+0000] {dagbag.py:545} INFO - Filling up the DagBag from /opt/airflow/dags/daily_summary_dag.py
[2026-10-05T17:26:20.544+0000] {processor.py:161} INFO - Started process (PID=1145) to work on /opt/airflow/dags/daily_summary_dag.py
[2026-10-05T17:26:20.546+0000] {processor.py:830} INFO - Processing file /opt/airflow/dags/daily_summary_dag.py for tasks to queue
[2026-10-05T17:26:20.547+0000] {logging_mixin.py:188} INFO - [2026-10-05T17:26:20.547+0000] {dagbag.py:545} INFO - Filling up the DagBag from /opt/airflow/dags/daily_summary_dag.py
[2026-10-05T17:26:20.552+0000] {processor.py:840} INFO - DAG(s) 'daily_summary_dag' retrieved from /opt/airflow/dags/daily_summary_dag.py
[2026-10-05T17:26:20.570+0000] {processor.py:840} INFO - DAG(s) 'daily_summary_dag' retrieved from /opt/airflow/dags/daily_summary_dag.py
[2026-10-05T17:26:20.586+0000] {logging_mixin.py:188} INFO - [2026-10-05T17:26:20.586+0000] {dag.py:3089} INFO - Sync 1 DAGs
[2026-10-05T17:26:20.606+0000] {logging_mixin.py:188} INFO - [2026-10-05T17:26:20.605+0000] {dag.py:3947} INFO - Setting next_dagrun for daily_summary_dag to None, run_after=None
[2026-10-05T17:26:20.615+0000] {logging_mixin.py:188} INFO - [2026-10-05T17:26:20.614+0000] {dag.py:3089} INFO - Sync 1 DAGs
[2026-10-05T17:26:20.634+0000] {logging_mixin.py:188} INFO - [2026-10-05T17:26:20.633+0000] {dag.py:3947} INFO - Setting next_dagrun for daily_summary_dag to None, run_after=None
[2026-10-05T17:26:20.640+0000] {processor.py:183} INFO - Processing /opt/airflow/dags/daily_summary_dag.py took 0.129 seconds
[2026-10-05T17:26:20.665+0000] {processor.py:183} INFO - Processing /opt/airflow/dags/daily_summary_dag.py took 0.127 seconds
[2026-10-05T17:26:50.483+0000] {processor.py:161} INFO - Started process (PID=1152) to work on /opt/airflow/dags/daily_summary_dag.py
[2026-10-05T17:26:50.485+0000] {processor.py:830} INFO - Processing file /opt/airflow/dags/daily_summary_dag.py for tasks to queue
[2026-10-05T17:26:50.487+0000] {logging_mixin.py:188} INFO - [2026-10-05T17:26:50.486+0000] {dagbag.py:545} INFO - Filling up the DagBag from /opt/airflow/dags/daily_summary_dag.py
[2026-10-05T17:26:50.509+0000] {processor.py:840} INFO - DAG(s) 'daily_summary_dag' retrieved from /opt/airflow/dags/daily_summary_dag.py
[2026-10-05T17:26:50.543+0000] {logging_mixin.py:188} INFO - [2026-10-05T17:26:50.543+0000] {dag.py:3089} INFO - Sync 1 DAGs
[2026-10-05T17:26:50.557+0000] {logging_mixin.py:188} INFO - [2026-10-05T17:26:50.557+0000] {dag.py:3947} INFO - Setting next_dagrun for daily_summary_dag to None, run_after=None
[2026-10-05T17:26:50.582+0000] {processor.py:183} INFO - Processing /opt/airflow/dags/daily_summary_dag.py took 0.105 seconds
[2026-10-05T17:26:50.739+0000] {processor.py:161} INFO - Started process (PID=1157) to work on /opt/airflow/dags/daily_summary_dag.py
[2026-10-05T17:26:50.740+0000] {processor.py:830} INFO - Processing file /opt/airflow/dags/daily_summary_dag.py for tasks to queue
[2026-10-05T17:26:50.741+0000] {logging_mixin.py:188} INFO - [2026-10-05T17:26:50.741+0000] {dagbag.py:545} INFO - Filling up the DagBag from /opt/airflow/dags/daily_summary_dag.py
[2026-10-05T17:26:50.766+0000] {processor.py:840} INFO - DAG(s) 'daily_summary_dag' retrieved from /opt/airflow/dags/daily_summary_dag.py
[2026-10-05T17:26:50.768+0000] {processor.py:161} INFO - Started process (PID=1160) to work on /opt/airflow/dags/daily_summary_dag.py
[2026-10-05T17:26:50.769+0000] {processor.py:830} INFO - Processing file /opt/airflow/dags/daily_summary_dag.py for tasks to queue
[2026-10-05T17:26:50.771+0000] {logging_mixin.py:188} INFO - [2026-10-05T17:26:50.770+0000] {dagbag.py:545} INFO - Filling up the DagBag from /opt/airflow/dags/daily_summary_dag.py
[2026-10-05T17:26:50.793+0000] {processor.py:840} INFO - DAG(s) 'daily_summary_dag' retrieved from /opt/airflow/dags/daily_summary_dag.py
[2026-10-05T17:26:50.805+0000] {logging_mixin.py:188} INFO - [2026-10-05T17:26:50.805+0000] {dag.py:3089} INFO - Sync 1 DAGs
[2026-10-05T17:26:50.821+0000] {logging_mixin.py:188} INFO - [2026-10-05T17:26:50.821+0000] {dag.py:3947} INFO - Setting next_dagrun for daily_summary_dag to None, run_after=None
[2026-10-05T17:26:50.832+0000] {logging_mixin.py:188} INFO - [2026-10-05T17:26:50.831+0000] {dag.py:3089} INFO - Sync 1 DAGs
[2026-10-05T17:26:50.846+0000] {processor.py:183} INFO - Processing /opt/airflow/dags/daily_summary_dag.py took 0.114 seconds
[2026-10-05T17:26:50.847+0000] {logging_mixin.py:188} INFO - [2026-10-05T17:26:50.846+0000] {dag.py:3947} INFO - Setting next_dagrun for daily_summary_dag to None, run_after=None
[2026-10-05T17:26:50.871+0000] {processor.py:183} INFO - Processing /opt/airflow/dags/daily_summary_dag.py took 0.110 seconds
[2026-10-05T17:27:20.750+0000] {processor.py:161} INFO - Started process (PID=1167) to work on /opt/airflow/dags/daily_summary_dag.py
[2026-10-05T17:27:20.751+0000] {processor.py:830} INFO - Processing file /opt/airflow/dags/daily_summary_dag.py for tasks to queue
[2026-10-05T17:27:20.753+0000] {logging_mixin.py:188} INFO - [2026-10-05T17:27:20.752+0000] {dagbag.py:545} INFO - Filling up the DagBag from /opt/airflow/dags/daily_summary_dag.py
[2026-10-05T17:27:20.775+0000] {processor.py:840} INFO - DAG(s) 'daily_summary_dag' retrieved from /opt/airflow/dags/daily_summary_dag.py
[2026-10-05T17:27:20.807+0000] {logging_mixin.py:188} INFO - [2026-10-05T17:27:20.806+0000] {dag.py:3089} INFO - Sync 1 DAGs
[2026-10-05T17:27:20.820+0000] {logging_mixin.py:188} INFO - [2026-10-05T17:27:20.820+0000] {dag.py:3947} INFO - Setting next_dagrun for daily_summary_dag to None, run_after=None
[2026-10-05T17:27:20.845+0000] {processor.py:183} INFO - Processing /opt/airflow/dags/daily_summary_dag.py took 0.102 seconds
[2026-10-05T17:27:21.026+0000] {processor.py:161} INFO - Started process (PID=1172) to work on /opt/airflow/dags/daily_summary_dag.py
[2026-10-05T17:27:21.028+0000] {processor.py:830} INFO - Processing file /opt/airflow/dags/daily_summary_dag.py for tasks to queue
[2026-10-05T17:27:21.030+0000] {logging_mixin.py:188} INFO - [2026-10-05T17:27:21.029+0000] {dagbag.py:545} INFO - Filling up the DagBag from /opt/airflow/dags/daily_summary_dag.py
[2026-10-05T17:27:21.033+0000] {processor.py:161} INFO - Started process (PID=1175) to work on /opt/airflow/dags/daily_summary_dag.py
[2026-10-05T17:27:21.034+0000] {processor.py:830} INFO - Processing file /opt/airflow/dags/daily_summary_dag.py for tasks to queue
[2026-10-05T17:27:21.035+0000] {logging_mixin.py:188} INFO - [2026-10-05T17:27:21.035+0000] {dagbag.py:545} INFO - Filling up the DagBag from /opt/airflow/dags/daily_summary_dag.py
[2026-10-05T17:27:21.049+0000] {processor.py:840} INFO - DAG(s) 'daily_summary_dag' retrieved from /opt/airflow/dags/daily_summary_dag.py
[2026-10-05T17:27:21.053+0000] {processor.py:840} INFO - DAG(s) 'daily_summary_dag' retrieved from /opt/airflow/dags/daily_summary_dag.py
[2026-10-05T17:27:21.083+0000] {logging_mixin.py:188} INFO - [2026-10-05T17:27:21.083+0000] {dag.py:3089} INFO - Sync 1 DAGs
[2026-10-05T17:27:21.086+0000] {logging_mixin.py:188} INFO - [2026-10-05T17:27:21.086+0000] {dag.py:3089} INFO - Sync 1 DAGs
[2026-10-05T17:27:21.101+0000] {logging_mixin.py:188} INFO - [2026-10-05T17:27:21.101+0000] {dag.py:3947} INFO - Setting next_dagrun for daily_summary_dag to None, run_after=None
[2026-10-05T17:27:21.127+0000] {logging_mixin.py:188} INFO - [2026-10-05T17:27:21.127+0000] {dag.py:3947} INFO - Setting next_dagrun for daily_summary_dag to None, run_after=None
[2026-10-05T17:27:21.138+0000] {processor.py:183} INFO - Processing /opt/airflow/dags/daily_summary_dag.py took 0.119 seconds
[2026-10-05T17:27:21.163+0000] {processor.py:183} INFO - Processing /opt/airflow/dags/daily_summary_dag.py took 0.136 seconds
[2026-10-05T17:27:50.963+0000] {processor.py:161} INFO - Started process (PID=1182) to work on /opt/airflow/dags/daily_summary_dag.py
[2026-10-05T17:27:50.964+0000] {processor.py:830} INFO - Processing file /opt/airflow/dags/daily_summary_dag.py for tasks to queue
[2026-10-05T17:27:50.965+0000] {logging_mixin.py:188} INFO - [2026-10-05T17:27:50.965+0000] {dagbag.py:545} INFO - Filling up the DagBag from /opt/airflow/dags/daily_summary_dag.py
[2026-10-05T17:27:50.986+0000] {processor.py:840} INFO - DAG(s) 'daily_summary_dag' retrieved from /opt/airflow/dags/daily_summary_dag.py
[2026-10-05T17:27:51.022+0000] {logging_mixin.py:188} INFO - [2026-10-05T17:27:51.021+0000] {dag.py:3089} INFO - Sync 1 DAGs
[2026-10-05T17:27:51.037+0000] {logging_mixin.py:188} INFO - [2026-10-05T17:27:51.036+0000] {dag.py:3947} INFO - Setting next_dagrun for daily_summary_dag to None, run_after=None
[2026-10-05T17:27:51.059+0000] {processor.py:183} INFO - Processing /opt/airflow/dags/daily_summary_dag.py took 0.102 seconds
[2026-10-05T17:27:51.222+0000] {processor.py:161} INFO - Started process (PID=1187) to work on /opt/airflow/dags/daily_summary_dag.py
[2026-10-05T17:27:51.223+0000] {processor.py:161} INFO - Started process (PID=1188) to work on /opt/airflow/dags/daily_summary_dag.py
[2026-10-05T17:27:51.224+0000] {processor.py:830} INFO - Processing file /opt/airflow/dags/daily_summary_dag.py for tasks to queue
[2026-10-05T17:27:51.224+0000] {processor.py:830} INFO - Processing file /opt/airflow/dags/daily_summary_dag.py for tasks to queue
[2026-10-05T17:27:51.225+0000] {logging_mixin.py:188} INFO - [2026-10-05T17:27:51.225+0000] {dagbag.py:545} INFO - Filling up the DagBag from /opt/airflow/dags/daily_summary_dag.py
[2026-10-05T17:27:51.225+0000] {logging_mixin.py:188} INFO - [2026-10-05T17:27:51.225+0000] {dagbag.py:545} INFO - Filling up the DagBag from /opt/airflow/dags/daily_summary_dag.py
[2026-10-05T17:27:51.244+0000] {processor.py:840} INFO - DAG(s) 'daily_summary_dag' retrieved from /opt/airflow/dags/daily_summary_dag.py
[2026-10-05T17:27:51.244+0000] {processor.py:840} INFO - DAG(s) 'daily_summary_dag' retrieved from /opt/airflow/dags/daily_summary_dag.py
[2026-10-05T17:27:51.279+0000] {logging_mixin.py:188} INFO - [2026-10-05T17:27:51.278+0000] {dag.py:3089} INFO - Sync 1 DAGs
[2026-10-05T17:27:51.281+0000] {logging_mixin.py:188} INFO - [2026-10-05T17:27:51.281+0000] {dag.py:3089} INFO - Sync 1 DAGs
[2026-10-05T17:27:51.295+0000] {logging_mixin.py:188} INFO - [2026-10-05T17:27:51.295+0000] {dag.py:3947} INFO - Setting next_dagrun for daily_summary_dag to None, run_after=None
[2026-10-05T17:27:51.321+0000] {logging_mixin.py:188} INFO - [2026-10-05T17:27:51.321+0000] {dag.py:3947} INFO - Setting next_dagrun for daily_summary_dag to None, run_after=None
[2026-10-05T17:27:51.333+0000] {processor.py:183} INFO - Processing /opt/airflow/dags/daily_summary_dag.py took 0.117 seconds
[2026-10-05T17:27:51.355+0000] {processor.py:183} INFO - Processing /opt/airflow/dags/daily_summary_dag.py took 0.139 seconds
[2026-10-05T17:28:21.211+0000] {processor.py:161} INFO - Started process (PID=1197) to work on /opt/airflow/dags/daily_summary_dag.py
[2026-10-05T17:28:21.212+0000] {processor.py:830} INFO - Processing file /opt/airflow/dags/daily_summary_dag.py for tasks to queue
[2026-10-05T17:28:21.213+0000] {logging_mixin.py:188} INFO - [2026-10-05T17:28:21.213+0000] {dagbag.py:545} INFO - Filling up the DagBag from /opt/airflow/dags/daily_summary_dag.py
[2026-10-05T17:28:21.235+0000] {processor.py:840} INFO - DAG(s) 'daily_summary_dag' retrieved from /opt/airflow/dags/daily_summary_dag.py
[2026-10-05T17:28:21.269+0000] {logging_mixin.py:188} INFO - [2026-10-05T17:28:21.269+0000] {dag.py:3089} INFO - Sync 1 DAGs
[2026-10-05T17:28:21.284+0000] {logging_mixin.py:188} INFO - [2026-10-05T17:28:21.283+0000] {dag.py:3947} INFO - Setting next_dagrun for daily_summary_dag to None, run_after=None
[2026-10-05T17:28:21.308+0000] {processor.py:183} INFO - Processing /opt/airflow/dags/daily_summary_dag.py took 0.103 seconds
[2026-10-05T17:28:21.495+0000] {processor.py:161} INFO - Started process (PID=1202) to work on /opt/airflow/dags/daily_summary_dag.py
[2026-10-05T17:28:21.496+0000] {processor.py:830} INFO - Processing file /opt/airflow/dags/daily_summary_dag.py for tasks to queue
[2026-10-05T17:28:21.498+0000] {logging_mixin.py:188} INFO - [2026-10-05T17:28:21.497+0000] {dagbag.py:545} INFO - Filling up the DagBag from /opt/airflow/dags/daily_summary_dag.py
[2026-10-05T17:28:21.520+0000] {processor.py:840} INFO - DAG(s) 'daily_summary_dag' retrieved from /opt/airflow/dags/daily_summary_dag.py
[2026-10-05T17:28:21.521+0000] {processor.py:161} INFO - Started process (PID=1205) to work on /opt/airflow/dags/daily_summary_dag.py
[2026-10-05T17:28:21.523+0000] {processor.py:830} INFO - Processing file /opt/airflow/dags/daily_summary_dag.py for tasks to queue
[2026-10-05T17:28:21.524+0000] {logging_mixin.py:188} INFO - [2026-10-05T17:28:21.524+0000] {dagbag.py:545} INFO - Filling up the DagBag from /opt/airflow/dags/daily_summary_dag.py
[2026-10-05T17:28:21.545+0000] {processor.py:840} INFO - DAG(s) 'daily_summary_dag' retrieved from /opt/airflow/dags/daily_summary_dag.py
[2026-10-05T17:28:21.552+0000] {logging_mixin.py:188} INFO - [2026-10-05T17:28:21.552+0000] {dag.py:3089} INFO - Sync 1 DAGs
[2026-10-05T17:28:21.579+0000] {logging_mixin.py:188} INFO - [2026-10-05T17:28:21.578+0000] {dag.py:3947} INFO - Setting next_dagrun for daily_summary_dag to None, run_after=None
[2026-10-05T17:28:21.606+0000] {logging_mixin.py:188} INFO - [2026-10-05T17:28:21.605+0000] {dag.py:3089} INFO - Sync 1 DAGs
[2026-10-05T17:28:21.627+0000] {processor.py:183} INFO - Processing /opt/airflow/dags/daily_summary_dag.py took 0.138 seconds
[2026-10-05T17:28:21.632+0000] {logging_mixin.py:188} INFO - [2026-10-05T17:28:21.631+0000] {dag.py:3947} INFO - Setting next_dagrun for daily_summary_dag to None, run_after=None
[2026-10-05T17:28:21.666+0000] {processor.py:183} INFO - Processing /opt/airflow/dags/daily_summary_dag.py took 0.151 seconds
[2026-10-05T17:28:51.426+0000] {processor.py:161} INFO - Started process (PID=1218) to work on /opt/airflow/dags/daily_summary_dag.py
[2026-10-05T17:28:51.427+0000] {processor.py:830} INFO - Processing file /opt/airflow/dags/daily_summary_dag.py for tasks to queue
[2026-10-05T17:28:51.428+0000] {logging_mixin.py:188} INFO - [2026-10-05T17:28:51.428+0000] {dagbag.py:545} INFO - Filling up the DagBag from /opt/airflow/dags/daily_summary_dag.py
[2026-10-05T17:28:51.447+0000] {processor.py:840} INFO - DAG(s) 'daily_summary_dag' retrieved from /opt/airflow/dags/daily_summary_dag.py
[2026-10-05T17:28:51.479+0000] {logging_mixin.py:188} INFO - [2026-10-05T17:28:51.478+0000] {dag.py:3089} INFO - Sync 1 DAGs
[2026-10-05T17:28:51.505+0000] {logging_mixin.py:188} INFO - [2026-10-05T17:28:51.504+0000] {dag.py:3947} INFO - Setting next_dagrun for daily_summary_dag to None, run_after=None
[2026-10-05T17:28:51.545+0000] {processor.py:183} INFO - Processing /opt/airflow/dags/daily_summary_dag.py took 0.125 seconds
[2026-10-05T17:28:51.683+0000] {processor.py:161} INFO - Started process (PID=1223) to work on /opt/airflow/dags/daily_summary_dag.py
[2026-10-05T17:28:51.684+0000] {processor.py:830} INFO - Processing file /opt/airflow/dags/daily_summary_dag.py for tasks to queue
[2026-10-05T17:28:51.686+0000] {logging_mixin.py:188} INFO - [2026-10-05T17:28:51.685+0000] {dagbag.py:545} INFO - Filling up the DagBag from /opt/airflow/dags/daily_summary_dag.py
[2026-10-05T17:28:51.709+0000] {processor.py:840} INFO - DAG(s) 'daily_summary_dag' retrieved from /opt/airflow/dags/daily_summary_dag.py
[2026-10-05T17:28:51.728+0000] {processor.py:161} INFO - Started process (PID=1226) to work on /opt/airflow/dags/daily_summary_dag.py
[2026-10-05T17:28:51.729+0000] {processor.py:830} INFO - Processing file /opt/airflow/dags/daily_summary_dag.py for tasks to queue
[2026-10-05T17:28:51.731+0000] {logging_mixin.py:188} INFO - [2026-10-05T17:28:51.731+0000] {dagbag.py:545} INFO - Filling up the DagBag from /opt/airflow/dags/daily_summary_dag.py
[2026-10-05T17:28:51.773+0000] {logging_mixin.py:188} INFO - [2026-10-05T17:28:51.772+0000] {dag.py:3089} INFO - Sync 1 DAGs
[2026-10-05T17:28:51.775+0000] {processor.py:840} INFO - DAG(s) 'daily_summary_dag' retrieved from /opt/airflow/dags/daily_summary_dag.py
[2026-10-05T17:28:51.794+0000] {logging_mixin.py:188} INFO - [2026-10-05T17:28:51.794+0000] {dag.py:3947} INFO - Setting next_dagrun for daily_summary_dag to None, run_after=None
[2026-10-05T17:28:51.818+0000] {logging_mixin.py:188} INFO - [2026-10-05T17:28:51.817+0000] {dag.py:3089} INFO - Sync 1 DAGs
[2026-10-05T17:28:51.820+0000] {processor.py:183} INFO - Processing /opt/airflow/dags/daily_summary_dag.py took 0.142 seconds
[2026-10-05T17:28:51.836+0000] {logging_mixin.py:188} INFO - [2026-10-05T17:28:51.836+0000] {dag.py:3947} INFO - Setting next_dagrun for daily_summary_dag to None, run_after=None
[2026-10-05T17:28:51.860+0000] {processor.py:183} INFO - Processing /opt/airflow/dags/daily_summary_dag.py took 0.142 seconds
[2026-10-05T17:29:21.692+0000] {processor.py:161} INFO - Started process (PID=1233) to work on /opt/airflow/dags/daily_summary_dag.py
[2026-10-05T17:29:21.694+0000] {processor.py:830} INFO - Processing file /opt/airflow/dags/daily_summary_dag.py for tasks to queue
[2026-10-05T17:29:21.695+0000] {logging_mixin.py:188} INFO - [2026-10-05T17:29:21.695+0000] {dagbag.py:545} INFO - Filling up the DagBag from /opt/airflow/dags/daily_summary_dag.py
[2026-10-05T17:29:21.729+0000] {processor.py:840} INFO - DAG(s) 'daily_summary_dag' retrieved from /opt/airflow/dags/daily_summary_dag.py
[2026-10-05T17:29:21.784+0000] {logging_mixin.py:188} INFO - [2026-10-05T17:29:21.783+0000] {dag.py:3089} INFO - Sync 1 DAGs
[2026-10-05T17:29:21.808+0000] {logging_mixin.py:188} INFO - [2026-10-05T17:29:21.807+0000] {dag.py:3947} INFO - Setting next_dagrun for daily_summary_dag to None, run_after=None
[2026-10-05T17:29:21.836+0000] {processor.py:183} INFO - Processing /opt/airflow/dags/daily_summary_dag.py took 0.154 seconds
[2026-10-05T17:29:22.038+0000] {processor.py:161} INFO - Started process (PID=1238) to work on /opt/airflow/dags/daily_summary_dag.py
[2026-10-05T17:29:22.039+0000] {processor.py:830} INFO - Processing file /opt/airflow/dags/daily_summary_dag.py for tasks to queue
[2026-10-05T17:29:22.040+0000] {processor.py:161} INFO - Started process (PID=1241) to work on /opt/airflow/dags/daily_summary_dag.py
[2026-10-05T17:29:22.041+0000] {processor.py:830} INFO - Processing file /opt/airflow/dags/daily_summary_dag.py for tasks to queue
[2026-10-05T17:29:22.043+0000] {logging_mixin.py:188} INFO - [2026-10-05T17:29:22.041+0000] {dagbag.py:545} INFO - Filling up the DagBag from /opt/airflow/dags/daily_summary_dag.py
[2026-10-05T17:29:22.044+0000] {logging_mixin.py:188} INFO - [2026-10-05T17:29:22.043+0000] {dagbag.py:545} INFO - Filling up the DagBag from /opt/airflow/dags/daily_summary_dag.py
[2026-10-05T17:29:22.062+0000] {processor.py:840} INFO - DAG(s) 'daily_summary_dag' retrieved from /opt/airflow/dags/daily_summary_dag.py
[2026-10-05T17:29:22.062+0000] {processor.py:840} INFO - DAG(s) 'daily_summary_dag' retrieved from /opt/airflow/dags/daily_summary_dag.py
[2026-10-05T17:29:22.105+0000] {logging_mixin.py:188} INFO - [2026-10-05T17:29:22.104+0000] {dag.py:3089} INFO - Sync 1 DAGs
[2026-10-05T17:29:22.106+0000] {logging_mixin.py:188} INFO - [2026-10-05T17:29:22.106+0000] {dag.py:3089} INFO - Sync 1 DAGs
[2026-10-05T17:29:22.122+0000] {logging_mixin.py:188} INFO - [2026-10-05T17:29:22.122+0000] {dag.py:3947} INFO - Setting next_dagrun for daily_summary_dag to None, run_after=None
[2026-10-05T17:29:22.145+0000] {logging_mixin.py:188} INFO - [2026-10-05T17:29:22.145+0000] {dag.py:3947} INFO - Setting next_dagrun for daily_summary_dag to None, run_after=None
[2026-10-05T17:29:22.154+0000] {processor.py:183} INFO - Processing /opt/airflow/dags/daily_summary_dag.py took 0.121 seconds
[2026-10-05T17:29:22.174+0000] {processor.py:183} INFO - Processing /opt/airflow/dags/daily_summary_dag.py took 0.144 seconds
[2026-10-05T17:29:51.912+0000] {processor.py:161} INFO - Started process (PID=1248) to work on /opt/airflow/dags/daily_summary_dag.py
[2026-10-05T17:29:51.913+0000] {processor.py:830} INFO - Processing file /opt/airflow/dags/daily_summary_dag.py for tasks to queue
[2026-10-05T17:29:51.914+0000] {logging_mixin.py:188} INFO - [2026-10-05T17:29:51.914+0000] {dagbag.py:545} INFO - Filling up the DagBag from /opt/airflow/dags/daily_summary_dag.py
[2026-10-05T17:29:51.934+0000] {processor.py:840} INFO - DAG(s) 'daily_summary_dag' retrieved from /opt/airflow/dags/daily_summary_dag.py
[2026-10-05T17:29:51.966+0000] {logging_mixin.py:188} INFO - [2026-10-05T17:29:51.965+0000] {dag.py:3089} INFO - Sync 1 DAGs
[2026-10-05T17:29:51.979+0000] {logging_mixin.py:188} INFO - [2026-10-05T17:29:51.979+0000] {dag.py:3947} INFO - Setting next_dagrun for daily_summary_dag to None, run_after=None
[2026-10-05T17:29:52.003+0000] {processor.py:183} INFO - Processing /opt/airflow/dags/daily_summary_dag.py took 0.097 seconds
[2026-10-05T17:29:52.228+0000] {processor.py:161} INFO - Started process (PID=1253) to work on /opt/airflow/dags/daily_summary_dag.py
[2026-10-05T17:29:52.229+0000] {processor.py:161} INFO - Started process (PID=1254) to work on /opt/airflow/dags/daily_summary_dag.py
[2026-10-05T17:29:52.230+0000] {processor.py:830} INFO - Processing file /opt/airflow/dags/daily_summary_dag.py for tasks to queue
[2026-10-05T17:29:52.230+0000] {processor.py:830} INFO - Processing file /opt/airflow/dags/daily_summary_dag.py for tasks to queue
[2026-10-05T17:29:52.231+0000] {logging_mixin.py:188} INFO - [2026-10-05T17:29:52.231+0000] {dagbag.py:545} INFO - Filling up the DagBag from /opt/airflow/dags/daily_summary_dag.py
[2026-10-05T17:29:52.231+0000] {logging_mixin.py:188} INFO - [2026-10-05T17:29:52.231+0000] {dagbag.py:545} INFO - Filling up the DagBag from /opt/airflow/dags/daily_summary_dag.py
[2026-10-05T17:29:52.250+0000] {processor.py:840} INFO - DAG(s) 'daily_summary_dag' retrieved from /opt/airflow/dags/daily_summary_dag.py
[2026-10-05T17:29:52.251+0000] {processor.py:840} INFO - DAG(s) 'daily_summary_dag' retrieved from /opt/airflow/dags/daily_summary_dag.py
[2026-10-05T17:29:52.285+0000] {logging_mixin.py:188} INFO - [2026-10-05T17:29:52.285+0000] {dag.py:3089} INFO - Sync 1 DAGs
[2026-10-05T17:29:52.287+0000] {logging_mixin.py:188} INFO - [2026-10-05T17:29:52.287+0000] {dag.py:3089} INFO - Sync 1 DAGs
[2026-10-05T17:29:52.300+0000] {logging_mixin.py:188} INFO - [2026-10-05T17:29:52.300+0000] {dag.py:3947} INFO - Setting next_dagrun for daily_summary_dag to None, run_after=None
[2026-10-05T17:29:52.317+0000] {logging_mixin.py:188} INFO - [2026-10-05T17:29:52.316+0000] {dag.py:3947} INFO - Setting next_dagrun for daily_summary_dag to None, run_after=None
[2026-10-05T17:29:52.325+0000] {processor.py:183} INFO - Processing /opt/airflow/dags/daily_summary_dag.py took 0.103 seconds
[2026-10-05T17:29:52.343+0000] {processor.py:183} INFO - Processing /opt/airflow/dags/daily_summary_dag.py took 0.120 seconds
[2026-10-05T17:30:22.250+0000] {processor.py:161} INFO - Started process (PID=1276) to work on /opt/airflow/dags/daily_summary_dag.py
[2026-10-05T17:30:22.251+0000] {processor.py:830} INFO - Processing file /opt/airflow/dags/daily_summary_dag.py for tasks to queue
[2026-10-05T17:30:22.253+0000] {logging_mixin.py:188} INFO - [2026-10-05T17:30:22.252+0000] {dagbag.py:545} INFO - Filling up the DagBag from /opt/airflow/dags/daily_summary_dag.py
[2026-10-05T17:30:22.319+0000] {processor.py:840} INFO - DAG(s) 'daily_summary_dag' retrieved from /opt/airflow/dags/daily_summary_dag.py
[2026-10-05T17:30:22.497+0000] {logging_mixin.py:188} INFO - [2026-10-05T17:30:22.497+0000] {dag.py:3089} INFO - Sync 1 DAGs
[2026-10-05T17:30:22.602+0000] {logging_mixin.py:188} INFO - [2026-10-05T17:30:22.601+0000] {dag.py:3947} INFO - Setting next_dagrun for daily_summary_dag to None, run_after=None
[2026-10-05T17:30:22.653+0000] {processor.py:161} INFO - Started process (PID=1279) to work on /opt/airflow/dags/daily_summary_dag.py
[2026-10-05T17:30:22.655+0000] {processor.py:830} INFO - Processing file /opt/airflow/dags/daily_summary_dag.py for tasks to queue
[2026-10-05T17:30:22.658+0000] {logging_mixin.py:188} INFO - [2026-10-05T17:30:22.657+0000] {dagbag.py:545} INFO - Filling up the DagBag from /opt/airflow/dags/daily_summary_dag.py
[2026-10-05T17:30:22.663+0000] {processor.py:161} INFO - Started process (PID=1280) to work on /opt/airflow/dags/daily_summary_dag.py
[2026-10-05T17:30:22.667+0000] {processor.py:830} INFO - Processing file /opt/airflow/dags/daily_summary_dag.py for tasks to queue
[2026-10-05T17:30:22.669+0000] {logging_mixin.py:188} INFO - [2026-10-05T17:30:22.669+0000] {dagbag.py:545} INFO - Filling up the DagBag from /opt/airflow/dags/daily_summary_dag.py
[2026-10-05T17:30:22.688+0000] {processor.py:183} INFO - Processing /opt/airflow/dags/daily_summary_dag.py took 0.445 seconds
[2026-10-05T17:30:22.717+0000] {processor.py:840} INFO - DAG(s) 'daily_summary_dag' retrieved from /opt/airflow/dags/daily_summary_dag.py
[2026-10-05T17:30:22.724+0000] {processor.py:840} INFO - DAG(s) 'daily_summary_dag' retrieved from /opt/airflow/dags/daily_summary_dag.py
[2026-10-05T17:30:22.760+0000] {logging_mixin.py:188} INFO - [2026-10-05T17:30:22.760+0000] {dag.py:3089} INFO - Sync 1 DAGs
[2026-10-05T17:30:22.856+0000] {logging_mixin.py:188} INFO - [2026-10-05T17:30:22.855+0000] {dag.py:3089} INFO - Sync 1 DAGs
[2026-10-05T17:30:22.865+0000] {logging_mixin.py:188} INFO - [2026-10-05T17:30:22.864+0000] {dag.py:3947} INFO - Setting next_dagrun for daily_summary_dag to None, run_after=None
[2026-10-05T17:30:22.933+0000] {processor.py:183} INFO - Processing /opt/airflow/dags/daily_summary_dag.py took 0.336 seconds
[2026-10-05T17:30:22.938+0000] {logging_mixin.py:188} INFO - [2026-10-05T17:30:22.938+0000] {dag.py:3947} INFO - Setting next_dagrun for daily_summary_dag to None, run_after=None
[2026-10-05T17:30:22.984+0000] {processor.py:183} INFO - Processing /opt/airflow/dags/daily_summary_dag.py took 0.372 seconds
[2026-10-05T17:30:56.366+0000] {processor.py:161} INFO - Started process (PID=1291) to work on /opt/airflow/dags/daily_summary_dag.py
[2026-10-05T17:30:56.393+0000] {processor.py:161} INFO - Started process (PID=1293) to work on /opt/airflow/dags/daily_summary_dag.py
[2026-10-05T17:30:56.402+0000] {processor.py:830} INFO - Processing file /opt/airflow/dags/daily_summary_dag.py for tasks to queue
[2026-10-05T17:30:56.403+0000] {processor.py:830} INFO - Processing file /opt/airflow/dags/daily_summary_dag.py for tasks to queue
[2026-10-05T17:30:57.497+0000] {logging_mixin.py:188} INFO - [2026-10-05T17:30:56.463+0000] {dagbag.py:545} INFO - Filling up the DagBag from /opt/airflow/dags/daily_summary_dag.py
[2026-10-05T17:30:57.562+0000] {logging_mixin.py:188} INFO - [2026-10-05T17:30:56.463+0000] {dagbag.py:545} INFO - Filling up the DagBag from /opt/airflow/dags/daily_summary_dag.py
[2026-10-05T17:32:02.134+0000] {logging_mixin.py:188} INFO - [2026-10-05T17:31:52.997+0000] {timeout.py:68} ERROR - Process timed out, PID: 1293
[2026-10-05T17:32:02.427+0000] {logging_mixin.py:188} INFO - [2026-10-05T17:31:40.581+0000] {timeout.py:68} ERROR - Process timed out, PID: 1291
[2026-10-05T17:32:22.744+0000] {processor.py:161} INFO - Started process (PID=1297) to work on /opt/airflow/dags/daily_summary_dag.py
[2026-10-05T17:32:29.486+0000] {processor.py:830} INFO - Processing file /opt/airflow/dags/daily_summary_dag.py for tasks to queue
[2026-10-05T17:33:09.523+0000] {logging_mixin.py:188} INFO - [2026-10-05T17:32:35.356+0000] {dagbag.py:545} INFO - Filling up the DagBag from /opt/airflow/dags/daily_summary_dag.py
[2026-10-05T17:35:30.611+0000] {processor.py:161} INFO - Started process (PID=1308) to work on /opt/airflow/dags/daily_summary_dag.py
[2026-10-05T17:35:30.615+0000] {processor.py:830} INFO - Processing file /opt/airflow/dags/daily_summary_dag.py for tasks to queue
[2026-10-05T17:35:30.624+0000] {logging_mixin.py:188} INFO - [2026-10-05T17:35:30.620+0000] {dagbag.py:545} INFO - Filling up the DagBag from /opt/airflow/dags/daily_summary_dag.py
[2026-10-05T17:35:30.626+0000] {processor.py:161} INFO - Started process (PID=1307) to work on /opt/airflow/dags/daily_summary_dag.py
[2026-10-05T17:35:30.635+0000] {processor.py:830} INFO - Processing file /opt/airflow/dags/daily_summary_dag.py for tasks to queue
[2026-10-05T17:35:30.669+0000] {logging_mixin.py:188} INFO - [2026-10-05T17:35:30.654+0000] {dagbag.py:545} INFO - Filling up the DagBag from /opt/airflow/dags/daily_summary_dag.py
[2026-10-05T17:35:30.739+0000] {processor.py:161} INFO - Started process (PID=1304) to work on /opt/airflow/dags/daily_summary_dag.py
[2026-10-05T17:35:30.743+0000] {processor.py:830} INFO - Processing file /opt/airflow/dags/daily_summary_dag.py for tasks to queue
[2026-10-05T17:35:30.751+0000] {logging_mixin.py:188} INFO - [2026-10-05T17:35:30.748+0000] {dagbag.py:545} INFO - Filling up the DagBag from /opt/airflow/dags/daily_summary_dag.py
[2026-10-05T17:35:30.852+0000] {processor.py:840} INFO - DAG(s) 'daily_summary_dag' retrieved from /opt/airflow/dags/daily_summary_dag.py
[2026-10-05T17:35:30.873+0000] {processor.py:840} INFO - DAG(s) 'daily_summary_dag' retrieved from /opt/airflow/dags/daily_summary_dag.py
[2026-10-05T17:35:31.014+0000] {processor.py:840} INFO - DAG(s) 'daily_summary_dag' retrieved from /opt/airflow/dags/daily_summary_dag.py
[2026-10-05T17:35:32.490+0000] {logging_mixin.py:188} INFO - [2026-10-05T17:35:32.490+0000] {dag.py:3089} INFO - Sync 1 DAGs
[2026-10-05T17:35:32.499+0000] {logging_mixin.py:188} INFO - [2026-10-05T17:35:32.498+0000] {dag.py:3089} INFO - Sync 1 DAGs
[2026-10-05T17:35:32.593+0000] {logging_mixin.py:188} INFO - [2026-10-05T17:35:32.593+0000] {dag.py:3947} INFO - Setting next_dagrun for daily_summary_dag to None, run_after=None
[2026-10-05T17:35:32.708+0000] {logging_mixin.py:188} INFO - [2026-10-05T17:35:32.707+0000] {dag.py:3947} INFO - Setting next_dagrun for daily_summary_dag to None, run_after=None
[2026-10-05T17:35:32.724+0000] {processor.py:183} INFO - Processing /opt/airflow/dags/daily_summary_dag.py took 2.180 seconds
[2026-10-05T17:35:32.742+0000] {logging_mixin.py:188} INFO - [2026-10-05T17:35:32.741+0000] {dag.py:3089} INFO - Sync 1 DAGs
[2026-10-05T17:35:32.818+0000] {logging_mixin.py:188} INFO - [2026-10-05T17:35:32.818+0000] {dag.py:3947} INFO - Setting next_dagrun for daily_summary_dag to None, run_after=None
[2026-10-05T17:35:33.513+0000] {logging_mixin.py:188} INFO - [2026-10-05T17:35:33.175+0000] {dagbag.py:654} ERROR - Failed to write serialized DAG: /opt/airflow/dags/daily_summary_dag.py
Traceback (most recent call last):
  File "/home/airflow/.local/lib/python3.12/site-packages/airflow/models/dagbag.py", line 642, in _serialize_dag_capturing_errors
    dag_was_updated = SerializedDagModel.write_dag(
                      ^^^^^^^^^^^^^^^^^^^^^^^^^^^^^
  File "/home/airflow/.local/lib/python3.12/site-packages/airflow/utils/session.py", line 76, in wrapper
    return func(*args, **kwargs)
           ^^^^^^^^^^^^^^^^^^^^^
  File "/home/airflow/.local/lib/python3.12/site-packages/airflow/models/serialized_dag.py", line 158, in write_dag
    if session.scalar(
       ^^^^^^^^^^^^^^^
  File "/home/airflow/.local/lib/python3.12/site-packages/sqlalchemy/orm/session.py", line 1747, in scalar
    return self.execute(
           ^^^^^^^^^^^^^
  File "/home/airflow/.local/lib/python3.12/site-packages/sqlalchemy/orm/session.py", line 1716, in execute
    conn = self._connection_for_bind(bind)
           ^^^^^^^^^^^^^^^^^^^^^^^^^^^^^^^
  File "/home/airflow/.local/lib/python3.12/site-packages/sqlalchemy/orm/session.py", line 1555, in _connection_for_bind
    return self._transaction._connection_for_bind(
           ^^^^^^^^^^^^^^^^^^^^^^^^^^^^^^^^^^^^^^^
  File "/home/airflow/.local/lib/python3.12/site-packages/sqlalchemy/orm/session.py", line 724, in _connection_for_bind
    self._assert_active()
  File "/home/airflow/.local/lib/python3.12/site-packages/sqlalchemy/orm/session.py", line 604, in _assert_active
    raise sa_exc.PendingRollbackError(
sqlalchemy.exc.PendingRollbackError: This Session's transaction has been rolled back due to a previous exception during flush. To begin a new transaction with this Session, first issue Session.rollback(). Original exception was: (psycopg2.errors.UniqueViolation) duplicate key value violates unique constraint "serialized_dag_pkey"
DETAIL:  Key (dag_id)=(daily_summary_dag) already exists.

[SQL: INSERT INTO serialized_dag (dag_id, fileloc, fileloc_hash, data, data_compressed, last_updated, dag_hash, processor_subdir) VALUES (%(dag_id)s, %(fileloc)s, %(fileloc_hash)s, %(data)s, %(data_compressed)s, %(last_updated)s, %(dag_hash)s, %(processor_subdir)s)]
[parameters: {'dag_id': 'daily_summary_dag', 'fileloc': '/opt/airflow/dags/daily_summary_dag.py', 'fileloc_hash': 58660702965425884, 'data': '{"__version": 1, "dag": {"_description": "Triggers the Gold daily summary Spark job", "start_date": 1790812800.0, "_dag_id": "daily_summary_dag", "fi ... (1403 characters truncated) ... spark_catalog=org.apache.spark.sql.delta.catalog.DeltaCatalog /opt/app/src/streaming/gold_daily_summary.py"}], "dag_dependencies": [], "params": []}}', 'data_compressed': None, 'last_updated': datetime.datetime(2026, 10, 5, 17, 35, 30, 994331, tzinfo=Timezone('UTC')), 'dag_hash': '22d0d210c4af4d52695743efaf951dab', 'processor_subdir': '/opt/airflow/dags'}]
(Background on this error at: https://sqlalche.me/e/14/gkpj) (Background on this error at: https://sqlalche.me/e/14/7s2a)
[2026-10-05T17:35:33.515+0000] {logging_mixin.py:188} INFO - [2026-10-05T17:35:33.515+0000] {dag.py:3089} INFO - Sync 1 DAGs
[2026-10-05T17:35:33.684+0000] {logging_mixin.py:188} INFO - [2026-10-05T17:35:33.292+0000] {dagbag.py:654} ERROR - Failed to write serialized DAG: /opt/airflow/dags/daily_summary_dag.py
Traceback (most recent call last):
  File "/home/airflow/.local/lib/python3.12/site-packages/airflow/models/dagbag.py", line 642, in _serialize_dag_capturing_errors
    dag_was_updated = SerializedDagModel.write_dag(
                      ^^^^^^^^^^^^^^^^^^^^^^^^^^^^^
  File "/home/airflow/.local/lib/python3.12/site-packages/airflow/utils/session.py", line 76, in wrapper
    return func(*args, **kwargs)
           ^^^^^^^^^^^^^^^^^^^^^
  File "/home/airflow/.local/lib/python3.12/site-packages/airflow/models/serialized_dag.py", line 158, in write_dag
    if session.scalar(
       ^^^^^^^^^^^^^^^
  File "/home/airflow/.local/lib/python3.12/site-packages/sqlalchemy/orm/session.py", line 1747, in scalar
    return self.execute(
           ^^^^^^^^^^^^^
  File "/home/airflow/.local/lib/python3.12/site-packages/sqlalchemy/orm/session.py", line 1716, in execute
    conn = self._connection_for_bind(bind)
           ^^^^^^^^^^^^^^^^^^^^^^^^^^^^^^^
  File "/home/airflow/.local/lib/python3.12/site-packages/sqlalchemy/orm/session.py", line 1555, in _connection_for_bind
    return self._transaction._connection_for_bind(
           ^^^^^^^^^^^^^^^^^^^^^^^^^^^^^^^^^^^^^^^
  File "/home/airflow/.local/lib/python3.12/site-packages/sqlalchemy/orm/session.py", line 724, in _connection_for_bind
    self._assert_active()
  File "/home/airflow/.local/lib/python3.12/site-packages/sqlalchemy/orm/session.py", line 604, in _assert_active
    raise sa_exc.PendingRollbackError(
sqlalchemy.exc.PendingRollbackError: This Session's transaction has been rolled back due to a previous exception during flush. To begin a new transaction with this Session, first issue Session.rollback(). Original exception was: (psycopg2.errors.UniqueViolation) duplicate key value violates unique constraint "serialized_dag_pkey"
DETAIL:  Key (dag_id)=(daily_summary_dag) already exists.

[SQL: INSERT INTO serialized_dag (dag_id, fileloc, fileloc_hash, data, data_compressed, last_updated, dag_hash, processor_subdir) VALUES (%(dag_id)s, %(fileloc)s, %(fileloc_hash)s, %(data)s, %(data_compressed)s, %(last_updated)s, %(dag_hash)s, %(processor_subdir)s)]
[parameters: {'dag_id': 'daily_summary_dag', 'fileloc': '/opt/airflow/dags/daily_summary_dag.py', 'fileloc_hash': 58660702965425884, 'data': '{"__version": 1, "dag": {"catchup": false, "schedule_interval": null, "fileloc": "/opt/airflow/dags/daily_summary_dag.py", "edge_info": {}, "_task_gr ... (1403 characters truncated) ... spark_catalog=org.apache.spark.sql.delta.catalog.DeltaCatalog /opt/app/src/streaming/gold_daily_summary.py"}], "dag_dependencies": [], "params": []}}', 'data_compressed': None, 'last_updated': datetime.datetime(2026, 10, 5, 17, 35, 31, 133261, tzinfo=Timezone('UTC')), 'dag_hash': '22d0d210c4af4d52695743efaf951dab', 'processor_subdir': '/opt/airflow/dags'}]
(Background on this error at: https://sqlalche.me/e/14/gkpj) (Background on this error at: https://sqlalche.me/e/14/7s2a)
[2026-10-05T17:35:33.686+0000] {logging_mixin.py:188} INFO - [2026-10-05T17:35:33.685+0000] {dag.py:3089} INFO - Sync 1 DAGs
[2026-10-05T17:35:33.558+0000] {processor.py:186} ERROR - Got an exception! Propagating...
Traceback (most recent call last):
  File "/home/airflow/.local/lib/python3.12/site-packages/airflow/dag_processing/processor.py", line 182, in _run_file_processor
    _handle_dag_file_processing()
  File "/home/airflow/.local/lib/python3.12/site-packages/airflow/dag_processing/processor.py", line 163, in _handle_dag_file_processing
    result: tuple[int, int] = dag_file_processor.process_file(
                              ^^^^^^^^^^^^^^^^^^^^^^^^^^^^^^^^
  File "/home/airflow/.local/lib/python3.12/site-packages/airflow/utils/session.py", line 79, in wrapper
    return func(*args, session=session, **kwargs)
           ^^^^^^^^^^^^^^^^^^^^^^^^^^^^^^^^^^^^^^
  File "/home/airflow/.local/lib/python3.12/site-packages/airflow/dag_processing/processor.py", line 859, in process_file
    serialize_errors = DagFileProcessor.save_dag_to_db(
                       ^^^^^^^^^^^^^^^^^^^^^^^^^^^^^^^^
  File "/home/airflow/.local/lib/python3.12/site-packages/airflow/api_internal/internal_api_call.py", line 115, in wrapper
    return func(*args, **kwargs)
           ^^^^^^^^^^^^^^^^^^^^^
  File "/home/airflow/.local/lib/python3.12/site-packages/airflow/utils/session.py", line 79, in wrapper
    return func(*args, session=session, **kwargs)
           ^^^^^^^^^^^^^^^^^^^^^^^^^^^^^^^^^^^^^^
  File "/home/airflow/.local/lib/python3.12/site-packages/airflow/dag_processing/processor.py", line 895, in save_dag_to_db
    import_errors = DagBag._sync_to_db(dags=dags, processor_subdir=dag_directory, session=session)
                    ^^^^^^^^^^^^^^^^^^^^^^^^^^^^^^^^^^^^^^^^^^^^^^^^^^^^^^^^^^^^^^^^^^^^^^^^^^^^^^
  File "/home/airflow/.local/lib/python3.12/site-packages/airflow/utils/session.py", line 76, in wrapper
    return func(*args, **kwargs)
           ^^^^^^^^^^^^^^^^^^^^^
  File "/home/airflow/.local/lib/python3.12/site-packages/airflow/models/dagbag.py", line 664, in _sync_to_db
    for attempt in run_with_db_retries(logger=log):
  File "/home/airflow/.local/lib/python3.12/site-packages/tenacity/__init__.py", line 443, in __iter__
    do = self.iter(retry_state=retry_state)
         ^^^^^^^^^^^^^^^^^^^^^^^^^^^^^^^^^^
  File "/home/airflow/.local/lib/python3.12/site-packages/tenacity/__init__.py", line 376, in iter
    result = action(retry_state)
             ^^^^^^^^^^^^^^^^^^^
  File "/home/airflow/.local/lib/python3.12/site-packages/tenacity/__init__.py", line 398, in <lambda>
    self._add_action_func(lambda rs: rs.outcome.result())
                                     ^^^^^^^^^^^^^^^^^^^
  File "/usr/local/lib/python3.12/concurrent/futures/_base.py", line 449, in result
    return self.__get_result()
           ^^^^^^^^^^^^^^^^^^^
  File "/usr/local/lib/python3.12/concurrent/futures/_base.py", line 401, in __get_result
    raise self._exception
  File "/home/airflow/.local/lib/python3.12/site-packages/airflow/models/dagbag.py", line 680, in _sync_to_db
    DAG.bulk_write_to_db(dags.values(), processor_subdir=processor_subdir, session=session)
  File "/home/airflow/.local/lib/python3.12/site-packages/airflow/utils/session.py", line 76, in wrapper
    return func(*args, **kwargs)
           ^^^^^^^^^^^^^^^^^^^^^
  File "/home/airflow/.local/lib/python3.12/site-packages/airflow/models/dag.py", line 3101, in bulk_write_to_db
    orm_dags: list[DagModel] = session.scalars(query).unique().all()
                               ^^^^^^^^^^^^^^^^^^^^^^
  File "/home/airflow/.local/lib/python3.12/site-packages/sqlalchemy/orm/session.py", line 1778, in scalars
    return self.execute(
           ^^^^^^^^^^^^^
  File "/home/airflow/.local/lib/python3.12/site-packages/sqlalchemy/orm/session.py", line 1716, in execute
    conn = self._connection_for_bind(bind)
           ^^^^^^^^^^^^^^^^^^^^^^^^^^^^^^^
  File "/home/airflow/.local/lib/python3.12/site-packages/sqlalchemy/orm/session.py", line 1555, in _connection_for_bind
    return self._transaction._connection_for_bind(
           ^^^^^^^^^^^^^^^^^^^^^^^^^^^^^^^^^^^^^^^
  File "/home/airflow/.local/lib/python3.12/site-packages/sqlalchemy/orm/session.py", line 724, in _connection_for_bind
    self._assert_active()
  File "/home/airflow/.local/lib/python3.12/site-packages/sqlalchemy/orm/session.py", line 604, in _assert_active
    raise sa_exc.PendingRollbackError(
sqlalchemy.exc.PendingRollbackError: This Session's transaction has been rolled back due to a previous exception during flush. To begin a new transaction with this Session, first issue Session.rollback(). Original exception was: (psycopg2.errors.UniqueViolation) duplicate key value violates unique constraint "serialized_dag_pkey"
DETAIL:  Key (dag_id)=(daily_summary_dag) already exists.

[SQL: INSERT INTO serialized_dag (dag_id, fileloc, fileloc_hash, data, data_compressed, last_updated, dag_hash, processor_subdir) VALUES (%(dag_id)s, %(fileloc)s, %(fileloc_hash)s, %(data)s, %(data_compressed)s, %(last_updated)s, %(dag_hash)s, %(processor_subdir)s)]
[parameters: {'dag_id': 'daily_summary_dag', 'fileloc': '/opt/airflow/dags/daily_summary_dag.py', 'fileloc_hash': 58660702965425884, 'data': '{"__version": 1, "dag": {"_description": "Triggers the Gold daily summary Spark job", "start_date": 1790812800.0, "_dag_id": "daily_summary_dag", "fi ... (1403 characters truncated) ... spark_catalog=org.apache.spark.sql.delta.catalog.DeltaCatalog /opt/app/src/streaming/gold_daily_summary.py"}], "dag_dependencies": [], "params": []}}', 'data_compressed': None, 'last_updated': datetime.datetime(2026, 10, 5, 17, 35, 30, 994331, tzinfo=Timezone('UTC')), 'dag_hash': '22d0d210c4af4d52695743efaf951dab', 'processor_subdir': '/opt/airflow/dags'}]
(Background on this error at: https://sqlalche.me/e/14/gkpj) (Background on this error at: https://sqlalche.me/e/14/7s2a)
[2026-10-05T17:35:33.730+0000] {processor.py:186} ERROR - Got an exception! Propagating...
Traceback (most recent call last):
  File "/home/airflow/.local/lib/python3.12/site-packages/airflow/dag_processing/processor.py", line 182, in _run_file_processor
    _handle_dag_file_processing()
  File "/home/airflow/.local/lib/python3.12/site-packages/airflow/dag_processing/processor.py", line 163, in _handle_dag_file_processing
    result: tuple[int, int] = dag_file_processor.process_file(
                              ^^^^^^^^^^^^^^^^^^^^^^^^^^^^^^^^
  File "/home/airflow/.local/lib/python3.12/site-packages/airflow/utils/session.py", line 79, in wrapper
    return func(*args, session=session, **kwargs)
           ^^^^^^^^^^^^^^^^^^^^^^^^^^^^^^^^^^^^^^
  File "/home/airflow/.local/lib/python3.12/site-packages/airflow/dag_processing/processor.py", line 859, in process_file
    serialize_errors = DagFileProcessor.save_dag_to_db(
                       ^^^^^^^^^^^^^^^^^^^^^^^^^^^^^^^^
  File "/home/airflow/.local/lib/python3.12/site-packages/airflow/api_internal/internal_api_call.py", line 115, in wrapper
    return func(*args, **kwargs)
           ^^^^^^^^^^^^^^^^^^^^^
  File "/home/airflow/.local/lib/python3.12/site-packages/airflow/utils/session.py", line 79, in wrapper
    return func(*args, session=session, **kwargs)
           ^^^^^^^^^^^^^^^^^^^^^^^^^^^^^^^^^^^^^^
  File "/home/airflow/.local/lib/python3.12/site-packages/airflow/dag_processing/processor.py", line 895, in save_dag_to_db
    import_errors = DagBag._sync_to_db(dags=dags, processor_subdir=dag_directory, session=session)
                    ^^^^^^^^^^^^^^^^^^^^^^^^^^^^^^^^^^^^^^^^^^^^^^^^^^^^^^^^^^^^^^^^^^^^^^^^^^^^^^
  File "/home/airflow/.local/lib/python3.12/site-packages/airflow/utils/session.py", line 76, in wrapper
    return func(*args, **kwargs)
           ^^^^^^^^^^^^^^^^^^^^^
  File "/home/airflow/.local/lib/python3.12/site-packages/airflow/models/dagbag.py", line 664, in _sync_to_db
    for attempt in run_with_db_retries(logger=log):
  File "/home/airflow/.local/lib/python3.12/site-packages/tenacity/__init__.py", line 443, in __iter__
    do = self.iter(retry_state=retry_state)
         ^^^^^^^^^^^^^^^^^^^^^^^^^^^^^^^^^^
  File "/home/airflow/.local/lib/python3.12/site-packages/tenacity/__init__.py", line 376, in iter
    result = action(retry_state)
             ^^^^^^^^^^^^^^^^^^^
  File "/home/airflow/.local/lib/python3.12/site-packages/tenacity/__init__.py", line 398, in <lambda>
    self._add_action_func(lambda rs: rs.outcome.result())
                                     ^^^^^^^^^^^^^^^^^^^
  File "/usr/local/lib/python3.12/concurrent/futures/_base.py", line 449, in result
    return self.__get_result()
           ^^^^^^^^^^^^^^^^^^^
  File "/usr/local/lib/python3.12/concurrent/futures/_base.py", line 401, in __get_result
    raise self._exception
  File "/home/airflow/.local/lib/python3.12/site-packages/airflow/models/dagbag.py", line 680, in _sync_to_db
    DAG.bulk_write_to_db(dags.values(), processor_subdir=processor_subdir, session=session)
  File "/home/airflow/.local/lib/python3.12/site-packages/airflow/utils/session.py", line 76, in wrapper
    return func(*args, **kwargs)
           ^^^^^^^^^^^^^^^^^^^^^
  File "/home/airflow/.local/lib/python3.12/site-packages/airflow/models/dag.py", line 3101, in bulk_write_to_db
    orm_dags: list[DagModel] = session.scalars(query).unique().all()
                               ^^^^^^^^^^^^^^^^^^^^^^
  File "/home/airflow/.local/lib/python3.12/site-packages/sqlalchemy/orm/session.py", line 1778, in scalars
    return self.execute(
           ^^^^^^^^^^^^^
  File "/home/airflow/.local/lib/python3.12/site-packages/sqlalchemy/orm/session.py", line 1716, in execute
    conn = self._connection_for_bind(bind)
           ^^^^^^^^^^^^^^^^^^^^^^^^^^^^^^^
  File "/home/airflow/.local/lib/python3.12/site-packages/sqlalchemy/orm/session.py", line 1555, in _connection_for_bind
    return self._transaction._connection_for_bind(
           ^^^^^^^^^^^^^^^^^^^^^^^^^^^^^^^^^^^^^^^
  File "/home/airflow/.local/lib/python3.12/site-packages/sqlalchemy/orm/session.py", line 724, in _connection_for_bind
    self._assert_active()
  File "/home/airflow/.local/lib/python3.12/site-packages/sqlalchemy/orm/session.py", line 604, in _assert_active
    raise sa_exc.PendingRollbackError(
sqlalchemy.exc.PendingRollbackError: This Session's transaction has been rolled back due to a previous exception during flush. To begin a new transaction with this Session, first issue Session.rollback(). Original exception was: (psycopg2.errors.UniqueViolation) duplicate key value violates unique constraint "serialized_dag_pkey"
DETAIL:  Key (dag_id)=(daily_summary_dag) already exists.

[SQL: INSERT INTO serialized_dag (dag_id, fileloc, fileloc_hash, data, data_compressed, last_updated, dag_hash, processor_subdir) VALUES (%(dag_id)s, %(fileloc)s, %(fileloc_hash)s, %(data)s, %(data_compressed)s, %(last_updated)s, %(dag_hash)s, %(processor_subdir)s)]
[parameters: {'dag_id': 'daily_summary_dag', 'fileloc': '/opt/airflow/dags/daily_summary_dag.py', 'fileloc_hash': 58660702965425884, 'data': '{"__version": 1, "dag": {"catchup": false, "schedule_interval": null, "fileloc": "/opt/airflow/dags/daily_summary_dag.py", "edge_info": {}, "_task_gr ... (1403 characters truncated) ... spark_catalog=org.apache.spark.sql.delta.catalog.DeltaCatalog /opt/app/src/streaming/gold_daily_summary.py"}], "dag_dependencies": [], "params": []}}', 'data_compressed': None, 'last_updated': datetime.datetime(2026, 10, 5, 17, 35, 31, 133261, tzinfo=Timezone('UTC')), 'dag_hash': '22d0d210c4af4d52695743efaf951dab', 'processor_subdir': '/opt/airflow/dags'}]
(Background on this error at: https://sqlalche.me/e/14/gkpj) (Background on this error at: https://sqlalche.me/e/14/7s2a)
[2026-10-05T17:36:02.858+0000] {processor.py:161} INFO - Started process (PID=1332) to work on /opt/airflow/dags/daily_summary_dag.py
[2026-10-05T17:36:02.861+0000] {processor.py:830} INFO - Processing file /opt/airflow/dags/daily_summary_dag.py for tasks to queue
[2026-10-05T17:36:02.863+0000] {logging_mixin.py:188} INFO - [2026-10-05T17:36:02.862+0000] {dagbag.py:545} INFO - Filling up the DagBag from /opt/airflow/dags/daily_summary_dag.py
[2026-10-05T17:36:02.902+0000] {processor.py:840} INFO - DAG(s) 'daily_summary_dag' retrieved from /opt/airflow/dags/daily_summary_dag.py
[2026-10-05T17:36:02.964+0000] {logging_mixin.py:188} INFO - [2026-10-05T17:36:02.964+0000] {dag.py:3089} INFO - Sync 1 DAGs
[2026-10-05T17:36:03.052+0000] {logging_mixin.py:188} INFO - [2026-10-05T17:36:03.051+0000] {dag.py:3947} INFO - Setting next_dagrun for daily_summary_dag to None, run_after=None
[2026-10-05T17:36:03.119+0000] {processor.py:183} INFO - Processing /opt/airflow/dags/daily_summary_dag.py took 0.274 seconds
[2026-10-05T17:36:04.547+0000] {processor.py:161} INFO - Started process (PID=1337) to work on /opt/airflow/dags/daily_summary_dag.py
[2026-10-05T17:36:04.555+0000] {processor.py:830} INFO - Processing file /opt/airflow/dags/daily_summary_dag.py for tasks to queue
[2026-10-05T17:36:04.562+0000] {logging_mixin.py:188} INFO - [2026-10-05T17:36:04.560+0000] {dagbag.py:545} INFO - Filling up the DagBag from /opt/airflow/dags/daily_summary_dag.py
[2026-10-05T17:36:04.629+0000] {processor.py:840} INFO - DAG(s) 'daily_summary_dag' retrieved from /opt/airflow/dags/daily_summary_dag.py
[2026-10-05T17:36:04.730+0000] {logging_mixin.py:188} INFO - [2026-10-05T17:36:04.730+0000] {dag.py:3089} INFO - Sync 1 DAGs
[2026-10-05T17:36:04.810+0000] {logging_mixin.py:188} INFO - [2026-10-05T17:36:04.810+0000] {dag.py:3947} INFO - Setting next_dagrun for daily_summary_dag to None, run_after=None
[2026-10-05T17:36:04.911+0000] {processor.py:183} INFO - Processing /opt/airflow/dags/daily_summary_dag.py took 0.384 seconds
[2026-10-05T17:36:04.932+0000] {processor.py:161} INFO - Started process (PID=1340) to work on /opt/airflow/dags/daily_summary_dag.py
[2026-10-05T17:36:04.935+0000] {processor.py:830} INFO - Processing file /opt/airflow/dags/daily_summary_dag.py for tasks to queue
[2026-10-05T17:36:04.937+0000] {logging_mixin.py:188} INFO - [2026-10-05T17:36:04.937+0000] {dagbag.py:545} INFO - Filling up the DagBag from /opt/airflow/dags/daily_summary_dag.py
[2026-10-05T17:36:04.991+0000] {processor.py:840} INFO - DAG(s) 'daily_summary_dag' retrieved from /opt/airflow/dags/daily_summary_dag.py
[2026-10-05T17:36:05.096+0000] {logging_mixin.py:188} INFO - [2026-10-05T17:36:05.095+0000] {dag.py:3089} INFO - Sync 1 DAGs
[2026-10-05T17:36:05.128+0000] {logging_mixin.py:188} INFO - [2026-10-05T17:36:05.127+0000] {dag.py:3947} INFO - Setting next_dagrun for daily_summary_dag to None, run_after=None
[2026-10-05T17:36:05.217+0000] {processor.py:183} INFO - Processing /opt/airflow/dags/daily_summary_dag.py took 0.323 seconds
[2026-10-05T17:37:38.431+0000] {processor.py:161} INFO - Started process (PID=1347) to work on /opt/airflow/dags/daily_summary_dag.py
[2026-10-05T17:37:38.437+0000] {processor.py:830} INFO - Processing file /opt/airflow/dags/daily_summary_dag.py for tasks to queue
[2026-10-05T17:37:38.457+0000] {logging_mixin.py:188} INFO - [2026-10-05T17:37:38.447+0000] {dagbag.py:545} INFO - Filling up the DagBag from /opt/airflow/dags/daily_summary_dag.py
[2026-10-05T17:40:41.175+0000] {processor.py:840} INFO - DAG(s) 'daily_summary_dag' retrieved from /opt/airflow/dags/daily_summary_dag.py
[2026-10-05T17:40:42.866+0000] {logging_mixin.py:188} INFO - [2026-10-05T17:40:42.866+0000] {dag.py:3089} INFO - Sync 1 DAGs
[2026-10-05T17:40:42.931+0000] {logging_mixin.py:188} INFO - [2026-10-05T17:40:42.930+0000] {dag.py:3947} INFO - Setting next_dagrun for daily_summary_dag to None, run_after=None
[2026-10-05T17:40:43.027+0000] {processor.py:183} INFO - Processing /opt/airflow/dags/daily_summary_dag.py took 184.753 seconds
[2026-10-05T17:40:43.952+0000] {processor.py:161} INFO - Started process (PID=1363) to work on /opt/airflow/dags/daily_summary_dag.py
[2026-10-05T17:40:43.954+0000] {processor.py:830} INFO - Processing file /opt/airflow/dags/daily_summary_dag.py for tasks to queue
[2026-10-05T17:40:43.956+0000] {logging_mixin.py:188} INFO - [2026-10-05T17:40:43.956+0000] {dagbag.py:545} INFO - Filling up the DagBag from /opt/airflow/dags/daily_summary_dag.py
[2026-10-05T17:40:43.994+0000] {processor.py:840} INFO - DAG(s) 'daily_summary_dag' retrieved from /opt/airflow/dags/daily_summary_dag.py
[2026-10-05T17:40:44.014+0000] {logging_mixin.py:188} INFO - [2026-10-05T17:40:44.013+0000] {dag.py:3089} INFO - Sync 1 DAGs
[2026-10-05T17:40:44.052+0000] {logging_mixin.py:188} INFO - [2026-10-05T17:40:44.051+0000] {dag.py:3947} INFO - Setting next_dagrun for daily_summary_dag to None, run_after=None
[2026-10-05T17:40:44.102+0000] {processor.py:183} INFO - Processing /opt/airflow/dags/daily_summary_dag.py took 0.156 seconds
[2026-10-05T17:40:44.703+0000] {processor.py:161} INFO - Started process (PID=1371) to work on /opt/airflow/dags/daily_summary_dag.py
[2026-10-05T17:40:44.706+0000] {processor.py:830} INFO - Processing file /opt/airflow/dags/daily_summary_dag.py for tasks to queue
[2026-10-05T17:40:44.709+0000] {logging_mixin.py:188} INFO - [2026-10-05T17:40:44.707+0000] {dagbag.py:545} INFO - Filling up the DagBag from /opt/airflow/dags/daily_summary_dag.py
[2026-10-05T17:40:44.746+0000] {processor.py:840} INFO - DAG(s) 'daily_summary_dag' retrieved from /opt/airflow/dags/daily_summary_dag.py
[2026-10-05T17:40:44.771+0000] {logging_mixin.py:188} INFO - [2026-10-05T17:40:44.771+0000] {dag.py:3089} INFO - Sync 1 DAGs
[2026-10-05T17:40:44.813+0000] {logging_mixin.py:188} INFO - [2026-10-05T17:40:44.812+0000] {dag.py:3947} INFO - Setting next_dagrun for daily_summary_dag to None, run_after=None
[2026-10-05T17:40:44.851+0000] {processor.py:183} INFO - Processing /opt/airflow/dags/daily_summary_dag.py took 0.155 seconds
[2026-10-05T17:41:11.592+0000] {processor.py:161} INFO - Started process (PID=1376) to work on /opt/airflow/dags/daily_summary_dag.py
[2026-10-05T17:41:11.595+0000] {processor.py:830} INFO - Processing file /opt/airflow/dags/daily_summary_dag.py for tasks to queue
[2026-10-05T17:41:11.605+0000] {logging_mixin.py:188} INFO - [2026-10-05T17:41:11.601+0000] {dagbag.py:545} INFO - Filling up the DagBag from /opt/airflow/dags/daily_summary_dag.py
[2026-10-05T17:41:11.788+0000] {processor.py:840} INFO - DAG(s) 'daily_summary_dag' retrieved from /opt/airflow/dags/daily_summary_dag.py
[2026-10-05T17:41:11.866+0000] {logging_mixin.py:188} INFO - [2026-10-05T17:41:11.866+0000] {dag.py:3089} INFO - Sync 1 DAGs
[2026-10-05T17:41:12.034+0000] {logging_mixin.py:188} INFO - [2026-10-05T17:41:12.033+0000] {dag.py:3947} INFO - Setting next_dagrun for daily_summary_dag to None, run_after=None
[2026-10-05T17:41:12.136+0000] {processor.py:183} INFO - Processing /opt/airflow/dags/daily_summary_dag.py took 0.579 seconds
[2026-10-05T17:41:14.180+0000] {processor.py:161} INFO - Started process (PID=1381) to work on /opt/airflow/dags/daily_summary_dag.py
[2026-10-05T17:41:14.182+0000] {processor.py:830} INFO - Processing file /opt/airflow/dags/daily_summary_dag.py for tasks to queue
[2026-10-05T17:41:14.184+0000] {logging_mixin.py:188} INFO - [2026-10-05T17:41:14.183+0000] {dagbag.py:545} INFO - Filling up the DagBag from /opt/airflow/dags/daily_summary_dag.py
[2026-10-05T17:41:14.207+0000] {processor.py:840} INFO - DAG(s) 'daily_summary_dag' retrieved from /opt/airflow/dags/daily_summary_dag.py
[2026-10-05T17:41:14.353+0000] {logging_mixin.py:188} INFO - [2026-10-05T17:41:14.352+0000] {dag.py:3089} INFO - Sync 1 DAGs
[2026-10-05T17:41:14.378+0000] {logging_mixin.py:188} INFO - [2026-10-05T17:41:14.378+0000] {dag.py:3947} INFO - Setting next_dagrun for daily_summary_dag to None, run_after=None
[2026-10-05T17:41:14.404+0000] {processor.py:183} INFO - Processing /opt/airflow/dags/daily_summary_dag.py took 0.231 seconds
[2026-10-05T17:41:14.933+0000] {processor.py:161} INFO - Started process (PID=1386) to work on /opt/airflow/dags/daily_summary_dag.py
[2026-10-05T17:41:14.934+0000] {processor.py:830} INFO - Processing file /opt/airflow/dags/daily_summary_dag.py for tasks to queue
[2026-10-05T17:41:14.935+0000] {logging_mixin.py:188} INFO - [2026-10-05T17:41:14.935+0000] {dagbag.py:545} INFO - Filling up the DagBag from /opt/airflow/dags/daily_summary_dag.py
[2026-10-05T17:41:14.952+0000] {processor.py:840} INFO - DAG(s) 'daily_summary_dag' retrieved from /opt/airflow/dags/daily_summary_dag.py
[2026-10-05T17:41:15.084+0000] {logging_mixin.py:188} INFO - [2026-10-05T17:41:15.083+0000] {dag.py:3089} INFO - Sync 1 DAGs
[2026-10-05T17:41:15.098+0000] {logging_mixin.py:188} INFO - [2026-10-05T17:41:15.097+0000] {dag.py:3947} INFO - Setting next_dagrun for daily_summary_dag to None, run_after=None
[2026-10-05T17:41:15.129+0000] {processor.py:183} INFO - Processing /opt/airflow/dags/daily_summary_dag.py took 0.203 seconds
[2026-10-05T17:41:42.352+0000] {processor.py:161} INFO - Started process (PID=1391) to work on /opt/airflow/dags/daily_summary_dag.py
[2026-10-05T17:41:42.353+0000] {processor.py:830} INFO - Processing file /opt/airflow/dags/daily_summary_dag.py for tasks to queue
[2026-10-05T17:41:42.354+0000] {logging_mixin.py:188} INFO - [2026-10-05T17:41:42.354+0000] {dagbag.py:545} INFO - Filling up the DagBag from /opt/airflow/dags/daily_summary_dag.py
[2026-10-05T17:41:42.377+0000] {processor.py:840} INFO - DAG(s) 'daily_summary_dag' retrieved from /opt/airflow/dags/daily_summary_dag.py
[2026-10-05T17:41:42.553+0000] {logging_mixin.py:188} INFO - [2026-10-05T17:41:42.552+0000] {dag.py:3089} INFO - Sync 1 DAGs
[2026-10-05T17:41:42.570+0000] {logging_mixin.py:188} INFO - [2026-10-05T17:41:42.569+0000] {dag.py:3947} INFO - Setting next_dagrun for daily_summary_dag to None, run_after=None
[2026-10-05T17:41:42.600+0000] {processor.py:183} INFO - Processing /opt/airflow/dags/daily_summary_dag.py took 0.254 seconds
[2026-10-05T17:41:44.476+0000] {processor.py:161} INFO - Started process (PID=1396) to work on /opt/airflow/dags/daily_summary_dag.py
[2026-10-05T17:41:44.478+0000] {processor.py:830} INFO - Processing file /opt/airflow/dags/daily_summary_dag.py for tasks to queue
[2026-10-05T17:41:44.479+0000] {logging_mixin.py:188} INFO - [2026-10-05T17:41:44.479+0000] {dagbag.py:545} INFO - Filling up the DagBag from /opt/airflow/dags/daily_summary_dag.py
[2026-10-05T17:41:44.495+0000] {processor.py:840} INFO - DAG(s) 'daily_summary_dag' retrieved from /opt/airflow/dags/daily_summary_dag.py
[2026-10-05T17:41:44.530+0000] {logging_mixin.py:188} INFO - [2026-10-05T17:41:44.529+0000] {dag.py:3089} INFO - Sync 1 DAGs
[2026-10-05T17:41:44.542+0000] {logging_mixin.py:188} INFO - [2026-10-05T17:41:44.542+0000] {dag.py:3947} INFO - Setting next_dagrun for daily_summary_dag to None, run_after=None
[2026-10-05T17:41:44.561+0000] {processor.py:183} INFO - Processing /opt/airflow/dags/daily_summary_dag.py took 0.091 seconds
[2026-10-05T17:41:45.238+0000] {processor.py:161} INFO - Started process (PID=1401) to work on /opt/airflow/dags/daily_summary_dag.py
[2026-10-05T17:41:45.239+0000] {processor.py:830} INFO - Processing file /opt/airflow/dags/daily_summary_dag.py for tasks to queue
[2026-10-05T17:41:45.240+0000] {logging_mixin.py:188} INFO - [2026-10-05T17:41:45.240+0000] {dagbag.py:545} INFO - Filling up the DagBag from /opt/airflow/dags/daily_summary_dag.py
[2026-10-05T17:41:45.255+0000] {processor.py:840} INFO - DAG(s) 'daily_summary_dag' retrieved from /opt/airflow/dags/daily_summary_dag.py
[2026-10-05T17:41:45.288+0000] {logging_mixin.py:188} INFO - [2026-10-05T17:41:45.287+0000] {dag.py:3089} INFO - Sync 1 DAGs
[2026-10-05T17:41:45.299+0000] {logging_mixin.py:188} INFO - [2026-10-05T17:41:45.299+0000] {dag.py:3947} INFO - Setting next_dagrun for daily_summary_dag to None, run_after=None
[2026-10-05T17:41:45.317+0000] {processor.py:183} INFO - Processing /opt/airflow/dags/daily_summary_dag.py took 0.086 seconds
[2026-10-05T17:42:12.800+0000] {processor.py:161} INFO - Started process (PID=1406) to work on /opt/airflow/dags/daily_summary_dag.py
[2026-10-05T17:42:12.801+0000] {processor.py:830} INFO - Processing file /opt/airflow/dags/daily_summary_dag.py for tasks to queue
[2026-10-05T17:42:12.802+0000] {logging_mixin.py:188} INFO - [2026-10-05T17:42:12.802+0000] {dagbag.py:545} INFO - Filling up the DagBag from /opt/airflow/dags/daily_summary_dag.py
[2026-10-05T17:42:12.823+0000] {processor.py:840} INFO - DAG(s) 'daily_summary_dag' retrieved from /opt/airflow/dags/daily_summary_dag.py
[2026-10-05T17:42:12.858+0000] {logging_mixin.py:188} INFO - [2026-10-05T17:42:12.858+0000] {dag.py:3089} INFO - Sync 1 DAGs
[2026-10-05T17:42:12.875+0000] {logging_mixin.py:188} INFO - [2026-10-05T17:42:12.874+0000] {dag.py:3947} INFO - Setting next_dagrun for daily_summary_dag to None, run_after=None
[2026-10-05T17:42:12.903+0000] {processor.py:183} INFO - Processing /opt/airflow/dags/daily_summary_dag.py took 0.109 seconds
[2026-10-05T17:42:14.767+0000] {processor.py:161} INFO - Started process (PID=1411) to work on /opt/airflow/dags/daily_summary_dag.py
[2026-10-05T17:42:14.769+0000] {processor.py:830} INFO - Processing file /opt/airflow/dags/daily_summary_dag.py for tasks to queue
[2026-10-05T17:42:14.770+0000] {logging_mixin.py:188} INFO - [2026-10-05T17:42:14.770+0000] {dagbag.py:545} INFO - Filling up the DagBag from /opt/airflow/dags/daily_summary_dag.py
[2026-10-05T17:42:14.785+0000] {processor.py:840} INFO - DAG(s) 'daily_summary_dag' retrieved from /opt/airflow/dags/daily_summary_dag.py
[2026-10-05T17:42:14.813+0000] {logging_mixin.py:188} INFO - [2026-10-05T17:42:14.813+0000] {dag.py:3089} INFO - Sync 1 DAGs
[2026-10-05T17:42:14.827+0000] {logging_mixin.py:188} INFO - [2026-10-05T17:42:14.827+0000] {dag.py:3947} INFO - Setting next_dagrun for daily_summary_dag to None, run_after=None
[2026-10-05T17:42:14.850+0000] {processor.py:183} INFO - Processing /opt/airflow/dags/daily_summary_dag.py took 0.088 seconds
[2026-10-05T17:42:15.505+0000] {processor.py:161} INFO - Started process (PID=1416) to work on /opt/airflow/dags/daily_summary_dag.py
[2026-10-05T17:42:15.506+0000] {processor.py:830} INFO - Processing file /opt/airflow/dags/daily_summary_dag.py for tasks to queue
[2026-10-05T17:42:15.507+0000] {logging_mixin.py:188} INFO - [2026-10-05T17:42:15.507+0000] {dagbag.py:545} INFO - Filling up the DagBag from /opt/airflow/dags/daily_summary_dag.py
[2026-10-05T17:42:15.524+0000] {processor.py:840} INFO - DAG(s) 'daily_summary_dag' retrieved from /opt/airflow/dags/daily_summary_dag.py
[2026-10-05T17:42:15.552+0000] {logging_mixin.py:188} INFO - [2026-10-05T17:42:15.552+0000] {dag.py:3089} INFO - Sync 1 DAGs
[2026-10-05T17:42:15.565+0000] {logging_mixin.py:188} INFO - [2026-10-05T17:42:15.565+0000] {dag.py:3947} INFO - Setting next_dagrun for daily_summary_dag to None, run_after=None
[2026-10-05T17:42:15.587+0000] {processor.py:183} INFO - Processing /opt/airflow/dags/daily_summary_dag.py took 0.088 seconds
[2026-10-05T17:42:43.015+0000] {processor.py:161} INFO - Started process (PID=1421) to work on /opt/airflow/dags/daily_summary_dag.py
[2026-10-05T17:42:43.016+0000] {processor.py:830} INFO - Processing file /opt/airflow/dags/daily_summary_dag.py for tasks to queue
[2026-10-05T17:42:43.018+0000] {logging_mixin.py:188} INFO - [2026-10-05T17:42:43.018+0000] {dagbag.py:545} INFO - Filling up the DagBag from /opt/airflow/dags/daily_summary_dag.py
[2026-10-05T17:42:43.047+0000] {processor.py:840} INFO - DAG(s) 'daily_summary_dag' retrieved from /opt/airflow/dags/daily_summary_dag.py
[2026-10-05T17:42:43.092+0000] {logging_mixin.py:188} INFO - [2026-10-05T17:42:43.091+0000] {dag.py:3089} INFO - Sync 1 DAGs
[2026-10-05T17:42:43.108+0000] {logging_mixin.py:188} INFO - [2026-10-05T17:42:43.107+0000] {dag.py:3947} INFO - Setting next_dagrun for daily_summary_dag to None, run_after=None
[2026-10-05T17:42:43.133+0000] {processor.py:183} INFO - Processing /opt/airflow/dags/daily_summary_dag.py took 0.125 seconds
[2026-10-05T17:42:44.948+0000] {processor.py:161} INFO - Started process (PID=1426) to work on /opt/airflow/dags/daily_summary_dag.py
[2026-10-05T17:42:44.950+0000] {processor.py:830} INFO - Processing file /opt/airflow/dags/daily_summary_dag.py for tasks to queue
[2026-10-05T17:42:44.951+0000] {logging_mixin.py:188} INFO - [2026-10-05T17:42:44.951+0000] {dagbag.py:545} INFO - Filling up the DagBag from /opt/airflow/dags/daily_summary_dag.py
[2026-10-05T17:42:44.967+0000] {processor.py:840} INFO - DAG(s) 'daily_summary_dag' retrieved from /opt/airflow/dags/daily_summary_dag.py
[2026-10-05T17:42:44.999+0000] {logging_mixin.py:188} INFO - [2026-10-05T17:42:44.999+0000] {dag.py:3089} INFO - Sync 1 DAGs
[2026-10-05T17:42:45.011+0000] {logging_mixin.py:188} INFO - [2026-10-05T17:42:45.011+0000] {dag.py:3947} INFO - Setting next_dagrun for daily_summary_dag to None, run_after=None
[2026-10-05T17:42:45.031+0000] {processor.py:183} INFO - Processing /opt/airflow/dags/daily_summary_dag.py took 0.088 seconds
[2026-10-05T17:42:45.699+0000] {processor.py:161} INFO - Started process (PID=1431) to work on /opt/airflow/dags/daily_summary_dag.py
[2026-10-05T17:42:45.700+0000] {processor.py:830} INFO - Processing file /opt/airflow/dags/daily_summary_dag.py for tasks to queue
[2026-10-05T17:42:45.702+0000] {logging_mixin.py:188} INFO - [2026-10-05T17:42:45.701+0000] {dagbag.py:545} INFO - Filling up the DagBag from /opt/airflow/dags/daily_summary_dag.py
[2026-10-05T17:42:45.715+0000] {processor.py:840} INFO - DAG(s) 'daily_summary_dag' retrieved from /opt/airflow/dags/daily_summary_dag.py
[2026-10-05T17:42:45.749+0000] {logging_mixin.py:188} INFO - [2026-10-05T17:42:45.749+0000] {dag.py:3089} INFO - Sync 1 DAGs
[2026-10-05T17:42:45.763+0000] {logging_mixin.py:188} INFO - [2026-10-05T17:42:45.762+0000] {dag.py:3947} INFO - Setting next_dagrun for daily_summary_dag to None, run_after=None
[2026-10-05T17:42:45.784+0000] {processor.py:183} INFO - Processing /opt/airflow/dags/daily_summary_dag.py took 0.090 seconds
[2026-10-05T17:43:13.273+0000] {processor.py:161} INFO - Started process (PID=1436) to work on /opt/airflow/dags/daily_summary_dag.py
[2026-10-05T17:43:13.274+0000] {processor.py:830} INFO - Processing file /opt/airflow/dags/daily_summary_dag.py for tasks to queue
[2026-10-05T17:43:13.275+0000] {logging_mixin.py:188} INFO - [2026-10-05T17:43:13.275+0000] {dagbag.py:545} INFO - Filling up the DagBag from /opt/airflow/dags/daily_summary_dag.py
[2026-10-05T17:43:13.294+0000] {processor.py:840} INFO - DAG(s) 'daily_summary_dag' retrieved from /opt/airflow/dags/daily_summary_dag.py
[2026-10-05T17:43:13.325+0000] {logging_mixin.py:188} INFO - [2026-10-05T17:43:13.325+0000] {dag.py:3089} INFO - Sync 1 DAGs
[2026-10-05T17:43:13.339+0000] {logging_mixin.py:188} INFO - [2026-10-05T17:43:13.338+0000] {dag.py:3947} INFO - Setting next_dagrun for daily_summary_dag to None, run_after=None
[2026-10-05T17:43:13.362+0000] {processor.py:183} INFO - Processing /opt/airflow/dags/daily_summary_dag.py took 0.096 seconds
[2026-10-05T17:43:15.226+0000] {processor.py:161} INFO - Started process (PID=1441) to work on /opt/airflow/dags/daily_summary_dag.py
[2026-10-05T17:43:15.227+0000] {processor.py:830} INFO - Processing file /opt/airflow/dags/daily_summary_dag.py for tasks to queue
[2026-10-05T17:43:15.229+0000] {logging_mixin.py:188} INFO - [2026-10-05T17:43:15.228+0000] {dagbag.py:545} INFO - Filling up the DagBag from /opt/airflow/dags/daily_summary_dag.py
[2026-10-05T17:43:15.246+0000] {processor.py:840} INFO - DAG(s) 'daily_summary_dag' retrieved from /opt/airflow/dags/daily_summary_dag.py
[2026-10-05T17:43:15.277+0000] {logging_mixin.py:188} INFO - [2026-10-05T17:43:15.277+0000] {dag.py:3089} INFO - Sync 1 DAGs
[2026-10-05T17:43:15.289+0000] {logging_mixin.py:188} INFO - [2026-10-05T17:43:15.289+0000] {dag.py:3947} INFO - Setting next_dagrun for daily_summary_dag to None, run_after=None
[2026-10-05T17:43:15.311+0000] {processor.py:183} INFO - Processing /opt/airflow/dags/daily_summary_dag.py took 0.091 seconds
[2026-10-05T17:43:15.960+0000] {processor.py:161} INFO - Started process (PID=1446) to work on /opt/airflow/dags/daily_summary_dag.py
[2026-10-05T17:43:15.962+0000] {processor.py:830} INFO - Processing file /opt/airflow/dags/daily_summary_dag.py for tasks to queue
[2026-10-05T17:43:15.963+0000] {logging_mixin.py:188} INFO - [2026-10-05T17:43:15.962+0000] {dagbag.py:545} INFO - Filling up the DagBag from /opt/airflow/dags/daily_summary_dag.py
[2026-10-05T17:43:15.978+0000] {processor.py:840} INFO - DAG(s) 'daily_summary_dag' retrieved from /opt/airflow/dags/daily_summary_dag.py
[2026-10-05T17:43:16.010+0000] {logging_mixin.py:188} INFO - [2026-10-05T17:43:16.009+0000] {dag.py:3089} INFO - Sync 1 DAGs
[2026-10-05T17:43:16.023+0000] {logging_mixin.py:188} INFO - [2026-10-05T17:43:16.023+0000] {dag.py:3947} INFO - Setting next_dagrun for daily_summary_dag to None, run_after=None
[2026-10-05T17:43:16.050+0000] {processor.py:183} INFO - Processing /opt/airflow/dags/daily_summary_dag.py took 0.095 seconds
[2026-10-05T17:43:43.502+0000] {processor.py:161} INFO - Started process (PID=1451) to work on /opt/airflow/dags/daily_summary_dag.py
[2026-10-05T17:43:43.503+0000] {processor.py:830} INFO - Processing file /opt/airflow/dags/daily_summary_dag.py for tasks to queue
[2026-10-05T17:43:43.504+0000] {logging_mixin.py:188} INFO - [2026-10-05T17:43:43.504+0000] {dagbag.py:545} INFO - Filling up the DagBag from /opt/airflow/dags/daily_summary_dag.py
[2026-10-05T17:43:43.524+0000] {processor.py:840} INFO - DAG(s) 'daily_summary_dag' retrieved from /opt/airflow/dags/daily_summary_dag.py
[2026-10-05T17:43:43.555+0000] {logging_mixin.py:188} INFO - [2026-10-05T17:43:43.555+0000] {dag.py:3089} INFO - Sync 1 DAGs
[2026-10-05T17:43:43.568+0000] {logging_mixin.py:188} INFO - [2026-10-05T17:43:43.568+0000] {dag.py:3947} INFO - Setting next_dagrun for daily_summary_dag to None, run_after=None
[2026-10-05T17:43:43.589+0000] {processor.py:183} INFO - Processing /opt/airflow/dags/daily_summary_dag.py took 0.094 seconds
[2026-10-05T17:43:45.431+0000] {processor.py:161} INFO - Started process (PID=1456) to work on /opt/airflow/dags/daily_summary_dag.py
[2026-10-05T17:43:45.432+0000] {processor.py:830} INFO - Processing file /opt/airflow/dags/daily_summary_dag.py for tasks to queue
[2026-10-05T17:43:45.434+0000] {logging_mixin.py:188} INFO - [2026-10-05T17:43:45.433+0000] {dagbag.py:545} INFO - Filling up the DagBag from /opt/airflow/dags/daily_summary_dag.py
[2026-10-05T17:43:45.449+0000] {processor.py:840} INFO - DAG(s) 'daily_summary_dag' retrieved from /opt/airflow/dags/daily_summary_dag.py
[2026-10-05T17:43:45.488+0000] {logging_mixin.py:188} INFO - [2026-10-05T17:43:45.488+0000] {dag.py:3089} INFO - Sync 1 DAGs
[2026-10-05T17:43:45.500+0000] {logging_mixin.py:188} INFO - [2026-10-05T17:43:45.500+0000] {dag.py:3947} INFO - Setting next_dagrun for daily_summary_dag to None, run_after=None
[2026-10-05T17:43:45.521+0000] {processor.py:183} INFO - Processing /opt/airflow/dags/daily_summary_dag.py took 0.095 seconds
[2026-10-05T17:43:46.151+0000] {processor.py:161} INFO - Started process (PID=1461) to work on /opt/airflow/dags/daily_summary_dag.py
[2026-10-05T17:43:46.152+0000] {processor.py:830} INFO - Processing file /opt/airflow/dags/daily_summary_dag.py for tasks to queue
[2026-10-05T17:43:46.153+0000] {logging_mixin.py:188} INFO - [2026-10-05T17:43:46.152+0000] {dagbag.py:545} INFO - Filling up the DagBag from /opt/airflow/dags/daily_summary_dag.py
[2026-10-05T17:43:46.166+0000] {processor.py:840} INFO - DAG(s) 'daily_summary_dag' retrieved from /opt/airflow/dags/daily_summary_dag.py
[2026-10-05T17:43:46.196+0000] {logging_mixin.py:188} INFO - [2026-10-05T17:43:46.195+0000] {dag.py:3089} INFO - Sync 1 DAGs
[2026-10-05T17:43:46.210+0000] {logging_mixin.py:188} INFO - [2026-10-05T17:43:46.210+0000] {dag.py:3947} INFO - Setting next_dagrun for daily_summary_dag to None, run_after=None
[2026-10-05T17:43:46.229+0000] {processor.py:183} INFO - Processing /opt/airflow/dags/daily_summary_dag.py took 0.084 seconds
[2026-10-05T17:44:13.710+0000] {processor.py:161} INFO - Started process (PID=1466) to work on /opt/airflow/dags/daily_summary_dag.py
[2026-10-05T17:44:13.711+0000] {processor.py:830} INFO - Processing file /opt/airflow/dags/daily_summary_dag.py for tasks to queue
[2026-10-05T17:44:13.712+0000] {logging_mixin.py:188} INFO - [2026-10-05T17:44:13.712+0000] {dagbag.py:545} INFO - Filling up the DagBag from /opt/airflow/dags/daily_summary_dag.py
[2026-10-05T17:44:13.732+0000] {processor.py:840} INFO - DAG(s) 'daily_summary_dag' retrieved from /opt/airflow/dags/daily_summary_dag.py
[2026-10-05T17:44:13.762+0000] {logging_mixin.py:188} INFO - [2026-10-05T17:44:13.762+0000] {dag.py:3089} INFO - Sync 1 DAGs
[2026-10-05T17:44:13.775+0000] {logging_mixin.py:188} INFO - [2026-10-05T17:44:13.775+0000] {dag.py:3947} INFO - Setting next_dagrun for daily_summary_dag to None, run_after=None
[2026-10-05T17:44:13.799+0000] {processor.py:183} INFO - Processing /opt/airflow/dags/daily_summary_dag.py took 0.095 seconds
[2026-10-05T17:44:15.661+0000] {processor.py:161} INFO - Started process (PID=1471) to work on /opt/airflow/dags/daily_summary_dag.py
[2026-10-05T17:44:15.662+0000] {processor.py:830} INFO - Processing file /opt/airflow/dags/daily_summary_dag.py for tasks to queue
[2026-10-05T17:44:15.663+0000] {logging_mixin.py:188} INFO - [2026-10-05T17:44:15.662+0000] {dagbag.py:545} INFO - Filling up the DagBag from /opt/airflow/dags/daily_summary_dag.py
[2026-10-05T17:44:15.677+0000] {processor.py:840} INFO - DAG(s) 'daily_summary_dag' retrieved from /opt/airflow/dags/daily_summary_dag.py
[2026-10-05T17:44:15.705+0000] {logging_mixin.py:188} INFO - [2026-10-05T17:44:15.704+0000] {dag.py:3089} INFO - Sync 1 DAGs
[2026-10-05T17:44:15.716+0000] {logging_mixin.py:188} INFO - [2026-10-05T17:44:15.716+0000] {dag.py:3947} INFO - Setting next_dagrun for daily_summary_dag to None, run_after=None
[2026-10-05T17:44:15.737+0000] {processor.py:183} INFO - Processing /opt/airflow/dags/daily_summary_dag.py took 0.082 seconds
[2026-10-05T17:44:16.417+0000] {processor.py:161} INFO - Started process (PID=1476) to work on /opt/airflow/dags/daily_summary_dag.py
[2026-10-05T17:44:16.418+0000] {processor.py:830} INFO - Processing file /opt/airflow/dags/daily_summary_dag.py for tasks to queue
[2026-10-05T17:44:16.419+0000] {logging_mixin.py:188} INFO - [2026-10-05T17:44:16.419+0000] {dagbag.py:545} INFO - Filling up the DagBag from /opt/airflow/dags/daily_summary_dag.py
[2026-10-05T17:44:16.433+0000] {processor.py:840} INFO - DAG(s) 'daily_summary_dag' retrieved from /opt/airflow/dags/daily_summary_dag.py
[2026-10-05T17:44:16.462+0000] {logging_mixin.py:188} INFO - [2026-10-05T17:44:16.461+0000] {dag.py:3089} INFO - Sync 1 DAGs
[2026-10-05T17:44:16.473+0000] {logging_mixin.py:188} INFO - [2026-10-05T17:44:16.473+0000] {dag.py:3947} INFO - Setting next_dagrun for daily_summary_dag to None, run_after=None
[2026-10-05T17:44:16.497+0000] {processor.py:183} INFO - Processing /opt/airflow/dags/daily_summary_dag.py took 0.086 seconds
[2026-10-05T17:44:43.941+0000] {processor.py:161} INFO - Started process (PID=1481) to work on /opt/airflow/dags/daily_summary_dag.py
[2026-10-05T17:44:43.943+0000] {processor.py:830} INFO - Processing file /opt/airflow/dags/daily_summary_dag.py for tasks to queue
[2026-10-05T17:44:43.944+0000] {logging_mixin.py:188} INFO - [2026-10-05T17:44:43.944+0000] {dagbag.py:545} INFO - Filling up the DagBag from /opt/airflow/dags/daily_summary_dag.py
[2026-10-05T17:44:43.963+0000] {processor.py:840} INFO - DAG(s) 'daily_summary_dag' retrieved from /opt/airflow/dags/daily_summary_dag.py
[2026-10-05T17:44:43.994+0000] {logging_mixin.py:188} INFO - [2026-10-05T17:44:43.994+0000] {dag.py:3089} INFO - Sync 1 DAGs
[2026-10-05T17:44:44.010+0000] {logging_mixin.py:188} INFO - [2026-10-05T17:44:44.009+0000] {dag.py:3947} INFO - Setting next_dagrun for daily_summary_dag to None, run_after=None
[2026-10-05T17:44:44.033+0000] {processor.py:183} INFO - Processing /opt/airflow/dags/daily_summary_dag.py took 0.099 seconds
[2026-10-05T17:44:45.869+0000] {processor.py:161} INFO - Started process (PID=1486) to work on /opt/airflow/dags/daily_summary_dag.py
[2026-10-05T17:44:45.870+0000] {processor.py:830} INFO - Processing file /opt/airflow/dags/daily_summary_dag.py for tasks to queue
[2026-10-05T17:44:45.871+0000] {logging_mixin.py:188} INFO - [2026-10-05T17:44:45.871+0000] {dagbag.py:545} INFO - Filling up the DagBag from /opt/airflow/dags/daily_summary_dag.py
[2026-10-05T17:44:45.886+0000] {processor.py:840} INFO - DAG(s) 'daily_summary_dag' retrieved from /opt/airflow/dags/daily_summary_dag.py
[2026-10-05T17:44:45.918+0000] {logging_mixin.py:188} INFO - [2026-10-05T17:44:45.918+0000] {dag.py:3089} INFO - Sync 1 DAGs
[2026-10-05T17:44:45.931+0000] {logging_mixin.py:188} INFO - [2026-10-05T17:44:45.931+0000] {dag.py:3947} INFO - Setting next_dagrun for daily_summary_dag to None, run_after=None
[2026-10-05T17:44:45.952+0000] {processor.py:183} INFO - Processing /opt/airflow/dags/daily_summary_dag.py took 0.088 seconds
[2026-10-05T17:44:46.601+0000] {processor.py:161} INFO - Started process (PID=1491) to work on /opt/airflow/dags/daily_summary_dag.py
[2026-10-05T17:44:46.603+0000] {processor.py:830} INFO - Processing file /opt/airflow/dags/daily_summary_dag.py for tasks to queue
[2026-10-05T17:44:46.605+0000] {logging_mixin.py:188} INFO - [2026-10-05T17:44:46.604+0000] {dagbag.py:545} INFO - Filling up the DagBag from /opt/airflow/dags/daily_summary_dag.py
[2026-10-05T17:44:46.624+0000] {processor.py:840} INFO - DAG(s) 'daily_summary_dag' retrieved from /opt/airflow/dags/daily_summary_dag.py
[2026-10-05T17:44:46.670+0000] {logging_mixin.py:188} INFO - [2026-10-05T17:44:46.670+0000] {dag.py:3089} INFO - Sync 1 DAGs
[2026-10-05T17:44:46.687+0000] {logging_mixin.py:188} INFO - [2026-10-05T17:44:46.686+0000] {dag.py:3947} INFO - Setting next_dagrun for daily_summary_dag to None, run_after=None
[2026-10-05T17:44:46.714+0000] {processor.py:183} INFO - Processing /opt/airflow/dags/daily_summary_dag.py took 0.119 seconds
[2026-10-05T17:45:14.140+0000] {processor.py:161} INFO - Started process (PID=1496) to work on /opt/airflow/dags/daily_summary_dag.py
[2026-10-05T17:45:14.141+0000] {processor.py:830} INFO - Processing file /opt/airflow/dags/daily_summary_dag.py for tasks to queue
[2026-10-05T17:45:14.143+0000] {logging_mixin.py:188} INFO - [2026-10-05T17:45:14.142+0000] {dagbag.py:545} INFO - Filling up the DagBag from /opt/airflow/dags/daily_summary_dag.py
[2026-10-05T17:45:14.165+0000] {processor.py:840} INFO - DAG(s) 'daily_summary_dag' retrieved from /opt/airflow/dags/daily_summary_dag.py
[2026-10-05T17:45:14.208+0000] {logging_mixin.py:188} INFO - [2026-10-05T17:45:14.207+0000] {dag.py:3089} INFO - Sync 1 DAGs
[2026-10-05T17:45:14.222+0000] {logging_mixin.py:188} INFO - [2026-10-05T17:45:14.221+0000] {dag.py:3947} INFO - Setting next_dagrun for daily_summary_dag to None, run_after=None
[2026-10-05T17:45:14.243+0000] {processor.py:183} INFO - Processing /opt/airflow/dags/daily_summary_dag.py took 0.110 seconds
[2026-10-05T17:45:16.084+0000] {processor.py:161} INFO - Started process (PID=1501) to work on /opt/airflow/dags/daily_summary_dag.py
[2026-10-05T17:45:16.085+0000] {processor.py:830} INFO - Processing file /opt/airflow/dags/daily_summary_dag.py for tasks to queue
[2026-10-05T17:45:16.086+0000] {logging_mixin.py:188} INFO - [2026-10-05T17:45:16.086+0000] {dagbag.py:545} INFO - Filling up the DagBag from /opt/airflow/dags/daily_summary_dag.py
[2026-10-05T17:45:16.101+0000] {processor.py:840} INFO - DAG(s) 'daily_summary_dag' retrieved from /opt/airflow/dags/daily_summary_dag.py
[2026-10-05T17:45:16.131+0000] {logging_mixin.py:188} INFO - [2026-10-05T17:45:16.130+0000] {dag.py:3089} INFO - Sync 1 DAGs
[2026-10-05T17:45:16.143+0000] {logging_mixin.py:188} INFO - [2026-10-05T17:45:16.142+0000] {dag.py:3947} INFO - Setting next_dagrun for daily_summary_dag to None, run_after=None
[2026-10-05T17:45:16.164+0000] {processor.py:183} INFO - Processing /opt/airflow/dags/daily_summary_dag.py took 0.085 seconds
[2026-10-05T17:45:16.856+0000] {processor.py:161} INFO - Started process (PID=1506) to work on /opt/airflow/dags/daily_summary_dag.py
[2026-10-05T17:45:16.857+0000] {processor.py:830} INFO - Processing file /opt/airflow/dags/daily_summary_dag.py for tasks to queue
[2026-10-05T17:45:16.858+0000] {logging_mixin.py:188} INFO - [2026-10-05T17:45:16.858+0000] {dagbag.py:545} INFO - Filling up the DagBag from /opt/airflow/dags/daily_summary_dag.py
[2026-10-05T17:45:16.872+0000] {processor.py:840} INFO - DAG(s) 'daily_summary_dag' retrieved from /opt/airflow/dags/daily_summary_dag.py
[2026-10-05T17:45:16.901+0000] {logging_mixin.py:188} INFO - [2026-10-05T17:45:16.900+0000] {dag.py:3089} INFO - Sync 1 DAGs
[2026-10-05T17:45:16.912+0000] {logging_mixin.py:188} INFO - [2026-10-05T17:45:16.912+0000] {dag.py:3947} INFO - Setting next_dagrun for daily_summary_dag to None, run_after=None
[2026-10-05T17:45:16.936+0000] {processor.py:183} INFO - Processing /opt/airflow/dags/daily_summary_dag.py took 0.085 seconds
[2026-10-05T17:45:44.397+0000] {processor.py:161} INFO - Started process (PID=1511) to work on /opt/airflow/dags/daily_summary_dag.py
[2026-10-05T17:45:44.399+0000] {processor.py:830} INFO - Processing file /opt/airflow/dags/daily_summary_dag.py for tasks to queue
[2026-10-05T17:45:44.400+0000] {logging_mixin.py:188} INFO - [2026-10-05T17:45:44.400+0000] {dagbag.py:545} INFO - Filling up the DagBag from /opt/airflow/dags/daily_summary_dag.py
[2026-10-05T17:45:44.423+0000] {processor.py:840} INFO - DAG(s) 'daily_summary_dag' retrieved from /opt/airflow/dags/daily_summary_dag.py
[2026-10-05T17:45:44.457+0000] {logging_mixin.py:188} INFO - [2026-10-05T17:45:44.456+0000] {dag.py:3089} INFO - Sync 1 DAGs
[2026-10-05T17:45:44.471+0000] {logging_mixin.py:188} INFO - [2026-10-05T17:45:44.471+0000] {dag.py:3947} INFO - Setting next_dagrun for daily_summary_dag to None, run_after=None
[2026-10-05T17:45:44.497+0000] {processor.py:183} INFO - Processing /opt/airflow/dags/daily_summary_dag.py took 0.108 seconds
[2026-10-05T17:45:46.379+0000] {processor.py:161} INFO - Started process (PID=1516) to work on /opt/airflow/dags/daily_summary_dag.py
[2026-10-05T17:45:46.380+0000] {processor.py:830} INFO - Processing file /opt/airflow/dags/daily_summary_dag.py for tasks to queue
[2026-10-05T17:45:46.381+0000] {logging_mixin.py:188} INFO - [2026-10-05T17:45:46.381+0000] {dagbag.py:545} INFO - Filling up the DagBag from /opt/airflow/dags/daily_summary_dag.py
[2026-10-05T17:45:46.396+0000] {processor.py:840} INFO - DAG(s) 'daily_summary_dag' retrieved from /opt/airflow/dags/daily_summary_dag.py
[2026-10-05T17:45:46.428+0000] {logging_mixin.py:188} INFO - [2026-10-05T17:45:46.427+0000] {dag.py:3089} INFO - Sync 1 DAGs
[2026-10-05T17:45:46.440+0000] {logging_mixin.py:188} INFO - [2026-10-05T17:45:46.439+0000] {dag.py:3947} INFO - Setting next_dagrun for daily_summary_dag to None, run_after=None
[2026-10-05T17:45:46.462+0000] {processor.py:183} INFO - Processing /opt/airflow/dags/daily_summary_dag.py took 0.089 seconds
[2026-10-05T17:45:47.109+0000] {processor.py:161} INFO - Started process (PID=1521) to work on /opt/airflow/dags/daily_summary_dag.py
[2026-10-05T17:45:47.110+0000] {processor.py:830} INFO - Processing file /opt/airflow/dags/daily_summary_dag.py for tasks to queue
[2026-10-05T17:45:47.111+0000] {logging_mixin.py:188} INFO - [2026-10-05T17:45:47.111+0000] {dagbag.py:545} INFO - Filling up the DagBag from /opt/airflow/dags/daily_summary_dag.py
[2026-10-05T17:45:47.127+0000] {processor.py:840} INFO - DAG(s) 'daily_summary_dag' retrieved from /opt/airflow/dags/daily_summary_dag.py
[2026-10-05T17:45:47.159+0000] {logging_mixin.py:188} INFO - [2026-10-05T17:45:47.158+0000] {dag.py:3089} INFO - Sync 1 DAGs
[2026-10-05T17:45:47.170+0000] {logging_mixin.py:188} INFO - [2026-10-05T17:45:47.170+0000] {dag.py:3947} INFO - Setting next_dagrun for daily_summary_dag to None, run_after=None
[2026-10-05T17:45:47.190+0000] {processor.py:183} INFO - Processing /opt/airflow/dags/daily_summary_dag.py took 0.086 seconds
[2026-10-05T17:46:14.599+0000] {processor.py:161} INFO - Started process (PID=1526) to work on /opt/airflow/dags/daily_summary_dag.py
[2026-10-05T17:46:14.600+0000] {processor.py:830} INFO - Processing file /opt/airflow/dags/daily_summary_dag.py for tasks to queue
[2026-10-05T17:46:14.602+0000] {logging_mixin.py:188} INFO - [2026-10-05T17:46:14.602+0000] {dagbag.py:545} INFO - Filling up the DagBag from /opt/airflow/dags/daily_summary_dag.py
[2026-10-05T17:46:14.622+0000] {processor.py:840} INFO - DAG(s) 'daily_summary_dag' retrieved from /opt/airflow/dags/daily_summary_dag.py
[2026-10-05T17:46:14.654+0000] {logging_mixin.py:188} INFO - [2026-10-05T17:46:14.654+0000] {dag.py:3089} INFO - Sync 1 DAGs
[2026-10-05T17:46:14.669+0000] {logging_mixin.py:188} INFO - [2026-10-05T17:46:14.668+0000] {dag.py:3947} INFO - Setting next_dagrun for daily_summary_dag to None, run_after=None
[2026-10-05T17:46:14.692+0000] {processor.py:183} INFO - Processing /opt/airflow/dags/daily_summary_dag.py took 0.100 seconds
[2026-10-05T17:46:16.571+0000] {processor.py:161} INFO - Started process (PID=1531) to work on /opt/airflow/dags/daily_summary_dag.py
[2026-10-05T17:46:16.573+0000] {processor.py:830} INFO - Processing file /opt/airflow/dags/daily_summary_dag.py for tasks to queue
[2026-10-05T17:46:16.574+0000] {logging_mixin.py:188} INFO - [2026-10-05T17:46:16.574+0000] {dagbag.py:545} INFO - Filling up the DagBag from /opt/airflow/dags/daily_summary_dag.py
[2026-10-05T17:46:16.590+0000] {processor.py:840} INFO - DAG(s) 'daily_summary_dag' retrieved from /opt/airflow/dags/daily_summary_dag.py
[2026-10-05T17:46:16.622+0000] {logging_mixin.py:188} INFO - [2026-10-05T17:46:16.621+0000] {dag.py:3089} INFO - Sync 1 DAGs
[2026-10-05T17:46:16.636+0000] {logging_mixin.py:188} INFO - [2026-10-05T17:46:16.636+0000] {dag.py:3947} INFO - Setting next_dagrun for daily_summary_dag to None, run_after=None
[2026-10-05T17:46:16.671+0000] {processor.py:183} INFO - Processing /opt/airflow/dags/daily_summary_dag.py took 0.105 seconds
[2026-10-05T17:46:17.302+0000] {processor.py:161} INFO - Started process (PID=1536) to work on /opt/airflow/dags/daily_summary_dag.py
[2026-10-05T17:46:17.303+0000] {processor.py:830} INFO - Processing file /opt/airflow/dags/daily_summary_dag.py for tasks to queue
[2026-10-05T17:46:17.305+0000] {logging_mixin.py:188} INFO - [2026-10-05T17:46:17.304+0000] {dagbag.py:545} INFO - Filling up the DagBag from /opt/airflow/dags/daily_summary_dag.py
[2026-10-05T17:46:17.322+0000] {processor.py:840} INFO - DAG(s) 'daily_summary_dag' retrieved from /opt/airflow/dags/daily_summary_dag.py
[2026-10-05T17:46:17.358+0000] {logging_mixin.py:188} INFO - [2026-10-05T17:46:17.357+0000] {dag.py:3089} INFO - Sync 1 DAGs
[2026-10-05T17:46:17.369+0000] {logging_mixin.py:188} INFO - [2026-10-05T17:46:17.369+0000] {dag.py:3947} INFO - Setting next_dagrun for daily_summary_dag to None, run_after=None
[2026-10-05T17:46:17.392+0000] {processor.py:183} INFO - Processing /opt/airflow/dags/daily_summary_dag.py took 0.097 seconds
[2026-10-05T17:46:44.854+0000] {processor.py:161} INFO - Started process (PID=1541) to work on /opt/airflow/dags/daily_summary_dag.py
[2026-10-05T17:46:44.855+0000] {processor.py:830} INFO - Processing file /opt/airflow/dags/daily_summary_dag.py for tasks to queue
[2026-10-05T17:46:44.857+0000] {logging_mixin.py:188} INFO - [2026-10-05T17:46:44.856+0000] {dagbag.py:545} INFO - Filling up the DagBag from /opt/airflow/dags/daily_summary_dag.py
[2026-10-05T17:46:44.874+0000] {processor.py:840} INFO - DAG(s) 'daily_summary_dag' retrieved from /opt/airflow/dags/daily_summary_dag.py
[2026-10-05T17:46:44.907+0000] {logging_mixin.py:188} INFO - [2026-10-05T17:46:44.907+0000] {dag.py:3089} INFO - Sync 1 DAGs
[2026-10-05T17:46:44.921+0000] {logging_mixin.py:188} INFO - [2026-10-05T17:46:44.921+0000] {dag.py:3947} INFO - Setting next_dagrun for daily_summary_dag to None, run_after=None
[2026-10-05T17:46:44.944+0000] {processor.py:183} INFO - Processing /opt/airflow/dags/daily_summary_dag.py took 0.095 seconds
[2026-10-05T17:46:46.821+0000] {processor.py:161} INFO - Started process (PID=1546) to work on /opt/airflow/dags/daily_summary_dag.py
[2026-10-05T17:46:46.822+0000] {processor.py:830} INFO - Processing file /opt/airflow/dags/daily_summary_dag.py for tasks to queue
[2026-10-05T17:46:46.824+0000] {logging_mixin.py:188} INFO - [2026-10-05T17:46:46.824+0000] {dagbag.py:545} INFO - Filling up the DagBag from /opt/airflow/dags/daily_summary_dag.py
[2026-10-05T17:46:46.844+0000] {processor.py:840} INFO - DAG(s) 'daily_summary_dag' retrieved from /opt/airflow/dags/daily_summary_dag.py
[2026-10-05T17:46:46.873+0000] {logging_mixin.py:188} INFO - [2026-10-05T17:46:46.872+0000] {dag.py:3089} INFO - Sync 1 DAGs
[2026-10-05T17:46:46.885+0000] {logging_mixin.py:188} INFO - [2026-10-05T17:46:46.885+0000] {dag.py:3947} INFO - Setting next_dagrun for daily_summary_dag to None, run_after=None
[2026-10-05T17:46:46.906+0000] {processor.py:183} INFO - Processing /opt/airflow/dags/daily_summary_dag.py took 0.091 seconds
[2026-10-05T17:46:47.553+0000] {processor.py:161} INFO - Started process (PID=1551) to work on /opt/airflow/dags/daily_summary_dag.py
[2026-10-05T17:46:47.554+0000] {processor.py:830} INFO - Processing file /opt/airflow/dags/daily_summary_dag.py for tasks to queue
[2026-10-05T17:46:47.555+0000] {logging_mixin.py:188} INFO - [2026-10-05T17:46:47.554+0000] {dagbag.py:545} INFO - Filling up the DagBag from /opt/airflow/dags/daily_summary_dag.py
[2026-10-05T17:46:47.569+0000] {processor.py:840} INFO - DAG(s) 'daily_summary_dag' retrieved from /opt/airflow/dags/daily_summary_dag.py
[2026-10-05T17:46:47.598+0000] {logging_mixin.py:188} INFO - [2026-10-05T17:46:47.597+0000] {dag.py:3089} INFO - Sync 1 DAGs
[2026-10-05T17:46:47.609+0000] {logging_mixin.py:188} INFO - [2026-10-05T17:46:47.609+0000] {dag.py:3947} INFO - Setting next_dagrun for daily_summary_dag to None, run_after=None
[2026-10-05T17:46:47.628+0000] {processor.py:183} INFO - Processing /opt/airflow/dags/daily_summary_dag.py took 0.081 seconds
[2026-10-05T17:47:15.043+0000] {processor.py:161} INFO - Started process (PID=1556) to work on /opt/airflow/dags/daily_summary_dag.py
[2026-10-05T17:47:15.044+0000] {processor.py:830} INFO - Processing file /opt/airflow/dags/daily_summary_dag.py for tasks to queue
[2026-10-05T17:47:15.045+0000] {logging_mixin.py:188} INFO - [2026-10-05T17:47:15.045+0000] {dagbag.py:545} INFO - Filling up the DagBag from /opt/airflow/dags/daily_summary_dag.py
[2026-10-05T17:47:15.066+0000] {processor.py:840} INFO - DAG(s) 'daily_summary_dag' retrieved from /opt/airflow/dags/daily_summary_dag.py
[2026-10-05T17:47:15.100+0000] {logging_mixin.py:188} INFO - [2026-10-05T17:47:15.099+0000] {dag.py:3089} INFO - Sync 1 DAGs
[2026-10-05T17:47:15.113+0000] {logging_mixin.py:188} INFO - [2026-10-05T17:47:15.113+0000] {dag.py:3947} INFO - Setting next_dagrun for daily_summary_dag to None, run_after=None
[2026-10-05T17:47:15.141+0000] {processor.py:183} INFO - Processing /opt/airflow/dags/daily_summary_dag.py took 0.105 seconds
[2026-10-05T17:47:17.034+0000] {processor.py:161} INFO - Started process (PID=1561) to work on /opt/airflow/dags/daily_summary_dag.py
[2026-10-05T17:47:17.036+0000] {processor.py:830} INFO - Processing file /opt/airflow/dags/daily_summary_dag.py for tasks to queue
[2026-10-05T17:47:17.036+0000] {logging_mixin.py:188} INFO - [2026-10-05T17:47:17.036+0000] {dagbag.py:545} INFO - Filling up the DagBag from /opt/airflow/dags/daily_summary_dag.py
[2026-10-05T17:47:17.051+0000] {processor.py:840} INFO - DAG(s) 'daily_summary_dag' retrieved from /opt/airflow/dags/daily_summary_dag.py
[2026-10-05T17:47:17.082+0000] {logging_mixin.py:188} INFO - [2026-10-05T17:47:17.081+0000] {dag.py:3089} INFO - Sync 1 DAGs
[2026-10-05T17:47:17.094+0000] {logging_mixin.py:188} INFO - [2026-10-05T17:47:17.094+0000] {dag.py:3947} INFO - Setting next_dagrun for daily_summary_dag to None, run_after=None
[2026-10-05T17:47:17.116+0000] {processor.py:183} INFO - Processing /opt/airflow/dags/daily_summary_dag.py took 0.087 seconds
[2026-10-05T17:47:17.768+0000] {processor.py:161} INFO - Started process (PID=1566) to work on /opt/airflow/dags/daily_summary_dag.py
[2026-10-05T17:47:17.769+0000] {processor.py:830} INFO - Processing file /opt/airflow/dags/daily_summary_dag.py for tasks to queue
[2026-10-05T17:47:17.770+0000] {logging_mixin.py:188} INFO - [2026-10-05T17:47:17.770+0000] {dagbag.py:545} INFO - Filling up the DagBag from /opt/airflow/dags/daily_summary_dag.py
[2026-10-05T17:47:17.784+0000] {processor.py:840} INFO - DAG(s) 'daily_summary_dag' retrieved from /opt/airflow/dags/daily_summary_dag.py
[2026-10-05T17:47:17.814+0000] {logging_mixin.py:188} INFO - [2026-10-05T17:47:17.813+0000] {dag.py:3089} INFO - Sync 1 DAGs
[2026-10-05T17:47:17.826+0000] {logging_mixin.py:188} INFO - [2026-10-05T17:47:17.826+0000] {dag.py:3947} INFO - Setting next_dagrun for daily_summary_dag to None, run_after=None
[2026-10-05T17:47:17.845+0000] {processor.py:183} INFO - Processing /opt/airflow/dags/daily_summary_dag.py took 0.083 seconds
[2026-10-05T17:47:45.347+0000] {processor.py:161} INFO - Started process (PID=1571) to work on /opt/airflow/dags/daily_summary_dag.py
[2026-10-05T17:47:45.349+0000] {processor.py:830} INFO - Processing file /opt/airflow/dags/daily_summary_dag.py for tasks to queue
[2026-10-05T17:47:45.350+0000] {logging_mixin.py:188} INFO - [2026-10-05T17:47:45.350+0000] {dagbag.py:545} INFO - Filling up the DagBag from /opt/airflow/dags/daily_summary_dag.py
[2026-10-05T17:47:45.369+0000] {processor.py:840} INFO - DAG(s) 'daily_summary_dag' retrieved from /opt/airflow/dags/daily_summary_dag.py
[2026-10-05T17:47:45.400+0000] {logging_mixin.py:188} INFO - [2026-10-05T17:47:45.399+0000] {dag.py:3089} INFO - Sync 1 DAGs
[2026-10-05T17:47:45.414+0000] {logging_mixin.py:188} INFO - [2026-10-05T17:47:45.414+0000] {dag.py:3947} INFO - Setting next_dagrun for daily_summary_dag to None, run_after=None
[2026-10-05T17:47:45.437+0000] {processor.py:183} INFO - Processing /opt/airflow/dags/daily_summary_dag.py took 0.095 seconds
[2026-10-05T17:47:47.286+0000] {processor.py:161} INFO - Started process (PID=1576) to work on /opt/airflow/dags/daily_summary_dag.py
[2026-10-05T17:47:47.287+0000] {processor.py:830} INFO - Processing file /opt/airflow/dags/daily_summary_dag.py for tasks to queue
[2026-10-05T17:47:47.288+0000] {logging_mixin.py:188} INFO - [2026-10-05T17:47:47.288+0000] {dagbag.py:545} INFO - Filling up the DagBag from /opt/airflow/dags/daily_summary_dag.py
[2026-10-05T17:47:47.301+0000] {processor.py:840} INFO - DAG(s) 'daily_summary_dag' retrieved from /opt/airflow/dags/daily_summary_dag.py
[2026-10-05T17:47:47.328+0000] {logging_mixin.py:188} INFO - [2026-10-05T17:47:47.328+0000] {dag.py:3089} INFO - Sync 1 DAGs
[2026-10-05T17:47:47.340+0000] {logging_mixin.py:188} INFO - [2026-10-05T17:47:47.339+0000] {dag.py:3947} INFO - Setting next_dagrun for daily_summary_dag to None, run_after=None
[2026-10-05T17:47:47.360+0000] {processor.py:183} INFO - Processing /opt/airflow/dags/daily_summary_dag.py took 0.079 seconds
[2026-10-05T17:47:47.985+0000] {processor.py:161} INFO - Started process (PID=1581) to work on /opt/airflow/dags/daily_summary_dag.py
[2026-10-05T17:47:47.987+0000] {processor.py:830} INFO - Processing file /opt/airflow/dags/daily_summary_dag.py for tasks to queue
[2026-10-05T17:47:47.988+0000] {logging_mixin.py:188} INFO - [2026-10-05T17:47:47.987+0000] {dagbag.py:545} INFO - Filling up the DagBag from /opt/airflow/dags/daily_summary_dag.py
[2026-10-05T17:47:48.002+0000] {processor.py:840} INFO - DAG(s) 'daily_summary_dag' retrieved from /opt/airflow/dags/daily_summary_dag.py
[2026-10-05T17:47:48.031+0000] {logging_mixin.py:188} INFO - [2026-10-05T17:47:48.031+0000] {dag.py:3089} INFO - Sync 1 DAGs
[2026-10-05T17:47:48.043+0000] {logging_mixin.py:188} INFO - [2026-10-05T17:47:48.043+0000] {dag.py:3947} INFO - Setting next_dagrun for daily_summary_dag to None, run_after=None
[2026-10-05T17:47:48.062+0000] {processor.py:183} INFO - Processing /opt/airflow/dags/daily_summary_dag.py took 0.082 seconds
[2026-10-05T17:48:15.528+0000] {processor.py:161} INFO - Started process (PID=1586) to work on /opt/airflow/dags/daily_summary_dag.py
[2026-10-05T17:48:15.530+0000] {processor.py:830} INFO - Processing file /opt/airflow/dags/daily_summary_dag.py for tasks to queue
[2026-10-05T17:48:15.531+0000] {logging_mixin.py:188} INFO - [2026-10-05T17:48:15.531+0000] {dagbag.py:545} INFO - Filling up the DagBag from /opt/airflow/dags/daily_summary_dag.py
[2026-10-05T17:48:15.549+0000] {processor.py:840} INFO - DAG(s) 'daily_summary_dag' retrieved from /opt/airflow/dags/daily_summary_dag.py
[2026-10-05T17:48:15.581+0000] {logging_mixin.py:188} INFO - [2026-10-05T17:48:15.581+0000] {dag.py:3089} INFO - Sync 1 DAGs
[2026-10-05T17:48:15.594+0000] {logging_mixin.py:188} INFO - [2026-10-05T17:48:15.594+0000] {dag.py:3947} INFO - Setting next_dagrun for daily_summary_dag to None, run_after=None
[2026-10-05T17:48:15.619+0000] {processor.py:183} INFO - Processing /opt/airflow/dags/daily_summary_dag.py took 0.096 seconds
[2026-10-05T17:48:17.473+0000] {processor.py:161} INFO - Started process (PID=1591) to work on /opt/airflow/dags/daily_summary_dag.py
[2026-10-05T17:48:17.474+0000] {processor.py:830} INFO - Processing file /opt/airflow/dags/daily_summary_dag.py for tasks to queue
[2026-10-05T17:48:17.475+0000] {logging_mixin.py:188} INFO - [2026-10-05T17:48:17.475+0000] {dagbag.py:545} INFO - Filling up the DagBag from /opt/airflow/dags/daily_summary_dag.py
[2026-10-05T17:48:17.488+0000] {processor.py:840} INFO - DAG(s) 'daily_summary_dag' retrieved from /opt/airflow/dags/daily_summary_dag.py
[2026-10-05T17:48:17.517+0000] {logging_mixin.py:188} INFO - [2026-10-05T17:48:17.516+0000] {dag.py:3089} INFO - Sync 1 DAGs
[2026-10-05T17:48:17.528+0000] {logging_mixin.py:188} INFO - [2026-10-05T17:48:17.528+0000] {dag.py:3947} INFO - Setting next_dagrun for daily_summary_dag to None, run_after=None
[2026-10-05T17:48:17.547+0000] {processor.py:183} INFO - Processing /opt/airflow/dags/daily_summary_dag.py took 0.080 seconds
[2026-10-05T17:48:18.210+0000] {processor.py:161} INFO - Started process (PID=1596) to work on /opt/airflow/dags/daily_summary_dag.py
[2026-10-05T17:48:18.211+0000] {processor.py:830} INFO - Processing file /opt/airflow/dags/daily_summary_dag.py for tasks to queue
[2026-10-05T17:48:18.212+0000] {logging_mixin.py:188} INFO - [2026-10-05T17:48:18.212+0000] {dagbag.py:545} INFO - Filling up the DagBag from /opt/airflow/dags/daily_summary_dag.py
[2026-10-05T17:48:18.226+0000] {processor.py:840} INFO - DAG(s) 'daily_summary_dag' retrieved from /opt/airflow/dags/daily_summary_dag.py
[2026-10-05T17:48:18.253+0000] {logging_mixin.py:188} INFO - [2026-10-05T17:48:18.253+0000] {dag.py:3089} INFO - Sync 1 DAGs
[2026-10-05T17:48:18.264+0000] {logging_mixin.py:188} INFO - [2026-10-05T17:48:18.264+0000] {dag.py:3947} INFO - Setting next_dagrun for daily_summary_dag to None, run_after=None
[2026-10-05T17:48:18.285+0000] {processor.py:183} INFO - Processing /opt/airflow/dags/daily_summary_dag.py took 0.081 seconds
[2026-10-05T17:48:45.788+0000] {processor.py:161} INFO - Started process (PID=1601) to work on /opt/airflow/dags/daily_summary_dag.py
[2026-10-05T17:48:45.790+0000] {processor.py:830} INFO - Processing file /opt/airflow/dags/daily_summary_dag.py for tasks to queue
[2026-10-05T17:48:45.791+0000] {logging_mixin.py:188} INFO - [2026-10-05T17:48:45.791+0000] {dagbag.py:545} INFO - Filling up the DagBag from /opt/airflow/dags/daily_summary_dag.py
[2026-10-05T17:48:45.810+0000] {processor.py:840} INFO - DAG(s) 'daily_summary_dag' retrieved from /opt/airflow/dags/daily_summary_dag.py
[2026-10-05T17:48:45.844+0000] {logging_mixin.py:188} INFO - [2026-10-05T17:48:45.843+0000] {dag.py:3089} INFO - Sync 1 DAGs
[2026-10-05T17:48:45.858+0000] {logging_mixin.py:188} INFO - [2026-10-05T17:48:45.857+0000] {dag.py:3947} INFO - Setting next_dagrun for daily_summary_dag to None, run_after=None
[2026-10-05T17:48:45.883+0000] {processor.py:183} INFO - Processing /opt/airflow/dags/daily_summary_dag.py took 0.100 seconds
[2026-10-05T17:48:47.717+0000] {processor.py:161} INFO - Started process (PID=1606) to work on /opt/airflow/dags/daily_summary_dag.py
[2026-10-05T17:48:47.718+0000] {processor.py:830} INFO - Processing file /opt/airflow/dags/daily_summary_dag.py for tasks to queue
[2026-10-05T17:48:47.719+0000] {logging_mixin.py:188} INFO - [2026-10-05T17:48:47.719+0000] {dagbag.py:545} INFO - Filling up the DagBag from /opt/airflow/dags/daily_summary_dag.py
[2026-10-05T17:48:47.734+0000] {processor.py:840} INFO - DAG(s) 'daily_summary_dag' retrieved from /opt/airflow/dags/daily_summary_dag.py
[2026-10-05T17:48:47.763+0000] {logging_mixin.py:188} INFO - [2026-10-05T17:48:47.762+0000] {dag.py:3089} INFO - Sync 1 DAGs
[2026-10-05T17:48:47.773+0000] {logging_mixin.py:188} INFO - [2026-10-05T17:48:47.773+0000] {dag.py:3947} INFO - Setting next_dagrun for daily_summary_dag to None, run_after=None
[2026-10-05T17:48:47.794+0000] {processor.py:183} INFO - Processing /opt/airflow/dags/daily_summary_dag.py took 0.082 seconds
[2026-10-05T17:48:48.423+0000] {processor.py:161} INFO - Started process (PID=1611) to work on /opt/airflow/dags/daily_summary_dag.py
[2026-10-05T17:48:48.424+0000] {processor.py:830} INFO - Processing file /opt/airflow/dags/daily_summary_dag.py for tasks to queue
[2026-10-05T17:48:48.426+0000] {logging_mixin.py:188} INFO - [2026-10-05T17:48:48.425+0000] {dagbag.py:545} INFO - Filling up the DagBag from /opt/airflow/dags/daily_summary_dag.py
[2026-10-05T17:48:48.441+0000] {processor.py:840} INFO - DAG(s) 'daily_summary_dag' retrieved from /opt/airflow/dags/daily_summary_dag.py
[2026-10-05T17:48:48.470+0000] {logging_mixin.py:188} INFO - [2026-10-05T17:48:48.470+0000] {dag.py:3089} INFO - Sync 1 DAGs
[2026-10-05T17:48:48.481+0000] {logging_mixin.py:188} INFO - [2026-10-05T17:48:48.481+0000] {dag.py:3947} INFO - Setting next_dagrun for daily_summary_dag to None, run_after=None
[2026-10-05T17:48:48.502+0000] {processor.py:183} INFO - Processing /opt/airflow/dags/daily_summary_dag.py took 0.084 seconds
[2026-10-05T17:49:15.969+0000] {processor.py:161} INFO - Started process (PID=1616) to work on /opt/airflow/dags/daily_summary_dag.py
[2026-10-05T17:49:15.971+0000] {processor.py:830} INFO - Processing file /opt/airflow/dags/daily_summary_dag.py for tasks to queue
[2026-10-05T17:49:15.972+0000] {logging_mixin.py:188} INFO - [2026-10-05T17:49:15.972+0000] {dagbag.py:545} INFO - Filling up the DagBag from /opt/airflow/dags/daily_summary_dag.py
[2026-10-05T17:49:15.991+0000] {processor.py:840} INFO - DAG(s) 'daily_summary_dag' retrieved from /opt/airflow/dags/daily_summary_dag.py
[2026-10-05T17:49:16.025+0000] {logging_mixin.py:188} INFO - [2026-10-05T17:49:16.025+0000] {dag.py:3089} INFO - Sync 1 DAGs
[2026-10-05T17:49:16.039+0000] {logging_mixin.py:188} INFO - [2026-10-05T17:49:16.039+0000] {dag.py:3947} INFO - Setting next_dagrun for daily_summary_dag to None, run_after=None
[2026-10-05T17:49:16.061+0000] {processor.py:183} INFO - Processing /opt/airflow/dags/daily_summary_dag.py took 0.098 seconds
[2026-10-05T17:49:17.902+0000] {processor.py:161} INFO - Started process (PID=1621) to work on /opt/airflow/dags/daily_summary_dag.py
[2026-10-05T17:49:17.903+0000] {processor.py:830} INFO - Processing file /opt/airflow/dags/daily_summary_dag.py for tasks to queue
[2026-10-05T17:49:17.905+0000] {logging_mixin.py:188} INFO - [2026-10-05T17:49:17.904+0000] {dagbag.py:545} INFO - Filling up the DagBag from /opt/airflow/dags/daily_summary_dag.py
[2026-10-05T17:49:17.919+0000] {processor.py:840} INFO - DAG(s) 'daily_summary_dag' retrieved from /opt/airflow/dags/daily_summary_dag.py
[2026-10-05T17:49:17.952+0000] {logging_mixin.py:188} INFO - [2026-10-05T17:49:17.951+0000] {dag.py:3089} INFO - Sync 1 DAGs
[2026-10-05T17:49:17.963+0000] {logging_mixin.py:188} INFO - [2026-10-05T17:49:17.963+0000] {dag.py:3947} INFO - Setting next_dagrun for daily_summary_dag to None, run_after=None
[2026-10-05T17:49:17.983+0000] {processor.py:183} INFO - Processing /opt/airflow/dags/daily_summary_dag.py took 0.085 seconds
[2026-10-05T17:49:18.644+0000] {processor.py:161} INFO - Started process (PID=1626) to work on /opt/airflow/dags/daily_summary_dag.py
[2026-10-05T17:49:18.645+0000] {processor.py:830} INFO - Processing file /opt/airflow/dags/daily_summary_dag.py for tasks to queue
[2026-10-05T17:49:18.647+0000] {logging_mixin.py:188} INFO - [2026-10-05T17:49:18.646+0000] {dagbag.py:545} INFO - Filling up the DagBag from /opt/airflow/dags/daily_summary_dag.py
[2026-10-05T17:49:18.664+0000] {processor.py:840} INFO - DAG(s) 'daily_summary_dag' retrieved from /opt/airflow/dags/daily_summary_dag.py
[2026-10-05T17:49:18.697+0000] {logging_mixin.py:188} INFO - [2026-10-05T17:49:18.697+0000] {dag.py:3089} INFO - Sync 1 DAGs
[2026-10-05T17:49:18.710+0000] {logging_mixin.py:188} INFO - [2026-10-05T17:49:18.709+0000] {dag.py:3947} INFO - Setting next_dagrun for daily_summary_dag to None, run_after=None
[2026-10-05T17:49:18.735+0000] {processor.py:183} INFO - Processing /opt/airflow/dags/daily_summary_dag.py took 0.097 seconds
[2026-10-05T17:49:46.244+0000] {processor.py:161} INFO - Started process (PID=1631) to work on /opt/airflow/dags/daily_summary_dag.py
[2026-10-05T17:49:46.245+0000] {processor.py:830} INFO - Processing file /opt/airflow/dags/daily_summary_dag.py for tasks to queue
[2026-10-05T17:49:46.247+0000] {logging_mixin.py:188} INFO - [2026-10-05T17:49:46.246+0000] {dagbag.py:545} INFO - Filling up the DagBag from /opt/airflow/dags/daily_summary_dag.py
[2026-10-05T17:49:46.267+0000] {processor.py:840} INFO - DAG(s) 'daily_summary_dag' retrieved from /opt/airflow/dags/daily_summary_dag.py
[2026-10-05T17:49:46.298+0000] {logging_mixin.py:188} INFO - [2026-10-05T17:49:46.298+0000] {dag.py:3089} INFO - Sync 1 DAGs
[2026-10-05T17:49:46.313+0000] {logging_mixin.py:188} INFO - [2026-10-05T17:49:46.313+0000] {dag.py:3947} INFO - Setting next_dagrun for daily_summary_dag to None, run_after=None
[2026-10-05T17:49:46.342+0000] {processor.py:183} INFO - Processing /opt/airflow/dags/daily_summary_dag.py took 0.104 seconds
[2026-10-05T17:49:48.152+0000] {processor.py:161} INFO - Started process (PID=1636) to work on /opt/airflow/dags/daily_summary_dag.py
[2026-10-05T17:49:48.153+0000] {processor.py:830} INFO - Processing file /opt/airflow/dags/daily_summary_dag.py for tasks to queue
[2026-10-05T17:49:48.154+0000] {logging_mixin.py:188} INFO - [2026-10-05T17:49:48.153+0000] {dagbag.py:545} INFO - Filling up the DagBag from /opt/airflow/dags/daily_summary_dag.py
[2026-10-05T17:49:48.169+0000] {processor.py:840} INFO - DAG(s) 'daily_summary_dag' retrieved from /opt/airflow/dags/daily_summary_dag.py
[2026-10-05T17:49:48.201+0000] {logging_mixin.py:188} INFO - [2026-10-05T17:49:48.201+0000] {dag.py:3089} INFO - Sync 1 DAGs
[2026-10-05T17:49:48.213+0000] {logging_mixin.py:188} INFO - [2026-10-05T17:49:48.213+0000] {dag.py:3947} INFO - Setting next_dagrun for daily_summary_dag to None, run_after=None
[2026-10-05T17:49:48.237+0000] {processor.py:183} INFO - Processing /opt/airflow/dags/daily_summary_dag.py took 0.090 seconds
[2026-10-05T17:49:48.880+0000] {processor.py:161} INFO - Started process (PID=1641) to work on /opt/airflow/dags/daily_summary_dag.py
[2026-10-05T17:49:48.882+0000] {processor.py:830} INFO - Processing file /opt/airflow/dags/daily_summary_dag.py for tasks to queue
[2026-10-05T17:49:48.883+0000] {logging_mixin.py:188} INFO - [2026-10-05T17:49:48.883+0000] {dagbag.py:545} INFO - Filling up the DagBag from /opt/airflow/dags/daily_summary_dag.py
[2026-10-05T17:49:48.902+0000] {processor.py:840} INFO - DAG(s) 'daily_summary_dag' retrieved from /opt/airflow/dags/daily_summary_dag.py
[2026-10-05T17:49:48.939+0000] {logging_mixin.py:188} INFO - [2026-10-05T17:49:48.939+0000] {dag.py:3089} INFO - Sync 1 DAGs
[2026-10-05T17:49:48.952+0000] {logging_mixin.py:188} INFO - [2026-10-05T17:49:48.951+0000] {dag.py:3947} INFO - Setting next_dagrun for daily_summary_dag to None, run_after=None
[2026-10-05T17:49:48.973+0000] {processor.py:183} INFO - Processing /opt/airflow/dags/daily_summary_dag.py took 0.099 seconds
[2026-10-05T17:50:16.424+0000] {processor.py:161} INFO - Started process (PID=1646) to work on /opt/airflow/dags/daily_summary_dag.py
[2026-10-05T17:50:16.426+0000] {processor.py:830} INFO - Processing file /opt/airflow/dags/daily_summary_dag.py for tasks to queue
[2026-10-05T17:50:16.427+0000] {logging_mixin.py:188} INFO - [2026-10-05T17:50:16.426+0000] {dagbag.py:545} INFO - Filling up the DagBag from /opt/airflow/dags/daily_summary_dag.py
[2026-10-05T17:50:16.448+0000] {processor.py:840} INFO - DAG(s) 'daily_summary_dag' retrieved from /opt/airflow/dags/daily_summary_dag.py
[2026-10-05T17:50:16.481+0000] {logging_mixin.py:188} INFO - [2026-10-05T17:50:16.481+0000] {dag.py:3089} INFO - Sync 1 DAGs
[2026-10-05T17:50:16.497+0000] {logging_mixin.py:188} INFO - [2026-10-05T17:50:16.496+0000] {dag.py:3947} INFO - Setting next_dagrun for daily_summary_dag to None, run_after=None
[2026-10-05T17:50:16.520+0000] {processor.py:183} INFO - Processing /opt/airflow/dags/daily_summary_dag.py took 0.102 seconds
[2026-10-05T17:50:18.343+0000] {processor.py:161} INFO - Started process (PID=1651) to work on /opt/airflow/dags/daily_summary_dag.py
[2026-10-05T17:50:18.344+0000] {processor.py:830} INFO - Processing file /opt/airflow/dags/daily_summary_dag.py for tasks to queue
[2026-10-05T17:50:18.345+0000] {logging_mixin.py:188} INFO - [2026-10-05T17:50:18.345+0000] {dagbag.py:545} INFO - Filling up the DagBag from /opt/airflow/dags/daily_summary_dag.py
[2026-10-05T17:50:18.360+0000] {processor.py:840} INFO - DAG(s) 'daily_summary_dag' retrieved from /opt/airflow/dags/daily_summary_dag.py
[2026-10-05T17:50:18.390+0000] {logging_mixin.py:188} INFO - [2026-10-05T17:50:18.390+0000] {dag.py:3089} INFO - Sync 1 DAGs
[2026-10-05T17:50:18.402+0000] {logging_mixin.py:188} INFO - [2026-10-05T17:50:18.401+0000] {dag.py:3947} INFO - Setting next_dagrun for daily_summary_dag to None, run_after=None
[2026-10-05T17:50:18.426+0000] {processor.py:183} INFO - Processing /opt/airflow/dags/daily_summary_dag.py took 0.089 seconds
[2026-10-05T17:50:19.119+0000] {processor.py:161} INFO - Started process (PID=1656) to work on /opt/airflow/dags/daily_summary_dag.py
[2026-10-05T17:50:19.121+0000] {processor.py:830} INFO - Processing file /opt/airflow/dags/daily_summary_dag.py for tasks to queue
[2026-10-05T17:50:19.122+0000] {logging_mixin.py:188} INFO - [2026-10-05T17:50:19.121+0000] {dagbag.py:545} INFO - Filling up the DagBag from /opt/airflow/dags/daily_summary_dag.py
[2026-10-05T17:50:19.136+0000] {processor.py:840} INFO - DAG(s) 'daily_summary_dag' retrieved from /opt/airflow/dags/daily_summary_dag.py
[2026-10-05T17:50:19.164+0000] {logging_mixin.py:188} INFO - [2026-10-05T17:50:19.164+0000] {dag.py:3089} INFO - Sync 1 DAGs
[2026-10-05T17:50:19.178+0000] {logging_mixin.py:188} INFO - [2026-10-05T17:50:19.177+0000] {dag.py:3947} INFO - Setting next_dagrun for daily_summary_dag to None, run_after=None
[2026-10-05T17:50:19.200+0000] {processor.py:183} INFO - Processing /opt/airflow/dags/daily_summary_dag.py took 0.086 seconds
[2026-10-05T17:50:46.705+0000] {processor.py:161} INFO - Started process (PID=1661) to work on /opt/airflow/dags/daily_summary_dag.py
[2026-10-05T17:50:46.707+0000] {processor.py:830} INFO - Processing file /opt/airflow/dags/daily_summary_dag.py for tasks to queue
[2026-10-05T17:50:46.710+0000] {logging_mixin.py:188} INFO - [2026-10-05T17:50:46.708+0000] {dagbag.py:545} INFO - Filling up the DagBag from /opt/airflow/dags/daily_summary_dag.py
[2026-10-05T17:50:46.729+0000] {processor.py:840} INFO - DAG(s) 'daily_summary_dag' retrieved from /opt/airflow/dags/daily_summary_dag.py
[2026-10-05T17:50:46.760+0000] {logging_mixin.py:188} INFO - [2026-10-05T17:50:46.759+0000] {dag.py:3089} INFO - Sync 1 DAGs
[2026-10-05T17:50:46.774+0000] {logging_mixin.py:188} INFO - [2026-10-05T17:50:46.774+0000] {dag.py:3947} INFO - Setting next_dagrun for daily_summary_dag to None, run_after=None
[2026-10-05T17:50:46.796+0000] {processor.py:183} INFO - Processing /opt/airflow/dags/daily_summary_dag.py took 0.096 seconds
[2026-10-05T17:50:48.625+0000] {processor.py:161} INFO - Started process (PID=1666) to work on /opt/airflow/dags/daily_summary_dag.py
[2026-10-05T17:50:48.626+0000] {processor.py:830} INFO - Processing file /opt/airflow/dags/daily_summary_dag.py for tasks to queue
[2026-10-05T17:50:48.630+0000] {logging_mixin.py:188} INFO - [2026-10-05T17:50:48.629+0000] {dagbag.py:545} INFO - Filling up the DagBag from /opt/airflow/dags/daily_summary_dag.py
[2026-10-05T17:50:48.643+0000] {processor.py:840} INFO - DAG(s) 'daily_summary_dag' retrieved from /opt/airflow/dags/daily_summary_dag.py
[2026-10-05T17:50:48.671+0000] {logging_mixin.py:188} INFO - [2026-10-05T17:50:48.671+0000] {dag.py:3089} INFO - Sync 1 DAGs
[2026-10-05T17:50:48.684+0000] {logging_mixin.py:188} INFO - [2026-10-05T17:50:48.684+0000] {dag.py:3947} INFO - Setting next_dagrun for daily_summary_dag to None, run_after=None
[2026-10-05T17:50:48.706+0000] {processor.py:183} INFO - Processing /opt/airflow/dags/daily_summary_dag.py took 0.087 seconds
[2026-10-05T17:50:49.362+0000] {processor.py:161} INFO - Started process (PID=1671) to work on /opt/airflow/dags/daily_summary_dag.py
[2026-10-05T17:50:49.362+0000] {processor.py:830} INFO - Processing file /opt/airflow/dags/daily_summary_dag.py for tasks to queue
[2026-10-05T17:50:49.363+0000] {logging_mixin.py:188} INFO - [2026-10-05T17:50:49.363+0000] {dagbag.py:545} INFO - Filling up the DagBag from /opt/airflow/dags/daily_summary_dag.py
[2026-10-05T17:50:49.378+0000] {processor.py:840} INFO - DAG(s) 'daily_summary_dag' retrieved from /opt/airflow/dags/daily_summary_dag.py
[2026-10-05T17:50:49.408+0000] {logging_mixin.py:188} INFO - [2026-10-05T17:50:49.407+0000] {dag.py:3089} INFO - Sync 1 DAGs
[2026-10-05T17:50:49.419+0000] {logging_mixin.py:188} INFO - [2026-10-05T17:50:49.418+0000] {dag.py:3947} INFO - Setting next_dagrun for daily_summary_dag to None, run_after=None
[2026-10-05T17:50:49.440+0000] {processor.py:183} INFO - Processing /opt/airflow/dags/daily_summary_dag.py took 0.085 seconds
[2026-10-05T17:51:16.895+0000] {processor.py:161} INFO - Started process (PID=1676) to work on /opt/airflow/dags/daily_summary_dag.py
[2026-10-05T17:51:16.897+0000] {processor.py:830} INFO - Processing file /opt/airflow/dags/daily_summary_dag.py for tasks to queue
[2026-10-05T17:51:16.898+0000] {logging_mixin.py:188} INFO - [2026-10-05T17:51:16.898+0000] {dagbag.py:545} INFO - Filling up the DagBag from /opt/airflow/dags/daily_summary_dag.py
[2026-10-05T17:51:16.918+0000] {processor.py:840} INFO - DAG(s) 'daily_summary_dag' retrieved from /opt/airflow/dags/daily_summary_dag.py
[2026-10-05T17:51:16.951+0000] {logging_mixin.py:188} INFO - [2026-10-05T17:51:16.950+0000] {dag.py:3089} INFO - Sync 1 DAGs
[2026-10-05T17:51:16.965+0000] {logging_mixin.py:188} INFO - [2026-10-05T17:51:16.965+0000] {dag.py:3947} INFO - Setting next_dagrun for daily_summary_dag to None, run_after=None
[2026-10-05T17:51:16.990+0000] {processor.py:183} INFO - Processing /opt/airflow/dags/daily_summary_dag.py took 0.102 seconds
[2026-10-05T17:51:18.817+0000] {processor.py:161} INFO - Started process (PID=1681) to work on /opt/airflow/dags/daily_summary_dag.py
[2026-10-05T17:51:18.818+0000] {processor.py:830} INFO - Processing file /opt/airflow/dags/daily_summary_dag.py for tasks to queue
[2026-10-05T17:51:18.819+0000] {logging_mixin.py:188} INFO - [2026-10-05T17:51:18.818+0000] {dagbag.py:545} INFO - Filling up the DagBag from /opt/airflow/dags/daily_summary_dag.py
[2026-10-05T17:51:18.834+0000] {processor.py:840} INFO - DAG(s) 'daily_summary_dag' retrieved from /opt/airflow/dags/daily_summary_dag.py
[2026-10-05T17:51:18.866+0000] {logging_mixin.py:188} INFO - [2026-10-05T17:51:18.865+0000] {dag.py:3089} INFO - Sync 1 DAGs
[2026-10-05T17:51:18.879+0000] {logging_mixin.py:188} INFO - [2026-10-05T17:51:18.879+0000] {dag.py:3947} INFO - Setting next_dagrun for daily_summary_dag to None, run_after=None
[2026-10-05T17:51:18.899+0000] {processor.py:183} INFO - Processing /opt/airflow/dags/daily_summary_dag.py took 0.088 seconds
[2026-10-05T17:51:19.565+0000] {processor.py:161} INFO - Started process (PID=1686) to work on /opt/airflow/dags/daily_summary_dag.py
[2026-10-05T17:51:19.567+0000] {processor.py:830} INFO - Processing file /opt/airflow/dags/daily_summary_dag.py for tasks to queue
[2026-10-05T17:51:19.568+0000] {logging_mixin.py:188} INFO - [2026-10-05T17:51:19.567+0000] {dagbag.py:545} INFO - Filling up the DagBag from /opt/airflow/dags/daily_summary_dag.py
[2026-10-05T17:51:19.582+0000] {processor.py:840} INFO - DAG(s) 'daily_summary_dag' retrieved from /opt/airflow/dags/daily_summary_dag.py
[2026-10-05T17:51:19.613+0000] {logging_mixin.py:188} INFO - [2026-10-05T17:51:19.613+0000] {dag.py:3089} INFO - Sync 1 DAGs
[2026-10-05T17:51:19.625+0000] {logging_mixin.py:188} INFO - [2026-10-05T17:51:19.625+0000] {dag.py:3947} INFO - Setting next_dagrun for daily_summary_dag to None, run_after=None
[2026-10-05T17:51:19.646+0000] {processor.py:183} INFO - Processing /opt/airflow/dags/daily_summary_dag.py took 0.087 seconds
[2026-10-05T17:51:47.148+0000] {processor.py:161} INFO - Started process (PID=1691) to work on /opt/airflow/dags/daily_summary_dag.py
[2026-10-05T17:51:47.149+0000] {processor.py:830} INFO - Processing file /opt/airflow/dags/daily_summary_dag.py for tasks to queue
[2026-10-05T17:51:47.152+0000] {logging_mixin.py:188} INFO - [2026-10-05T17:51:47.150+0000] {dagbag.py:545} INFO - Filling up the DagBag from /opt/airflow/dags/daily_summary_dag.py
[2026-10-05T17:51:47.172+0000] {processor.py:840} INFO - DAG(s) 'daily_summary_dag' retrieved from /opt/airflow/dags/daily_summary_dag.py
[2026-10-05T17:51:47.203+0000] {logging_mixin.py:188} INFO - [2026-10-05T17:51:47.202+0000] {dag.py:3089} INFO - Sync 1 DAGs
[2026-10-05T17:51:47.217+0000] {logging_mixin.py:188} INFO - [2026-10-05T17:51:47.216+0000] {dag.py:3947} INFO - Setting next_dagrun for daily_summary_dag to None, run_after=None
[2026-10-05T17:51:47.240+0000] {processor.py:183} INFO - Processing /opt/airflow/dags/daily_summary_dag.py took 0.099 seconds
[2026-10-05T17:51:49.080+0000] {processor.py:161} INFO - Started process (PID=1696) to work on /opt/airflow/dags/daily_summary_dag.py
[2026-10-05T17:51:49.081+0000] {processor.py:830} INFO - Processing file /opt/airflow/dags/daily_summary_dag.py for tasks to queue
[2026-10-05T17:51:49.082+0000] {logging_mixin.py:188} INFO - [2026-10-05T17:51:49.082+0000] {dagbag.py:545} INFO - Filling up the DagBag from /opt/airflow/dags/daily_summary_dag.py
[2026-10-05T17:51:49.097+0000] {processor.py:840} INFO - DAG(s) 'daily_summary_dag' retrieved from /opt/airflow/dags/daily_summary_dag.py
[2026-10-05T17:51:49.129+0000] {logging_mixin.py:188} INFO - [2026-10-05T17:51:49.128+0000] {dag.py:3089} INFO - Sync 1 DAGs
[2026-10-05T17:51:49.140+0000] {logging_mixin.py:188} INFO - [2026-10-05T17:51:49.139+0000] {dag.py:3947} INFO - Setting next_dagrun for daily_summary_dag to None, run_after=None
[2026-10-05T17:51:49.163+0000] {processor.py:183} INFO - Processing /opt/airflow/dags/daily_summary_dag.py took 0.089 seconds
[2026-10-05T17:51:49.796+0000] {processor.py:161} INFO - Started process (PID=1701) to work on /opt/airflow/dags/daily_summary_dag.py
[2026-10-05T17:51:49.798+0000] {processor.py:830} INFO - Processing file /opt/airflow/dags/daily_summary_dag.py for tasks to queue
[2026-10-05T17:51:49.799+0000] {logging_mixin.py:188} INFO - [2026-10-05T17:51:49.798+0000] {dagbag.py:545} INFO - Filling up the DagBag from /opt/airflow/dags/daily_summary_dag.py
[2026-10-05T17:51:49.814+0000] {processor.py:840} INFO - DAG(s) 'daily_summary_dag' retrieved from /opt/airflow/dags/daily_summary_dag.py
[2026-10-05T17:51:49.848+0000] {logging_mixin.py:188} INFO - [2026-10-05T17:51:49.848+0000] {dag.py:3089} INFO - Sync 1 DAGs
[2026-10-05T17:51:49.860+0000] {logging_mixin.py:188} INFO - [2026-10-05T17:51:49.860+0000] {dag.py:3947} INFO - Setting next_dagrun for daily_summary_dag to None, run_after=None
[2026-10-05T17:51:49.885+0000] {processor.py:183} INFO - Processing /opt/airflow/dags/daily_summary_dag.py took 0.095 seconds
[2026-10-05T17:52:17.366+0000] {processor.py:161} INFO - Started process (PID=1706) to work on /opt/airflow/dags/daily_summary_dag.py
[2026-10-05T17:52:17.368+0000] {processor.py:830} INFO - Processing file /opt/airflow/dags/daily_summary_dag.py for tasks to queue
[2026-10-05T17:52:17.369+0000] {logging_mixin.py:188} INFO - [2026-10-05T17:52:17.368+0000] {dagbag.py:545} INFO - Filling up the DagBag from /opt/airflow/dags/daily_summary_dag.py
[2026-10-05T17:52:17.406+0000] {processor.py:840} INFO - DAG(s) 'daily_summary_dag' retrieved from /opt/airflow/dags/daily_summary_dag.py
[2026-10-05T17:52:17.473+0000] {logging_mixin.py:188} INFO - [2026-10-05T17:52:17.472+0000] {dag.py:3089} INFO - Sync 1 DAGs
[2026-10-05T17:52:17.501+0000] {logging_mixin.py:188} INFO - [2026-10-05T17:52:17.500+0000] {dag.py:3947} INFO - Setting next_dagrun for daily_summary_dag to None, run_after=None
[2026-10-05T17:52:17.561+0000] {processor.py:183} INFO - Processing /opt/airflow/dags/daily_summary_dag.py took 0.209 seconds
[2026-10-05T17:52:19.371+0000] {processor.py:161} INFO - Started process (PID=1711) to work on /opt/airflow/dags/daily_summary_dag.py
[2026-10-05T17:52:19.375+0000] {processor.py:830} INFO - Processing file /opt/airflow/dags/daily_summary_dag.py for tasks to queue
[2026-10-05T17:52:19.383+0000] {logging_mixin.py:188} INFO - [2026-10-05T17:52:19.381+0000] {dagbag.py:545} INFO - Filling up the DagBag from /opt/airflow/dags/daily_summary_dag.py
[2026-10-05T17:52:19.461+0000] {processor.py:840} INFO - DAG(s) 'daily_summary_dag' retrieved from /opt/airflow/dags/daily_summary_dag.py
[2026-10-05T17:52:19.526+0000] {logging_mixin.py:188} INFO - [2026-10-05T17:52:19.526+0000] {dag.py:3089} INFO - Sync 1 DAGs
[2026-10-05T17:52:19.545+0000] {logging_mixin.py:188} INFO - [2026-10-05T17:52:19.545+0000] {dag.py:3947} INFO - Setting next_dagrun for daily_summary_dag to None, run_after=None
[2026-10-05T17:52:19.581+0000] {processor.py:183} INFO - Processing /opt/airflow/dags/daily_summary_dag.py took 0.239 seconds
[2026-10-05T17:52:20.071+0000] {processor.py:161} INFO - Started process (PID=1716) to work on /opt/airflow/dags/daily_summary_dag.py
[2026-10-05T17:52:20.074+0000] {processor.py:830} INFO - Processing file /opt/airflow/dags/daily_summary_dag.py for tasks to queue
[2026-10-05T17:52:20.076+0000] {logging_mixin.py:188} INFO - [2026-10-05T17:52:20.075+0000] {dagbag.py:545} INFO - Filling up the DagBag from /opt/airflow/dags/daily_summary_dag.py
[2026-10-05T17:52:20.099+0000] {processor.py:840} INFO - DAG(s) 'daily_summary_dag' retrieved from /opt/airflow/dags/daily_summary_dag.py
[2026-10-05T17:52:20.140+0000] {logging_mixin.py:188} INFO - [2026-10-05T17:52:20.140+0000] {dag.py:3089} INFO - Sync 1 DAGs
[2026-10-05T17:52:20.156+0000] {logging_mixin.py:188} INFO - [2026-10-05T17:52:20.155+0000] {dag.py:3947} INFO - Setting next_dagrun for daily_summary_dag to None, run_after=None
[2026-10-05T17:52:20.193+0000] {processor.py:183} INFO - Processing /opt/airflow/dags/daily_summary_dag.py took 0.132 seconds
[2026-10-05T17:52:47.688+0000] {processor.py:161} INFO - Started process (PID=1721) to work on /opt/airflow/dags/daily_summary_dag.py
[2026-10-05T17:52:47.690+0000] {processor.py:830} INFO - Processing file /opt/airflow/dags/daily_summary_dag.py for tasks to queue
[2026-10-05T17:52:47.691+0000] {logging_mixin.py:188} INFO - [2026-10-05T17:52:47.691+0000] {dagbag.py:545} INFO - Filling up the DagBag from /opt/airflow/dags/daily_summary_dag.py
[2026-10-05T17:52:47.716+0000] {processor.py:840} INFO - DAG(s) 'daily_summary_dag' retrieved from /opt/airflow/dags/daily_summary_dag.py
[2026-10-05T17:52:47.760+0000] {logging_mixin.py:188} INFO - [2026-10-05T17:52:47.760+0000] {dag.py:3089} INFO - Sync 1 DAGs
[2026-10-05T17:52:47.776+0000] {logging_mixin.py:188} INFO - [2026-10-05T17:52:47.776+0000] {dag.py:3947} INFO - Setting next_dagrun for daily_summary_dag to None, run_after=None
[2026-10-05T17:52:47.805+0000] {processor.py:183} INFO - Processing /opt/airflow/dags/daily_summary_dag.py took 0.125 seconds
[2026-10-05T17:52:49.802+0000] {processor.py:161} INFO - Started process (PID=1726) to work on /opt/airflow/dags/daily_summary_dag.py
[2026-10-05T17:52:49.803+0000] {processor.py:830} INFO - Processing file /opt/airflow/dags/daily_summary_dag.py for tasks to queue
[2026-10-05T17:52:49.805+0000] {logging_mixin.py:188} INFO - [2026-10-05T17:52:49.804+0000] {dagbag.py:545} INFO - Filling up the DagBag from /opt/airflow/dags/daily_summary_dag.py
[2026-10-05T17:52:49.819+0000] {processor.py:840} INFO - DAG(s) 'daily_summary_dag' retrieved from /opt/airflow/dags/daily_summary_dag.py
[2026-10-05T17:52:49.851+0000] {logging_mixin.py:188} INFO - [2026-10-05T17:52:49.851+0000] {dag.py:3089} INFO - Sync 1 DAGs
[2026-10-05T17:52:49.863+0000] {logging_mixin.py:188} INFO - [2026-10-05T17:52:49.863+0000] {dag.py:3947} INFO - Setting next_dagrun for daily_summary_dag to None, run_after=None
[2026-10-05T17:52:49.887+0000] {processor.py:183} INFO - Processing /opt/airflow/dags/daily_summary_dag.py took 0.091 seconds
[2026-10-05T17:52:50.285+0000] {processor.py:161} INFO - Started process (PID=1731) to work on /opt/airflow/dags/daily_summary_dag.py
[2026-10-05T17:52:50.286+0000] {processor.py:830} INFO - Processing file /opt/airflow/dags/daily_summary_dag.py for tasks to queue
[2026-10-05T17:52:50.287+0000] {logging_mixin.py:188} INFO - [2026-10-05T17:52:50.287+0000] {dagbag.py:545} INFO - Filling up the DagBag from /opt/airflow/dags/daily_summary_dag.py
[2026-10-05T17:52:50.303+0000] {processor.py:840} INFO - DAG(s) 'daily_summary_dag' retrieved from /opt/airflow/dags/daily_summary_dag.py
[2026-10-05T17:52:50.342+0000] {logging_mixin.py:188} INFO - [2026-10-05T17:52:50.341+0000] {dag.py:3089} INFO - Sync 1 DAGs
[2026-10-05T17:52:50.358+0000] {logging_mixin.py:188} INFO - [2026-10-05T17:52:50.358+0000] {dag.py:3947} INFO - Setting next_dagrun for daily_summary_dag to None, run_after=None
[2026-10-05T17:52:50.380+0000] {processor.py:183} INFO - Processing /opt/airflow/dags/daily_summary_dag.py took 0.101 seconds
[2026-10-05T17:53:17.963+0000] {processor.py:161} INFO - Started process (PID=1736) to work on /opt/airflow/dags/daily_summary_dag.py
[2026-10-05T17:53:17.964+0000] {processor.py:830} INFO - Processing file /opt/airflow/dags/daily_summary_dag.py for tasks to queue
[2026-10-05T17:53:17.965+0000] {logging_mixin.py:188} INFO - [2026-10-05T17:53:17.965+0000] {dagbag.py:545} INFO - Filling up the DagBag from /opt/airflow/dags/daily_summary_dag.py
[2026-10-05T17:53:17.983+0000] {processor.py:840} INFO - DAG(s) 'daily_summary_dag' retrieved from /opt/airflow/dags/daily_summary_dag.py
[2026-10-05T17:53:18.015+0000] {logging_mixin.py:188} INFO - [2026-10-05T17:53:18.014+0000] {dag.py:3089} INFO - Sync 1 DAGs
[2026-10-05T17:53:18.032+0000] {logging_mixin.py:188} INFO - [2026-10-05T17:53:18.031+0000] {dag.py:3947} INFO - Setting next_dagrun for daily_summary_dag to None, run_after=None
[2026-10-05T17:53:18.057+0000] {processor.py:183} INFO - Processing /opt/airflow/dags/daily_summary_dag.py took 0.100 seconds
[2026-10-05T17:53:19.971+0000] {processor.py:161} INFO - Started process (PID=1741) to work on /opt/airflow/dags/daily_summary_dag.py
[2026-10-05T17:53:19.972+0000] {processor.py:830} INFO - Processing file /opt/airflow/dags/daily_summary_dag.py for tasks to queue
[2026-10-05T17:53:19.973+0000] {logging_mixin.py:188} INFO - [2026-10-05T17:53:19.973+0000] {dagbag.py:545} INFO - Filling up the DagBag from /opt/airflow/dags/daily_summary_dag.py
[2026-10-05T17:53:19.989+0000] {processor.py:840} INFO - DAG(s) 'daily_summary_dag' retrieved from /opt/airflow/dags/daily_summary_dag.py
[2026-10-05T17:53:20.021+0000] {logging_mixin.py:188} INFO - [2026-10-05T17:53:20.020+0000] {dag.py:3089} INFO - Sync 1 DAGs
[2026-10-05T17:53:20.037+0000] {logging_mixin.py:188} INFO - [2026-10-05T17:53:20.036+0000] {dag.py:3947} INFO - Setting next_dagrun for daily_summary_dag to None, run_after=None
[2026-10-05T17:53:20.067+0000] {processor.py:183} INFO - Processing /opt/airflow/dags/daily_summary_dag.py took 0.101 seconds
[2026-10-05T17:53:20.570+0000] {processor.py:161} INFO - Started process (PID=1746) to work on /opt/airflow/dags/daily_summary_dag.py
[2026-10-05T17:53:20.571+0000] {processor.py:830} INFO - Processing file /opt/airflow/dags/daily_summary_dag.py for tasks to queue
[2026-10-05T17:53:20.573+0000] {logging_mixin.py:188} INFO - [2026-10-05T17:53:20.573+0000] {dagbag.py:545} INFO - Filling up the DagBag from /opt/airflow/dags/daily_summary_dag.py
[2026-10-05T17:53:20.587+0000] {processor.py:840} INFO - DAG(s) 'daily_summary_dag' retrieved from /opt/airflow/dags/daily_summary_dag.py
[2026-10-05T17:53:20.617+0000] {logging_mixin.py:188} INFO - [2026-10-05T17:53:20.616+0000] {dag.py:3089} INFO - Sync 1 DAGs
[2026-10-05T17:53:20.632+0000] {logging_mixin.py:188} INFO - [2026-10-05T17:53:20.632+0000] {dag.py:3947} INFO - Setting next_dagrun for daily_summary_dag to None, run_after=None
[2026-10-05T17:53:20.654+0000] {processor.py:183} INFO - Processing /opt/airflow/dags/daily_summary_dag.py took 0.089 seconds
[2026-10-05T17:53:48.158+0000] {processor.py:161} INFO - Started process (PID=1751) to work on /opt/airflow/dags/daily_summary_dag.py
[2026-10-05T17:53:48.159+0000] {processor.py:830} INFO - Processing file /opt/airflow/dags/daily_summary_dag.py for tasks to queue
[2026-10-05T17:53:48.160+0000] {logging_mixin.py:188} INFO - [2026-10-05T17:53:48.160+0000] {dagbag.py:545} INFO - Filling up the DagBag from /opt/airflow/dags/daily_summary_dag.py
[2026-10-05T17:53:48.178+0000] {processor.py:840} INFO - DAG(s) 'daily_summary_dag' retrieved from /opt/airflow/dags/daily_summary_dag.py
[2026-10-05T17:53:48.213+0000] {logging_mixin.py:188} INFO - [2026-10-05T17:53:48.213+0000] {dag.py:3089} INFO - Sync 1 DAGs
[2026-10-05T17:53:48.230+0000] {logging_mixin.py:188} INFO - [2026-10-05T17:53:48.230+0000] {dag.py:3947} INFO - Setting next_dagrun for daily_summary_dag to None, run_after=None
[2026-10-05T17:53:48.256+0000] {processor.py:183} INFO - Processing /opt/airflow/dags/daily_summary_dag.py took 0.104 seconds
[2026-10-05T17:53:50.248+0000] {processor.py:161} INFO - Started process (PID=1756) to work on /opt/airflow/dags/daily_summary_dag.py
[2026-10-05T17:53:50.250+0000] {processor.py:830} INFO - Processing file /opt/airflow/dags/daily_summary_dag.py for tasks to queue
[2026-10-05T17:53:50.251+0000] {logging_mixin.py:188} INFO - [2026-10-05T17:53:50.250+0000] {dagbag.py:545} INFO - Filling up the DagBag from /opt/airflow/dags/daily_summary_dag.py
[2026-10-05T17:53:50.265+0000] {processor.py:840} INFO - DAG(s) 'daily_summary_dag' retrieved from /opt/airflow/dags/daily_summary_dag.py
[2026-10-05T17:53:50.295+0000] {logging_mixin.py:188} INFO - [2026-10-05T17:53:50.295+0000] {dag.py:3089} INFO - Sync 1 DAGs
[2026-10-05T17:53:50.307+0000] {logging_mixin.py:188} INFO - [2026-10-05T17:53:50.306+0000] {dag.py:3947} INFO - Setting next_dagrun for daily_summary_dag to None, run_after=None
[2026-10-05T17:53:50.332+0000] {processor.py:183} INFO - Processing /opt/airflow/dags/daily_summary_dag.py took 0.089 seconds
[2026-10-05T17:53:50.760+0000] {processor.py:161} INFO - Started process (PID=1761) to work on /opt/airflow/dags/daily_summary_dag.py
[2026-10-05T17:53:50.761+0000] {processor.py:830} INFO - Processing file /opt/airflow/dags/daily_summary_dag.py for tasks to queue
[2026-10-05T17:53:50.762+0000] {logging_mixin.py:188} INFO - [2026-10-05T17:53:50.762+0000] {dagbag.py:545} INFO - Filling up the DagBag from /opt/airflow/dags/daily_summary_dag.py
[2026-10-05T17:53:50.776+0000] {processor.py:840} INFO - DAG(s) 'daily_summary_dag' retrieved from /opt/airflow/dags/daily_summary_dag.py
[2026-10-05T17:53:50.807+0000] {logging_mixin.py:188} INFO - [2026-10-05T17:53:50.807+0000] {dag.py:3089} INFO - Sync 1 DAGs
[2026-10-05T17:53:50.818+0000] {logging_mixin.py:188} INFO - [2026-10-05T17:53:50.818+0000] {dag.py:3947} INFO - Setting next_dagrun for daily_summary_dag to None, run_after=None
[2026-10-05T17:53:50.841+0000] {processor.py:183} INFO - Processing /opt/airflow/dags/daily_summary_dag.py took 0.086 seconds
[2026-10-05T17:54:18.411+0000] {processor.py:161} INFO - Started process (PID=1766) to work on /opt/airflow/dags/daily_summary_dag.py
[2026-10-05T17:54:18.413+0000] {processor.py:830} INFO - Processing file /opt/airflow/dags/daily_summary_dag.py for tasks to queue
[2026-10-05T17:54:18.414+0000] {logging_mixin.py:188} INFO - [2026-10-05T17:54:18.413+0000] {dagbag.py:545} INFO - Filling up the DagBag from /opt/airflow/dags/daily_summary_dag.py
[2026-10-05T17:54:18.432+0000] {processor.py:840} INFO - DAG(s) 'daily_summary_dag' retrieved from /opt/airflow/dags/daily_summary_dag.py
[2026-10-05T17:54:18.465+0000] {logging_mixin.py:188} INFO - [2026-10-05T17:54:18.465+0000] {dag.py:3089} INFO - Sync 1 DAGs
[2026-10-05T17:54:18.479+0000] {logging_mixin.py:188} INFO - [2026-10-05T17:54:18.479+0000] {dag.py:3947} INFO - Setting next_dagrun for daily_summary_dag to None, run_after=None
[2026-10-05T17:54:18.507+0000] {processor.py:183} INFO - Processing /opt/airflow/dags/daily_summary_dag.py took 0.101 seconds
[2026-10-05T17:54:20.438+0000] {processor.py:161} INFO - Started process (PID=1771) to work on /opt/airflow/dags/daily_summary_dag.py
[2026-10-05T17:54:20.439+0000] {processor.py:830} INFO - Processing file /opt/airflow/dags/daily_summary_dag.py for tasks to queue
[2026-10-05T17:54:20.440+0000] {logging_mixin.py:188} INFO - [2026-10-05T17:54:20.439+0000] {dagbag.py:545} INFO - Filling up the DagBag from /opt/airflow/dags/daily_summary_dag.py
[2026-10-05T17:54:20.454+0000] {processor.py:840} INFO - DAG(s) 'daily_summary_dag' retrieved from /opt/airflow/dags/daily_summary_dag.py
[2026-10-05T17:54:20.484+0000] {logging_mixin.py:188} INFO - [2026-10-05T17:54:20.483+0000] {dag.py:3089} INFO - Sync 1 DAGs
[2026-10-05T17:54:20.496+0000] {logging_mixin.py:188} INFO - [2026-10-05T17:54:20.495+0000] {dag.py:3947} INFO - Setting next_dagrun for daily_summary_dag to None, run_after=None
[2026-10-05T17:54:20.518+0000] {processor.py:183} INFO - Processing /opt/airflow/dags/daily_summary_dag.py took 0.086 seconds
[2026-10-05T17:54:21.018+0000] {processor.py:161} INFO - Started process (PID=1776) to work on /opt/airflow/dags/daily_summary_dag.py
[2026-10-05T17:54:21.019+0000] {processor.py:830} INFO - Processing file /opt/airflow/dags/daily_summary_dag.py for tasks to queue
[2026-10-05T17:54:21.020+0000] {logging_mixin.py:188} INFO - [2026-10-05T17:54:21.020+0000] {dagbag.py:545} INFO - Filling up the DagBag from /opt/airflow/dags/daily_summary_dag.py
[2026-10-05T17:54:21.034+0000] {processor.py:840} INFO - DAG(s) 'daily_summary_dag' retrieved from /opt/airflow/dags/daily_summary_dag.py
[2026-10-05T17:54:21.063+0000] {logging_mixin.py:188} INFO - [2026-10-05T17:54:21.062+0000] {dag.py:3089} INFO - Sync 1 DAGs
[2026-10-05T17:54:21.076+0000] {logging_mixin.py:188} INFO - [2026-10-05T17:54:21.076+0000] {dag.py:3947} INFO - Setting next_dagrun for daily_summary_dag to None, run_after=None
[2026-10-05T17:54:21.097+0000] {processor.py:183} INFO - Processing /opt/airflow/dags/daily_summary_dag.py took 0.084 seconds
[2026-10-05T17:54:48.607+0000] {processor.py:161} INFO - Started process (PID=1781) to work on /opt/airflow/dags/daily_summary_dag.py
[2026-10-05T17:54:48.609+0000] {processor.py:830} INFO - Processing file /opt/airflow/dags/daily_summary_dag.py for tasks to queue
[2026-10-05T17:54:48.610+0000] {logging_mixin.py:188} INFO - [2026-10-05T17:54:48.610+0000] {dagbag.py:545} INFO - Filling up the DagBag from /opt/airflow/dags/daily_summary_dag.py
[2026-10-05T17:54:48.630+0000] {processor.py:840} INFO - DAG(s) 'daily_summary_dag' retrieved from /opt/airflow/dags/daily_summary_dag.py
[2026-10-05T17:54:48.666+0000] {logging_mixin.py:188} INFO - [2026-10-05T17:54:48.665+0000] {dag.py:3089} INFO - Sync 1 DAGs
[2026-10-05T17:54:48.680+0000] {logging_mixin.py:188} INFO - [2026-10-05T17:54:48.679+0000] {dag.py:3947} INFO - Setting next_dagrun for daily_summary_dag to None, run_after=None
[2026-10-05T17:54:48.704+0000] {processor.py:183} INFO - Processing /opt/airflow/dags/daily_summary_dag.py took 0.103 seconds
[2026-10-05T17:54:50.695+0000] {processor.py:161} INFO - Started process (PID=1786) to work on /opt/airflow/dags/daily_summary_dag.py
[2026-10-05T17:54:50.696+0000] {processor.py:830} INFO - Processing file /opt/airflow/dags/daily_summary_dag.py for tasks to queue
[2026-10-05T17:54:50.698+0000] {logging_mixin.py:188} INFO - [2026-10-05T17:54:50.698+0000] {dagbag.py:545} INFO - Filling up the DagBag from /opt/airflow/dags/daily_summary_dag.py
[2026-10-05T17:54:50.713+0000] {processor.py:840} INFO - DAG(s) 'daily_summary_dag' retrieved from /opt/airflow/dags/daily_summary_dag.py
[2026-10-05T17:54:50.749+0000] {logging_mixin.py:188} INFO - [2026-10-05T17:54:50.749+0000] {dag.py:3089} INFO - Sync 1 DAGs
[2026-10-05T17:54:50.762+0000] {logging_mixin.py:188} INFO - [2026-10-05T17:54:50.761+0000] {dag.py:3947} INFO - Setting next_dagrun for daily_summary_dag to None, run_after=None
[2026-10-05T17:54:50.786+0000] {processor.py:183} INFO - Processing /opt/airflow/dags/daily_summary_dag.py took 0.097 seconds
[2026-10-05T17:54:51.208+0000] {processor.py:161} INFO - Started process (PID=1791) to work on /opt/airflow/dags/daily_summary_dag.py
[2026-10-05T17:54:51.209+0000] {processor.py:830} INFO - Processing file /opt/airflow/dags/daily_summary_dag.py for tasks to queue
[2026-10-05T17:54:51.211+0000] {logging_mixin.py:188} INFO - [2026-10-05T17:54:51.210+0000] {dagbag.py:545} INFO - Filling up the DagBag from /opt/airflow/dags/daily_summary_dag.py
[2026-10-05T17:54:51.224+0000] {processor.py:840} INFO - DAG(s) 'daily_summary_dag' retrieved from /opt/airflow/dags/daily_summary_dag.py
[2026-10-05T17:54:51.256+0000] {logging_mixin.py:188} INFO - [2026-10-05T17:54:51.255+0000] {dag.py:3089} INFO - Sync 1 DAGs
[2026-10-05T17:54:51.270+0000] {logging_mixin.py:188} INFO - [2026-10-05T17:54:51.269+0000] {dag.py:3947} INFO - Setting next_dagrun for daily_summary_dag to None, run_after=None
[2026-10-05T17:54:51.291+0000] {processor.py:183} INFO - Processing /opt/airflow/dags/daily_summary_dag.py took 0.089 seconds
[2026-10-05T17:55:18.850+0000] {processor.py:161} INFO - Started process (PID=1796) to work on /opt/airflow/dags/daily_summary_dag.py
[2026-10-05T17:55:18.852+0000] {processor.py:830} INFO - Processing file /opt/airflow/dags/daily_summary_dag.py for tasks to queue
[2026-10-05T17:55:18.853+0000] {logging_mixin.py:188} INFO - [2026-10-05T17:55:18.853+0000] {dagbag.py:545} INFO - Filling up the DagBag from /opt/airflow/dags/daily_summary_dag.py
[2026-10-05T17:55:18.874+0000] {processor.py:840} INFO - DAG(s) 'daily_summary_dag' retrieved from /opt/airflow/dags/daily_summary_dag.py
[2026-10-05T17:55:18.906+0000] {logging_mixin.py:188} INFO - [2026-10-05T17:55:18.906+0000] {dag.py:3089} INFO - Sync 1 DAGs
[2026-10-05T17:55:18.920+0000] {logging_mixin.py:188} INFO - [2026-10-05T17:55:18.919+0000] {dag.py:3947} INFO - Setting next_dagrun for daily_summary_dag to None, run_after=None
[2026-10-05T17:55:18.945+0000] {processor.py:183} INFO - Processing /opt/airflow/dags/daily_summary_dag.py took 0.101 seconds
[2026-10-05T17:55:20.882+0000] {processor.py:161} INFO - Started process (PID=1801) to work on /opt/airflow/dags/daily_summary_dag.py
[2026-10-05T17:55:20.883+0000] {processor.py:830} INFO - Processing file /opt/airflow/dags/daily_summary_dag.py for tasks to queue
[2026-10-05T17:55:20.885+0000] {logging_mixin.py:188} INFO - [2026-10-05T17:55:20.885+0000] {dagbag.py:545} INFO - Filling up the DagBag from /opt/airflow/dags/daily_summary_dag.py
[2026-10-05T17:55:20.900+0000] {processor.py:840} INFO - DAG(s) 'daily_summary_dag' retrieved from /opt/airflow/dags/daily_summary_dag.py
[2026-10-05T17:55:20.931+0000] {logging_mixin.py:188} INFO - [2026-10-05T17:55:20.930+0000] {dag.py:3089} INFO - Sync 1 DAGs
[2026-10-05T17:55:20.943+0000] {logging_mixin.py:188} INFO - [2026-10-05T17:55:20.942+0000] {dag.py:3947} INFO - Setting next_dagrun for daily_summary_dag to None, run_after=None
[2026-10-05T17:55:20.965+0000] {processor.py:183} INFO - Processing /opt/airflow/dags/daily_summary_dag.py took 0.089 seconds
[2026-10-05T17:55:21.451+0000] {processor.py:161} INFO - Started process (PID=1806) to work on /opt/airflow/dags/daily_summary_dag.py
[2026-10-05T17:55:21.452+0000] {processor.py:830} INFO - Processing file /opt/airflow/dags/daily_summary_dag.py for tasks to queue
[2026-10-05T17:55:21.454+0000] {logging_mixin.py:188} INFO - [2026-10-05T17:55:21.453+0000] {dagbag.py:545} INFO - Filling up the DagBag from /opt/airflow/dags/daily_summary_dag.py
[2026-10-05T17:55:21.469+0000] {processor.py:840} INFO - DAG(s) 'daily_summary_dag' retrieved from /opt/airflow/dags/daily_summary_dag.py
[2026-10-05T17:55:21.499+0000] {logging_mixin.py:188} INFO - [2026-10-05T17:55:21.498+0000] {dag.py:3089} INFO - Sync 1 DAGs
[2026-10-05T17:55:21.510+0000] {logging_mixin.py:188} INFO - [2026-10-05T17:55:21.510+0000] {dag.py:3947} INFO - Setting next_dagrun for daily_summary_dag to None, run_after=None
[2026-10-05T17:55:21.533+0000] {processor.py:183} INFO - Processing /opt/airflow/dags/daily_summary_dag.py took 0.087 seconds
[2026-10-05T17:55:49.071+0000] {processor.py:161} INFO - Started process (PID=1811) to work on /opt/airflow/dags/daily_summary_dag.py
[2026-10-05T17:55:49.072+0000] {processor.py:830} INFO - Processing file /opt/airflow/dags/daily_summary_dag.py for tasks to queue
[2026-10-05T17:55:49.074+0000] {logging_mixin.py:188} INFO - [2026-10-05T17:55:49.073+0000] {dagbag.py:545} INFO - Filling up the DagBag from /opt/airflow/dags/daily_summary_dag.py
[2026-10-05T17:55:49.094+0000] {processor.py:840} INFO - DAG(s) 'daily_summary_dag' retrieved from /opt/airflow/dags/daily_summary_dag.py
[2026-10-05T17:55:49.127+0000] {logging_mixin.py:188} INFO - [2026-10-05T17:55:49.126+0000] {dag.py:3089} INFO - Sync 1 DAGs
[2026-10-05T17:55:49.141+0000] {logging_mixin.py:188} INFO - [2026-10-05T17:55:49.141+0000] {dag.py:3947} INFO - Setting next_dagrun for daily_summary_dag to None, run_after=None
[2026-10-05T17:55:49.162+0000] {processor.py:183} INFO - Processing /opt/airflow/dags/daily_summary_dag.py took 0.097 seconds
[2026-10-05T17:55:51.178+0000] {processor.py:161} INFO - Started process (PID=1816) to work on /opt/airflow/dags/daily_summary_dag.py
[2026-10-05T17:55:51.179+0000] {processor.py:830} INFO - Processing file /opt/airflow/dags/daily_summary_dag.py for tasks to queue
[2026-10-05T17:55:51.180+0000] {logging_mixin.py:188} INFO - [2026-10-05T17:55:51.180+0000] {dagbag.py:545} INFO - Filling up the DagBag from /opt/airflow/dags/daily_summary_dag.py
[2026-10-05T17:55:51.193+0000] {processor.py:840} INFO - DAG(s) 'daily_summary_dag' retrieved from /opt/airflow/dags/daily_summary_dag.py
[2026-10-05T17:55:51.226+0000] {logging_mixin.py:188} INFO - [2026-10-05T17:55:51.225+0000] {dag.py:3089} INFO - Sync 1 DAGs
[2026-10-05T17:55:51.237+0000] {logging_mixin.py:188} INFO - [2026-10-05T17:55:51.236+0000] {dag.py:3947} INFO - Setting next_dagrun for daily_summary_dag to None, run_after=None
[2026-10-05T17:55:51.260+0000] {processor.py:183} INFO - Processing /opt/airflow/dags/daily_summary_dag.py took 0.088 seconds
[2026-10-05T17:55:51.680+0000] {processor.py:161} INFO - Started process (PID=1821) to work on /opt/airflow/dags/daily_summary_dag.py
[2026-10-05T17:55:51.681+0000] {processor.py:830} INFO - Processing file /opt/airflow/dags/daily_summary_dag.py for tasks to queue
[2026-10-05T17:55:51.683+0000] {logging_mixin.py:188} INFO - [2026-10-05T17:55:51.682+0000] {dagbag.py:545} INFO - Filling up the DagBag from /opt/airflow/dags/daily_summary_dag.py
[2026-10-05T17:55:51.700+0000] {processor.py:840} INFO - DAG(s) 'daily_summary_dag' retrieved from /opt/airflow/dags/daily_summary_dag.py
[2026-10-05T17:55:51.730+0000] {logging_mixin.py:188} INFO - [2026-10-05T17:55:51.730+0000] {dag.py:3089} INFO - Sync 1 DAGs
[2026-10-05T17:55:51.743+0000] {logging_mixin.py:188} INFO - [2026-10-05T17:55:51.743+0000] {dag.py:3947} INFO - Setting next_dagrun for daily_summary_dag to None, run_after=None
[2026-10-05T17:55:51.764+0000] {processor.py:183} INFO - Processing /opt/airflow/dags/daily_summary_dag.py took 0.091 seconds
[2026-10-05T17:56:19.291+0000] {processor.py:161} INFO - Started process (PID=1826) to work on /opt/airflow/dags/daily_summary_dag.py
[2026-10-05T17:56:19.292+0000] {processor.py:830} INFO - Processing file /opt/airflow/dags/daily_summary_dag.py for tasks to queue
[2026-10-05T17:56:19.294+0000] {logging_mixin.py:188} INFO - [2026-10-05T17:56:19.293+0000] {dagbag.py:545} INFO - Filling up the DagBag from /opt/airflow/dags/daily_summary_dag.py
[2026-10-05T17:56:19.315+0000] {processor.py:840} INFO - DAG(s) 'daily_summary_dag' retrieved from /opt/airflow/dags/daily_summary_dag.py
[2026-10-05T17:56:19.348+0000] {logging_mixin.py:188} INFO - [2026-10-05T17:56:19.348+0000] {dag.py:3089} INFO - Sync 1 DAGs
[2026-10-05T17:56:19.362+0000] {logging_mixin.py:188} INFO - [2026-10-05T17:56:19.362+0000] {dag.py:3947} INFO - Setting next_dagrun for daily_summary_dag to None, run_after=None
[2026-10-05T17:56:19.389+0000] {processor.py:183} INFO - Processing /opt/airflow/dags/daily_summary_dag.py took 0.106 seconds
[2026-10-05T17:56:21.363+0000] {processor.py:161} INFO - Started process (PID=1831) to work on /opt/airflow/dags/daily_summary_dag.py
[2026-10-05T17:56:21.365+0000] {processor.py:830} INFO - Processing file /opt/airflow/dags/daily_summary_dag.py for tasks to queue
[2026-10-05T17:56:21.366+0000] {logging_mixin.py:188} INFO - [2026-10-05T17:56:21.365+0000] {dagbag.py:545} INFO - Filling up the DagBag from /opt/airflow/dags/daily_summary_dag.py
[2026-10-05T17:56:21.379+0000] {processor.py:840} INFO - DAG(s) 'daily_summary_dag' retrieved from /opt/airflow/dags/daily_summary_dag.py
[2026-10-05T17:56:21.412+0000] {logging_mixin.py:188} INFO - [2026-10-05T17:56:21.411+0000] {dag.py:3089} INFO - Sync 1 DAGs
[2026-10-05T17:56:21.424+0000] {logging_mixin.py:188} INFO - [2026-10-05T17:56:21.424+0000] {dag.py:3947} INFO - Setting next_dagrun for daily_summary_dag to None, run_after=None
[2026-10-05T17:56:21.444+0000] {processor.py:183} INFO - Processing /opt/airflow/dags/daily_summary_dag.py took 0.087 seconds
[2026-10-05T17:56:21.896+0000] {processor.py:161} INFO - Started process (PID=1836) to work on /opt/airflow/dags/daily_summary_dag.py
[2026-10-05T17:56:21.898+0000] {processor.py:830} INFO - Processing file /opt/airflow/dags/daily_summary_dag.py for tasks to queue
[2026-10-05T17:56:21.899+0000] {logging_mixin.py:188} INFO - [2026-10-05T17:56:21.899+0000] {dagbag.py:545} INFO - Filling up the DagBag from /opt/airflow/dags/daily_summary_dag.py
[2026-10-05T17:56:21.913+0000] {processor.py:840} INFO - DAG(s) 'daily_summary_dag' retrieved from /opt/airflow/dags/daily_summary_dag.py
[2026-10-05T17:56:21.943+0000] {logging_mixin.py:188} INFO - [2026-10-05T17:56:21.943+0000] {dag.py:3089} INFO - Sync 1 DAGs
[2026-10-05T17:56:21.954+0000] {logging_mixin.py:188} INFO - [2026-10-05T17:56:21.954+0000] {dag.py:3947} INFO - Setting next_dagrun for daily_summary_dag to None, run_after=None
[2026-10-05T17:56:21.980+0000] {processor.py:183} INFO - Processing /opt/airflow/dags/daily_summary_dag.py took 0.090 seconds
[2026-10-05T17:56:49.515+0000] {processor.py:161} INFO - Started process (PID=1841) to work on /opt/airflow/dags/daily_summary_dag.py
[2026-10-05T17:56:49.517+0000] {processor.py:830} INFO - Processing file /opt/airflow/dags/daily_summary_dag.py for tasks to queue
[2026-10-05T17:56:49.520+0000] {logging_mixin.py:188} INFO - [2026-10-05T17:56:49.519+0000] {dagbag.py:545} INFO - Filling up the DagBag from /opt/airflow/dags/daily_summary_dag.py
[2026-10-05T17:56:49.539+0000] {processor.py:840} INFO - DAG(s) 'daily_summary_dag' retrieved from /opt/airflow/dags/daily_summary_dag.py
[2026-10-05T17:56:49.570+0000] {logging_mixin.py:188} INFO - [2026-10-05T17:56:49.570+0000] {dag.py:3089} INFO - Sync 1 DAGs
[2026-10-05T17:56:49.585+0000] {logging_mixin.py:188} INFO - [2026-10-05T17:56:49.585+0000] {dag.py:3947} INFO - Setting next_dagrun for daily_summary_dag to None, run_after=None
[2026-10-05T17:56:49.611+0000] {processor.py:183} INFO - Processing /opt/airflow/dags/daily_summary_dag.py took 0.101 seconds
[2026-10-05T17:56:51.615+0000] {processor.py:161} INFO - Started process (PID=1846) to work on /opt/airflow/dags/daily_summary_dag.py
[2026-10-05T17:56:51.616+0000] {processor.py:830} INFO - Processing file /opt/airflow/dags/daily_summary_dag.py for tasks to queue
[2026-10-05T17:56:51.618+0000] {logging_mixin.py:188} INFO - [2026-10-05T17:56:51.617+0000] {dagbag.py:545} INFO - Filling up the DagBag from /opt/airflow/dags/daily_summary_dag.py
[2026-10-05T17:56:51.630+0000] {processor.py:840} INFO - DAG(s) 'daily_summary_dag' retrieved from /opt/airflow/dags/daily_summary_dag.py
[2026-10-05T17:56:51.661+0000] {logging_mixin.py:188} INFO - [2026-10-05T17:56:51.661+0000] {dag.py:3089} INFO - Sync 1 DAGs
[2026-10-05T17:56:51.673+0000] {logging_mixin.py:188} INFO - [2026-10-05T17:56:51.673+0000] {dag.py:3947} INFO - Setting next_dagrun for daily_summary_dag to None, run_after=None
[2026-10-05T17:56:51.700+0000] {processor.py:183} INFO - Processing /opt/airflow/dags/daily_summary_dag.py took 0.090 seconds
[2026-10-05T17:56:52.126+0000] {processor.py:161} INFO - Started process (PID=1851) to work on /opt/airflow/dags/daily_summary_dag.py
[2026-10-05T17:56:52.127+0000] {processor.py:830} INFO - Processing file /opt/airflow/dags/daily_summary_dag.py for tasks to queue
[2026-10-05T17:56:52.128+0000] {logging_mixin.py:188} INFO - [2026-10-05T17:56:52.128+0000] {dagbag.py:545} INFO - Filling up the DagBag from /opt/airflow/dags/daily_summary_dag.py
[2026-10-05T17:56:52.143+0000] {processor.py:840} INFO - DAG(s) 'daily_summary_dag' retrieved from /opt/airflow/dags/daily_summary_dag.py
[2026-10-05T17:56:52.174+0000] {logging_mixin.py:188} INFO - [2026-10-05T17:56:52.174+0000] {dag.py:3089} INFO - Sync 1 DAGs
[2026-10-05T17:56:52.186+0000] {logging_mixin.py:188} INFO - [2026-10-05T17:56:52.185+0000] {dag.py:3947} INFO - Setting next_dagrun for daily_summary_dag to None, run_after=None
[2026-10-05T17:56:52.205+0000] {processor.py:183} INFO - Processing /opt/airflow/dags/daily_summary_dag.py took 0.085 seconds
[2026-10-05T17:57:19.745+0000] {processor.py:161} INFO - Started process (PID=1856) to work on /opt/airflow/dags/daily_summary_dag.py
[2026-10-05T17:57:19.746+0000] {processor.py:830} INFO - Processing file /opt/airflow/dags/daily_summary_dag.py for tasks to queue
[2026-10-05T17:57:19.747+0000] {logging_mixin.py:188} INFO - [2026-10-05T17:57:19.747+0000] {dagbag.py:545} INFO - Filling up the DagBag from /opt/airflow/dags/daily_summary_dag.py
[2026-10-05T17:57:19.770+0000] {processor.py:840} INFO - DAG(s) 'daily_summary_dag' retrieved from /opt/airflow/dags/daily_summary_dag.py
[2026-10-05T17:57:19.804+0000] {logging_mixin.py:188} INFO - [2026-10-05T17:57:19.803+0000] {dag.py:3089} INFO - Sync 1 DAGs
[2026-10-05T17:57:19.819+0000] {logging_mixin.py:188} INFO - [2026-10-05T17:57:19.818+0000] {dag.py:3947} INFO - Setting next_dagrun for daily_summary_dag to None, run_after=None
[2026-10-05T17:57:19.843+0000] {processor.py:183} INFO - Processing /opt/airflow/dags/daily_summary_dag.py took 0.104 seconds
[2026-10-05T17:57:21.798+0000] {processor.py:161} INFO - Started process (PID=1861) to work on /opt/airflow/dags/daily_summary_dag.py
[2026-10-05T17:57:21.799+0000] {processor.py:830} INFO - Processing file /opt/airflow/dags/daily_summary_dag.py for tasks to queue
[2026-10-05T17:57:21.800+0000] {logging_mixin.py:188} INFO - [2026-10-05T17:57:21.800+0000] {dagbag.py:545} INFO - Filling up the DagBag from /opt/airflow/dags/daily_summary_dag.py
[2026-10-05T17:57:21.816+0000] {processor.py:840} INFO - DAG(s) 'daily_summary_dag' retrieved from /opt/airflow/dags/daily_summary_dag.py
[2026-10-05T17:57:21.848+0000] {logging_mixin.py:188} INFO - [2026-10-05T17:57:21.848+0000] {dag.py:3089} INFO - Sync 1 DAGs
[2026-10-05T17:57:21.862+0000] {logging_mixin.py:188} INFO - [2026-10-05T17:57:21.862+0000] {dag.py:3947} INFO - Setting next_dagrun for daily_summary_dag to None, run_after=None
[2026-10-05T17:57:21.881+0000] {processor.py:183} INFO - Processing /opt/airflow/dags/daily_summary_dag.py took 0.089 seconds
[2026-10-05T17:57:22.335+0000] {processor.py:161} INFO - Started process (PID=1866) to work on /opt/airflow/dags/daily_summary_dag.py
[2026-10-05T17:57:22.336+0000] {processor.py:830} INFO - Processing file /opt/airflow/dags/daily_summary_dag.py for tasks to queue
[2026-10-05T17:57:22.338+0000] {logging_mixin.py:188} INFO - [2026-10-05T17:57:22.337+0000] {dagbag.py:545} INFO - Filling up the DagBag from /opt/airflow/dags/daily_summary_dag.py
[2026-10-05T17:57:22.351+0000] {processor.py:840} INFO - DAG(s) 'daily_summary_dag' retrieved from /opt/airflow/dags/daily_summary_dag.py
[2026-10-05T17:57:22.382+0000] {logging_mixin.py:188} INFO - [2026-10-05T17:57:22.382+0000] {dag.py:3089} INFO - Sync 1 DAGs
[2026-10-05T17:57:22.395+0000] {logging_mixin.py:188} INFO - [2026-10-05T17:57:22.394+0000] {dag.py:3947} INFO - Setting next_dagrun for daily_summary_dag to None, run_after=None
[2026-10-05T17:57:22.419+0000] {processor.py:183} INFO - Processing /opt/airflow/dags/daily_summary_dag.py took 0.089 seconds
[2026-10-05T17:57:50.008+0000] {processor.py:161} INFO - Started process (PID=1871) to work on /opt/airflow/dags/daily_summary_dag.py
[2026-10-05T17:57:50.010+0000] {processor.py:830} INFO - Processing file /opt/airflow/dags/daily_summary_dag.py for tasks to queue
[2026-10-05T17:57:50.012+0000] {logging_mixin.py:188} INFO - [2026-10-05T17:57:50.011+0000] {dagbag.py:545} INFO - Filling up the DagBag from /opt/airflow/dags/daily_summary_dag.py
[2026-10-05T17:57:50.029+0000] {processor.py:840} INFO - DAG(s) 'daily_summary_dag' retrieved from /opt/airflow/dags/daily_summary_dag.py
[2026-10-05T17:57:50.062+0000] {logging_mixin.py:188} INFO - [2026-10-05T17:57:50.062+0000] {dag.py:3089} INFO - Sync 1 DAGs
[2026-10-05T17:57:50.076+0000] {logging_mixin.py:188} INFO - [2026-10-05T17:57:50.075+0000] {dag.py:3947} INFO - Setting next_dagrun for daily_summary_dag to None, run_after=None
[2026-10-05T17:57:50.101+0000] {processor.py:183} INFO - Processing /opt/airflow/dags/daily_summary_dag.py took 0.105 seconds
[2026-10-05T17:57:52.064+0000] {processor.py:161} INFO - Started process (PID=1876) to work on /opt/airflow/dags/daily_summary_dag.py
[2026-10-05T17:57:52.065+0000] {processor.py:830} INFO - Processing file /opt/airflow/dags/daily_summary_dag.py for tasks to queue
[2026-10-05T17:57:52.066+0000] {logging_mixin.py:188} INFO - [2026-10-05T17:57:52.066+0000] {dagbag.py:545} INFO - Filling up the DagBag from /opt/airflow/dags/daily_summary_dag.py
[2026-10-05T17:57:52.079+0000] {processor.py:840} INFO - DAG(s) 'daily_summary_dag' retrieved from /opt/airflow/dags/daily_summary_dag.py
[2026-10-05T17:57:52.110+0000] {logging_mixin.py:188} INFO - [2026-10-05T17:57:52.110+0000] {dag.py:3089} INFO - Sync 1 DAGs
[2026-10-05T17:57:52.123+0000] {logging_mixin.py:188} INFO - [2026-10-05T17:57:52.122+0000] {dag.py:3947} INFO - Setting next_dagrun for daily_summary_dag to None, run_after=None
[2026-10-05T17:57:52.146+0000] {processor.py:183} INFO - Processing /opt/airflow/dags/daily_summary_dag.py took 0.089 seconds
[2026-10-05T17:57:52.564+0000] {processor.py:161} INFO - Started process (PID=1881) to work on /opt/airflow/dags/daily_summary_dag.py
[2026-10-05T17:57:52.564+0000] {processor.py:830} INFO - Processing file /opt/airflow/dags/daily_summary_dag.py for tasks to queue
[2026-10-05T17:57:52.565+0000] {logging_mixin.py:188} INFO - [2026-10-05T17:57:52.565+0000] {dagbag.py:545} INFO - Filling up the DagBag from /opt/airflow/dags/daily_summary_dag.py
[2026-10-05T17:57:52.580+0000] {processor.py:840} INFO - DAG(s) 'daily_summary_dag' retrieved from /opt/airflow/dags/daily_summary_dag.py
[2026-10-05T17:57:52.611+0000] {logging_mixin.py:188} INFO - [2026-10-05T17:57:52.611+0000] {dag.py:3089} INFO - Sync 1 DAGs
[2026-10-05T17:57:52.623+0000] {logging_mixin.py:188} INFO - [2026-10-05T17:57:52.623+0000] {dag.py:3947} INFO - Setting next_dagrun for daily_summary_dag to None, run_after=None
[2026-10-05T17:57:52.645+0000] {processor.py:183} INFO - Processing /opt/airflow/dags/daily_summary_dag.py took 0.087 seconds
[2026-10-05T17:58:20.218+0000] {processor.py:161} INFO - Started process (PID=1886) to work on /opt/airflow/dags/daily_summary_dag.py
[2026-10-05T17:58:20.219+0000] {processor.py:830} INFO - Processing file /opt/airflow/dags/daily_summary_dag.py for tasks to queue
[2026-10-05T17:58:20.221+0000] {logging_mixin.py:188} INFO - [2026-10-05T17:58:20.220+0000] {dagbag.py:545} INFO - Filling up the DagBag from /opt/airflow/dags/daily_summary_dag.py
[2026-10-05T17:58:20.239+0000] {processor.py:840} INFO - DAG(s) 'daily_summary_dag' retrieved from /opt/airflow/dags/daily_summary_dag.py
[2026-10-05T17:58:20.270+0000] {logging_mixin.py:188} INFO - [2026-10-05T17:58:20.270+0000] {dag.py:3089} INFO - Sync 1 DAGs
[2026-10-05T17:58:20.284+0000] {logging_mixin.py:188} INFO - [2026-10-05T17:58:20.284+0000] {dag.py:3947} INFO - Setting next_dagrun for daily_summary_dag to None, run_after=None
[2026-10-05T17:58:20.306+0000] {processor.py:183} INFO - Processing /opt/airflow/dags/daily_summary_dag.py took 0.094 seconds
[2026-10-05T17:58:22.244+0000] {processor.py:161} INFO - Started process (PID=1891) to work on /opt/airflow/dags/daily_summary_dag.py
[2026-10-05T17:58:22.245+0000] {processor.py:830} INFO - Processing file /opt/airflow/dags/daily_summary_dag.py for tasks to queue
[2026-10-05T17:58:22.247+0000] {logging_mixin.py:188} INFO - [2026-10-05T17:58:22.246+0000] {dagbag.py:545} INFO - Filling up the DagBag from /opt/airflow/dags/daily_summary_dag.py
[2026-10-05T17:58:22.260+0000] {processor.py:840} INFO - DAG(s) 'daily_summary_dag' retrieved from /opt/airflow/dags/daily_summary_dag.py
[2026-10-05T17:58:22.293+0000] {logging_mixin.py:188} INFO - [2026-10-05T17:58:22.293+0000] {dag.py:3089} INFO - Sync 1 DAGs
[2026-10-05T17:58:22.305+0000] {logging_mixin.py:188} INFO - [2026-10-05T17:58:22.304+0000] {dag.py:3947} INFO - Setting next_dagrun for daily_summary_dag to None, run_after=None
[2026-10-05T17:58:22.327+0000] {processor.py:183} INFO - Processing /opt/airflow/dags/daily_summary_dag.py took 0.089 seconds
[2026-10-05T17:58:22.777+0000] {processor.py:161} INFO - Started process (PID=1896) to work on /opt/airflow/dags/daily_summary_dag.py
[2026-10-05T17:58:22.779+0000] {processor.py:830} INFO - Processing file /opt/airflow/dags/daily_summary_dag.py for tasks to queue
[2026-10-05T17:58:22.780+0000] {logging_mixin.py:188} INFO - [2026-10-05T17:58:22.779+0000] {dagbag.py:545} INFO - Filling up the DagBag from /opt/airflow/dags/daily_summary_dag.py
[2026-10-05T17:58:22.793+0000] {processor.py:840} INFO - DAG(s) 'daily_summary_dag' retrieved from /opt/airflow/dags/daily_summary_dag.py
[2026-10-05T17:58:22.823+0000] {logging_mixin.py:188} INFO - [2026-10-05T17:58:22.822+0000] {dag.py:3089} INFO - Sync 1 DAGs
[2026-10-05T17:58:22.834+0000] {logging_mixin.py:188} INFO - [2026-10-05T17:58:22.834+0000] {dag.py:3947} INFO - Setting next_dagrun for daily_summary_dag to None, run_after=None
[2026-10-05T17:58:22.858+0000] {processor.py:183} INFO - Processing /opt/airflow/dags/daily_summary_dag.py took 0.086 seconds
[2026-10-05T17:58:50.461+0000] {processor.py:161} INFO - Started process (PID=1901) to work on /opt/airflow/dags/daily_summary_dag.py
[2026-10-05T17:58:50.462+0000] {processor.py:830} INFO - Processing file /opt/airflow/dags/daily_summary_dag.py for tasks to queue
[2026-10-05T17:58:50.463+0000] {logging_mixin.py:188} INFO - [2026-10-05T17:58:50.462+0000] {dagbag.py:545} INFO - Filling up the DagBag from /opt/airflow/dags/daily_summary_dag.py
[2026-10-05T17:58:50.482+0000] {processor.py:840} INFO - DAG(s) 'daily_summary_dag' retrieved from /opt/airflow/dags/daily_summary_dag.py
[2026-10-05T17:58:50.513+0000] {logging_mixin.py:188} INFO - [2026-10-05T17:58:50.513+0000] {dag.py:3089} INFO - Sync 1 DAGs
[2026-10-05T17:58:50.527+0000] {logging_mixin.py:188} INFO - [2026-10-05T17:58:50.527+0000] {dag.py:3947} INFO - Setting next_dagrun for daily_summary_dag to None, run_after=None
[2026-10-05T17:58:50.550+0000] {processor.py:183} INFO - Processing /opt/airflow/dags/daily_summary_dag.py took 0.096 seconds
[2026-10-05T17:58:52.507+0000] {processor.py:161} INFO - Started process (PID=1906) to work on /opt/airflow/dags/daily_summary_dag.py
[2026-10-05T17:58:52.508+0000] {processor.py:830} INFO - Processing file /opt/airflow/dags/daily_summary_dag.py for tasks to queue
[2026-10-05T17:58:52.509+0000] {logging_mixin.py:188} INFO - [2026-10-05T17:58:52.509+0000] {dagbag.py:545} INFO - Filling up the DagBag from /opt/airflow/dags/daily_summary_dag.py
[2026-10-05T17:58:52.523+0000] {processor.py:840} INFO - DAG(s) 'daily_summary_dag' retrieved from /opt/airflow/dags/daily_summary_dag.py
[2026-10-05T17:58:52.552+0000] {logging_mixin.py:188} INFO - [2026-10-05T17:58:52.552+0000] {dag.py:3089} INFO - Sync 1 DAGs
[2026-10-05T17:58:52.564+0000] {logging_mixin.py:188} INFO - [2026-10-05T17:58:52.563+0000] {dag.py:3947} INFO - Setting next_dagrun for daily_summary_dag to None, run_after=None
[2026-10-05T17:58:52.583+0000] {processor.py:183} INFO - Processing /opt/airflow/dags/daily_summary_dag.py took 0.082 seconds
[2026-10-05T17:58:53.001+0000] {processor.py:161} INFO - Started process (PID=1911) to work on /opt/airflow/dags/daily_summary_dag.py
[2026-10-05T17:58:53.002+0000] {processor.py:830} INFO - Processing file /opt/airflow/dags/daily_summary_dag.py for tasks to queue
[2026-10-05T17:58:53.004+0000] {logging_mixin.py:188} INFO - [2026-10-05T17:58:53.003+0000] {dagbag.py:545} INFO - Filling up the DagBag from /opt/airflow/dags/daily_summary_dag.py
[2026-10-05T17:58:53.017+0000] {processor.py:840} INFO - DAG(s) 'daily_summary_dag' retrieved from /opt/airflow/dags/daily_summary_dag.py
[2026-10-05T17:58:53.048+0000] {logging_mixin.py:188} INFO - [2026-10-05T17:58:53.048+0000] {dag.py:3089} INFO - Sync 1 DAGs
[2026-10-05T17:58:53.060+0000] {logging_mixin.py:188} INFO - [2026-10-05T17:58:53.060+0000] {dag.py:3947} INFO - Setting next_dagrun for daily_summary_dag to None, run_after=None
[2026-10-05T17:58:53.083+0000] {processor.py:183} INFO - Processing /opt/airflow/dags/daily_summary_dag.py took 0.088 seconds
[2026-10-05T17:59:20.659+0000] {processor.py:161} INFO - Started process (PID=1916) to work on /opt/airflow/dags/daily_summary_dag.py
[2026-10-05T17:59:20.660+0000] {processor.py:830} INFO - Processing file /opt/airflow/dags/daily_summary_dag.py for tasks to queue
[2026-10-05T17:59:20.661+0000] {logging_mixin.py:188} INFO - [2026-10-05T17:59:20.661+0000] {dagbag.py:545} INFO - Filling up the DagBag from /opt/airflow/dags/daily_summary_dag.py
[2026-10-05T17:59:20.684+0000] {processor.py:840} INFO - DAG(s) 'daily_summary_dag' retrieved from /opt/airflow/dags/daily_summary_dag.py
[2026-10-05T17:59:20.722+0000] {logging_mixin.py:188} INFO - [2026-10-05T17:59:20.721+0000] {dag.py:3089} INFO - Sync 1 DAGs
[2026-10-05T17:59:20.738+0000] {logging_mixin.py:188} INFO - [2026-10-05T17:59:20.738+0000] {dag.py:3947} INFO - Setting next_dagrun for daily_summary_dag to None, run_after=None
[2026-10-05T17:59:20.763+0000] {processor.py:183} INFO - Processing /opt/airflow/dags/daily_summary_dag.py took 0.111 seconds
[2026-10-05T17:59:22.693+0000] {processor.py:161} INFO - Started process (PID=1921) to work on /opt/airflow/dags/daily_summary_dag.py
[2026-10-05T17:59:22.694+0000] {processor.py:830} INFO - Processing file /opt/airflow/dags/daily_summary_dag.py for tasks to queue
[2026-10-05T17:59:22.695+0000] {logging_mixin.py:188} INFO - [2026-10-05T17:59:22.695+0000] {dagbag.py:545} INFO - Filling up the DagBag from /opt/airflow/dags/daily_summary_dag.py
[2026-10-05T17:59:22.710+0000] {processor.py:840} INFO - DAG(s) 'daily_summary_dag' retrieved from /opt/airflow/dags/daily_summary_dag.py
[2026-10-05T17:59:22.743+0000] {logging_mixin.py:188} INFO - [2026-10-05T17:59:22.743+0000] {dag.py:3089} INFO - Sync 1 DAGs
[2026-10-05T17:59:22.757+0000] {logging_mixin.py:188} INFO - [2026-10-05T17:59:22.756+0000] {dag.py:3947} INFO - Setting next_dagrun for daily_summary_dag to None, run_after=None
[2026-10-05T17:59:22.780+0000] {processor.py:183} INFO - Processing /opt/airflow/dags/daily_summary_dag.py took 0.093 seconds
[2026-10-05T17:59:23.221+0000] {processor.py:161} INFO - Started process (PID=1926) to work on /opt/airflow/dags/daily_summary_dag.py
[2026-10-05T17:59:23.222+0000] {processor.py:830} INFO - Processing file /opt/airflow/dags/daily_summary_dag.py for tasks to queue
[2026-10-05T17:59:23.223+0000] {logging_mixin.py:188} INFO - [2026-10-05T17:59:23.223+0000] {dagbag.py:545} INFO - Filling up the DagBag from /opt/airflow/dags/daily_summary_dag.py
[2026-10-05T17:59:23.238+0000] {processor.py:840} INFO - DAG(s) 'daily_summary_dag' retrieved from /opt/airflow/dags/daily_summary_dag.py
[2026-10-05T17:59:23.268+0000] {logging_mixin.py:188} INFO - [2026-10-05T17:59:23.268+0000] {dag.py:3089} INFO - Sync 1 DAGs
[2026-10-05T17:59:23.283+0000] {logging_mixin.py:188} INFO - [2026-10-05T17:59:23.283+0000] {dag.py:3947} INFO - Setting next_dagrun for daily_summary_dag to None, run_after=None
[2026-10-05T17:59:23.305+0000] {processor.py:183} INFO - Processing /opt/airflow/dags/daily_summary_dag.py took 0.090 seconds
[2026-10-05T17:59:50.906+0000] {processor.py:161} INFO - Started process (PID=1931) to work on /opt/airflow/dags/daily_summary_dag.py
[2026-10-05T17:59:50.907+0000] {processor.py:830} INFO - Processing file /opt/airflow/dags/daily_summary_dag.py for tasks to queue
[2026-10-05T17:59:50.909+0000] {logging_mixin.py:188} INFO - [2026-10-05T17:59:50.909+0000] {dagbag.py:545} INFO - Filling up the DagBag from /opt/airflow/dags/daily_summary_dag.py
[2026-10-05T17:59:50.928+0000] {processor.py:840} INFO - DAG(s) 'daily_summary_dag' retrieved from /opt/airflow/dags/daily_summary_dag.py
[2026-10-05T17:59:50.958+0000] {logging_mixin.py:188} INFO - [2026-10-05T17:59:50.958+0000] {dag.py:3089} INFO - Sync 1 DAGs
[2026-10-05T17:59:50.972+0000] {logging_mixin.py:188} INFO - [2026-10-05T17:59:50.972+0000] {dag.py:3947} INFO - Setting next_dagrun for daily_summary_dag to None, run_after=None
[2026-10-05T17:59:50.995+0000] {processor.py:183} INFO - Processing /opt/airflow/dags/daily_summary_dag.py took 0.095 seconds
[2026-10-05T17:59:52.936+0000] {processor.py:161} INFO - Started process (PID=1936) to work on /opt/airflow/dags/daily_summary_dag.py
[2026-10-05T17:59:52.937+0000] {processor.py:830} INFO - Processing file /opt/airflow/dags/daily_summary_dag.py for tasks to queue
[2026-10-05T17:59:52.938+0000] {logging_mixin.py:188} INFO - [2026-10-05T17:59:52.938+0000] {dagbag.py:545} INFO - Filling up the DagBag from /opt/airflow/dags/daily_summary_dag.py
[2026-10-05T17:59:52.955+0000] {processor.py:840} INFO - DAG(s) 'daily_summary_dag' retrieved from /opt/airflow/dags/daily_summary_dag.py
[2026-10-05T17:59:52.985+0000] {logging_mixin.py:188} INFO - [2026-10-05T17:59:52.985+0000] {dag.py:3089} INFO - Sync 1 DAGs
[2026-10-05T17:59:52.997+0000] {logging_mixin.py:188} INFO - [2026-10-05T17:59:52.997+0000] {dag.py:3947} INFO - Setting next_dagrun for daily_summary_dag to None, run_after=None
[2026-10-05T17:59:53.019+0000] {processor.py:183} INFO - Processing /opt/airflow/dags/daily_summary_dag.py took 0.088 seconds
[2026-10-05T17:59:53.441+0000] {processor.py:161} INFO - Started process (PID=1941) to work on /opt/airflow/dags/daily_summary_dag.py
[2026-10-05T17:59:53.442+0000] {processor.py:830} INFO - Processing file /opt/airflow/dags/daily_summary_dag.py for tasks to queue
[2026-10-05T17:59:53.444+0000] {logging_mixin.py:188} INFO - [2026-10-05T17:59:53.443+0000] {dagbag.py:545} INFO - Filling up the DagBag from /opt/airflow/dags/daily_summary_dag.py
[2026-10-05T17:59:53.457+0000] {processor.py:840} INFO - DAG(s) 'daily_summary_dag' retrieved from /opt/airflow/dags/daily_summary_dag.py
[2026-10-05T17:59:53.487+0000] {logging_mixin.py:188} INFO - [2026-10-05T17:59:53.487+0000] {dag.py:3089} INFO - Sync 1 DAGs
[2026-10-05T17:59:53.498+0000] {logging_mixin.py:188} INFO - [2026-10-05T17:59:53.498+0000] {dag.py:3947} INFO - Setting next_dagrun for daily_summary_dag to None, run_after=None
[2026-10-05T17:59:53.520+0000] {processor.py:183} INFO - Processing /opt/airflow/dags/daily_summary_dag.py took 0.084 seconds
[2026-10-05T18:00:21.115+0000] {processor.py:161} INFO - Started process (PID=1946) to work on /opt/airflow/dags/daily_summary_dag.py
[2026-10-05T18:00:21.116+0000] {processor.py:830} INFO - Processing file /opt/airflow/dags/daily_summary_dag.py for tasks to queue
[2026-10-05T18:00:21.118+0000] {logging_mixin.py:188} INFO - [2026-10-05T18:00:21.117+0000] {dagbag.py:545} INFO - Filling up the DagBag from /opt/airflow/dags/daily_summary_dag.py
[2026-10-05T18:00:21.136+0000] {processor.py:840} INFO - DAG(s) 'daily_summary_dag' retrieved from /opt/airflow/dags/daily_summary_dag.py
[2026-10-05T18:00:21.169+0000] {logging_mixin.py:188} INFO - [2026-10-05T18:00:21.169+0000] {dag.py:3089} INFO - Sync 1 DAGs
[2026-10-05T18:00:21.182+0000] {logging_mixin.py:188} INFO - [2026-10-05T18:00:21.182+0000] {dag.py:3947} INFO - Setting next_dagrun for daily_summary_dag to None, run_after=None
[2026-10-05T18:00:21.207+0000] {processor.py:183} INFO - Processing /opt/airflow/dags/daily_summary_dag.py took 0.099 seconds
[2026-10-05T18:00:23.124+0000] {processor.py:161} INFO - Started process (PID=1951) to work on /opt/airflow/dags/daily_summary_dag.py
[2026-10-05T18:00:23.126+0000] {processor.py:830} INFO - Processing file /opt/airflow/dags/daily_summary_dag.py for tasks to queue
[2026-10-05T18:00:23.127+0000] {logging_mixin.py:188} INFO - [2026-10-05T18:00:23.126+0000] {dagbag.py:545} INFO - Filling up the DagBag from /opt/airflow/dags/daily_summary_dag.py
[2026-10-05T18:00:23.141+0000] {processor.py:840} INFO - DAG(s) 'daily_summary_dag' retrieved from /opt/airflow/dags/daily_summary_dag.py
[2026-10-05T18:00:23.175+0000] {logging_mixin.py:188} INFO - [2026-10-05T18:00:23.174+0000] {dag.py:3089} INFO - Sync 1 DAGs
[2026-10-05T18:00:23.189+0000] {logging_mixin.py:188} INFO - [2026-10-05T18:00:23.188+0000] {dag.py:3947} INFO - Setting next_dagrun for daily_summary_dag to None, run_after=None
[2026-10-05T18:00:23.209+0000] {processor.py:183} INFO - Processing /opt/airflow/dags/daily_summary_dag.py took 0.091 seconds
[2026-10-05T18:00:23.674+0000] {processor.py:161} INFO - Started process (PID=1956) to work on /opt/airflow/dags/daily_summary_dag.py
[2026-10-05T18:00:23.675+0000] {processor.py:830} INFO - Processing file /opt/airflow/dags/daily_summary_dag.py for tasks to queue
[2026-10-05T18:00:23.676+0000] {logging_mixin.py:188} INFO - [2026-10-05T18:00:23.676+0000] {dagbag.py:545} INFO - Filling up the DagBag from /opt/airflow/dags/daily_summary_dag.py
[2026-10-05T18:00:23.691+0000] {processor.py:840} INFO - DAG(s) 'daily_summary_dag' retrieved from /opt/airflow/dags/daily_summary_dag.py
[2026-10-05T18:00:23.724+0000] {logging_mixin.py:188} INFO - [2026-10-05T18:00:23.724+0000] {dag.py:3089} INFO - Sync 1 DAGs
[2026-10-05T18:00:23.736+0000] {logging_mixin.py:188} INFO - [2026-10-05T18:00:23.736+0000] {dag.py:3947} INFO - Setting next_dagrun for daily_summary_dag to None, run_after=None
[2026-10-05T18:00:23.759+0000] {processor.py:183} INFO - Processing /opt/airflow/dags/daily_summary_dag.py took 0.091 seconds
[2026-10-05T18:00:51.359+0000] {processor.py:161} INFO - Started process (PID=1961) to work on /opt/airflow/dags/daily_summary_dag.py
[2026-10-05T18:00:51.360+0000] {processor.py:830} INFO - Processing file /opt/airflow/dags/daily_summary_dag.py for tasks to queue
[2026-10-05T18:00:51.361+0000] {logging_mixin.py:188} INFO - [2026-10-05T18:00:51.360+0000] {dagbag.py:545} INFO - Filling up the DagBag from /opt/airflow/dags/daily_summary_dag.py
[2026-10-05T18:00:51.378+0000] {processor.py:840} INFO - DAG(s) 'daily_summary_dag' retrieved from /opt/airflow/dags/daily_summary_dag.py
[2026-10-05T18:00:51.411+0000] {logging_mixin.py:188} INFO - [2026-10-05T18:00:51.410+0000] {dag.py:3089} INFO - Sync 1 DAGs
[2026-10-05T18:00:51.425+0000] {logging_mixin.py:188} INFO - [2026-10-05T18:00:51.424+0000] {dag.py:3947} INFO - Setting next_dagrun for daily_summary_dag to None, run_after=None
[2026-10-05T18:00:51.449+0000] {processor.py:183} INFO - Processing /opt/airflow/dags/daily_summary_dag.py took 0.098 seconds
[2026-10-05T18:00:53.417+0000] {processor.py:161} INFO - Started process (PID=1966) to work on /opt/airflow/dags/daily_summary_dag.py
[2026-10-05T18:00:53.418+0000] {processor.py:830} INFO - Processing file /opt/airflow/dags/daily_summary_dag.py for tasks to queue
[2026-10-05T18:00:53.420+0000] {logging_mixin.py:188} INFO - [2026-10-05T18:00:53.419+0000] {dagbag.py:545} INFO - Filling up the DagBag from /opt/airflow/dags/daily_summary_dag.py
[2026-10-05T18:00:53.433+0000] {processor.py:840} INFO - DAG(s) 'daily_summary_dag' retrieved from /opt/airflow/dags/daily_summary_dag.py
[2026-10-05T18:00:53.462+0000] {logging_mixin.py:188} INFO - [2026-10-05T18:00:53.462+0000] {dag.py:3089} INFO - Sync 1 DAGs
[2026-10-05T18:00:53.474+0000] {logging_mixin.py:188} INFO - [2026-10-05T18:00:53.474+0000] {dag.py:3947} INFO - Setting next_dagrun for daily_summary_dag to None, run_after=None
[2026-10-05T18:00:53.494+0000] {processor.py:183} INFO - Processing /opt/airflow/dags/daily_summary_dag.py took 0.082 seconds
[2026-10-05T18:00:53.930+0000] {processor.py:161} INFO - Started process (PID=1971) to work on /opt/airflow/dags/daily_summary_dag.py
[2026-10-05T18:00:53.931+0000] {processor.py:830} INFO - Processing file /opt/airflow/dags/daily_summary_dag.py for tasks to queue
[2026-10-05T18:00:53.932+0000] {logging_mixin.py:188} INFO - [2026-10-05T18:00:53.931+0000] {dagbag.py:545} INFO - Filling up the DagBag from /opt/airflow/dags/daily_summary_dag.py
[2026-10-05T18:00:53.946+0000] {processor.py:840} INFO - DAG(s) 'daily_summary_dag' retrieved from /opt/airflow/dags/daily_summary_dag.py
[2026-10-05T18:00:53.977+0000] {logging_mixin.py:188} INFO - [2026-10-05T18:00:53.977+0000] {dag.py:3089} INFO - Sync 1 DAGs
[2026-10-05T18:00:53.991+0000] {logging_mixin.py:188} INFO - [2026-10-05T18:00:53.990+0000] {dag.py:3947} INFO - Setting next_dagrun for daily_summary_dag to None, run_after=None
[2026-10-05T18:00:54.013+0000] {processor.py:183} INFO - Processing /opt/airflow/dags/daily_summary_dag.py took 0.088 seconds
[2026-10-05T18:01:21.561+0000] {processor.py:161} INFO - Started process (PID=1976) to work on /opt/airflow/dags/daily_summary_dag.py
[2026-10-05T18:01:21.562+0000] {processor.py:830} INFO - Processing file /opt/airflow/dags/daily_summary_dag.py for tasks to queue
[2026-10-05T18:01:21.563+0000] {logging_mixin.py:188} INFO - [2026-10-05T18:01:21.563+0000] {dagbag.py:545} INFO - Filling up the DagBag from /opt/airflow/dags/daily_summary_dag.py
[2026-10-05T18:01:21.580+0000] {processor.py:840} INFO - DAG(s) 'daily_summary_dag' retrieved from /opt/airflow/dags/daily_summary_dag.py
[2026-10-05T18:01:21.614+0000] {logging_mixin.py:188} INFO - [2026-10-05T18:01:21.614+0000] {dag.py:3089} INFO - Sync 1 DAGs
[2026-10-05T18:01:21.628+0000] {logging_mixin.py:188} INFO - [2026-10-05T18:01:21.628+0000] {dag.py:3947} INFO - Setting next_dagrun for daily_summary_dag to None, run_after=None
[2026-10-05T18:01:21.654+0000] {processor.py:183} INFO - Processing /opt/airflow/dags/daily_summary_dag.py took 0.100 seconds
[2026-10-05T18:01:23.609+0000] {processor.py:161} INFO - Started process (PID=1981) to work on /opt/airflow/dags/daily_summary_dag.py
[2026-10-05T18:01:23.610+0000] {processor.py:830} INFO - Processing file /opt/airflow/dags/daily_summary_dag.py for tasks to queue
[2026-10-05T18:01:23.612+0000] {logging_mixin.py:188} INFO - [2026-10-05T18:01:23.611+0000] {dagbag.py:545} INFO - Filling up the DagBag from /opt/airflow/dags/daily_summary_dag.py
[2026-10-05T18:01:23.625+0000] {processor.py:840} INFO - DAG(s) 'daily_summary_dag' retrieved from /opt/airflow/dags/daily_summary_dag.py
[2026-10-05T18:01:23.657+0000] {logging_mixin.py:188} INFO - [2026-10-05T18:01:23.656+0000] {dag.py:3089} INFO - Sync 1 DAGs
[2026-10-05T18:01:23.668+0000] {logging_mixin.py:188} INFO - [2026-10-05T18:01:23.668+0000] {dag.py:3947} INFO - Setting next_dagrun for daily_summary_dag to None, run_after=None
[2026-10-05T18:01:23.690+0000] {processor.py:183} INFO - Processing /opt/airflow/dags/daily_summary_dag.py took 0.087 seconds
[2026-10-05T18:01:24.121+0000] {processor.py:161} INFO - Started process (PID=1986) to work on /opt/airflow/dags/daily_summary_dag.py
[2026-10-05T18:01:24.122+0000] {processor.py:830} INFO - Processing file /opt/airflow/dags/daily_summary_dag.py for tasks to queue
[2026-10-05T18:01:24.123+0000] {logging_mixin.py:188} INFO - [2026-10-05T18:01:24.123+0000] {dagbag.py:545} INFO - Filling up the DagBag from /opt/airflow/dags/daily_summary_dag.py
[2026-10-05T18:01:24.138+0000] {processor.py:840} INFO - DAG(s) 'daily_summary_dag' retrieved from /opt/airflow/dags/daily_summary_dag.py
[2026-10-05T18:01:24.170+0000] {logging_mixin.py:188} INFO - [2026-10-05T18:01:24.170+0000] {dag.py:3089} INFO - Sync 1 DAGs
[2026-10-05T18:01:24.182+0000] {logging_mixin.py:188} INFO - [2026-10-05T18:01:24.181+0000] {dag.py:3947} INFO - Setting next_dagrun for daily_summary_dag to None, run_after=None
[2026-10-05T18:01:24.209+0000] {processor.py:183} INFO - Processing /opt/airflow/dags/daily_summary_dag.py took 0.094 seconds
[2026-10-05T18:01:51.813+0000] {processor.py:161} INFO - Started process (PID=1991) to work on /opt/airflow/dags/daily_summary_dag.py
[2026-10-05T18:01:51.814+0000] {processor.py:830} INFO - Processing file /opt/airflow/dags/daily_summary_dag.py for tasks to queue
[2026-10-05T18:01:51.816+0000] {logging_mixin.py:188} INFO - [2026-10-05T18:01:51.815+0000] {dagbag.py:545} INFO - Filling up the DagBag from /opt/airflow/dags/daily_summary_dag.py
[2026-10-05T18:01:51.836+0000] {processor.py:840} INFO - DAG(s) 'daily_summary_dag' retrieved from /opt/airflow/dags/daily_summary_dag.py
[2026-10-05T18:01:51.871+0000] {logging_mixin.py:188} INFO - [2026-10-05T18:01:51.870+0000] {dag.py:3089} INFO - Sync 1 DAGs
[2026-10-05T18:01:51.895+0000] {logging_mixin.py:188} INFO - [2026-10-05T18:01:51.894+0000] {dag.py:3947} INFO - Setting next_dagrun for daily_summary_dag to None, run_after=None
[2026-10-05T18:01:51.935+0000] {processor.py:183} INFO - Processing /opt/airflow/dags/daily_summary_dag.py took 0.129 seconds
[2026-10-05T18:01:53.868+0000] {processor.py:161} INFO - Started process (PID=1996) to work on /opt/airflow/dags/daily_summary_dag.py
[2026-10-05T18:01:53.870+0000] {processor.py:830} INFO - Processing file /opt/airflow/dags/daily_summary_dag.py for tasks to queue
[2026-10-05T18:01:53.871+0000] {logging_mixin.py:188} INFO - [2026-10-05T18:01:53.871+0000] {dagbag.py:545} INFO - Filling up the DagBag from /opt/airflow/dags/daily_summary_dag.py
[2026-10-05T18:01:53.889+0000] {processor.py:840} INFO - DAG(s) 'daily_summary_dag' retrieved from /opt/airflow/dags/daily_summary_dag.py
[2026-10-05T18:01:53.942+0000] {logging_mixin.py:188} INFO - [2026-10-05T18:01:53.942+0000] {dag.py:3089} INFO - Sync 1 DAGs
[2026-10-05T18:01:53.981+0000] {logging_mixin.py:188} INFO - [2026-10-05T18:01:53.981+0000] {dag.py:3947} INFO - Setting next_dagrun for daily_summary_dag to None, run_after=None
[2026-10-05T18:01:54.019+0000] {processor.py:183} INFO - Processing /opt/airflow/dags/daily_summary_dag.py took 0.158 seconds
[2026-10-05T18:01:54.444+0000] {processor.py:161} INFO - Started process (PID=2001) to work on /opt/airflow/dags/daily_summary_dag.py
[2026-10-05T18:01:54.447+0000] {processor.py:830} INFO - Processing file /opt/airflow/dags/daily_summary_dag.py for tasks to queue
[2026-10-05T18:01:54.449+0000] {logging_mixin.py:188} INFO - [2026-10-05T18:01:54.449+0000] {dagbag.py:545} INFO - Filling up the DagBag from /opt/airflow/dags/daily_summary_dag.py
[2026-10-05T18:01:54.473+0000] {processor.py:840} INFO - DAG(s) 'daily_summary_dag' retrieved from /opt/airflow/dags/daily_summary_dag.py
[2026-10-05T18:01:54.529+0000] {logging_mixin.py:188} INFO - [2026-10-05T18:01:54.529+0000] {dag.py:3089} INFO - Sync 1 DAGs
[2026-10-05T18:01:54.547+0000] {logging_mixin.py:188} INFO - [2026-10-05T18:01:54.547+0000] {dag.py:3947} INFO - Setting next_dagrun for daily_summary_dag to None, run_after=None
[2026-10-05T18:01:54.585+0000] {processor.py:183} INFO - Processing /opt/airflow/dags/daily_summary_dag.py took 0.155 seconds
[2026-10-05T18:02:22.022+0000] {processor.py:161} INFO - Started process (PID=2006) to work on /opt/airflow/dags/daily_summary_dag.py
[2026-10-05T18:02:22.023+0000] {processor.py:830} INFO - Processing file /opt/airflow/dags/daily_summary_dag.py for tasks to queue
[2026-10-05T18:02:22.024+0000] {logging_mixin.py:188} INFO - [2026-10-05T18:02:22.024+0000] {dagbag.py:545} INFO - Filling up the DagBag from /opt/airflow/dags/daily_summary_dag.py
[2026-10-05T18:02:22.046+0000] {processor.py:840} INFO - DAG(s) 'daily_summary_dag' retrieved from /opt/airflow/dags/daily_summary_dag.py
[2026-10-05T18:02:22.082+0000] {logging_mixin.py:188} INFO - [2026-10-05T18:02:22.081+0000] {dag.py:3089} INFO - Sync 1 DAGs
[2026-10-05T18:02:22.098+0000] {logging_mixin.py:188} INFO - [2026-10-05T18:02:22.098+0000] {dag.py:3947} INFO - Setting next_dagrun for daily_summary_dag to None, run_after=None
[2026-10-05T18:02:22.123+0000] {processor.py:183} INFO - Processing /opt/airflow/dags/daily_summary_dag.py took 0.108 seconds
[2026-10-05T18:02:24.219+0000] {processor.py:161} INFO - Started process (PID=2011) to work on /opt/airflow/dags/daily_summary_dag.py
[2026-10-05T18:02:24.221+0000] {processor.py:830} INFO - Processing file /opt/airflow/dags/daily_summary_dag.py for tasks to queue
[2026-10-05T18:02:24.222+0000] {logging_mixin.py:188} INFO - [2026-10-05T18:02:24.221+0000] {dagbag.py:545} INFO - Filling up the DagBag from /opt/airflow/dags/daily_summary_dag.py
[2026-10-05T18:02:24.235+0000] {processor.py:840} INFO - DAG(s) 'daily_summary_dag' retrieved from /opt/airflow/dags/daily_summary_dag.py
[2026-10-05T18:02:24.263+0000] {logging_mixin.py:188} INFO - [2026-10-05T18:02:24.263+0000] {dag.py:3089} INFO - Sync 1 DAGs
[2026-10-05T18:02:24.274+0000] {logging_mixin.py:188} INFO - [2026-10-05T18:02:24.274+0000] {dag.py:3947} INFO - Setting next_dagrun for daily_summary_dag to None, run_after=None
[2026-10-05T18:02:24.294+0000] {processor.py:183} INFO - Processing /opt/airflow/dags/daily_summary_dag.py took 0.080 seconds
[2026-10-05T18:02:24.809+0000] {processor.py:161} INFO - Started process (PID=2016) to work on /opt/airflow/dags/daily_summary_dag.py
[2026-10-05T18:02:24.810+0000] {processor.py:830} INFO - Processing file /opt/airflow/dags/daily_summary_dag.py for tasks to queue
[2026-10-05T18:02:24.811+0000] {logging_mixin.py:188} INFO - [2026-10-05T18:02:24.811+0000] {dagbag.py:545} INFO - Filling up the DagBag from /opt/airflow/dags/daily_summary_dag.py
[2026-10-05T18:02:24.824+0000] {processor.py:840} INFO - DAG(s) 'daily_summary_dag' retrieved from /opt/airflow/dags/daily_summary_dag.py
[2026-10-05T18:02:24.853+0000] {logging_mixin.py:188} INFO - [2026-10-05T18:02:24.852+0000] {dag.py:3089} INFO - Sync 1 DAGs
[2026-10-05T18:02:24.864+0000] {logging_mixin.py:188} INFO - [2026-10-05T18:02:24.864+0000] {dag.py:3947} INFO - Setting next_dagrun for daily_summary_dag to None, run_after=None
[2026-10-05T18:02:24.887+0000] {processor.py:183} INFO - Processing /opt/airflow/dags/daily_summary_dag.py took 0.084 seconds
[2026-10-05T18:02:52.357+0000] {processor.py:161} INFO - Started process (PID=2021) to work on /opt/airflow/dags/daily_summary_dag.py
[2026-10-05T18:02:52.359+0000] {processor.py:830} INFO - Processing file /opt/airflow/dags/daily_summary_dag.py for tasks to queue
[2026-10-05T18:02:52.360+0000] {logging_mixin.py:188} INFO - [2026-10-05T18:02:52.360+0000] {dagbag.py:545} INFO - Filling up the DagBag from /opt/airflow/dags/daily_summary_dag.py
[2026-10-05T18:02:52.380+0000] {processor.py:840} INFO - DAG(s) 'daily_summary_dag' retrieved from /opt/airflow/dags/daily_summary_dag.py
[2026-10-05T18:02:52.413+0000] {logging_mixin.py:188} INFO - [2026-10-05T18:02:52.413+0000] {dag.py:3089} INFO - Sync 1 DAGs
[2026-10-05T18:02:52.428+0000] {logging_mixin.py:188} INFO - [2026-10-05T18:02:52.427+0000] {dag.py:3947} INFO - Setting next_dagrun for daily_summary_dag to None, run_after=None
[2026-10-05T18:02:52.454+0000] {processor.py:183} INFO - Processing /opt/airflow/dags/daily_summary_dag.py took 0.104 seconds
[2026-10-05T18:02:54.405+0000] {processor.py:161} INFO - Started process (PID=2026) to work on /opt/airflow/dags/daily_summary_dag.py
[2026-10-05T18:02:54.406+0000] {processor.py:830} INFO - Processing file /opt/airflow/dags/daily_summary_dag.py for tasks to queue
[2026-10-05T18:02:54.407+0000] {logging_mixin.py:188} INFO - [2026-10-05T18:02:54.407+0000] {dagbag.py:545} INFO - Filling up the DagBag from /opt/airflow/dags/daily_summary_dag.py
[2026-10-05T18:02:54.421+0000] {processor.py:840} INFO - DAG(s) 'daily_summary_dag' retrieved from /opt/airflow/dags/daily_summary_dag.py
[2026-10-05T18:02:54.457+0000] {logging_mixin.py:188} INFO - [2026-10-05T18:02:54.457+0000] {dag.py:3089} INFO - Sync 1 DAGs
[2026-10-05T18:02:54.470+0000] {logging_mixin.py:188} INFO - [2026-10-05T18:02:54.470+0000] {dag.py:3947} INFO - Setting next_dagrun for daily_summary_dag to None, run_after=None
[2026-10-05T18:02:54.492+0000] {processor.py:183} INFO - Processing /opt/airflow/dags/daily_summary_dag.py took 0.093 seconds
[2026-10-05T18:02:55.005+0000] {processor.py:161} INFO - Started process (PID=2031) to work on /opt/airflow/dags/daily_summary_dag.py
[2026-10-05T18:02:55.006+0000] {processor.py:830} INFO - Processing file /opt/airflow/dags/daily_summary_dag.py for tasks to queue
[2026-10-05T18:02:55.007+0000] {logging_mixin.py:188} INFO - [2026-10-05T18:02:55.007+0000] {dagbag.py:545} INFO - Filling up the DagBag from /opt/airflow/dags/daily_summary_dag.py
[2026-10-05T18:02:55.021+0000] {processor.py:840} INFO - DAG(s) 'daily_summary_dag' retrieved from /opt/airflow/dags/daily_summary_dag.py
[2026-10-05T18:02:55.056+0000] {logging_mixin.py:188} INFO - [2026-10-05T18:02:55.055+0000] {dag.py:3089} INFO - Sync 1 DAGs
[2026-10-05T18:02:55.067+0000] {logging_mixin.py:188} INFO - [2026-10-05T18:02:55.067+0000] {dag.py:3947} INFO - Setting next_dagrun for daily_summary_dag to None, run_after=None
[2026-10-05T18:02:55.088+0000] {processor.py:183} INFO - Processing /opt/airflow/dags/daily_summary_dag.py took 0.088 seconds
[2026-10-05T18:03:22.534+0000] {processor.py:161} INFO - Started process (PID=2036) to work on /opt/airflow/dags/daily_summary_dag.py
[2026-10-05T18:03:22.536+0000] {processor.py:830} INFO - Processing file /opt/airflow/dags/daily_summary_dag.py for tasks to queue
[2026-10-05T18:03:22.538+0000] {logging_mixin.py:188} INFO - [2026-10-05T18:03:22.537+0000] {dagbag.py:545} INFO - Filling up the DagBag from /opt/airflow/dags/daily_summary_dag.py
[2026-10-05T18:03:22.558+0000] {processor.py:840} INFO - DAG(s) 'daily_summary_dag' retrieved from /opt/airflow/dags/daily_summary_dag.py
[2026-10-05T18:03:22.591+0000] {logging_mixin.py:188} INFO - [2026-10-05T18:03:22.590+0000] {dag.py:3089} INFO - Sync 1 DAGs
[2026-10-05T18:03:22.607+0000] {logging_mixin.py:188} INFO - [2026-10-05T18:03:22.607+0000] {dag.py:3947} INFO - Setting next_dagrun for daily_summary_dag to None, run_after=None
[2026-10-05T18:03:22.633+0000] {processor.py:183} INFO - Processing /opt/airflow/dags/daily_summary_dag.py took 0.105 seconds
[2026-10-05T18:03:24.655+0000] {processor.py:161} INFO - Started process (PID=2041) to work on /opt/airflow/dags/daily_summary_dag.py
[2026-10-05T18:03:24.656+0000] {processor.py:830} INFO - Processing file /opt/airflow/dags/daily_summary_dag.py for tasks to queue
[2026-10-05T18:03:24.658+0000] {logging_mixin.py:188} INFO - [2026-10-05T18:03:24.657+0000] {dagbag.py:545} INFO - Filling up the DagBag from /opt/airflow/dags/daily_summary_dag.py
[2026-10-05T18:03:24.670+0000] {processor.py:840} INFO - DAG(s) 'daily_summary_dag' retrieved from /opt/airflow/dags/daily_summary_dag.py
[2026-10-05T18:03:24.697+0000] {logging_mixin.py:188} INFO - [2026-10-05T18:03:24.696+0000] {dag.py:3089} INFO - Sync 1 DAGs
[2026-10-05T18:03:24.708+0000] {logging_mixin.py:188} INFO - [2026-10-05T18:03:24.708+0000] {dag.py:3947} INFO - Setting next_dagrun for daily_summary_dag to None, run_after=None
[2026-10-05T18:03:24.728+0000] {processor.py:183} INFO - Processing /opt/airflow/dags/daily_summary_dag.py took 0.079 seconds
[2026-10-05T18:03:25.272+0000] {processor.py:161} INFO - Started process (PID=2046) to work on /opt/airflow/dags/daily_summary_dag.py
[2026-10-05T18:03:25.273+0000] {processor.py:830} INFO - Processing file /opt/airflow/dags/daily_summary_dag.py for tasks to queue
[2026-10-05T18:03:25.274+0000] {logging_mixin.py:188} INFO - [2026-10-05T18:03:25.274+0000] {dagbag.py:545} INFO - Filling up the DagBag from /opt/airflow/dags/daily_summary_dag.py
[2026-10-05T18:03:25.288+0000] {processor.py:840} INFO - DAG(s) 'daily_summary_dag' retrieved from /opt/airflow/dags/daily_summary_dag.py
[2026-10-05T18:03:25.322+0000] {logging_mixin.py:188} INFO - [2026-10-05T18:03:25.321+0000] {dag.py:3089} INFO - Sync 1 DAGs
[2026-10-05T18:03:25.333+0000] {logging_mixin.py:188} INFO - [2026-10-05T18:03:25.332+0000] {dag.py:3947} INFO - Setting next_dagrun for daily_summary_dag to None, run_after=None
[2026-10-05T18:03:25.356+0000] {processor.py:183} INFO - Processing /opt/airflow/dags/daily_summary_dag.py took 0.089 seconds
[2026-10-05T18:03:52.816+0000] {processor.py:161} INFO - Started process (PID=2051) to work on /opt/airflow/dags/daily_summary_dag.py
[2026-10-05T18:03:52.817+0000] {processor.py:830} INFO - Processing file /opt/airflow/dags/daily_summary_dag.py for tasks to queue
[2026-10-05T18:03:52.819+0000] {logging_mixin.py:188} INFO - [2026-10-05T18:03:52.818+0000] {dagbag.py:545} INFO - Filling up the DagBag from /opt/airflow/dags/daily_summary_dag.py
[2026-10-05T18:03:52.839+0000] {processor.py:840} INFO - DAG(s) 'daily_summary_dag' retrieved from /opt/airflow/dags/daily_summary_dag.py
[2026-10-05T18:03:52.870+0000] {logging_mixin.py:188} INFO - [2026-10-05T18:03:52.870+0000] {dag.py:3089} INFO - Sync 1 DAGs
[2026-10-05T18:03:52.885+0000] {logging_mixin.py:188} INFO - [2026-10-05T18:03:52.885+0000] {dag.py:3947} INFO - Setting next_dagrun for daily_summary_dag to None, run_after=None
[2026-10-05T18:03:52.916+0000] {processor.py:183} INFO - Processing /opt/airflow/dags/daily_summary_dag.py took 0.107 seconds
[2026-10-05T18:03:54.862+0000] {processor.py:161} INFO - Started process (PID=2056) to work on /opt/airflow/dags/daily_summary_dag.py
[2026-10-05T18:03:54.864+0000] {processor.py:830} INFO - Processing file /opt/airflow/dags/daily_summary_dag.py for tasks to queue
[2026-10-05T18:03:54.865+0000] {logging_mixin.py:188} INFO - [2026-10-05T18:03:54.864+0000] {dagbag.py:545} INFO - Filling up the DagBag from /opt/airflow/dags/daily_summary_dag.py
[2026-10-05T18:03:54.879+0000] {processor.py:840} INFO - DAG(s) 'daily_summary_dag' retrieved from /opt/airflow/dags/daily_summary_dag.py
[2026-10-05T18:03:54.909+0000] {logging_mixin.py:188} INFO - [2026-10-05T18:03:54.908+0000] {dag.py:3089} INFO - Sync 1 DAGs
[2026-10-05T18:03:54.921+0000] {logging_mixin.py:188} INFO - [2026-10-05T18:03:54.921+0000] {dag.py:3947} INFO - Setting next_dagrun for daily_summary_dag to None, run_after=None
[2026-10-05T18:03:54.942+0000] {processor.py:183} INFO - Processing /opt/airflow/dags/daily_summary_dag.py took 0.086 seconds
[2026-10-05T18:03:55.478+0000] {processor.py:161} INFO - Started process (PID=2061) to work on /opt/airflow/dags/daily_summary_dag.py
[2026-10-05T18:03:55.479+0000] {processor.py:830} INFO - Processing file /opt/airflow/dags/daily_summary_dag.py for tasks to queue
[2026-10-05T18:03:55.480+0000] {logging_mixin.py:188} INFO - [2026-10-05T18:03:55.480+0000] {dagbag.py:545} INFO - Filling up the DagBag from /opt/airflow/dags/daily_summary_dag.py
[2026-10-05T18:03:55.494+0000] {processor.py:840} INFO - DAG(s) 'daily_summary_dag' retrieved from /opt/airflow/dags/daily_summary_dag.py
[2026-10-05T18:03:55.526+0000] {logging_mixin.py:188} INFO - [2026-10-05T18:03:55.526+0000] {dag.py:3089} INFO - Sync 1 DAGs
[2026-10-05T18:03:55.539+0000] {logging_mixin.py:188} INFO - [2026-10-05T18:03:55.539+0000] {dag.py:3947} INFO - Setting next_dagrun for daily_summary_dag to None, run_after=None
[2026-10-05T18:03:55.561+0000] {processor.py:183} INFO - Processing /opt/airflow/dags/daily_summary_dag.py took 0.089 seconds
[2026-10-05T18:04:22.993+0000] {processor.py:161} INFO - Started process (PID=2066) to work on /opt/airflow/dags/daily_summary_dag.py
[2026-10-05T18:04:22.994+0000] {processor.py:830} INFO - Processing file /opt/airflow/dags/daily_summary_dag.py for tasks to queue
[2026-10-05T18:04:22.996+0000] {logging_mixin.py:188} INFO - [2026-10-05T18:04:22.995+0000] {dagbag.py:545} INFO - Filling up the DagBag from /opt/airflow/dags/daily_summary_dag.py
[2026-10-05T18:04:23.014+0000] {processor.py:840} INFO - DAG(s) 'daily_summary_dag' retrieved from /opt/airflow/dags/daily_summary_dag.py
[2026-10-05T18:04:23.045+0000] {logging_mixin.py:188} INFO - [2026-10-05T18:04:23.045+0000] {dag.py:3089} INFO - Sync 1 DAGs
[2026-10-05T18:04:23.058+0000] {logging_mixin.py:188} INFO - [2026-10-05T18:04:23.057+0000] {dag.py:3947} INFO - Setting next_dagrun for daily_summary_dag to None, run_after=None
[2026-10-05T18:04:23.082+0000] {processor.py:183} INFO - Processing /opt/airflow/dags/daily_summary_dag.py took 0.095 seconds
[2026-10-05T18:04:25.079+0000] {processor.py:161} INFO - Started process (PID=2071) to work on /opt/airflow/dags/daily_summary_dag.py
[2026-10-05T18:04:25.081+0000] {processor.py:830} INFO - Processing file /opt/airflow/dags/daily_summary_dag.py for tasks to queue
[2026-10-05T18:04:25.082+0000] {logging_mixin.py:188} INFO - [2026-10-05T18:04:25.081+0000] {dagbag.py:545} INFO - Filling up the DagBag from /opt/airflow/dags/daily_summary_dag.py
[2026-10-05T18:04:25.095+0000] {processor.py:840} INFO - DAG(s) 'daily_summary_dag' retrieved from /opt/airflow/dags/daily_summary_dag.py
[2026-10-05T18:04:25.124+0000] {logging_mixin.py:188} INFO - [2026-10-05T18:04:25.123+0000] {dag.py:3089} INFO - Sync 1 DAGs
[2026-10-05T18:04:25.134+0000] {logging_mixin.py:188} INFO - [2026-10-05T18:04:25.134+0000] {dag.py:3947} INFO - Setting next_dagrun for daily_summary_dag to None, run_after=None
[2026-10-05T18:04:25.155+0000] {processor.py:183} INFO - Processing /opt/airflow/dags/daily_summary_dag.py took 0.081 seconds
[2026-10-05T18:04:25.713+0000] {processor.py:161} INFO - Started process (PID=2076) to work on /opt/airflow/dags/daily_summary_dag.py
[2026-10-05T18:04:25.714+0000] {processor.py:830} INFO - Processing file /opt/airflow/dags/daily_summary_dag.py for tasks to queue
[2026-10-05T18:04:25.715+0000] {logging_mixin.py:188} INFO - [2026-10-05T18:04:25.715+0000] {dagbag.py:545} INFO - Filling up the DagBag from /opt/airflow/dags/daily_summary_dag.py
[2026-10-05T18:04:25.727+0000] {processor.py:840} INFO - DAG(s) 'daily_summary_dag' retrieved from /opt/airflow/dags/daily_summary_dag.py
[2026-10-05T18:04:25.755+0000] {logging_mixin.py:188} INFO - [2026-10-05T18:04:25.755+0000] {dag.py:3089} INFO - Sync 1 DAGs
[2026-10-05T18:04:25.767+0000] {logging_mixin.py:188} INFO - [2026-10-05T18:04:25.767+0000] {dag.py:3947} INFO - Setting next_dagrun for daily_summary_dag to None, run_after=None
[2026-10-05T18:04:25.789+0000] {processor.py:183} INFO - Processing /opt/airflow/dags/daily_summary_dag.py took 0.082 seconds
[2026-10-05T18:04:53.286+0000] {processor.py:161} INFO - Started process (PID=2081) to work on /opt/airflow/dags/daily_summary_dag.py
[2026-10-05T18:04:53.288+0000] {processor.py:830} INFO - Processing file /opt/airflow/dags/daily_summary_dag.py for tasks to queue
[2026-10-05T18:04:53.289+0000] {logging_mixin.py:188} INFO - [2026-10-05T18:04:53.289+0000] {dagbag.py:545} INFO - Filling up the DagBag from /opt/airflow/dags/daily_summary_dag.py
[2026-10-05T18:04:53.312+0000] {processor.py:840} INFO - DAG(s) 'daily_summary_dag' retrieved from /opt/airflow/dags/daily_summary_dag.py
[2026-10-05T18:04:53.347+0000] {logging_mixin.py:188} INFO - [2026-10-05T18:04:53.347+0000] {dag.py:3089} INFO - Sync 1 DAGs
[2026-10-05T18:04:53.361+0000] {logging_mixin.py:188} INFO - [2026-10-05T18:04:53.361+0000] {dag.py:3947} INFO - Setting next_dagrun for daily_summary_dag to None, run_after=None
[2026-10-05T18:04:53.385+0000] {processor.py:183} INFO - Processing /opt/airflow/dags/daily_summary_dag.py took 0.107 seconds
[2026-10-05T18:04:55.305+0000] {processor.py:161} INFO - Started process (PID=2086) to work on /opt/airflow/dags/daily_summary_dag.py
[2026-10-05T18:04:55.306+0000] {processor.py:830} INFO - Processing file /opt/airflow/dags/daily_summary_dag.py for tasks to queue
[2026-10-05T18:04:55.308+0000] {logging_mixin.py:188} INFO - [2026-10-05T18:04:55.308+0000] {dagbag.py:545} INFO - Filling up the DagBag from /opt/airflow/dags/daily_summary_dag.py
[2026-10-05T18:04:55.328+0000] {processor.py:840} INFO - DAG(s) 'daily_summary_dag' retrieved from /opt/airflow/dags/daily_summary_dag.py
[2026-10-05T18:04:55.361+0000] {logging_mixin.py:188} INFO - [2026-10-05T18:04:55.360+0000] {dag.py:3089} INFO - Sync 1 DAGs
[2026-10-05T18:04:55.372+0000] {logging_mixin.py:188} INFO - [2026-10-05T18:04:55.372+0000] {dag.py:3947} INFO - Setting next_dagrun for daily_summary_dag to None, run_after=None
[2026-10-05T18:04:55.394+0000] {processor.py:183} INFO - Processing /opt/airflow/dags/daily_summary_dag.py took 0.097 seconds
[2026-10-05T18:04:55.933+0000] {processor.py:161} INFO - Started process (PID=2091) to work on /opt/airflow/dags/daily_summary_dag.py
[2026-10-05T18:04:55.935+0000] {processor.py:830} INFO - Processing file /opt/airflow/dags/daily_summary_dag.py for tasks to queue
[2026-10-05T18:04:55.936+0000] {logging_mixin.py:188} INFO - [2026-10-05T18:04:55.936+0000] {dagbag.py:545} INFO - Filling up the DagBag from /opt/airflow/dags/daily_summary_dag.py
[2026-10-05T18:04:55.951+0000] {processor.py:840} INFO - DAG(s) 'daily_summary_dag' retrieved from /opt/airflow/dags/daily_summary_dag.py
[2026-10-05T18:04:55.984+0000] {logging_mixin.py:188} INFO - [2026-10-05T18:04:55.984+0000] {dag.py:3089} INFO - Sync 1 DAGs
[2026-10-05T18:04:55.999+0000] {logging_mixin.py:188} INFO - [2026-10-05T18:04:55.998+0000] {dag.py:3947} INFO - Setting next_dagrun for daily_summary_dag to None, run_after=None
[2026-10-05T18:04:56.031+0000] {processor.py:183} INFO - Processing /opt/airflow/dags/daily_summary_dag.py took 0.105 seconds
[2026-10-05T18:05:23.479+0000] {processor.py:161} INFO - Started process (PID=2096) to work on /opt/airflow/dags/daily_summary_dag.py
[2026-10-05T18:05:23.480+0000] {processor.py:830} INFO - Processing file /opt/airflow/dags/daily_summary_dag.py for tasks to queue
[2026-10-05T18:05:23.482+0000] {logging_mixin.py:188} INFO - [2026-10-05T18:05:23.481+0000] {dagbag.py:545} INFO - Filling up the DagBag from /opt/airflow/dags/daily_summary_dag.py
[2026-10-05T18:05:23.501+0000] {processor.py:840} INFO - DAG(s) 'daily_summary_dag' retrieved from /opt/airflow/dags/daily_summary_dag.py
[2026-10-05T18:05:23.538+0000] {logging_mixin.py:188} INFO - [2026-10-05T18:05:23.538+0000] {dag.py:3089} INFO - Sync 1 DAGs
[2026-10-05T18:05:23.552+0000] {logging_mixin.py:188} INFO - [2026-10-05T18:05:23.552+0000] {dag.py:3947} INFO - Setting next_dagrun for daily_summary_dag to None, run_after=None
[2026-10-05T18:05:23.574+0000] {processor.py:183} INFO - Processing /opt/airflow/dags/daily_summary_dag.py took 0.103 seconds
[2026-10-05T18:05:25.526+0000] {processor.py:161} INFO - Started process (PID=2101) to work on /opt/airflow/dags/daily_summary_dag.py
[2026-10-05T18:05:25.527+0000] {processor.py:830} INFO - Processing file /opt/airflow/dags/daily_summary_dag.py for tasks to queue
[2026-10-05T18:05:25.528+0000] {logging_mixin.py:188} INFO - [2026-10-05T18:05:25.528+0000] {dagbag.py:545} INFO - Filling up the DagBag from /opt/airflow/dags/daily_summary_dag.py
[2026-10-05T18:05:25.541+0000] {processor.py:840} INFO - DAG(s) 'daily_summary_dag' retrieved from /opt/airflow/dags/daily_summary_dag.py
[2026-10-05T18:05:25.571+0000] {logging_mixin.py:188} INFO - [2026-10-05T18:05:25.570+0000] {dag.py:3089} INFO - Sync 1 DAGs
[2026-10-05T18:05:25.582+0000] {logging_mixin.py:188} INFO - [2026-10-05T18:05:25.581+0000] {dag.py:3947} INFO - Setting next_dagrun for daily_summary_dag to None, run_after=None
[2026-10-05T18:05:25.604+0000] {processor.py:183} INFO - Processing /opt/airflow/dags/daily_summary_dag.py took 0.083 seconds
[2026-10-05T18:05:26.202+0000] {processor.py:161} INFO - Started process (PID=2106) to work on /opt/airflow/dags/daily_summary_dag.py
[2026-10-05T18:05:26.203+0000] {processor.py:830} INFO - Processing file /opt/airflow/dags/daily_summary_dag.py for tasks to queue
[2026-10-05T18:05:26.205+0000] {logging_mixin.py:188} INFO - [2026-10-05T18:05:26.204+0000] {dagbag.py:545} INFO - Filling up the DagBag from /opt/airflow/dags/daily_summary_dag.py
[2026-10-05T18:05:26.219+0000] {processor.py:840} INFO - DAG(s) 'daily_summary_dag' retrieved from /opt/airflow/dags/daily_summary_dag.py
[2026-10-05T18:05:26.249+0000] {logging_mixin.py:188} INFO - [2026-10-05T18:05:26.249+0000] {dag.py:3089} INFO - Sync 1 DAGs
[2026-10-05T18:05:26.261+0000] {logging_mixin.py:188} INFO - [2026-10-05T18:05:26.260+0000] {dag.py:3947} INFO - Setting next_dagrun for daily_summary_dag to None, run_after=None
[2026-10-05T18:05:26.283+0000] {processor.py:183} INFO - Processing /opt/airflow/dags/daily_summary_dag.py took 0.086 seconds
[2026-10-05T18:05:53.748+0000] {processor.py:161} INFO - Started process (PID=2111) to work on /opt/airflow/dags/daily_summary_dag.py
[2026-10-05T18:05:53.749+0000] {processor.py:830} INFO - Processing file /opt/airflow/dags/daily_summary_dag.py for tasks to queue
[2026-10-05T18:05:53.751+0000] {logging_mixin.py:188} INFO - [2026-10-05T18:05:53.750+0000] {dagbag.py:545} INFO - Filling up the DagBag from /opt/airflow/dags/daily_summary_dag.py
[2026-10-05T18:05:53.768+0000] {processor.py:840} INFO - DAG(s) 'daily_summary_dag' retrieved from /opt/airflow/dags/daily_summary_dag.py
[2026-10-05T18:05:53.800+0000] {logging_mixin.py:188} INFO - [2026-10-05T18:05:53.800+0000] {dag.py:3089} INFO - Sync 1 DAGs
[2026-10-05T18:05:53.813+0000] {logging_mixin.py:188} INFO - [2026-10-05T18:05:53.813+0000] {dag.py:3947} INFO - Setting next_dagrun for daily_summary_dag to None, run_after=None
[2026-10-05T18:05:53.839+0000] {processor.py:183} INFO - Processing /opt/airflow/dags/daily_summary_dag.py took 0.099 seconds
[2026-10-05T18:05:55.778+0000] {processor.py:161} INFO - Started process (PID=2116) to work on /opt/airflow/dags/daily_summary_dag.py
[2026-10-05T18:05:55.779+0000] {processor.py:830} INFO - Processing file /opt/airflow/dags/daily_summary_dag.py for tasks to queue
[2026-10-05T18:05:55.780+0000] {logging_mixin.py:188} INFO - [2026-10-05T18:05:55.780+0000] {dagbag.py:545} INFO - Filling up the DagBag from /opt/airflow/dags/daily_summary_dag.py
[2026-10-05T18:05:55.796+0000] {processor.py:840} INFO - DAG(s) 'daily_summary_dag' retrieved from /opt/airflow/dags/daily_summary_dag.py
[2026-10-05T18:05:55.825+0000] {logging_mixin.py:188} INFO - [2026-10-05T18:05:55.825+0000] {dag.py:3089} INFO - Sync 1 DAGs
[2026-10-05T18:05:55.837+0000] {logging_mixin.py:188} INFO - [2026-10-05T18:05:55.837+0000] {dag.py:3947} INFO - Setting next_dagrun for daily_summary_dag to None, run_after=None
[2026-10-05T18:05:55.858+0000] {processor.py:183} INFO - Processing /opt/airflow/dags/daily_summary_dag.py took 0.085 seconds
[2026-10-05T18:05:56.444+0000] {processor.py:161} INFO - Started process (PID=2121) to work on /opt/airflow/dags/daily_summary_dag.py
[2026-10-05T18:05:56.446+0000] {processor.py:830} INFO - Processing file /opt/airflow/dags/daily_summary_dag.py for tasks to queue
[2026-10-05T18:05:56.447+0000] {logging_mixin.py:188} INFO - [2026-10-05T18:05:56.446+0000] {dagbag.py:545} INFO - Filling up the DagBag from /opt/airflow/dags/daily_summary_dag.py
[2026-10-05T18:05:56.461+0000] {processor.py:840} INFO - DAG(s) 'daily_summary_dag' retrieved from /opt/airflow/dags/daily_summary_dag.py
[2026-10-05T18:05:56.491+0000] {logging_mixin.py:188} INFO - [2026-10-05T18:05:56.491+0000] {dag.py:3089} INFO - Sync 1 DAGs
[2026-10-05T18:05:56.503+0000] {logging_mixin.py:188} INFO - [2026-10-05T18:05:56.503+0000] {dag.py:3947} INFO - Setting next_dagrun for daily_summary_dag to None, run_after=None
[2026-10-05T18:05:56.525+0000] {processor.py:183} INFO - Processing /opt/airflow/dags/daily_summary_dag.py took 0.085 seconds
[2026-10-05T18:06:23.948+0000] {processor.py:161} INFO - Started process (PID=2126) to work on /opt/airflow/dags/daily_summary_dag.py
[2026-10-05T18:06:23.949+0000] {processor.py:830} INFO - Processing file /opt/airflow/dags/daily_summary_dag.py for tasks to queue
[2026-10-05T18:06:23.950+0000] {logging_mixin.py:188} INFO - [2026-10-05T18:06:23.950+0000] {dagbag.py:545} INFO - Filling up the DagBag from /opt/airflow/dags/daily_summary_dag.py
[2026-10-05T18:06:23.970+0000] {processor.py:840} INFO - DAG(s) 'daily_summary_dag' retrieved from /opt/airflow/dags/daily_summary_dag.py
[2026-10-05T18:06:24.032+0000] {logging_mixin.py:188} INFO - [2026-10-05T18:06:24.032+0000] {dag.py:3089} INFO - Sync 1 DAGs
[2026-10-05T18:06:24.049+0000] {logging_mixin.py:188} INFO - [2026-10-05T18:06:24.049+0000] {dag.py:3947} INFO - Setting next_dagrun for daily_summary_dag to None, run_after=None
[2026-10-05T18:06:24.071+0000] {processor.py:183} INFO - Processing /opt/airflow/dags/daily_summary_dag.py took 0.130 seconds
[2026-10-05T18:06:25.967+0000] {processor.py:161} INFO - Started process (PID=2131) to work on /opt/airflow/dags/daily_summary_dag.py
[2026-10-05T18:06:25.968+0000] {processor.py:830} INFO - Processing file /opt/airflow/dags/daily_summary_dag.py for tasks to queue
[2026-10-05T18:06:25.969+0000] {logging_mixin.py:188} INFO - [2026-10-05T18:06:25.969+0000] {dagbag.py:545} INFO - Filling up the DagBag from /opt/airflow/dags/daily_summary_dag.py
[2026-10-05T18:06:25.983+0000] {processor.py:840} INFO - DAG(s) 'daily_summary_dag' retrieved from /opt/airflow/dags/daily_summary_dag.py
[2026-10-05T18:06:26.014+0000] {logging_mixin.py:188} INFO - [2026-10-05T18:06:26.014+0000] {dag.py:3089} INFO - Sync 1 DAGs
[2026-10-05T18:06:26.026+0000] {logging_mixin.py:188} INFO - [2026-10-05T18:06:26.025+0000] {dag.py:3947} INFO - Setting next_dagrun for daily_summary_dag to None, run_after=None
[2026-10-05T18:06:26.048+0000] {processor.py:183} INFO - Processing /opt/airflow/dags/daily_summary_dag.py took 0.090 seconds
[2026-10-05T18:06:26.638+0000] {processor.py:161} INFO - Started process (PID=2136) to work on /opt/airflow/dags/daily_summary_dag.py
[2026-10-05T18:06:26.639+0000] {processor.py:830} INFO - Processing file /opt/airflow/dags/daily_summary_dag.py for tasks to queue
[2026-10-05T18:06:26.640+0000] {logging_mixin.py:188} INFO - [2026-10-05T18:06:26.640+0000] {dagbag.py:545} INFO - Filling up the DagBag from /opt/airflow/dags/daily_summary_dag.py
[2026-10-05T18:06:26.656+0000] {processor.py:840} INFO - DAG(s) 'daily_summary_dag' retrieved from /opt/airflow/dags/daily_summary_dag.py
[2026-10-05T18:06:26.689+0000] {logging_mixin.py:188} INFO - [2026-10-05T18:06:26.688+0000] {dag.py:3089} INFO - Sync 1 DAGs
[2026-10-05T18:06:26.700+0000] {logging_mixin.py:188} INFO - [2026-10-05T18:06:26.700+0000] {dag.py:3947} INFO - Setting next_dagrun for daily_summary_dag to None, run_after=None
[2026-10-05T18:06:26.723+0000] {processor.py:183} INFO - Processing /opt/airflow/dags/daily_summary_dag.py took 0.091 seconds
[2026-10-05T18:06:54.194+0000] {processor.py:161} INFO - Started process (PID=2141) to work on /opt/airflow/dags/daily_summary_dag.py
[2026-10-05T18:06:54.195+0000] {processor.py:830} INFO - Processing file /opt/airflow/dags/daily_summary_dag.py for tasks to queue
[2026-10-05T18:06:54.197+0000] {logging_mixin.py:188} INFO - [2026-10-05T18:06:54.196+0000] {dagbag.py:545} INFO - Filling up the DagBag from /opt/airflow/dags/daily_summary_dag.py
[2026-10-05T18:06:54.217+0000] {processor.py:840} INFO - DAG(s) 'daily_summary_dag' retrieved from /opt/airflow/dags/daily_summary_dag.py
[2026-10-05T18:06:54.247+0000] {logging_mixin.py:188} INFO - [2026-10-05T18:06:54.247+0000] {dag.py:3089} INFO - Sync 1 DAGs
[2026-10-05T18:06:54.261+0000] {logging_mixin.py:188} INFO - [2026-10-05T18:06:54.261+0000] {dag.py:3947} INFO - Setting next_dagrun for daily_summary_dag to None, run_after=None
[2026-10-05T18:06:54.286+0000] {processor.py:183} INFO - Processing /opt/airflow/dags/daily_summary_dag.py took 0.098 seconds
[2026-10-05T18:06:56.230+0000] {processor.py:161} INFO - Started process (PID=2146) to work on /opt/airflow/dags/daily_summary_dag.py
[2026-10-05T18:06:56.231+0000] {processor.py:830} INFO - Processing file /opt/airflow/dags/daily_summary_dag.py for tasks to queue
[2026-10-05T18:06:56.233+0000] {logging_mixin.py:188} INFO - [2026-10-05T18:06:56.233+0000] {dagbag.py:545} INFO - Filling up the DagBag from /opt/airflow/dags/daily_summary_dag.py
[2026-10-05T18:06:56.250+0000] {processor.py:840} INFO - DAG(s) 'daily_summary_dag' retrieved from /opt/airflow/dags/daily_summary_dag.py
[2026-10-05T18:06:56.294+0000] {logging_mixin.py:188} INFO - [2026-10-05T18:06:56.294+0000] {dag.py:3089} INFO - Sync 1 DAGs
[2026-10-05T18:06:56.309+0000] {logging_mixin.py:188} INFO - [2026-10-05T18:06:56.309+0000] {dag.py:3947} INFO - Setting next_dagrun for daily_summary_dag to None, run_after=None
[2026-10-05T18:06:56.329+0000] {processor.py:183} INFO - Processing /opt/airflow/dags/daily_summary_dag.py took 0.117 seconds
[2026-10-05T18:06:56.980+0000] {processor.py:161} INFO - Started process (PID=2151) to work on /opt/airflow/dags/daily_summary_dag.py
[2026-10-05T18:06:56.981+0000] {processor.py:830} INFO - Processing file /opt/airflow/dags/daily_summary_dag.py for tasks to queue
[2026-10-05T18:06:56.983+0000] {logging_mixin.py:188} INFO - [2026-10-05T18:06:56.983+0000] {dagbag.py:545} INFO - Filling up the DagBag from /opt/airflow/dags/daily_summary_dag.py
[2026-10-05T18:06:56.998+0000] {processor.py:840} INFO - DAG(s) 'daily_summary_dag' retrieved from /opt/airflow/dags/daily_summary_dag.py
[2026-10-05T18:06:57.052+0000] {logging_mixin.py:188} INFO - [2026-10-05T18:06:57.052+0000] {dag.py:3089} INFO - Sync 1 DAGs
[2026-10-05T18:06:57.071+0000] {logging_mixin.py:188} INFO - [2026-10-05T18:06:57.070+0000] {dag.py:3947} INFO - Setting next_dagrun for daily_summary_dag to None, run_after=None
[2026-10-05T18:06:57.095+0000] {processor.py:183} INFO - Processing /opt/airflow/dags/daily_summary_dag.py took 0.127 seconds
[2026-10-05T18:07:24.450+0000] {processor.py:161} INFO - Started process (PID=2156) to work on /opt/airflow/dags/daily_summary_dag.py
[2026-10-05T18:07:24.452+0000] {processor.py:830} INFO - Processing file /opt/airflow/dags/daily_summary_dag.py for tasks to queue
[2026-10-05T18:07:24.453+0000] {logging_mixin.py:188} INFO - [2026-10-05T18:07:24.453+0000] {dagbag.py:545} INFO - Filling up the DagBag from /opt/airflow/dags/daily_summary_dag.py
[2026-10-05T18:07:24.470+0000] {processor.py:840} INFO - DAG(s) 'daily_summary_dag' retrieved from /opt/airflow/dags/daily_summary_dag.py
[2026-10-05T18:07:24.500+0000] {logging_mixin.py:188} INFO - [2026-10-05T18:07:24.499+0000] {dag.py:3089} INFO - Sync 1 DAGs
[2026-10-05T18:07:24.514+0000] {logging_mixin.py:188} INFO - [2026-10-05T18:07:24.514+0000] {dag.py:3947} INFO - Setting next_dagrun for daily_summary_dag to None, run_after=None
[2026-10-05T18:07:24.538+0000] {processor.py:183} INFO - Processing /opt/airflow/dags/daily_summary_dag.py took 0.093 seconds
[2026-10-05T18:07:26.442+0000] {processor.py:161} INFO - Started process (PID=2161) to work on /opt/airflow/dags/daily_summary_dag.py
[2026-10-05T18:07:26.445+0000] {processor.py:830} INFO - Processing file /opt/airflow/dags/daily_summary_dag.py for tasks to queue
[2026-10-05T18:07:26.448+0000] {logging_mixin.py:188} INFO - [2026-10-05T18:07:26.447+0000] {dagbag.py:545} INFO - Filling up the DagBag from /opt/airflow/dags/daily_summary_dag.py
[2026-10-05T18:07:26.465+0000] {processor.py:840} INFO - DAG(s) 'daily_summary_dag' retrieved from /opt/airflow/dags/daily_summary_dag.py
[2026-10-05T18:07:26.506+0000] {logging_mixin.py:188} INFO - [2026-10-05T18:07:26.506+0000] {dag.py:3089} INFO - Sync 1 DAGs
[2026-10-05T18:07:26.521+0000] {logging_mixin.py:188} INFO - [2026-10-05T18:07:26.520+0000] {dag.py:3947} INFO - Setting next_dagrun for daily_summary_dag to None, run_after=None
[2026-10-05T18:07:26.541+0000] {processor.py:183} INFO - Processing /opt/airflow/dags/daily_summary_dag.py took 0.108 seconds
[2026-10-05T18:07:27.156+0000] {processor.py:161} INFO - Started process (PID=2166) to work on /opt/airflow/dags/daily_summary_dag.py
[2026-10-05T18:07:27.157+0000] {processor.py:830} INFO - Processing file /opt/airflow/dags/daily_summary_dag.py for tasks to queue
[2026-10-05T18:07:27.158+0000] {logging_mixin.py:188} INFO - [2026-10-05T18:07:27.157+0000] {dagbag.py:545} INFO - Filling up the DagBag from /opt/airflow/dags/daily_summary_dag.py
[2026-10-05T18:07:27.176+0000] {processor.py:840} INFO - DAG(s) 'daily_summary_dag' retrieved from /opt/airflow/dags/daily_summary_dag.py
[2026-10-05T18:07:27.208+0000] {logging_mixin.py:188} INFO - [2026-10-05T18:07:27.208+0000] {dag.py:3089} INFO - Sync 1 DAGs
[2026-10-05T18:07:27.221+0000] {logging_mixin.py:188} INFO - [2026-10-05T18:07:27.221+0000] {dag.py:3947} INFO - Setting next_dagrun for daily_summary_dag to None, run_after=None
[2026-10-05T18:07:27.249+0000] {processor.py:183} INFO - Processing /opt/airflow/dags/daily_summary_dag.py took 0.099 seconds
[2026-10-05T18:07:54.686+0000] {processor.py:161} INFO - Started process (PID=2171) to work on /opt/airflow/dags/daily_summary_dag.py
[2026-10-05T18:07:54.687+0000] {processor.py:830} INFO - Processing file /opt/airflow/dags/daily_summary_dag.py for tasks to queue
[2026-10-05T18:07:54.688+0000] {logging_mixin.py:188} INFO - [2026-10-05T18:07:54.688+0000] {dagbag.py:545} INFO - Filling up the DagBag from /opt/airflow/dags/daily_summary_dag.py
[2026-10-05T18:07:54.708+0000] {processor.py:840} INFO - DAG(s) 'daily_summary_dag' retrieved from /opt/airflow/dags/daily_summary_dag.py
[2026-10-05T18:07:54.741+0000] {logging_mixin.py:188} INFO - [2026-10-05T18:07:54.740+0000] {dag.py:3089} INFO - Sync 1 DAGs
[2026-10-05T18:07:54.754+0000] {logging_mixin.py:188} INFO - [2026-10-05T18:07:54.754+0000] {dag.py:3947} INFO - Setting next_dagrun for daily_summary_dag to None, run_after=None
[2026-10-05T18:07:54.779+0000] {processor.py:183} INFO - Processing /opt/airflow/dags/daily_summary_dag.py took 0.100 seconds
[2026-10-05T18:07:56.698+0000] {processor.py:161} INFO - Started process (PID=2176) to work on /opt/airflow/dags/daily_summary_dag.py
[2026-10-05T18:07:56.699+0000] {processor.py:830} INFO - Processing file /opt/airflow/dags/daily_summary_dag.py for tasks to queue
[2026-10-05T18:07:56.701+0000] {logging_mixin.py:188} INFO - [2026-10-05T18:07:56.700+0000] {dagbag.py:545} INFO - Filling up the DagBag from /opt/airflow/dags/daily_summary_dag.py
[2026-10-05T18:07:56.714+0000] {processor.py:840} INFO - DAG(s) 'daily_summary_dag' retrieved from /opt/airflow/dags/daily_summary_dag.py
[2026-10-05T18:07:56.743+0000] {logging_mixin.py:188} INFO - [2026-10-05T18:07:56.742+0000] {dag.py:3089} INFO - Sync 1 DAGs
[2026-10-05T18:07:56.756+0000] {logging_mixin.py:188} INFO - [2026-10-05T18:07:56.756+0000] {dag.py:3947} INFO - Setting next_dagrun for daily_summary_dag to None, run_after=None
[2026-10-05T18:07:56.780+0000] {processor.py:183} INFO - Processing /opt/airflow/dags/daily_summary_dag.py took 0.086 seconds
[2026-10-05T18:07:57.334+0000] {processor.py:161} INFO - Started process (PID=2181) to work on /opt/airflow/dags/daily_summary_dag.py
[2026-10-05T18:07:57.335+0000] {processor.py:830} INFO - Processing file /opt/airflow/dags/daily_summary_dag.py for tasks to queue
[2026-10-05T18:07:57.336+0000] {logging_mixin.py:188} INFO - [2026-10-05T18:07:57.336+0000] {dagbag.py:545} INFO - Filling up the DagBag from /opt/airflow/dags/daily_summary_dag.py
[2026-10-05T18:07:57.352+0000] {processor.py:840} INFO - DAG(s) 'daily_summary_dag' retrieved from /opt/airflow/dags/daily_summary_dag.py
[2026-10-05T18:07:57.383+0000] {logging_mixin.py:188} INFO - [2026-10-05T18:07:57.383+0000] {dag.py:3089} INFO - Sync 1 DAGs
[2026-10-05T18:07:57.395+0000] {logging_mixin.py:188} INFO - [2026-10-05T18:07:57.395+0000] {dag.py:3947} INFO - Setting next_dagrun for daily_summary_dag to None, run_after=None
[2026-10-05T18:07:57.419+0000] {processor.py:183} INFO - Processing /opt/airflow/dags/daily_summary_dag.py took 0.090 seconds
[2026-10-05T18:08:24.884+0000] {processor.py:161} INFO - Started process (PID=2186) to work on /opt/airflow/dags/daily_summary_dag.py
[2026-10-05T18:08:24.885+0000] {processor.py:830} INFO - Processing file /opt/airflow/dags/daily_summary_dag.py for tasks to queue
[2026-10-05T18:08:24.887+0000] {logging_mixin.py:188} INFO - [2026-10-05T18:08:24.886+0000] {dagbag.py:545} INFO - Filling up the DagBag from /opt/airflow/dags/daily_summary_dag.py
[2026-10-05T18:08:24.907+0000] {processor.py:840} INFO - DAG(s) 'daily_summary_dag' retrieved from /opt/airflow/dags/daily_summary_dag.py
[2026-10-05T18:08:24.941+0000] {logging_mixin.py:188} INFO - [2026-10-05T18:08:24.941+0000] {dag.py:3089} INFO - Sync 1 DAGs
[2026-10-05T18:08:24.957+0000] {logging_mixin.py:188} INFO - [2026-10-05T18:08:24.957+0000] {dag.py:3947} INFO - Setting next_dagrun for daily_summary_dag to None, run_after=None
[2026-10-05T18:08:24.979+0000] {processor.py:183} INFO - Processing /opt/airflow/dags/daily_summary_dag.py took 0.102 seconds
[2026-10-05T18:08:26.893+0000] {processor.py:161} INFO - Started process (PID=2191) to work on /opt/airflow/dags/daily_summary_dag.py
[2026-10-05T18:08:26.895+0000] {processor.py:830} INFO - Processing file /opt/airflow/dags/daily_summary_dag.py for tasks to queue
[2026-10-05T18:08:26.896+0000] {logging_mixin.py:188} INFO - [2026-10-05T18:08:26.895+0000] {dagbag.py:545} INFO - Filling up the DagBag from /opt/airflow/dags/daily_summary_dag.py
[2026-10-05T18:08:26.911+0000] {processor.py:840} INFO - DAG(s) 'daily_summary_dag' retrieved from /opt/airflow/dags/daily_summary_dag.py
[2026-10-05T18:08:26.944+0000] {logging_mixin.py:188} INFO - [2026-10-05T18:08:26.944+0000] {dag.py:3089} INFO - Sync 1 DAGs
[2026-10-05T18:08:26.958+0000] {logging_mixin.py:188} INFO - [2026-10-05T18:08:26.958+0000] {dag.py:3947} INFO - Setting next_dagrun for daily_summary_dag to None, run_after=None
[2026-10-05T18:08:26.981+0000] {processor.py:183} INFO - Processing /opt/airflow/dags/daily_summary_dag.py took 0.093 seconds
[2026-10-05T18:08:27.600+0000] {processor.py:161} INFO - Started process (PID=2196) to work on /opt/airflow/dags/daily_summary_dag.py
[2026-10-05T18:08:27.601+0000] {processor.py:830} INFO - Processing file /opt/airflow/dags/daily_summary_dag.py for tasks to queue
[2026-10-05T18:08:27.602+0000] {logging_mixin.py:188} INFO - [2026-10-05T18:08:27.602+0000] {dagbag.py:545} INFO - Filling up the DagBag from /opt/airflow/dags/daily_summary_dag.py
[2026-10-05T18:08:27.619+0000] {processor.py:840} INFO - DAG(s) 'daily_summary_dag' retrieved from /opt/airflow/dags/daily_summary_dag.py
[2026-10-05T18:08:27.651+0000] {logging_mixin.py:188} INFO - [2026-10-05T18:08:27.650+0000] {dag.py:3089} INFO - Sync 1 DAGs
[2026-10-05T18:08:27.663+0000] {logging_mixin.py:188} INFO - [2026-10-05T18:08:27.663+0000] {dag.py:3947} INFO - Setting next_dagrun for daily_summary_dag to None, run_after=None
[2026-10-05T18:08:27.687+0000] {processor.py:183} INFO - Processing /opt/airflow/dags/daily_summary_dag.py took 0.092 seconds
[2026-10-05T18:08:55.143+0000] {processor.py:161} INFO - Started process (PID=2201) to work on /opt/airflow/dags/daily_summary_dag.py
[2026-10-05T18:08:55.145+0000] {processor.py:830} INFO - Processing file /opt/airflow/dags/daily_summary_dag.py for tasks to queue
[2026-10-05T18:08:55.146+0000] {logging_mixin.py:188} INFO - [2026-10-05T18:08:55.146+0000] {dagbag.py:545} INFO - Filling up the DagBag from /opt/airflow/dags/daily_summary_dag.py
[2026-10-05T18:08:55.166+0000] {processor.py:840} INFO - DAG(s) 'daily_summary_dag' retrieved from /opt/airflow/dags/daily_summary_dag.py
[2026-10-05T18:08:55.197+0000] {logging_mixin.py:188} INFO - [2026-10-05T18:08:55.197+0000] {dag.py:3089} INFO - Sync 1 DAGs
[2026-10-05T18:08:55.213+0000] {logging_mixin.py:188} INFO - [2026-10-05T18:08:55.212+0000] {dag.py:3947} INFO - Setting next_dagrun for daily_summary_dag to None, run_after=None
[2026-10-05T18:08:55.235+0000] {processor.py:183} INFO - Processing /opt/airflow/dags/daily_summary_dag.py took 0.098 seconds
[2026-10-05T18:08:57.150+0000] {processor.py:161} INFO - Started process (PID=2206) to work on /opt/airflow/dags/daily_summary_dag.py
[2026-10-05T18:08:57.151+0000] {processor.py:830} INFO - Processing file /opt/airflow/dags/daily_summary_dag.py for tasks to queue
[2026-10-05T18:08:57.152+0000] {logging_mixin.py:188} INFO - [2026-10-05T18:08:57.152+0000] {dagbag.py:545} INFO - Filling up the DagBag from /opt/airflow/dags/daily_summary_dag.py
[2026-10-05T18:08:57.169+0000] {processor.py:840} INFO - DAG(s) 'daily_summary_dag' retrieved from /opt/airflow/dags/daily_summary_dag.py
[2026-10-05T18:08:57.200+0000] {logging_mixin.py:188} INFO - [2026-10-05T18:08:57.200+0000] {dag.py:3089} INFO - Sync 1 DAGs
[2026-10-05T18:08:57.213+0000] {logging_mixin.py:188} INFO - [2026-10-05T18:08:57.212+0000] {dag.py:3947} INFO - Setting next_dagrun for daily_summary_dag to None, run_after=None
[2026-10-05T18:08:57.234+0000] {processor.py:183} INFO - Processing /opt/airflow/dags/daily_summary_dag.py took 0.089 seconds
[2026-10-05T18:08:57.822+0000] {processor.py:161} INFO - Started process (PID=2211) to work on /opt/airflow/dags/daily_summary_dag.py
[2026-10-05T18:08:57.824+0000] {processor.py:830} INFO - Processing file /opt/airflow/dags/daily_summary_dag.py for tasks to queue
[2026-10-05T18:08:57.825+0000] {logging_mixin.py:188} INFO - [2026-10-05T18:08:57.825+0000] {dagbag.py:545} INFO - Filling up the DagBag from /opt/airflow/dags/daily_summary_dag.py
[2026-10-05T18:08:57.842+0000] {processor.py:840} INFO - DAG(s) 'daily_summary_dag' retrieved from /opt/airflow/dags/daily_summary_dag.py
[2026-10-05T18:08:57.875+0000] {logging_mixin.py:188} INFO - [2026-10-05T18:08:57.875+0000] {dag.py:3089} INFO - Sync 1 DAGs
[2026-10-05T18:08:57.892+0000] {logging_mixin.py:188} INFO - [2026-10-05T18:08:57.891+0000] {dag.py:3947} INFO - Setting next_dagrun for daily_summary_dag to None, run_after=None
[2026-10-05T18:08:57.921+0000] {processor.py:183} INFO - Processing /opt/airflow/dags/daily_summary_dag.py took 0.105 seconds
[2026-10-05T18:09:25.343+0000] {processor.py:161} INFO - Started process (PID=2216) to work on /opt/airflow/dags/daily_summary_dag.py
[2026-10-05T18:09:25.344+0000] {processor.py:830} INFO - Processing file /opt/airflow/dags/daily_summary_dag.py for tasks to queue
[2026-10-05T18:09:25.345+0000] {logging_mixin.py:188} INFO - [2026-10-05T18:09:25.345+0000] {dagbag.py:545} INFO - Filling up the DagBag from /opt/airflow/dags/daily_summary_dag.py
[2026-10-05T18:09:25.365+0000] {processor.py:840} INFO - DAG(s) 'daily_summary_dag' retrieved from /opt/airflow/dags/daily_summary_dag.py
[2026-10-05T18:09:25.399+0000] {logging_mixin.py:188} INFO - [2026-10-05T18:09:25.398+0000] {dag.py:3089} INFO - Sync 1 DAGs
[2026-10-05T18:09:25.413+0000] {logging_mixin.py:188} INFO - [2026-10-05T18:09:25.413+0000] {dag.py:3947} INFO - Setting next_dagrun for daily_summary_dag to None, run_after=None
[2026-10-05T18:09:25.434+0000] {processor.py:183} INFO - Processing /opt/airflow/dags/daily_summary_dag.py took 0.098 seconds
[2026-10-05T18:09:27.350+0000] {processor.py:161} INFO - Started process (PID=2221) to work on /opt/airflow/dags/daily_summary_dag.py
[2026-10-05T18:09:27.352+0000] {processor.py:830} INFO - Processing file /opt/airflow/dags/daily_summary_dag.py for tasks to queue
[2026-10-05T18:09:27.353+0000] {logging_mixin.py:188} INFO - [2026-10-05T18:09:27.352+0000] {dagbag.py:545} INFO - Filling up the DagBag from /opt/airflow/dags/daily_summary_dag.py
[2026-10-05T18:09:27.368+0000] {processor.py:840} INFO - DAG(s) 'daily_summary_dag' retrieved from /opt/airflow/dags/daily_summary_dag.py
[2026-10-05T18:09:27.401+0000] {logging_mixin.py:188} INFO - [2026-10-05T18:09:27.401+0000] {dag.py:3089} INFO - Sync 1 DAGs
[2026-10-05T18:09:27.413+0000] {logging_mixin.py:188} INFO - [2026-10-05T18:09:27.413+0000] {dag.py:3947} INFO - Setting next_dagrun for daily_summary_dag to None, run_after=None
[2026-10-05T18:09:27.432+0000] {processor.py:183} INFO - Processing /opt/airflow/dags/daily_summary_dag.py took 0.087 seconds
[2026-10-05T18:09:28.046+0000] {processor.py:161} INFO - Started process (PID=2226) to work on /opt/airflow/dags/daily_summary_dag.py
[2026-10-05T18:09:28.048+0000] {processor.py:830} INFO - Processing file /opt/airflow/dags/daily_summary_dag.py for tasks to queue
[2026-10-05T18:09:28.049+0000] {logging_mixin.py:188} INFO - [2026-10-05T18:09:28.049+0000] {dagbag.py:545} INFO - Filling up the DagBag from /opt/airflow/dags/daily_summary_dag.py
[2026-10-05T18:09:28.065+0000] {processor.py:840} INFO - DAG(s) 'daily_summary_dag' retrieved from /opt/airflow/dags/daily_summary_dag.py
[2026-10-05T18:09:28.099+0000] {logging_mixin.py:188} INFO - [2026-10-05T18:09:28.098+0000] {dag.py:3089} INFO - Sync 1 DAGs
[2026-10-05T18:09:28.109+0000] {logging_mixin.py:188} INFO - [2026-10-05T18:09:28.109+0000] {dag.py:3947} INFO - Setting next_dagrun for daily_summary_dag to None, run_after=None
[2026-10-05T18:09:28.132+0000] {processor.py:183} INFO - Processing /opt/airflow/dags/daily_summary_dag.py took 0.092 seconds
[2026-10-05T18:09:55.590+0000] {processor.py:161} INFO - Started process (PID=2231) to work on /opt/airflow/dags/daily_summary_dag.py
[2026-10-05T18:09:55.591+0000] {processor.py:830} INFO - Processing file /opt/airflow/dags/daily_summary_dag.py for tasks to queue
[2026-10-05T18:09:55.592+0000] {logging_mixin.py:188} INFO - [2026-10-05T18:09:55.592+0000] {dagbag.py:545} INFO - Filling up the DagBag from /opt/airflow/dags/daily_summary_dag.py
[2026-10-05T18:09:55.612+0000] {processor.py:840} INFO - DAG(s) 'daily_summary_dag' retrieved from /opt/airflow/dags/daily_summary_dag.py
[2026-10-05T18:09:55.647+0000] {logging_mixin.py:188} INFO - [2026-10-05T18:09:55.646+0000] {dag.py:3089} INFO - Sync 1 DAGs
[2026-10-05T18:09:55.660+0000] {logging_mixin.py:188} INFO - [2026-10-05T18:09:55.660+0000] {dag.py:3947} INFO - Setting next_dagrun for daily_summary_dag to None, run_after=None
[2026-10-05T18:09:55.685+0000] {processor.py:183} INFO - Processing /opt/airflow/dags/daily_summary_dag.py took 0.102 seconds
[2026-10-05T18:09:57.597+0000] {processor.py:161} INFO - Started process (PID=2236) to work on /opt/airflow/dags/daily_summary_dag.py
[2026-10-05T18:09:57.601+0000] {processor.py:830} INFO - Processing file /opt/airflow/dags/daily_summary_dag.py for tasks to queue
[2026-10-05T18:09:57.606+0000] {logging_mixin.py:188} INFO - [2026-10-05T18:09:57.606+0000] {dagbag.py:545} INFO - Filling up the DagBag from /opt/airflow/dags/daily_summary_dag.py
[2026-10-05T18:09:57.620+0000] {processor.py:840} INFO - DAG(s) 'daily_summary_dag' retrieved from /opt/airflow/dags/daily_summary_dag.py
[2026-10-05T18:09:57.649+0000] {logging_mixin.py:188} INFO - [2026-10-05T18:09:57.648+0000] {dag.py:3089} INFO - Sync 1 DAGs
[2026-10-05T18:09:57.661+0000] {logging_mixin.py:188} INFO - [2026-10-05T18:09:57.660+0000] {dag.py:3947} INFO - Setting next_dagrun for daily_summary_dag to None, run_after=None
[2026-10-05T18:09:57.682+0000] {processor.py:183} INFO - Processing /opt/airflow/dags/daily_summary_dag.py took 0.090 seconds
[2026-10-05T18:09:58.290+0000] {processor.py:161} INFO - Started process (PID=2241) to work on /opt/airflow/dags/daily_summary_dag.py
[2026-10-05T18:09:58.292+0000] {processor.py:830} INFO - Processing file /opt/airflow/dags/daily_summary_dag.py for tasks to queue
[2026-10-05T18:09:58.293+0000] {logging_mixin.py:188} INFO - [2026-10-05T18:09:58.292+0000] {dagbag.py:545} INFO - Filling up the DagBag from /opt/airflow/dags/daily_summary_dag.py
[2026-10-05T18:09:58.305+0000] {processor.py:840} INFO - DAG(s) 'daily_summary_dag' retrieved from /opt/airflow/dags/daily_summary_dag.py
[2026-10-05T18:09:58.337+0000] {logging_mixin.py:188} INFO - [2026-10-05T18:09:58.336+0000] {dag.py:3089} INFO - Sync 1 DAGs
[2026-10-05T18:09:58.349+0000] {logging_mixin.py:188} INFO - [2026-10-05T18:09:58.348+0000] {dag.py:3947} INFO - Setting next_dagrun for daily_summary_dag to None, run_after=None
[2026-10-05T18:09:58.371+0000] {processor.py:183} INFO - Processing /opt/airflow/dags/daily_summary_dag.py took 0.086 seconds
[2026-10-05T18:10:25.812+0000] {processor.py:161} INFO - Started process (PID=2246) to work on /opt/airflow/dags/daily_summary_dag.py
[2026-10-05T18:10:25.813+0000] {processor.py:830} INFO - Processing file /opt/airflow/dags/daily_summary_dag.py for tasks to queue
[2026-10-05T18:10:25.814+0000] {logging_mixin.py:188} INFO - [2026-10-05T18:10:25.814+0000] {dagbag.py:545} INFO - Filling up the DagBag from /opt/airflow/dags/daily_summary_dag.py
[2026-10-05T18:10:25.834+0000] {processor.py:840} INFO - DAG(s) 'daily_summary_dag' retrieved from /opt/airflow/dags/daily_summary_dag.py
[2026-10-05T18:10:25.869+0000] {logging_mixin.py:188} INFO - [2026-10-05T18:10:25.869+0000] {dag.py:3089} INFO - Sync 1 DAGs
[2026-10-05T18:10:25.882+0000] {logging_mixin.py:188} INFO - [2026-10-05T18:10:25.882+0000] {dag.py:3947} INFO - Setting next_dagrun for daily_summary_dag to None, run_after=None
[2026-10-05T18:10:25.906+0000] {processor.py:183} INFO - Processing /opt/airflow/dags/daily_summary_dag.py took 0.102 seconds
[2026-10-05T18:10:27.802+0000] {processor.py:161} INFO - Started process (PID=2251) to work on /opt/airflow/dags/daily_summary_dag.py
[2026-10-05T18:10:27.803+0000] {processor.py:830} INFO - Processing file /opt/airflow/dags/daily_summary_dag.py for tasks to queue
[2026-10-05T18:10:27.805+0000] {logging_mixin.py:188} INFO - [2026-10-05T18:10:27.804+0000] {dagbag.py:545} INFO - Filling up the DagBag from /opt/airflow/dags/daily_summary_dag.py
[2026-10-05T18:10:27.820+0000] {processor.py:840} INFO - DAG(s) 'daily_summary_dag' retrieved from /opt/airflow/dags/daily_summary_dag.py
[2026-10-05T18:10:27.848+0000] {logging_mixin.py:188} INFO - [2026-10-05T18:10:27.848+0000] {dag.py:3089} INFO - Sync 1 DAGs
[2026-10-05T18:10:27.863+0000] {logging_mixin.py:188} INFO - [2026-10-05T18:10:27.863+0000] {dag.py:3947} INFO - Setting next_dagrun for daily_summary_dag to None, run_after=None
[2026-10-05T18:10:27.883+0000] {processor.py:183} INFO - Processing /opt/airflow/dags/daily_summary_dag.py took 0.086 seconds
[2026-10-05T18:10:28.489+0000] {processor.py:161} INFO - Started process (PID=2256) to work on /opt/airflow/dags/daily_summary_dag.py
[2026-10-05T18:10:28.490+0000] {processor.py:830} INFO - Processing file /opt/airflow/dags/daily_summary_dag.py for tasks to queue
[2026-10-05T18:10:28.491+0000] {logging_mixin.py:188} INFO - [2026-10-05T18:10:28.491+0000] {dagbag.py:545} INFO - Filling up the DagBag from /opt/airflow/dags/daily_summary_dag.py
[2026-10-05T18:10:28.505+0000] {processor.py:840} INFO - DAG(s) 'daily_summary_dag' retrieved from /opt/airflow/dags/daily_summary_dag.py
[2026-10-05T18:10:28.536+0000] {logging_mixin.py:188} INFO - [2026-10-05T18:10:28.536+0000] {dag.py:3089} INFO - Sync 1 DAGs
[2026-10-05T18:10:28.548+0000] {logging_mixin.py:188} INFO - [2026-10-05T18:10:28.548+0000] {dag.py:3947} INFO - Setting next_dagrun for daily_summary_dag to None, run_after=None
[2026-10-05T18:10:28.568+0000] {processor.py:183} INFO - Processing /opt/airflow/dags/daily_summary_dag.py took 0.086 seconds
[2026-10-05T18:10:56.041+0000] {processor.py:161} INFO - Started process (PID=2261) to work on /opt/airflow/dags/daily_summary_dag.py
[2026-10-05T18:10:56.042+0000] {processor.py:830} INFO - Processing file /opt/airflow/dags/daily_summary_dag.py for tasks to queue
[2026-10-05T18:10:56.043+0000] {logging_mixin.py:188} INFO - [2026-10-05T18:10:56.043+0000] {dagbag.py:545} INFO - Filling up the DagBag from /opt/airflow/dags/daily_summary_dag.py
[2026-10-05T18:10:56.063+0000] {processor.py:840} INFO - DAG(s) 'daily_summary_dag' retrieved from /opt/airflow/dags/daily_summary_dag.py
[2026-10-05T18:10:56.098+0000] {logging_mixin.py:188} INFO - [2026-10-05T18:10:56.097+0000] {dag.py:3089} INFO - Sync 1 DAGs
[2026-10-05T18:10:56.117+0000] {logging_mixin.py:188} INFO - [2026-10-05T18:10:56.117+0000] {dag.py:3947} INFO - Setting next_dagrun for daily_summary_dag to None, run_after=None
[2026-10-05T18:10:56.141+0000] {processor.py:183} INFO - Processing /opt/airflow/dags/daily_summary_dag.py took 0.108 seconds
[2026-10-05T18:10:58.101+0000] {processor.py:161} INFO - Started process (PID=2266) to work on /opt/airflow/dags/daily_summary_dag.py
[2026-10-05T18:10:58.102+0000] {processor.py:830} INFO - Processing file /opt/airflow/dags/daily_summary_dag.py for tasks to queue
[2026-10-05T18:10:58.104+0000] {logging_mixin.py:188} INFO - [2026-10-05T18:10:58.103+0000] {dagbag.py:545} INFO - Filling up the DagBag from /opt/airflow/dags/daily_summary_dag.py
[2026-10-05T18:10:58.118+0000] {processor.py:840} INFO - DAG(s) 'daily_summary_dag' retrieved from /opt/airflow/dags/daily_summary_dag.py
[2026-10-05T18:10:58.151+0000] {logging_mixin.py:188} INFO - [2026-10-05T18:10:58.151+0000] {dag.py:3089} INFO - Sync 1 DAGs
[2026-10-05T18:10:58.163+0000] {logging_mixin.py:188} INFO - [2026-10-05T18:10:58.162+0000] {dag.py:3947} INFO - Setting next_dagrun for daily_summary_dag to None, run_after=None
[2026-10-05T18:10:58.187+0000] {processor.py:183} INFO - Processing /opt/airflow/dags/daily_summary_dag.py took 0.091 seconds
[2026-10-05T18:10:58.805+0000] {processor.py:161} INFO - Started process (PID=2271) to work on /opt/airflow/dags/daily_summary_dag.py
[2026-10-05T18:10:58.806+0000] {processor.py:830} INFO - Processing file /opt/airflow/dags/daily_summary_dag.py for tasks to queue
[2026-10-05T18:10:58.808+0000] {logging_mixin.py:188} INFO - [2026-10-05T18:10:58.807+0000] {dagbag.py:545} INFO - Filling up the DagBag from /opt/airflow/dags/daily_summary_dag.py
[2026-10-05T18:10:58.821+0000] {processor.py:840} INFO - DAG(s) 'daily_summary_dag' retrieved from /opt/airflow/dags/daily_summary_dag.py
[2026-10-05T18:10:58.872+0000] {logging_mixin.py:188} INFO - [2026-10-05T18:10:58.872+0000] {dag.py:3089} INFO - Sync 1 DAGs
[2026-10-05T18:10:58.894+0000] {logging_mixin.py:188} INFO - [2026-10-05T18:10:58.893+0000] {dag.py:3947} INFO - Setting next_dagrun for daily_summary_dag to None, run_after=None
[2026-10-05T18:10:58.915+0000] {processor.py:183} INFO - Processing /opt/airflow/dags/daily_summary_dag.py took 0.119 seconds
[2026-10-05T18:11:26.290+0000] {processor.py:161} INFO - Started process (PID=2276) to work on /opt/airflow/dags/daily_summary_dag.py
[2026-10-05T18:11:26.292+0000] {processor.py:830} INFO - Processing file /opt/airflow/dags/daily_summary_dag.py for tasks to queue
[2026-10-05T18:11:26.294+0000] {logging_mixin.py:188} INFO - [2026-10-05T18:11:26.293+0000] {dagbag.py:545} INFO - Filling up the DagBag from /opt/airflow/dags/daily_summary_dag.py
[2026-10-05T18:11:26.321+0000] {processor.py:840} INFO - DAG(s) 'daily_summary_dag' retrieved from /opt/airflow/dags/daily_summary_dag.py
[2026-10-05T18:11:26.355+0000] {logging_mixin.py:188} INFO - [2026-10-05T18:11:26.355+0000] {dag.py:3089} INFO - Sync 1 DAGs
[2026-10-05T18:11:26.369+0000] {logging_mixin.py:188} INFO - [2026-10-05T18:11:26.369+0000] {dag.py:3947} INFO - Setting next_dagrun for daily_summary_dag to None, run_after=None
[2026-10-05T18:11:26.392+0000] {processor.py:183} INFO - Processing /opt/airflow/dags/daily_summary_dag.py took 0.115 seconds
[2026-10-05T18:11:28.292+0000] {processor.py:161} INFO - Started process (PID=2281) to work on /opt/airflow/dags/daily_summary_dag.py
[2026-10-05T18:11:28.293+0000] {processor.py:830} INFO - Processing file /opt/airflow/dags/daily_summary_dag.py for tasks to queue
[2026-10-05T18:11:28.295+0000] {logging_mixin.py:188} INFO - [2026-10-05T18:11:28.295+0000] {dagbag.py:545} INFO - Filling up the DagBag from /opt/airflow/dags/daily_summary_dag.py
[2026-10-05T18:11:28.313+0000] {processor.py:840} INFO - DAG(s) 'daily_summary_dag' retrieved from /opt/airflow/dags/daily_summary_dag.py
[2026-10-05T18:11:28.343+0000] {logging_mixin.py:188} INFO - [2026-10-05T18:11:28.343+0000] {dag.py:3089} INFO - Sync 1 DAGs
[2026-10-05T18:11:28.355+0000] {logging_mixin.py:188} INFO - [2026-10-05T18:11:28.355+0000] {dag.py:3947} INFO - Setting next_dagrun for daily_summary_dag to None, run_after=None
[2026-10-05T18:11:28.377+0000] {processor.py:183} INFO - Processing /opt/airflow/dags/daily_summary_dag.py took 0.091 seconds
[2026-10-05T18:11:28.963+0000] {processor.py:161} INFO - Started process (PID=2286) to work on /opt/airflow/dags/daily_summary_dag.py
[2026-10-05T18:11:28.964+0000] {processor.py:830} INFO - Processing file /opt/airflow/dags/daily_summary_dag.py for tasks to queue
[2026-10-05T18:11:28.965+0000] {logging_mixin.py:188} INFO - [2026-10-05T18:11:28.965+0000] {dagbag.py:545} INFO - Filling up the DagBag from /opt/airflow/dags/daily_summary_dag.py
[2026-10-05T18:11:28.981+0000] {processor.py:840} INFO - DAG(s) 'daily_summary_dag' retrieved from /opt/airflow/dags/daily_summary_dag.py
[2026-10-05T18:11:29.012+0000] {logging_mixin.py:188} INFO - [2026-10-05T18:11:29.011+0000] {dag.py:3089} INFO - Sync 1 DAGs
[2026-10-05T18:11:29.025+0000] {logging_mixin.py:188} INFO - [2026-10-05T18:11:29.024+0000] {dag.py:3947} INFO - Setting next_dagrun for daily_summary_dag to None, run_after=None
[2026-10-05T18:11:29.046+0000] {processor.py:183} INFO - Processing /opt/airflow/dags/daily_summary_dag.py took 0.088 seconds
[2026-10-05T18:11:56.498+0000] {processor.py:161} INFO - Started process (PID=2291) to work on /opt/airflow/dags/daily_summary_dag.py
[2026-10-05T18:11:56.500+0000] {processor.py:830} INFO - Processing file /opt/airflow/dags/daily_summary_dag.py for tasks to queue
[2026-10-05T18:11:56.501+0000] {logging_mixin.py:188} INFO - [2026-10-05T18:11:56.500+0000] {dagbag.py:545} INFO - Filling up the DagBag from /opt/airflow/dags/daily_summary_dag.py
[2026-10-05T18:11:56.520+0000] {processor.py:840} INFO - DAG(s) 'daily_summary_dag' retrieved from /opt/airflow/dags/daily_summary_dag.py
[2026-10-05T18:11:56.552+0000] {logging_mixin.py:188} INFO - [2026-10-05T18:11:56.552+0000] {dag.py:3089} INFO - Sync 1 DAGs
[2026-10-05T18:11:56.565+0000] {logging_mixin.py:188} INFO - [2026-10-05T18:11:56.565+0000] {dag.py:3947} INFO - Setting next_dagrun for daily_summary_dag to None, run_after=None
[2026-10-05T18:11:56.592+0000] {processor.py:183} INFO - Processing /opt/airflow/dags/daily_summary_dag.py took 0.100 seconds
[2026-10-05T18:11:58.556+0000] {processor.py:161} INFO - Started process (PID=2296) to work on /opt/airflow/dags/daily_summary_dag.py
[2026-10-05T18:11:58.558+0000] {processor.py:830} INFO - Processing file /opt/airflow/dags/daily_summary_dag.py for tasks to queue
[2026-10-05T18:11:58.559+0000] {logging_mixin.py:188} INFO - [2026-10-05T18:11:58.559+0000] {dagbag.py:545} INFO - Filling up the DagBag from /opt/airflow/dags/daily_summary_dag.py
[2026-10-05T18:11:58.581+0000] {processor.py:840} INFO - DAG(s) 'daily_summary_dag' retrieved from /opt/airflow/dags/daily_summary_dag.py
[2026-10-05T18:11:58.620+0000] {logging_mixin.py:188} INFO - [2026-10-05T18:11:58.620+0000] {dag.py:3089} INFO - Sync 1 DAGs
[2026-10-05T18:11:58.642+0000] {logging_mixin.py:188} INFO - [2026-10-05T18:11:58.640+0000] {dag.py:3947} INFO - Setting next_dagrun for daily_summary_dag to None, run_after=None
[2026-10-05T18:11:58.692+0000] {processor.py:183} INFO - Processing /opt/airflow/dags/daily_summary_dag.py took 0.143 seconds
[2026-10-05T18:11:59.157+0000] {processor.py:161} INFO - Started process (PID=2301) to work on /opt/airflow/dags/daily_summary_dag.py
[2026-10-05T18:11:59.158+0000] {processor.py:830} INFO - Processing file /opt/airflow/dags/daily_summary_dag.py for tasks to queue
[2026-10-05T18:11:59.159+0000] {logging_mixin.py:188} INFO - [2026-10-05T18:11:59.159+0000] {dagbag.py:545} INFO - Filling up the DagBag from /opt/airflow/dags/daily_summary_dag.py
[2026-10-05T18:11:59.174+0000] {processor.py:840} INFO - DAG(s) 'daily_summary_dag' retrieved from /opt/airflow/dags/daily_summary_dag.py
[2026-10-05T18:11:59.204+0000] {logging_mixin.py:188} INFO - [2026-10-05T18:11:59.204+0000] {dag.py:3089} INFO - Sync 1 DAGs
[2026-10-05T18:11:59.217+0000] {logging_mixin.py:188} INFO - [2026-10-05T18:11:59.217+0000] {dag.py:3947} INFO - Setting next_dagrun for daily_summary_dag to None, run_after=None
[2026-10-05T18:11:59.238+0000] {processor.py:183} INFO - Processing /opt/airflow/dags/daily_summary_dag.py took 0.087 seconds
