[2026-10-06T16:56:06.487+0000] {processor.py:161} INFO - Started process (PID=184) to work on /opt/airflow/dags/daily_summary_dag.py
[2026-10-06T16:56:06.489+0000] {processor.py:830} INFO - Processing file /opt/airflow/dags/daily_summary_dag.py for tasks to queue
[2026-10-06T16:56:06.493+0000] {logging_mixin.py:188} INFO - [2026-10-06T16:56:06.492+0000] {dagbag.py:545} INFO - Filling up the DagBag from /opt/airflow/dags/daily_summary_dag.py
[2026-10-06T16:56:06.536+0000] {processor.py:840} INFO - DAG(s) 'daily_summary_dag' retrieved from /opt/airflow/dags/daily_summary_dag.py
[2026-10-06T16:56:06.647+0000] {logging_mixin.py:188} INFO - [2026-10-06T16:56:06.647+0000] {dag.py:3089} INFO - Sync 1 DAGs
[2026-10-06T16:56:06.690+0000] {logging_mixin.py:188} INFO - [2026-10-06T16:56:06.690+0000] {dag.py:3947} INFO - Setting next_dagrun for daily_summary_dag to None, run_after=None
[2026-10-06T16:56:06.754+0000] {processor.py:183} INFO - Processing /opt/airflow/dags/daily_summary_dag.py took 0.278 seconds
[2026-10-06T16:56:37.026+0000] {processor.py:161} INFO - Started process (PID=217) to work on /opt/airflow/dags/daily_summary_dag.py
[2026-10-06T16:56:37.028+0000] {processor.py:830} INFO - Processing file /opt/airflow/dags/daily_summary_dag.py for tasks to queue
[2026-10-06T16:56:37.036+0000] {logging_mixin.py:188} INFO - [2026-10-06T16:56:37.034+0000] {dagbag.py:545} INFO - Filling up the DagBag from /opt/airflow/dags/daily_summary_dag.py
[2026-10-06T16:56:37.083+0000] {processor.py:840} INFO - DAG(s) 'daily_summary_dag' retrieved from /opt/airflow/dags/daily_summary_dag.py
[2026-10-06T16:56:37.152+0000] {logging_mixin.py:188} INFO - [2026-10-06T16:56:37.152+0000] {dag.py:3089} INFO - Sync 1 DAGs
[2026-10-06T16:56:37.176+0000] {logging_mixin.py:188} INFO - [2026-10-06T16:56:37.176+0000] {dag.py:3947} INFO - Setting next_dagrun for daily_summary_dag to None, run_after=None
[2026-10-06T16:56:37.205+0000] {processor.py:183} INFO - Processing /opt/airflow/dags/daily_summary_dag.py took 0.193 seconds
[2026-10-06T16:57:07.441+0000] {processor.py:161} INFO - Started process (PID=222) to work on /opt/airflow/dags/daily_summary_dag.py
[2026-10-06T16:57:07.443+0000] {processor.py:830} INFO - Processing file /opt/airflow/dags/daily_summary_dag.py for tasks to queue
[2026-10-06T16:57:07.451+0000] {logging_mixin.py:188} INFO - [2026-10-06T16:57:07.451+0000] {dagbag.py:545} INFO - Filling up the DagBag from /opt/airflow/dags/daily_summary_dag.py
[2026-10-06T16:57:07.516+0000] {processor.py:840} INFO - DAG(s) 'daily_summary_dag' retrieved from /opt/airflow/dags/daily_summary_dag.py
[2026-10-06T16:57:07.615+0000] {logging_mixin.py:188} INFO - [2026-10-06T16:57:07.614+0000] {dag.py:3089} INFO - Sync 1 DAGs
[2026-10-06T16:57:07.638+0000] {logging_mixin.py:188} INFO - [2026-10-06T16:57:07.637+0000] {dag.py:3947} INFO - Setting next_dagrun for daily_summary_dag to None, run_after=None
[2026-10-06T16:57:07.673+0000] {processor.py:183} INFO - Processing /opt/airflow/dags/daily_summary_dag.py took 0.272 seconds
[2026-10-06T16:57:37.868+0000] {processor.py:161} INFO - Started process (PID=227) to work on /opt/airflow/dags/daily_summary_dag.py
[2026-10-06T16:57:37.870+0000] {processor.py:830} INFO - Processing file /opt/airflow/dags/daily_summary_dag.py for tasks to queue
[2026-10-06T16:57:37.873+0000] {logging_mixin.py:188} INFO - [2026-10-06T16:57:37.872+0000] {dagbag.py:545} INFO - Filling up the DagBag from /opt/airflow/dags/daily_summary_dag.py
[2026-10-06T16:57:37.900+0000] {processor.py:840} INFO - DAG(s) 'daily_summary_dag' retrieved from /opt/airflow/dags/daily_summary_dag.py
[2026-10-06T16:57:37.986+0000] {logging_mixin.py:188} INFO - [2026-10-06T16:57:37.986+0000] {dag.py:3089} INFO - Sync 1 DAGs
[2026-10-06T16:57:38.020+0000] {logging_mixin.py:188} INFO - [2026-10-06T16:57:38.019+0000] {dag.py:3947} INFO - Setting next_dagrun for daily_summary_dag to None, run_after=None
[2026-10-06T16:57:38.050+0000] {processor.py:183} INFO - Processing /opt/airflow/dags/daily_summary_dag.py took 0.187 seconds
[2026-10-06T16:58:08.269+0000] {processor.py:161} INFO - Started process (PID=232) to work on /opt/airflow/dags/daily_summary_dag.py
[2026-10-06T16:58:08.273+0000] {processor.py:830} INFO - Processing file /opt/airflow/dags/daily_summary_dag.py for tasks to queue
[2026-10-06T16:58:08.284+0000] {logging_mixin.py:188} INFO - [2026-10-06T16:58:08.283+0000] {dagbag.py:545} INFO - Filling up the DagBag from /opt/airflow/dags/daily_summary_dag.py
[2026-10-06T16:58:08.313+0000] {processor.py:840} INFO - DAG(s) 'daily_summary_dag' retrieved from /opt/airflow/dags/daily_summary_dag.py
[2026-10-06T16:58:08.388+0000] {logging_mixin.py:188} INFO - [2026-10-06T16:58:08.388+0000] {dag.py:3089} INFO - Sync 1 DAGs
[2026-10-06T16:58:08.418+0000] {logging_mixin.py:188} INFO - [2026-10-06T16:58:08.417+0000] {dag.py:3947} INFO - Setting next_dagrun for daily_summary_dag to None, run_after=None
[2026-10-06T16:58:08.455+0000] {processor.py:183} INFO - Processing /opt/airflow/dags/daily_summary_dag.py took 0.199 seconds
[2026-10-06T16:58:38.636+0000] {processor.py:161} INFO - Started process (PID=237) to work on /opt/airflow/dags/daily_summary_dag.py
[2026-10-06T16:58:38.637+0000] {processor.py:830} INFO - Processing file /opt/airflow/dags/daily_summary_dag.py for tasks to queue
[2026-10-06T16:58:38.639+0000] {logging_mixin.py:188} INFO - [2026-10-06T16:58:38.639+0000] {dagbag.py:545} INFO - Filling up the DagBag from /opt/airflow/dags/daily_summary_dag.py
[2026-10-06T16:58:38.655+0000] {processor.py:840} INFO - DAG(s) 'daily_summary_dag' retrieved from /opt/airflow/dags/daily_summary_dag.py
[2026-10-06T16:58:38.695+0000] {logging_mixin.py:188} INFO - [2026-10-06T16:58:38.695+0000] {dag.py:3089} INFO - Sync 1 DAGs
[2026-10-06T16:58:38.716+0000] {logging_mixin.py:188} INFO - [2026-10-06T16:58:38.716+0000] {dag.py:3947} INFO - Setting next_dagrun for daily_summary_dag to None, run_after=None
[2026-10-06T16:58:38.742+0000] {processor.py:183} INFO - Processing /opt/airflow/dags/daily_summary_dag.py took 0.111 seconds
[2026-10-06T16:59:08.829+0000] {processor.py:161} INFO - Started process (PID=242) to work on /opt/airflow/dags/daily_summary_dag.py
[2026-10-06T16:59:08.830+0000] {processor.py:830} INFO - Processing file /opt/airflow/dags/daily_summary_dag.py for tasks to queue
[2026-10-06T16:59:08.832+0000] {logging_mixin.py:188} INFO - [2026-10-06T16:59:08.832+0000] {dagbag.py:545} INFO - Filling up the DagBag from /opt/airflow/dags/daily_summary_dag.py
[2026-10-06T16:59:08.859+0000] {processor.py:840} INFO - DAG(s) 'daily_summary_dag' retrieved from /opt/airflow/dags/daily_summary_dag.py
[2026-10-06T16:59:08.911+0000] {logging_mixin.py:188} INFO - [2026-10-06T16:59:08.911+0000] {dag.py:3089} INFO - Sync 1 DAGs
[2026-10-06T16:59:08.928+0000] {logging_mixin.py:188} INFO - [2026-10-06T16:59:08.928+0000] {dag.py:3947} INFO - Setting next_dagrun for daily_summary_dag to None, run_after=None
[2026-10-06T16:59:08.953+0000] {processor.py:183} INFO - Processing /opt/airflow/dags/daily_summary_dag.py took 0.132 seconds
[2026-10-06T16:59:39.080+0000] {processor.py:161} INFO - Started process (PID=247) to work on /opt/airflow/dags/daily_summary_dag.py
[2026-10-06T16:59:39.081+0000] {processor.py:830} INFO - Processing file /opt/airflow/dags/daily_summary_dag.py for tasks to queue
[2026-10-06T16:59:39.083+0000] {logging_mixin.py:188} INFO - [2026-10-06T16:59:39.083+0000] {dagbag.py:545} INFO - Filling up the DagBag from /opt/airflow/dags/daily_summary_dag.py
[2026-10-06T16:59:39.101+0000] {processor.py:840} INFO - DAG(s) 'daily_summary_dag' retrieved from /opt/airflow/dags/daily_summary_dag.py
[2026-10-06T16:59:39.128+0000] {logging_mixin.py:188} INFO - [2026-10-06T16:59:39.128+0000] {dag.py:3089} INFO - Sync 1 DAGs
[2026-10-06T16:59:39.142+0000] {logging_mixin.py:188} INFO - [2026-10-06T16:59:39.142+0000] {dag.py:3947} INFO - Setting next_dagrun for daily_summary_dag to None, run_after=None
[2026-10-06T16:59:39.166+0000] {processor.py:183} INFO - Processing /opt/airflow/dags/daily_summary_dag.py took 0.091 seconds
[2026-10-06T17:00:09.294+0000] {processor.py:161} INFO - Started process (PID=252) to work on /opt/airflow/dags/daily_summary_dag.py
[2026-10-06T17:00:09.295+0000] {processor.py:830} INFO - Processing file /opt/airflow/dags/daily_summary_dag.py for tasks to queue
[2026-10-06T17:00:09.297+0000] {logging_mixin.py:188} INFO - [2026-10-06T17:00:09.297+0000] {dagbag.py:545} INFO - Filling up the DagBag from /opt/airflow/dags/daily_summary_dag.py
[2026-10-06T17:00:09.313+0000] {processor.py:840} INFO - DAG(s) 'daily_summary_dag' retrieved from /opt/airflow/dags/daily_summary_dag.py
[2026-10-06T17:00:09.343+0000] {logging_mixin.py:188} INFO - [2026-10-06T17:00:09.342+0000] {dag.py:3089} INFO - Sync 1 DAGs
[2026-10-06T17:00:09.357+0000] {logging_mixin.py:188} INFO - [2026-10-06T17:00:09.357+0000] {dag.py:3947} INFO - Setting next_dagrun for daily_summary_dag to None, run_after=None
[2026-10-06T17:00:09.379+0000] {processor.py:183} INFO - Processing /opt/airflow/dags/daily_summary_dag.py took 0.090 seconds
[2026-10-06T17:00:39.501+0000] {processor.py:161} INFO - Started process (PID=257) to work on /opt/airflow/dags/daily_summary_dag.py
[2026-10-06T17:00:39.502+0000] {processor.py:830} INFO - Processing file /opt/airflow/dags/daily_summary_dag.py for tasks to queue
[2026-10-06T17:00:39.504+0000] {logging_mixin.py:188} INFO - [2026-10-06T17:00:39.504+0000] {dagbag.py:545} INFO - Filling up the DagBag from /opt/airflow/dags/daily_summary_dag.py
[2026-10-06T17:00:39.521+0000] {processor.py:840} INFO - DAG(s) 'daily_summary_dag' retrieved from /opt/airflow/dags/daily_summary_dag.py
[2026-10-06T17:00:39.550+0000] {logging_mixin.py:188} INFO - [2026-10-06T17:00:39.550+0000] {dag.py:3089} INFO - Sync 1 DAGs
[2026-10-06T17:00:39.565+0000] {logging_mixin.py:188} INFO - [2026-10-06T17:00:39.565+0000] {dag.py:3947} INFO - Setting next_dagrun for daily_summary_dag to None, run_after=None
[2026-10-06T17:00:39.589+0000] {processor.py:183} INFO - Processing /opt/airflow/dags/daily_summary_dag.py took 0.094 seconds
[2026-10-06T17:01:09.756+0000] {processor.py:161} INFO - Started process (PID=262) to work on /opt/airflow/dags/daily_summary_dag.py
[2026-10-06T17:01:09.756+0000] {processor.py:830} INFO - Processing file /opt/airflow/dags/daily_summary_dag.py for tasks to queue
[2026-10-06T17:01:09.759+0000] {logging_mixin.py:188} INFO - [2026-10-06T17:01:09.758+0000] {dagbag.py:545} INFO - Filling up the DagBag from /opt/airflow/dags/daily_summary_dag.py
[2026-10-06T17:01:09.776+0000] {processor.py:840} INFO - DAG(s) 'daily_summary_dag' retrieved from /opt/airflow/dags/daily_summary_dag.py
[2026-10-06T17:01:09.806+0000] {logging_mixin.py:188} INFO - [2026-10-06T17:01:09.806+0000] {dag.py:3089} INFO - Sync 1 DAGs
[2026-10-06T17:01:09.820+0000] {logging_mixin.py:188} INFO - [2026-10-06T17:01:09.820+0000] {dag.py:3947} INFO - Setting next_dagrun for daily_summary_dag to None, run_after=None
[2026-10-06T17:01:09.844+0000] {processor.py:183} INFO - Processing /opt/airflow/dags/daily_summary_dag.py took 0.093 seconds
[2026-10-06T17:01:39.949+0000] {processor.py:161} INFO - Started process (PID=279) to work on /opt/airflow/dags/daily_summary_dag.py
[2026-10-06T17:01:39.950+0000] {processor.py:830} INFO - Processing file /opt/airflow/dags/daily_summary_dag.py for tasks to queue
[2026-10-06T17:01:39.953+0000] {logging_mixin.py:188} INFO - [2026-10-06T17:01:39.953+0000] {dagbag.py:545} INFO - Filling up the DagBag from /opt/airflow/dags/daily_summary_dag.py
[2026-10-06T17:01:39.978+0000] {processor.py:840} INFO - DAG(s) 'daily_summary_dag' retrieved from /opt/airflow/dags/daily_summary_dag.py
[2026-10-06T17:01:40.023+0000] {logging_mixin.py:188} INFO - [2026-10-06T17:01:40.023+0000] {dag.py:3089} INFO - Sync 1 DAGs
[2026-10-06T17:01:40.042+0000] {logging_mixin.py:188} INFO - [2026-10-06T17:01:40.042+0000] {dag.py:3947} INFO - Setting next_dagrun for daily_summary_dag to None, run_after=None
[2026-10-06T17:01:40.079+0000] {processor.py:183} INFO - Processing /opt/airflow/dags/daily_summary_dag.py took 0.139 seconds
[2026-10-06T17:02:10.366+0000] {processor.py:161} INFO - Started process (PID=284) to work on /opt/airflow/dags/daily_summary_dag.py
[2026-10-06T17:02:10.369+0000] {processor.py:830} INFO - Processing file /opt/airflow/dags/daily_summary_dag.py for tasks to queue
[2026-10-06T17:02:10.377+0000] {logging_mixin.py:188} INFO - [2026-10-06T17:02:10.376+0000] {dagbag.py:545} INFO - Filling up the DagBag from /opt/airflow/dags/daily_summary_dag.py
[2026-10-06T17:02:10.511+0000] {processor.py:840} INFO - DAG(s) 'daily_summary_dag' retrieved from /opt/airflow/dags/daily_summary_dag.py
[2026-10-06T17:02:10.781+0000] {logging_mixin.py:188} INFO - [2026-10-06T17:02:10.781+0000] {dag.py:3089} INFO - Sync 1 DAGs
[2026-10-06T17:02:10.875+0000] {logging_mixin.py:188} INFO - [2026-10-06T17:02:10.874+0000] {dag.py:3947} INFO - Setting next_dagrun for daily_summary_dag to None, run_after=None
[2026-10-06T17:02:10.961+0000] {processor.py:183} INFO - Processing /opt/airflow/dags/daily_summary_dag.py took 0.623 seconds
[2026-10-06T17:02:41.462+0000] {processor.py:161} INFO - Started process (PID=289) to work on /opt/airflow/dags/daily_summary_dag.py
[2026-10-06T17:02:41.471+0000] {processor.py:830} INFO - Processing file /opt/airflow/dags/daily_summary_dag.py for tasks to queue
[2026-10-06T17:02:41.480+0000] {logging_mixin.py:188} INFO - [2026-10-06T17:02:41.479+0000] {dagbag.py:545} INFO - Filling up the DagBag from /opt/airflow/dags/daily_summary_dag.py
[2026-10-06T17:02:41.527+0000] {processor.py:840} INFO - DAG(s) 'daily_summary_dag' retrieved from /opt/airflow/dags/daily_summary_dag.py
[2026-10-06T17:02:41.626+0000] {logging_mixin.py:188} INFO - [2026-10-06T17:02:41.626+0000] {dag.py:3089} INFO - Sync 1 DAGs
[2026-10-06T17:02:41.661+0000] {logging_mixin.py:188} INFO - [2026-10-06T17:02:41.660+0000] {dag.py:3947} INFO - Setting next_dagrun for daily_summary_dag to None, run_after=None
[2026-10-06T17:02:41.706+0000] {processor.py:183} INFO - Processing /opt/airflow/dags/daily_summary_dag.py took 0.266 seconds
[2026-10-06T17:03:11.916+0000] {processor.py:161} INFO - Started process (PID=294) to work on /opt/airflow/dags/daily_summary_dag.py
[2026-10-06T17:03:11.917+0000] {processor.py:830} INFO - Processing file /opt/airflow/dags/daily_summary_dag.py for tasks to queue
[2026-10-06T17:03:11.919+0000] {logging_mixin.py:188} INFO - [2026-10-06T17:03:11.919+0000] {dagbag.py:545} INFO - Filling up the DagBag from /opt/airflow/dags/daily_summary_dag.py
[2026-10-06T17:03:11.938+0000] {processor.py:840} INFO - DAG(s) 'daily_summary_dag' retrieved from /opt/airflow/dags/daily_summary_dag.py
[2026-10-06T17:03:11.979+0000] {logging_mixin.py:188} INFO - [2026-10-06T17:03:11.978+0000] {dag.py:3089} INFO - Sync 1 DAGs
[2026-10-06T17:03:12.017+0000] {logging_mixin.py:188} INFO - [2026-10-06T17:03:12.017+0000] {dag.py:3947} INFO - Setting next_dagrun for daily_summary_dag to None, run_after=None
[2026-10-06T17:03:12.053+0000] {processor.py:183} INFO - Processing /opt/airflow/dags/daily_summary_dag.py took 0.143 seconds
[2026-10-06T17:03:42.256+0000] {processor.py:161} INFO - Started process (PID=299) to work on /opt/airflow/dags/daily_summary_dag.py
[2026-10-06T17:03:42.259+0000] {processor.py:830} INFO - Processing file /opt/airflow/dags/daily_summary_dag.py for tasks to queue
[2026-10-06T17:03:42.265+0000] {logging_mixin.py:188} INFO - [2026-10-06T17:03:42.263+0000] {dagbag.py:545} INFO - Filling up the DagBag from /opt/airflow/dags/daily_summary_dag.py
[2026-10-06T17:03:42.309+0000] {processor.py:840} INFO - DAG(s) 'daily_summary_dag' retrieved from /opt/airflow/dags/daily_summary_dag.py
[2026-10-06T17:03:42.389+0000] {logging_mixin.py:188} INFO - [2026-10-06T17:03:42.388+0000] {dag.py:3089} INFO - Sync 1 DAGs
[2026-10-06T17:03:42.421+0000] {logging_mixin.py:188} INFO - [2026-10-06T17:03:42.421+0000] {dag.py:3947} INFO - Setting next_dagrun for daily_summary_dag to None, run_after=None
[2026-10-06T17:03:42.455+0000] {processor.py:183} INFO - Processing /opt/airflow/dags/daily_summary_dag.py took 0.226 seconds
[2026-10-06T17:04:12.727+0000] {processor.py:161} INFO - Started process (PID=305) to work on /opt/airflow/dags/daily_summary_dag.py
[2026-10-06T17:04:12.735+0000] {processor.py:830} INFO - Processing file /opt/airflow/dags/daily_summary_dag.py for tasks to queue
[2026-10-06T17:04:12.742+0000] {logging_mixin.py:188} INFO - [2026-10-06T17:04:12.741+0000] {dagbag.py:545} INFO - Filling up the DagBag from /opt/airflow/dags/daily_summary_dag.py
[2026-10-06T17:04:12.810+0000] {processor.py:840} INFO - DAG(s) 'daily_summary_dag' retrieved from /opt/airflow/dags/daily_summary_dag.py
[2026-10-06T17:04:12.982+0000] {logging_mixin.py:188} INFO - [2026-10-06T17:04:12.981+0000] {dag.py:3089} INFO - Sync 1 DAGs
[2026-10-06T17:04:13.045+0000] {logging_mixin.py:188} INFO - [2026-10-06T17:04:13.044+0000] {dag.py:3947} INFO - Setting next_dagrun for daily_summary_dag to None, run_after=None
[2026-10-06T17:04:13.138+0000] {processor.py:183} INFO - Processing /opt/airflow/dags/daily_summary_dag.py took 0.456 seconds
[2026-10-06T17:04:43.510+0000] {processor.py:161} INFO - Started process (PID=310) to work on /opt/airflow/dags/daily_summary_dag.py
[2026-10-06T17:04:43.515+0000] {processor.py:830} INFO - Processing file /opt/airflow/dags/daily_summary_dag.py for tasks to queue
[2026-10-06T17:04:43.533+0000] {logging_mixin.py:188} INFO - [2026-10-06T17:04:43.528+0000] {dagbag.py:545} INFO - Filling up the DagBag from /opt/airflow/dags/daily_summary_dag.py
[2026-10-06T17:04:43.648+0000] {processor.py:840} INFO - DAG(s) 'daily_summary_dag' retrieved from /opt/airflow/dags/daily_summary_dag.py
[2026-10-06T17:04:43.838+0000] {logging_mixin.py:188} INFO - [2026-10-06T17:04:43.838+0000] {dag.py:3089} INFO - Sync 1 DAGs
[2026-10-06T17:04:43.922+0000] {logging_mixin.py:188} INFO - [2026-10-06T17:04:43.922+0000] {dag.py:3947} INFO - Setting next_dagrun for daily_summary_dag to None, run_after=None
[2026-10-06T17:04:44.004+0000] {processor.py:183} INFO - Processing /opt/airflow/dags/daily_summary_dag.py took 0.539 seconds
[2026-10-06T17:05:14.101+0000] {processor.py:161} INFO - Started process (PID=315) to work on /opt/airflow/dags/daily_summary_dag.py
[2026-10-06T17:05:14.105+0000] {processor.py:830} INFO - Processing file /opt/airflow/dags/daily_summary_dag.py for tasks to queue
[2026-10-06T17:05:14.114+0000] {logging_mixin.py:188} INFO - [2026-10-06T17:05:14.112+0000] {dagbag.py:545} INFO - Filling up the DagBag from /opt/airflow/dags/daily_summary_dag.py
[2026-10-06T17:05:14.152+0000] {processor.py:840} INFO - DAG(s) 'daily_summary_dag' retrieved from /opt/airflow/dags/daily_summary_dag.py
[2026-10-06T17:05:14.261+0000] {logging_mixin.py:188} INFO - [2026-10-06T17:05:14.260+0000] {dag.py:3089} INFO - Sync 1 DAGs
[2026-10-06T17:05:14.298+0000] {logging_mixin.py:188} INFO - [2026-10-06T17:05:14.297+0000] {dag.py:3947} INFO - Setting next_dagrun for daily_summary_dag to None, run_after=None
[2026-10-06T17:05:14.346+0000] {processor.py:183} INFO - Processing /opt/airflow/dags/daily_summary_dag.py took 0.253 seconds
[2026-10-06T17:05:44.550+0000] {processor.py:161} INFO - Started process (PID=320) to work on /opt/airflow/dags/daily_summary_dag.py
[2026-10-06T17:05:44.551+0000] {processor.py:830} INFO - Processing file /opt/airflow/dags/daily_summary_dag.py for tasks to queue
[2026-10-06T17:05:44.555+0000] {logging_mixin.py:188} INFO - [2026-10-06T17:05:44.554+0000] {dagbag.py:545} INFO - Filling up the DagBag from /opt/airflow/dags/daily_summary_dag.py
[2026-10-06T17:05:44.576+0000] {processor.py:840} INFO - DAG(s) 'daily_summary_dag' retrieved from /opt/airflow/dags/daily_summary_dag.py
[2026-10-06T17:05:44.638+0000] {logging_mixin.py:188} INFO - [2026-10-06T17:05:44.638+0000] {dag.py:3089} INFO - Sync 1 DAGs
[2026-10-06T17:05:44.668+0000] {logging_mixin.py:188} INFO - [2026-10-06T17:05:44.668+0000] {dag.py:3947} INFO - Setting next_dagrun for daily_summary_dag to None, run_after=None
[2026-10-06T17:05:44.704+0000] {processor.py:183} INFO - Processing /opt/airflow/dags/daily_summary_dag.py took 0.162 seconds
[2026-10-06T17:06:14.942+0000] {processor.py:161} INFO - Started process (PID=325) to work on /opt/airflow/dags/daily_summary_dag.py
[2026-10-06T17:06:14.944+0000] {processor.py:830} INFO - Processing file /opt/airflow/dags/daily_summary_dag.py for tasks to queue
[2026-10-06T17:06:14.946+0000] {logging_mixin.py:188} INFO - [2026-10-06T17:06:14.945+0000] {dagbag.py:545} INFO - Filling up the DagBag from /opt/airflow/dags/daily_summary_dag.py
[2026-10-06T17:06:14.971+0000] {processor.py:840} INFO - DAG(s) 'daily_summary_dag' retrieved from /opt/airflow/dags/daily_summary_dag.py
[2026-10-06T17:06:15.020+0000] {logging_mixin.py:188} INFO - [2026-10-06T17:06:15.020+0000] {dag.py:3089} INFO - Sync 1 DAGs
[2026-10-06T17:06:15.045+0000] {logging_mixin.py:188} INFO - [2026-10-06T17:06:15.044+0000] {dag.py:3947} INFO - Setting next_dagrun for daily_summary_dag to None, run_after=None
[2026-10-06T17:06:15.076+0000] {processor.py:183} INFO - Processing /opt/airflow/dags/daily_summary_dag.py took 0.142 seconds
[2026-10-06T17:06:45.258+0000] {processor.py:161} INFO - Started process (PID=330) to work on /opt/airflow/dags/daily_summary_dag.py
[2026-10-06T17:06:45.259+0000] {processor.py:830} INFO - Processing file /opt/airflow/dags/daily_summary_dag.py for tasks to queue
[2026-10-06T17:06:45.261+0000] {logging_mixin.py:188} INFO - [2026-10-06T17:06:45.260+0000] {dagbag.py:545} INFO - Filling up the DagBag from /opt/airflow/dags/daily_summary_dag.py
[2026-10-06T17:06:45.279+0000] {processor.py:840} INFO - DAG(s) 'daily_summary_dag' retrieved from /opt/airflow/dags/daily_summary_dag.py
[2026-10-06T17:06:45.330+0000] {logging_mixin.py:188} INFO - [2026-10-06T17:06:45.330+0000] {dag.py:3089} INFO - Sync 1 DAGs
[2026-10-06T17:06:45.356+0000] {logging_mixin.py:188} INFO - [2026-10-06T17:06:45.356+0000] {dag.py:3947} INFO - Setting next_dagrun for daily_summary_dag to None, run_after=None
[2026-10-06T17:06:45.389+0000] {processor.py:183} INFO - Processing /opt/airflow/dags/daily_summary_dag.py took 0.136 seconds
[2026-10-06T17:07:15.570+0000] {processor.py:161} INFO - Started process (PID=335) to work on /opt/airflow/dags/daily_summary_dag.py
[2026-10-06T17:07:15.571+0000] {processor.py:830} INFO - Processing file /opt/airflow/dags/daily_summary_dag.py for tasks to queue
[2026-10-06T17:07:15.574+0000] {logging_mixin.py:188} INFO - [2026-10-06T17:07:15.573+0000] {dagbag.py:545} INFO - Filling up the DagBag from /opt/airflow/dags/daily_summary_dag.py
[2026-10-06T17:07:15.595+0000] {processor.py:840} INFO - DAG(s) 'daily_summary_dag' retrieved from /opt/airflow/dags/daily_summary_dag.py
[2026-10-06T17:07:15.644+0000] {logging_mixin.py:188} INFO - [2026-10-06T17:07:15.643+0000] {dag.py:3089} INFO - Sync 1 DAGs
[2026-10-06T17:07:15.672+0000] {logging_mixin.py:188} INFO - [2026-10-06T17:07:15.672+0000] {dag.py:3947} INFO - Setting next_dagrun for daily_summary_dag to None, run_after=None
[2026-10-06T17:07:15.706+0000] {processor.py:183} INFO - Processing /opt/airflow/dags/daily_summary_dag.py took 0.140 seconds
[2026-10-06T17:07:45.911+0000] {processor.py:161} INFO - Started process (PID=340) to work on /opt/airflow/dags/daily_summary_dag.py
[2026-10-06T17:07:45.914+0000] {processor.py:830} INFO - Processing file /opt/airflow/dags/daily_summary_dag.py for tasks to queue
[2026-10-06T17:07:45.919+0000] {logging_mixin.py:188} INFO - [2026-10-06T17:07:45.919+0000] {dagbag.py:545} INFO - Filling up the DagBag from /opt/airflow/dags/daily_summary_dag.py
[2026-10-06T17:07:45.955+0000] {processor.py:840} INFO - DAG(s) 'daily_summary_dag' retrieved from /opt/airflow/dags/daily_summary_dag.py
[2026-10-06T17:07:46.031+0000] {logging_mixin.py:188} INFO - [2026-10-06T17:07:46.031+0000] {dag.py:3089} INFO - Sync 1 DAGs
[2026-10-06T17:07:46.065+0000] {logging_mixin.py:188} INFO - [2026-10-06T17:07:46.064+0000] {dag.py:3947} INFO - Setting next_dagrun for daily_summary_dag to None, run_after=None
[2026-10-06T17:07:46.100+0000] {processor.py:183} INFO - Processing /opt/airflow/dags/daily_summary_dag.py took 0.206 seconds
[2026-10-06T17:08:16.349+0000] {processor.py:161} INFO - Started process (PID=345) to work on /opt/airflow/dags/daily_summary_dag.py
[2026-10-06T17:08:16.352+0000] {processor.py:830} INFO - Processing file /opt/airflow/dags/daily_summary_dag.py for tasks to queue
[2026-10-06T17:08:16.361+0000] {logging_mixin.py:188} INFO - [2026-10-06T17:08:16.360+0000] {dagbag.py:545} INFO - Filling up the DagBag from /opt/airflow/dags/daily_summary_dag.py
[2026-10-06T17:08:16.414+0000] {processor.py:840} INFO - DAG(s) 'daily_summary_dag' retrieved from /opt/airflow/dags/daily_summary_dag.py
[2026-10-06T17:08:16.488+0000] {logging_mixin.py:188} INFO - [2026-10-06T17:08:16.487+0000] {dag.py:3089} INFO - Sync 1 DAGs
[2026-10-06T17:08:16.525+0000] {logging_mixin.py:188} INFO - [2026-10-06T17:08:16.524+0000] {dag.py:3947} INFO - Setting next_dagrun for daily_summary_dag to None, run_after=None
[2026-10-06T17:08:16.568+0000] {processor.py:183} INFO - Processing /opt/airflow/dags/daily_summary_dag.py took 0.241 seconds
[2026-10-06T17:08:46.784+0000] {processor.py:161} INFO - Started process (PID=350) to work on /opt/airflow/dags/daily_summary_dag.py
[2026-10-06T17:08:46.785+0000] {processor.py:830} INFO - Processing file /opt/airflow/dags/daily_summary_dag.py for tasks to queue
[2026-10-06T17:08:46.788+0000] {logging_mixin.py:188} INFO - [2026-10-06T17:08:46.787+0000] {dagbag.py:545} INFO - Filling up the DagBag from /opt/airflow/dags/daily_summary_dag.py
[2026-10-06T17:08:46.812+0000] {processor.py:840} INFO - DAG(s) 'daily_summary_dag' retrieved from /opt/airflow/dags/daily_summary_dag.py
[2026-10-06T17:08:46.876+0000] {logging_mixin.py:188} INFO - [2026-10-06T17:08:46.876+0000] {dag.py:3089} INFO - Sync 1 DAGs
[2026-10-06T17:08:46.904+0000] {logging_mixin.py:188} INFO - [2026-10-06T17:08:46.904+0000] {dag.py:3947} INFO - Setting next_dagrun for daily_summary_dag to None, run_after=None
[2026-10-06T17:08:46.939+0000] {processor.py:183} INFO - Processing /opt/airflow/dags/daily_summary_dag.py took 0.163 seconds
[2026-10-06T17:09:17.148+0000] {processor.py:161} INFO - Started process (PID=355) to work on /opt/airflow/dags/daily_summary_dag.py
[2026-10-06T17:09:17.150+0000] {processor.py:830} INFO - Processing file /opt/airflow/dags/daily_summary_dag.py for tasks to queue
[2026-10-06T17:09:17.154+0000] {logging_mixin.py:188} INFO - [2026-10-06T17:09:17.153+0000] {dagbag.py:545} INFO - Filling up the DagBag from /opt/airflow/dags/daily_summary_dag.py
[2026-10-06T17:09:17.186+0000] {processor.py:840} INFO - DAG(s) 'daily_summary_dag' retrieved from /opt/airflow/dags/daily_summary_dag.py
[2026-10-06T17:09:17.242+0000] {logging_mixin.py:188} INFO - [2026-10-06T17:09:17.242+0000] {dag.py:3089} INFO - Sync 1 DAGs
[2026-10-06T17:09:17.264+0000] {logging_mixin.py:188} INFO - [2026-10-06T17:09:17.263+0000] {dag.py:3947} INFO - Setting next_dagrun for daily_summary_dag to None, run_after=None
[2026-10-06T17:09:17.302+0000] {processor.py:183} INFO - Processing /opt/airflow/dags/daily_summary_dag.py took 0.171 seconds
[2026-10-06T17:09:47.552+0000] {processor.py:161} INFO - Started process (PID=360) to work on /opt/airflow/dags/daily_summary_dag.py
[2026-10-06T17:09:47.559+0000] {processor.py:830} INFO - Processing file /opt/airflow/dags/daily_summary_dag.py for tasks to queue
[2026-10-06T17:09:47.565+0000] {logging_mixin.py:188} INFO - [2026-10-06T17:09:47.564+0000] {dagbag.py:545} INFO - Filling up the DagBag from /opt/airflow/dags/daily_summary_dag.py
[2026-10-06T17:09:47.598+0000] {processor.py:840} INFO - DAG(s) 'daily_summary_dag' retrieved from /opt/airflow/dags/daily_summary_dag.py
[2026-10-06T17:09:47.675+0000] {logging_mixin.py:188} INFO - [2026-10-06T17:09:47.674+0000] {dag.py:3089} INFO - Sync 1 DAGs
[2026-10-06T17:09:47.701+0000] {logging_mixin.py:188} INFO - [2026-10-06T17:09:47.701+0000] {dag.py:3947} INFO - Setting next_dagrun for daily_summary_dag to None, run_after=None
[2026-10-06T17:09:47.751+0000] {processor.py:183} INFO - Processing /opt/airflow/dags/daily_summary_dag.py took 0.215 seconds
[2026-10-06T17:10:17.945+0000] {processor.py:161} INFO - Started process (PID=365) to work on /opt/airflow/dags/daily_summary_dag.py
[2026-10-06T17:10:17.947+0000] {processor.py:830} INFO - Processing file /opt/airflow/dags/daily_summary_dag.py for tasks to queue
[2026-10-06T17:10:17.951+0000] {logging_mixin.py:188} INFO - [2026-10-06T17:10:17.950+0000] {dagbag.py:545} INFO - Filling up the DagBag from /opt/airflow/dags/daily_summary_dag.py
[2026-10-06T17:10:17.989+0000] {processor.py:840} INFO - DAG(s) 'daily_summary_dag' retrieved from /opt/airflow/dags/daily_summary_dag.py
[2026-10-06T17:10:18.042+0000] {logging_mixin.py:188} INFO - [2026-10-06T17:10:18.042+0000] {dag.py:3089} INFO - Sync 1 DAGs
[2026-10-06T17:10:18.070+0000] {logging_mixin.py:188} INFO - [2026-10-06T17:10:18.069+0000] {dag.py:3947} INFO - Setting next_dagrun for daily_summary_dag to None, run_after=None
[2026-10-06T17:10:18.105+0000] {processor.py:183} INFO - Processing /opt/airflow/dags/daily_summary_dag.py took 0.172 seconds
[2026-10-06T17:10:48.296+0000] {processor.py:161} INFO - Started process (PID=370) to work on /opt/airflow/dags/daily_summary_dag.py
[2026-10-06T17:10:48.298+0000] {processor.py:830} INFO - Processing file /opt/airflow/dags/daily_summary_dag.py for tasks to queue
[2026-10-06T17:10:48.300+0000] {logging_mixin.py:188} INFO - [2026-10-06T17:10:48.300+0000] {dagbag.py:545} INFO - Filling up the DagBag from /opt/airflow/dags/daily_summary_dag.py
[2026-10-06T17:10:48.320+0000] {processor.py:840} INFO - DAG(s) 'daily_summary_dag' retrieved from /opt/airflow/dags/daily_summary_dag.py
[2026-10-06T17:10:48.354+0000] {logging_mixin.py:188} INFO - [2026-10-06T17:10:48.353+0000] {dag.py:3089} INFO - Sync 1 DAGs
[2026-10-06T17:10:48.369+0000] {logging_mixin.py:188} INFO - [2026-10-06T17:10:48.368+0000] {dag.py:3947} INFO - Setting next_dagrun for daily_summary_dag to None, run_after=None
[2026-10-06T17:10:48.396+0000] {processor.py:183} INFO - Processing /opt/airflow/dags/daily_summary_dag.py took 0.106 seconds
[2026-10-06T17:11:18.682+0000] {processor.py:161} INFO - Started process (PID=388) to work on /opt/airflow/dags/daily_summary_dag.py
[2026-10-06T17:11:18.688+0000] {processor.py:830} INFO - Processing file /opt/airflow/dags/daily_summary_dag.py for tasks to queue
[2026-10-06T17:11:18.713+0000] {logging_mixin.py:188} INFO - [2026-10-06T17:11:18.710+0000] {dagbag.py:545} INFO - Filling up the DagBag from /opt/airflow/dags/daily_summary_dag.py
[2026-10-06T17:11:18.823+0000] {processor.py:840} INFO - DAG(s) 'daily_summary_dag' retrieved from /opt/airflow/dags/daily_summary_dag.py
[2026-10-06T17:11:18.959+0000] {logging_mixin.py:188} INFO - [2026-10-06T17:11:18.959+0000] {dag.py:3089} INFO - Sync 1 DAGs
[2026-10-06T17:11:18.994+0000] {logging_mixin.py:188} INFO - [2026-10-06T17:11:18.994+0000] {dag.py:3947} INFO - Setting next_dagrun for daily_summary_dag to None, run_after=None
[2026-10-06T17:11:19.038+0000] {processor.py:183} INFO - Processing /opt/airflow/dags/daily_summary_dag.py took 0.445 seconds
[2026-10-06T17:11:49.269+0000] {processor.py:161} INFO - Started process (PID=393) to work on /opt/airflow/dags/daily_summary_dag.py
[2026-10-06T17:11:49.270+0000] {processor.py:830} INFO - Processing file /opt/airflow/dags/daily_summary_dag.py for tasks to queue
[2026-10-06T17:11:49.273+0000] {logging_mixin.py:188} INFO - [2026-10-06T17:11:49.272+0000] {dagbag.py:545} INFO - Filling up the DagBag from /opt/airflow/dags/daily_summary_dag.py
[2026-10-06T17:11:49.313+0000] {processor.py:840} INFO - DAG(s) 'daily_summary_dag' retrieved from /opt/airflow/dags/daily_summary_dag.py
[2026-10-06T17:11:49.370+0000] {logging_mixin.py:188} INFO - [2026-10-06T17:11:49.370+0000] {dag.py:3089} INFO - Sync 1 DAGs
[2026-10-06T17:11:49.385+0000] {logging_mixin.py:188} INFO - [2026-10-06T17:11:49.384+0000] {dag.py:3947} INFO - Setting next_dagrun for daily_summary_dag to None, run_after=None
[2026-10-06T17:11:49.410+0000] {processor.py:183} INFO - Processing /opt/airflow/dags/daily_summary_dag.py took 0.153 seconds
[2026-10-06T17:12:19.603+0000] {processor.py:161} INFO - Started process (PID=398) to work on /opt/airflow/dags/daily_summary_dag.py
[2026-10-06T17:12:19.605+0000] {processor.py:830} INFO - Processing file /opt/airflow/dags/daily_summary_dag.py for tasks to queue
[2026-10-06T17:12:19.609+0000] {logging_mixin.py:188} INFO - [2026-10-06T17:12:19.609+0000] {dagbag.py:545} INFO - Filling up the DagBag from /opt/airflow/dags/daily_summary_dag.py
[2026-10-06T17:12:19.631+0000] {processor.py:840} INFO - DAG(s) 'daily_summary_dag' retrieved from /opt/airflow/dags/daily_summary_dag.py
[2026-10-06T17:12:19.671+0000] {logging_mixin.py:188} INFO - [2026-10-06T17:12:19.671+0000] {dag.py:3089} INFO - Sync 1 DAGs
[2026-10-06T17:12:19.690+0000] {logging_mixin.py:188} INFO - [2026-10-06T17:12:19.690+0000] {dag.py:3947} INFO - Setting next_dagrun for daily_summary_dag to None, run_after=None
[2026-10-06T17:12:19.716+0000] {processor.py:183} INFO - Processing /opt/airflow/dags/daily_summary_dag.py took 0.120 seconds
[2026-10-06T17:12:49.784+0000] {processor.py:161} INFO - Started process (PID=403) to work on /opt/airflow/dags/daily_summary_dag.py
[2026-10-06T17:12:49.786+0000] {processor.py:830} INFO - Processing file /opt/airflow/dags/daily_summary_dag.py for tasks to queue
[2026-10-06T17:12:49.789+0000] {logging_mixin.py:188} INFO - [2026-10-06T17:12:49.789+0000] {dagbag.py:545} INFO - Filling up the DagBag from /opt/airflow/dags/daily_summary_dag.py
[2026-10-06T17:12:49.824+0000] {processor.py:840} INFO - DAG(s) 'daily_summary_dag' retrieved from /opt/airflow/dags/daily_summary_dag.py
[2026-10-06T17:12:49.906+0000] {logging_mixin.py:188} INFO - [2026-10-06T17:12:49.905+0000] {dag.py:3089} INFO - Sync 1 DAGs
[2026-10-06T17:12:49.934+0000] {logging_mixin.py:188} INFO - [2026-10-06T17:12:49.933+0000] {dag.py:3947} INFO - Setting next_dagrun for daily_summary_dag to None, run_after=None
[2026-10-06T17:12:49.980+0000] {processor.py:183} INFO - Processing /opt/airflow/dags/daily_summary_dag.py took 0.208 seconds
[2026-10-06T17:13:44.055+0000] {processor.py:161} INFO - Started process (PID=408) to work on /opt/airflow/dags/daily_summary_dag.py
[2026-10-06T17:13:44.083+0000] {processor.py:830} INFO - Processing file /opt/airflow/dags/daily_summary_dag.py for tasks to queue
[2026-10-06T17:13:44.250+0000] {logging_mixin.py:188} INFO - [2026-10-06T17:13:44.223+0000] {dagbag.py:545} INFO - Filling up the DagBag from /opt/airflow/dags/daily_summary_dag.py
[2026-10-06T17:13:44.854+0000] {processor.py:840} INFO - DAG(s) 'daily_summary_dag' retrieved from /opt/airflow/dags/daily_summary_dag.py
[2026-10-06T17:13:46.515+0000] {logging_mixin.py:188} INFO - [2026-10-06T17:13:46.479+0000] {dag.py:3089} INFO - Sync 1 DAGs
[2026-10-06T17:13:47.473+0000] {logging_mixin.py:188} INFO - [2026-10-06T17:13:47.342+0000] {dag.py:3947} INFO - Setting next_dagrun for daily_summary_dag to None, run_after=None
[2026-10-06T17:13:49.618+0000] {processor.py:183} INFO - Processing /opt/airflow/dags/daily_summary_dag.py took 5.780 seconds
[2026-10-06T17:16:55.946+0000] {processor.py:161} INFO - Started process (PID=413) to work on /opt/airflow/dags/daily_summary_dag.py
[2026-10-06T17:16:55.967+0000] {processor.py:830} INFO - Processing file /opt/airflow/dags/daily_summary_dag.py for tasks to queue
[2026-10-06T17:16:56.154+0000] {logging_mixin.py:188} INFO - [2026-10-06T17:16:56.134+0000] {dagbag.py:545} INFO - Filling up the DagBag from /opt/airflow/dags/daily_summary_dag.py
[2026-10-06T17:16:57.335+0000] {processor.py:840} INFO - DAG(s) 'daily_summary_dag' retrieved from /opt/airflow/dags/daily_summary_dag.py
[2026-10-06T17:16:58.400+0000] {logging_mixin.py:188} INFO - [2026-10-06T17:16:58.399+0000] {dag.py:3089} INFO - Sync 1 DAGs
[2026-10-06T17:16:58.620+0000] {logging_mixin.py:188} INFO - [2026-10-06T17:16:58.619+0000] {dag.py:3947} INFO - Setting next_dagrun for daily_summary_dag to None, run_after=None
[2026-10-06T17:16:58.859+0000] {processor.py:183} INFO - Processing /opt/airflow/dags/daily_summary_dag.py took 3.574 seconds
[2026-10-06T17:17:29.092+0000] {processor.py:161} INFO - Started process (PID=418) to work on /opt/airflow/dags/daily_summary_dag.py
[2026-10-06T17:17:29.094+0000] {processor.py:830} INFO - Processing file /opt/airflow/dags/daily_summary_dag.py for tasks to queue
[2026-10-06T17:17:29.097+0000] {logging_mixin.py:188} INFO - [2026-10-06T17:17:29.096+0000] {dagbag.py:545} INFO - Filling up the DagBag from /opt/airflow/dags/daily_summary_dag.py
[2026-10-06T17:17:29.120+0000] {processor.py:840} INFO - DAG(s) 'daily_summary_dag' retrieved from /opt/airflow/dags/daily_summary_dag.py
[2026-10-06T17:17:29.161+0000] {logging_mixin.py:188} INFO - [2026-10-06T17:17:29.161+0000] {dag.py:3089} INFO - Sync 1 DAGs
[2026-10-06T17:17:29.180+0000] {logging_mixin.py:188} INFO - [2026-10-06T17:17:29.179+0000] {dag.py:3947} INFO - Setting next_dagrun for daily_summary_dag to None, run_after=None
[2026-10-06T17:17:29.209+0000] {processor.py:183} INFO - Processing /opt/airflow/dags/daily_summary_dag.py took 0.125 seconds
[2026-10-06T17:17:59.438+0000] {processor.py:161} INFO - Started process (PID=423) to work on /opt/airflow/dags/daily_summary_dag.py
[2026-10-06T17:17:59.442+0000] {processor.py:830} INFO - Processing file /opt/airflow/dags/daily_summary_dag.py for tasks to queue
[2026-10-06T17:17:59.453+0000] {logging_mixin.py:188} INFO - [2026-10-06T17:17:59.451+0000] {dagbag.py:545} INFO - Filling up the DagBag from /opt/airflow/dags/daily_summary_dag.py
[2026-10-06T17:17:59.508+0000] {processor.py:840} INFO - DAG(s) 'daily_summary_dag' retrieved from /opt/airflow/dags/daily_summary_dag.py
[2026-10-06T17:17:59.679+0000] {logging_mixin.py:188} INFO - [2026-10-06T17:17:59.678+0000] {dag.py:3089} INFO - Sync 1 DAGs
[2026-10-06T17:17:59.758+0000] {logging_mixin.py:188} INFO - [2026-10-06T17:17:59.757+0000] {dag.py:3947} INFO - Setting next_dagrun for daily_summary_dag to None, run_after=None
[2026-10-06T17:17:59.815+0000] {processor.py:183} INFO - Processing /opt/airflow/dags/daily_summary_dag.py took 0.443 seconds
[2026-10-06T17:18:30.063+0000] {processor.py:161} INFO - Started process (PID=428) to work on /opt/airflow/dags/daily_summary_dag.py
[2026-10-06T17:18:30.064+0000] {processor.py:830} INFO - Processing file /opt/airflow/dags/daily_summary_dag.py for tasks to queue
[2026-10-06T17:18:30.067+0000] {logging_mixin.py:188} INFO - [2026-10-06T17:18:30.067+0000] {dagbag.py:545} INFO - Filling up the DagBag from /opt/airflow/dags/daily_summary_dag.py
[2026-10-06T17:18:30.090+0000] {processor.py:840} INFO - DAG(s) 'daily_summary_dag' retrieved from /opt/airflow/dags/daily_summary_dag.py
[2026-10-06T17:18:30.128+0000] {logging_mixin.py:188} INFO - [2026-10-06T17:18:30.128+0000] {dag.py:3089} INFO - Sync 1 DAGs
[2026-10-06T17:18:30.144+0000] {logging_mixin.py:188} INFO - [2026-10-06T17:18:30.143+0000] {dag.py:3947} INFO - Setting next_dagrun for daily_summary_dag to None, run_after=None
[2026-10-06T17:18:30.170+0000] {processor.py:183} INFO - Processing /opt/airflow/dags/daily_summary_dag.py took 0.114 seconds
[2026-10-06T17:19:00.263+0000] {processor.py:161} INFO - Started process (PID=433) to work on /opt/airflow/dags/daily_summary_dag.py
[2026-10-06T17:19:00.265+0000] {processor.py:830} INFO - Processing file /opt/airflow/dags/daily_summary_dag.py for tasks to queue
[2026-10-06T17:19:00.269+0000] {logging_mixin.py:188} INFO - [2026-10-06T17:19:00.268+0000] {dagbag.py:545} INFO - Filling up the DagBag from /opt/airflow/dags/daily_summary_dag.py
[2026-10-06T17:19:00.294+0000] {processor.py:840} INFO - DAG(s) 'daily_summary_dag' retrieved from /opt/airflow/dags/daily_summary_dag.py
[2026-10-06T17:19:00.342+0000] {logging_mixin.py:188} INFO - [2026-10-06T17:19:00.342+0000] {dag.py:3089} INFO - Sync 1 DAGs
[2026-10-06T17:19:00.362+0000] {logging_mixin.py:188} INFO - [2026-10-06T17:19:00.362+0000] {dag.py:3947} INFO - Setting next_dagrun for daily_summary_dag to None, run_after=None
[2026-10-06T17:19:00.385+0000] {processor.py:183} INFO - Processing /opt/airflow/dags/daily_summary_dag.py took 0.132 seconds
[2026-10-06T17:19:30.542+0000] {processor.py:161} INFO - Started process (PID=438) to work on /opt/airflow/dags/daily_summary_dag.py
[2026-10-06T17:19:30.543+0000] {processor.py:830} INFO - Processing file /opt/airflow/dags/daily_summary_dag.py for tasks to queue
[2026-10-06T17:19:30.546+0000] {logging_mixin.py:188} INFO - [2026-10-06T17:19:30.545+0000] {dagbag.py:545} INFO - Filling up the DagBag from /opt/airflow/dags/daily_summary_dag.py
[2026-10-06T17:19:30.569+0000] {processor.py:840} INFO - DAG(s) 'daily_summary_dag' retrieved from /opt/airflow/dags/daily_summary_dag.py
[2026-10-06T17:19:30.628+0000] {logging_mixin.py:188} INFO - [2026-10-06T17:19:30.628+0000] {dag.py:3089} INFO - Sync 1 DAGs
[2026-10-06T17:19:30.652+0000] {logging_mixin.py:188} INFO - [2026-10-06T17:19:30.652+0000] {dag.py:3947} INFO - Setting next_dagrun for daily_summary_dag to None, run_after=None
[2026-10-06T17:19:30.677+0000] {processor.py:183} INFO - Processing /opt/airflow/dags/daily_summary_dag.py took 0.143 seconds
[2026-10-06T17:20:00.749+0000] {processor.py:161} INFO - Started process (PID=443) to work on /opt/airflow/dags/daily_summary_dag.py
[2026-10-06T17:20:00.751+0000] {processor.py:830} INFO - Processing file /opt/airflow/dags/daily_summary_dag.py for tasks to queue
[2026-10-06T17:20:00.754+0000] {logging_mixin.py:188} INFO - [2026-10-06T17:20:00.753+0000] {dagbag.py:545} INFO - Filling up the DagBag from /opt/airflow/dags/daily_summary_dag.py
[2026-10-06T17:20:00.782+0000] {processor.py:840} INFO - DAG(s) 'daily_summary_dag' retrieved from /opt/airflow/dags/daily_summary_dag.py
[2026-10-06T17:20:00.835+0000] {logging_mixin.py:188} INFO - [2026-10-06T17:20:00.835+0000] {dag.py:3089} INFO - Sync 1 DAGs
[2026-10-06T17:20:00.855+0000] {logging_mixin.py:188} INFO - [2026-10-06T17:20:00.855+0000] {dag.py:3947} INFO - Setting next_dagrun for daily_summary_dag to None, run_after=None
[2026-10-06T17:20:00.896+0000] {processor.py:183} INFO - Processing /opt/airflow/dags/daily_summary_dag.py took 0.156 seconds
[2026-10-06T17:20:31.045+0000] {processor.py:161} INFO - Started process (PID=448) to work on /opt/airflow/dags/daily_summary_dag.py
[2026-10-06T17:20:31.046+0000] {processor.py:830} INFO - Processing file /opt/airflow/dags/daily_summary_dag.py for tasks to queue
[2026-10-06T17:20:31.049+0000] {logging_mixin.py:188} INFO - [2026-10-06T17:20:31.048+0000] {dagbag.py:545} INFO - Filling up the DagBag from /opt/airflow/dags/daily_summary_dag.py
[2026-10-06T17:20:31.067+0000] {processor.py:840} INFO - DAG(s) 'daily_summary_dag' retrieved from /opt/airflow/dags/daily_summary_dag.py
[2026-10-06T17:20:31.101+0000] {logging_mixin.py:188} INFO - [2026-10-06T17:20:31.101+0000] {dag.py:3089} INFO - Sync 1 DAGs
[2026-10-06T17:20:31.116+0000] {logging_mixin.py:188} INFO - [2026-10-06T17:20:31.115+0000] {dag.py:3947} INFO - Setting next_dagrun for daily_summary_dag to None, run_after=None
[2026-10-06T17:20:31.139+0000] {processor.py:183} INFO - Processing /opt/airflow/dags/daily_summary_dag.py took 0.100 seconds
[2026-10-06T17:21:01.268+0000] {processor.py:161} INFO - Started process (PID=453) to work on /opt/airflow/dags/daily_summary_dag.py
[2026-10-06T17:21:01.269+0000] {processor.py:830} INFO - Processing file /opt/airflow/dags/daily_summary_dag.py for tasks to queue
[2026-10-06T17:21:01.271+0000] {logging_mixin.py:188} INFO - [2026-10-06T17:21:01.271+0000] {dagbag.py:545} INFO - Filling up the DagBag from /opt/airflow/dags/daily_summary_dag.py
[2026-10-06T17:21:01.293+0000] {processor.py:840} INFO - DAG(s) 'daily_summary_dag' retrieved from /opt/airflow/dags/daily_summary_dag.py
[2026-10-06T17:21:01.328+0000] {logging_mixin.py:188} INFO - [2026-10-06T17:21:01.327+0000] {dag.py:3089} INFO - Sync 1 DAGs
[2026-10-06T17:21:01.341+0000] {logging_mixin.py:188} INFO - [2026-10-06T17:21:01.341+0000] {dag.py:3947} INFO - Setting next_dagrun for daily_summary_dag to None, run_after=None
[2026-10-06T17:21:01.366+0000] {processor.py:183} INFO - Processing /opt/airflow/dags/daily_summary_dag.py took 0.105 seconds
[2026-10-06T17:21:31.524+0000] {processor.py:161} INFO - Started process (PID=458) to work on /opt/airflow/dags/daily_summary_dag.py
[2026-10-06T17:21:31.527+0000] {processor.py:830} INFO - Processing file /opt/airflow/dags/daily_summary_dag.py for tasks to queue
[2026-10-06T17:21:31.531+0000] {logging_mixin.py:188} INFO - [2026-10-06T17:21:31.530+0000] {dagbag.py:545} INFO - Filling up the DagBag from /opt/airflow/dags/daily_summary_dag.py
[2026-10-06T17:21:31.559+0000] {processor.py:840} INFO - DAG(s) 'daily_summary_dag' retrieved from /opt/airflow/dags/daily_summary_dag.py
[2026-10-06T17:21:31.611+0000] {logging_mixin.py:188} INFO - [2026-10-06T17:21:31.611+0000] {dag.py:3089} INFO - Sync 1 DAGs
[2026-10-06T17:21:31.632+0000] {logging_mixin.py:188} INFO - [2026-10-06T17:21:31.631+0000] {dag.py:3947} INFO - Setting next_dagrun for daily_summary_dag to None, run_after=None
[2026-10-06T17:21:31.665+0000] {processor.py:183} INFO - Processing /opt/airflow/dags/daily_summary_dag.py took 0.156 seconds
[2026-10-06T17:21:55.773+0000] {processor.py:161} INFO - Started process (PID=463) to work on /opt/airflow/dags/daily_summary_dag.py
[2026-10-06T17:21:55.774+0000] {processor.py:830} INFO - Processing file /opt/airflow/dags/daily_summary_dag.py for tasks to queue
[2026-10-06T17:21:55.777+0000] {logging_mixin.py:188} INFO - [2026-10-06T17:21:55.777+0000] {dagbag.py:545} INFO - Filling up the DagBag from /opt/airflow/dags/daily_summary_dag.py
[2026-10-06T17:21:55.808+0000] {logging_mixin.py:188} INFO - [2026-10-06T17:21:55.796+0000] {dagbag.py:355} ERROR - Failed to import: /opt/airflow/dags/daily_summary_dag.py
Traceback (most recent call last):
  File "/home/airflow/.local/lib/python3.12/site-packages/airflow/models/dagbag.py", line 351, in parse
    loader.exec_module(new_module)
  File "<frozen importlib._bootstrap_external>", line 991, in exec_module
  File "<frozen importlib._bootstrap_external>", line 1129, in get_code
  File "<frozen importlib._bootstrap_external>", line 1059, in source_to_code
  File "<frozen importlib._bootstrap>", line 488, in _call_with_frames_removed
  File "/opt/airflow/dags/daily_summary_dag.py", line 14
    schedule="0 0 * * *",,
                         ^
SyntaxError: invalid syntax
[2026-10-06T17:21:55.809+0000] {processor.py:842} WARNING - No viable dags retrieved from /opt/airflow/dags/daily_summary_dag.py
[2026-10-06T17:21:55.859+0000] {processor.py:183} INFO - Processing /opt/airflow/dags/daily_summary_dag.py took 0.095 seconds
[2026-10-06T17:21:56.931+0000] {processor.py:161} INFO - Started process (PID=468) to work on /opt/airflow/dags/daily_summary_dag.py
[2026-10-06T17:21:56.932+0000] {processor.py:830} INFO - Processing file /opt/airflow/dags/daily_summary_dag.py for tasks to queue
[2026-10-06T17:21:56.935+0000] {logging_mixin.py:188} INFO - [2026-10-06T17:21:56.935+0000] {dagbag.py:545} INFO - Filling up the DagBag from /opt/airflow/dags/daily_summary_dag.py
[2026-10-06T17:21:57.020+0000] {processor.py:840} INFO - DAG(s) 'daily_summary_dag' retrieved from /opt/airflow/dags/daily_summary_dag.py
[2026-10-06T17:21:57.747+0000] {logging_mixin.py:188} INFO - [2026-10-06T17:21:57.747+0000] {dag.py:3089} INFO - Sync 1 DAGs
[2026-10-06T17:21:57.826+0000] {logging_mixin.py:188} INFO - [2026-10-06T17:21:57.826+0000] {dag.py:3947} INFO - Setting next_dagrun for daily_summary_dag to 2026-10-05 00:00:00+00:00, run_after=2026-10-06 00:00:00+00:00
[2026-10-06T17:21:57.864+0000] {processor.py:183} INFO - Processing /opt/airflow/dags/daily_summary_dag.py took 0.941 seconds
[2026-10-06T17:22:28.041+0000] {processor.py:161} INFO - Started process (PID=485) to work on /opt/airflow/dags/daily_summary_dag.py
[2026-10-06T17:22:28.043+0000] {processor.py:830} INFO - Processing file /opt/airflow/dags/daily_summary_dag.py for tasks to queue
[2026-10-06T17:22:28.045+0000] {logging_mixin.py:188} INFO - [2026-10-06T17:22:28.044+0000] {dagbag.py:545} INFO - Filling up the DagBag from /opt/airflow/dags/daily_summary_dag.py
[2026-10-06T17:22:28.065+0000] {processor.py:840} INFO - DAG(s) 'daily_summary_dag' retrieved from /opt/airflow/dags/daily_summary_dag.py
[2026-10-06T17:22:28.097+0000] {logging_mixin.py:188} INFO - [2026-10-06T17:22:28.096+0000] {dag.py:3089} INFO - Sync 1 DAGs
[2026-10-06T17:22:28.120+0000] {logging_mixin.py:188} INFO - [2026-10-06T17:22:28.120+0000] {dag.py:3947} INFO - Setting next_dagrun for daily_summary_dag to 2026-10-06 00:00:00+00:00, run_after=2026-10-07 00:00:00+00:00
[2026-10-06T17:22:28.143+0000] {processor.py:183} INFO - Processing /opt/airflow/dags/daily_summary_dag.py took 0.107 seconds
[2026-10-06T17:22:58.236+0000] {processor.py:161} INFO - Started process (PID=490) to work on /opt/airflow/dags/daily_summary_dag.py
[2026-10-06T17:22:58.237+0000] {processor.py:830} INFO - Processing file /opt/airflow/dags/daily_summary_dag.py for tasks to queue
[2026-10-06T17:22:58.240+0000] {logging_mixin.py:188} INFO - [2026-10-06T17:22:58.239+0000] {dagbag.py:545} INFO - Filling up the DagBag from /opt/airflow/dags/daily_summary_dag.py
[2026-10-06T17:22:58.263+0000] {processor.py:840} INFO - DAG(s) 'daily_summary_dag' retrieved from /opt/airflow/dags/daily_summary_dag.py
[2026-10-06T17:22:58.297+0000] {logging_mixin.py:188} INFO - [2026-10-06T17:22:58.297+0000] {dag.py:3089} INFO - Sync 1 DAGs
[2026-10-06T17:22:58.323+0000] {logging_mixin.py:188} INFO - [2026-10-06T17:22:58.322+0000] {dag.py:3947} INFO - Setting next_dagrun for daily_summary_dag to 2026-10-06 00:00:00+00:00, run_after=2026-10-07 00:00:00+00:00
[2026-10-06T17:22:58.344+0000] {processor.py:183} INFO - Processing /opt/airflow/dags/daily_summary_dag.py took 0.116 seconds
[2026-10-06T17:23:28.541+0000] {processor.py:161} INFO - Started process (PID=495) to work on /opt/airflow/dags/daily_summary_dag.py
[2026-10-06T17:23:28.543+0000] {processor.py:830} INFO - Processing file /opt/airflow/dags/daily_summary_dag.py for tasks to queue
[2026-10-06T17:23:28.546+0000] {logging_mixin.py:188} INFO - [2026-10-06T17:23:28.546+0000] {dagbag.py:545} INFO - Filling up the DagBag from /opt/airflow/dags/daily_summary_dag.py
[2026-10-06T17:23:28.578+0000] {processor.py:840} INFO - DAG(s) 'daily_summary_dag' retrieved from /opt/airflow/dags/daily_summary_dag.py
[2026-10-06T17:23:28.621+0000] {logging_mixin.py:188} INFO - [2026-10-06T17:23:28.621+0000] {dag.py:3089} INFO - Sync 1 DAGs
[2026-10-06T17:23:28.651+0000] {logging_mixin.py:188} INFO - [2026-10-06T17:23:28.651+0000] {dag.py:3947} INFO - Setting next_dagrun for daily_summary_dag to 2026-10-06 00:00:00+00:00, run_after=2026-10-07 00:00:00+00:00
[2026-10-06T17:23:28.677+0000] {processor.py:183} INFO - Processing /opt/airflow/dags/daily_summary_dag.py took 0.145 seconds
[2026-10-06T17:23:58.752+0000] {processor.py:161} INFO - Started process (PID=500) to work on /opt/airflow/dags/daily_summary_dag.py
[2026-10-06T17:23:58.754+0000] {processor.py:830} INFO - Processing file /opt/airflow/dags/daily_summary_dag.py for tasks to queue
[2026-10-06T17:23:58.758+0000] {logging_mixin.py:188} INFO - [2026-10-06T17:23:58.757+0000] {dagbag.py:545} INFO - Filling up the DagBag from /opt/airflow/dags/daily_summary_dag.py
[2026-10-06T17:23:58.781+0000] {processor.py:840} INFO - DAG(s) 'daily_summary_dag' retrieved from /opt/airflow/dags/daily_summary_dag.py
[2026-10-06T17:23:58.815+0000] {logging_mixin.py:188} INFO - [2026-10-06T17:23:58.815+0000] {dag.py:3089} INFO - Sync 1 DAGs
[2026-10-06T17:23:58.840+0000] {logging_mixin.py:188} INFO - [2026-10-06T17:23:58.840+0000] {dag.py:3947} INFO - Setting next_dagrun for daily_summary_dag to 2026-10-06 00:00:00+00:00, run_after=2026-10-07 00:00:00+00:00
[2026-10-06T17:23:58.864+0000] {processor.py:183} INFO - Processing /opt/airflow/dags/daily_summary_dag.py took 0.119 seconds
[2026-10-06T17:24:29.047+0000] {processor.py:161} INFO - Started process (PID=511) to work on /opt/airflow/dags/daily_summary_dag.py
[2026-10-06T17:24:29.048+0000] {processor.py:830} INFO - Processing file /opt/airflow/dags/daily_summary_dag.py for tasks to queue
[2026-10-06T17:24:29.050+0000] {logging_mixin.py:188} INFO - [2026-10-06T17:24:29.049+0000] {dagbag.py:545} INFO - Filling up the DagBag from /opt/airflow/dags/daily_summary_dag.py
[2026-10-06T17:24:29.072+0000] {processor.py:840} INFO - DAG(s) 'daily_summary_dag' retrieved from /opt/airflow/dags/daily_summary_dag.py
[2026-10-06T17:24:29.105+0000] {logging_mixin.py:188} INFO - [2026-10-06T17:24:29.105+0000] {dag.py:3089} INFO - Sync 1 DAGs
[2026-10-06T17:24:29.132+0000] {logging_mixin.py:188} INFO - [2026-10-06T17:24:29.132+0000] {dag.py:3947} INFO - Setting next_dagrun for daily_summary_dag to 2026-10-06 00:00:00+00:00, run_after=2026-10-07 00:00:00+00:00
[2026-10-06T17:24:29.156+0000] {processor.py:183} INFO - Processing /opt/airflow/dags/daily_summary_dag.py took 0.115 seconds
[2026-10-06T17:24:59.234+0000] {processor.py:161} INFO - Started process (PID=516) to work on /opt/airflow/dags/daily_summary_dag.py
[2026-10-06T17:24:59.235+0000] {processor.py:830} INFO - Processing file /opt/airflow/dags/daily_summary_dag.py for tasks to queue
[2026-10-06T17:24:59.237+0000] {logging_mixin.py:188} INFO - [2026-10-06T17:24:59.237+0000] {dagbag.py:545} INFO - Filling up the DagBag from /opt/airflow/dags/daily_summary_dag.py
[2026-10-06T17:24:59.258+0000] {processor.py:840} INFO - DAG(s) 'daily_summary_dag' retrieved from /opt/airflow/dags/daily_summary_dag.py
[2026-10-06T17:24:59.288+0000] {logging_mixin.py:188} INFO - [2026-10-06T17:24:59.288+0000] {dag.py:3089} INFO - Sync 1 DAGs
[2026-10-06T17:24:59.312+0000] {logging_mixin.py:188} INFO - [2026-10-06T17:24:59.312+0000] {dag.py:3947} INFO - Setting next_dagrun for daily_summary_dag to 2026-10-06 00:00:00+00:00, run_after=2026-10-07 00:00:00+00:00
[2026-10-06T17:24:59.333+0000] {processor.py:183} INFO - Processing /opt/airflow/dags/daily_summary_dag.py took 0.106 seconds
[2026-10-06T17:25:29.521+0000] {processor.py:161} INFO - Started process (PID=521) to work on /opt/airflow/dags/daily_summary_dag.py
[2026-10-06T17:25:29.524+0000] {processor.py:830} INFO - Processing file /opt/airflow/dags/daily_summary_dag.py for tasks to queue
[2026-10-06T17:25:29.526+0000] {logging_mixin.py:188} INFO - [2026-10-06T17:25:29.526+0000] {dagbag.py:545} INFO - Filling up the DagBag from /opt/airflow/dags/daily_summary_dag.py
[2026-10-06T17:25:29.552+0000] {processor.py:840} INFO - DAG(s) 'daily_summary_dag' retrieved from /opt/airflow/dags/daily_summary_dag.py
[2026-10-06T17:25:29.592+0000] {logging_mixin.py:188} INFO - [2026-10-06T17:25:29.592+0000] {dag.py:3089} INFO - Sync 1 DAGs
[2026-10-06T17:25:29.623+0000] {logging_mixin.py:188} INFO - [2026-10-06T17:25:29.623+0000] {dag.py:3947} INFO - Setting next_dagrun for daily_summary_dag to 2026-10-06 00:00:00+00:00, run_after=2026-10-07 00:00:00+00:00
[2026-10-06T17:25:29.648+0000] {processor.py:183} INFO - Processing /opt/airflow/dags/daily_summary_dag.py took 0.134 seconds
[2026-10-06T17:25:59.714+0000] {processor.py:161} INFO - Started process (PID=526) to work on /opt/airflow/dags/daily_summary_dag.py
[2026-10-06T17:25:59.715+0000] {processor.py:830} INFO - Processing file /opt/airflow/dags/daily_summary_dag.py for tasks to queue
[2026-10-06T17:25:59.718+0000] {logging_mixin.py:188} INFO - [2026-10-06T17:25:59.717+0000] {dagbag.py:545} INFO - Filling up the DagBag from /opt/airflow/dags/daily_summary_dag.py
[2026-10-06T17:25:59.746+0000] {processor.py:840} INFO - DAG(s) 'daily_summary_dag' retrieved from /opt/airflow/dags/daily_summary_dag.py
[2026-10-06T17:25:59.786+0000] {logging_mixin.py:188} INFO - [2026-10-06T17:25:59.786+0000] {dag.py:3089} INFO - Sync 1 DAGs
[2026-10-06T17:25:59.816+0000] {logging_mixin.py:188} INFO - [2026-10-06T17:25:59.816+0000] {dag.py:3947} INFO - Setting next_dagrun for daily_summary_dag to 2026-10-06 00:00:00+00:00, run_after=2026-10-07 00:00:00+00:00
[2026-10-06T17:25:59.844+0000] {processor.py:183} INFO - Processing /opt/airflow/dags/daily_summary_dag.py took 0.138 seconds
[2026-10-06T17:26:30.041+0000] {processor.py:161} INFO - Started process (PID=531) to work on /opt/airflow/dags/daily_summary_dag.py
[2026-10-06T17:26:30.042+0000] {processor.py:830} INFO - Processing file /opt/airflow/dags/daily_summary_dag.py for tasks to queue
[2026-10-06T17:26:30.044+0000] {logging_mixin.py:188} INFO - [2026-10-06T17:26:30.043+0000] {dagbag.py:545} INFO - Filling up the DagBag from /opt/airflow/dags/daily_summary_dag.py
[2026-10-06T17:26:30.071+0000] {processor.py:840} INFO - DAG(s) 'daily_summary_dag' retrieved from /opt/airflow/dags/daily_summary_dag.py
[2026-10-06T17:26:30.106+0000] {logging_mixin.py:188} INFO - [2026-10-06T17:26:30.106+0000] {dag.py:3089} INFO - Sync 1 DAGs
[2026-10-06T17:26:30.134+0000] {logging_mixin.py:188} INFO - [2026-10-06T17:26:30.133+0000] {dag.py:3947} INFO - Setting next_dagrun for daily_summary_dag to 2026-10-06 00:00:00+00:00, run_after=2026-10-07 00:00:00+00:00
[2026-10-06T17:26:30.156+0000] {processor.py:183} INFO - Processing /opt/airflow/dags/daily_summary_dag.py took 0.122 seconds
[2026-10-06T17:27:00.284+0000] {processor.py:161} INFO - Started process (PID=536) to work on /opt/airflow/dags/daily_summary_dag.py
[2026-10-06T17:27:00.285+0000] {processor.py:830} INFO - Processing file /opt/airflow/dags/daily_summary_dag.py for tasks to queue
[2026-10-06T17:27:00.288+0000] {logging_mixin.py:188} INFO - [2026-10-06T17:27:00.287+0000] {dagbag.py:545} INFO - Filling up the DagBag from /opt/airflow/dags/daily_summary_dag.py
[2026-10-06T17:27:00.309+0000] {processor.py:840} INFO - DAG(s) 'daily_summary_dag' retrieved from /opt/airflow/dags/daily_summary_dag.py
[2026-10-06T17:27:00.356+0000] {logging_mixin.py:188} INFO - [2026-10-06T17:27:00.356+0000] {dag.py:3089} INFO - Sync 1 DAGs
[2026-10-06T17:27:00.381+0000] {logging_mixin.py:188} INFO - [2026-10-06T17:27:00.381+0000] {dag.py:3947} INFO - Setting next_dagrun for daily_summary_dag to 2026-10-06 00:00:00+00:00, run_after=2026-10-07 00:00:00+00:00
[2026-10-06T17:27:00.415+0000] {processor.py:183} INFO - Processing /opt/airflow/dags/daily_summary_dag.py took 0.137 seconds
[2026-10-06T17:27:01.349+0000] {processor.py:161} INFO - Started process (PID=541) to work on /opt/airflow/dags/daily_summary_dag.py
[2026-10-06T17:27:01.350+0000] {processor.py:830} INFO - Processing file /opt/airflow/dags/daily_summary_dag.py for tasks to queue
[2026-10-06T17:27:01.353+0000] {logging_mixin.py:188} INFO - [2026-10-06T17:27:01.353+0000] {dagbag.py:545} INFO - Filling up the DagBag from /opt/airflow/dags/daily_summary_dag.py
[2026-10-06T17:27:01.385+0000] {processor.py:840} INFO - DAG(s) 'daily_summary_dag' retrieved from /opt/airflow/dags/daily_summary_dag.py
[2026-10-06T17:27:01.418+0000] {logging_mixin.py:188} INFO - [2026-10-06T17:27:01.417+0000] {dag.py:3089} INFO - Sync 1 DAGs
[2026-10-06T17:27:01.444+0000] {logging_mixin.py:188} INFO - [2026-10-06T17:27:01.444+0000] {dag.py:3947} INFO - Setting next_dagrun for daily_summary_dag to 2026-10-06 00:00:00+00:00, run_after=2026-10-07 00:00:00+00:00
[2026-10-06T17:27:01.504+0000] {processor.py:183} INFO - Processing /opt/airflow/dags/daily_summary_dag.py took 0.160 seconds
[2026-10-06T17:27:02.496+0000] {processor.py:161} INFO - Started process (PID=546) to work on /opt/airflow/dags/daily_summary_dag.py
[2026-10-06T17:27:02.497+0000] {processor.py:830} INFO - Processing file /opt/airflow/dags/daily_summary_dag.py for tasks to queue
[2026-10-06T17:27:02.499+0000] {logging_mixin.py:188} INFO - [2026-10-06T17:27:02.499+0000] {dagbag.py:545} INFO - Filling up the DagBag from /opt/airflow/dags/daily_summary_dag.py
[2026-10-06T17:27:02.524+0000] {logging_mixin.py:188} INFO - [2026-10-06T17:27:02.521+0000] {dagbag.py:355} ERROR - Failed to import: /opt/airflow/dags/daily_summary_dag.py
Traceback (most recent call last):
  File "/home/airflow/.local/lib/python3.12/site-packages/airflow/models/dagbag.py", line 351, in parse
    loader.exec_module(new_module)
  File "<frozen importlib._bootstrap_external>", line 991, in exec_module
  File "<frozen importlib._bootstrap_external>", line 1129, in get_code
  File "<frozen importlib._bootstrap_external>", line 1059, in source_to_code
  File "<frozen importlib._bootstrap>", line 488, in _call_with_frames_removed
  File "/opt/airflow/dags/daily_summary_dag.py", line 31
    run_reconciliation_check = BashOperator(
IndentationError: unexpected indent
[2026-10-06T17:27:02.528+0000] {processor.py:842} WARNING - No viable dags retrieved from /opt/airflow/dags/daily_summary_dag.py
[2026-10-06T17:27:02.586+0000] {processor.py:183} INFO - Processing /opt/airflow/dags/daily_summary_dag.py took 0.098 seconds
[2026-10-06T17:27:04.604+0000] {processor.py:161} INFO - Started process (PID=551) to work on /opt/airflow/dags/daily_summary_dag.py
[2026-10-06T17:27:04.605+0000] {processor.py:830} INFO - Processing file /opt/airflow/dags/daily_summary_dag.py for tasks to queue
[2026-10-06T17:27:04.606+0000] {logging_mixin.py:188} INFO - [2026-10-06T17:27:04.606+0000] {dagbag.py:545} INFO - Filling up the DagBag from /opt/airflow/dags/daily_summary_dag.py
[2026-10-06T17:27:04.640+0000] {processor.py:840} INFO - DAG(s) 'daily_summary_dag' retrieved from /opt/airflow/dags/daily_summary_dag.py
[2026-10-06T17:27:04.673+0000] {logging_mixin.py:188} INFO - [2026-10-06T17:27:04.673+0000] {dag.py:3089} INFO - Sync 1 DAGs
[2026-10-06T17:27:04.698+0000] {logging_mixin.py:188} INFO - [2026-10-06T17:27:04.698+0000] {dag.py:3947} INFO - Setting next_dagrun for daily_summary_dag to 2026-10-06 00:00:00+00:00, run_after=2026-10-07 00:00:00+00:00
[2026-10-06T17:27:04.733+0000] {processor.py:183} INFO - Processing /opt/airflow/dags/daily_summary_dag.py took 0.137 seconds
[2026-10-06T17:27:06.665+0000] {processor.py:161} INFO - Started process (PID=556) to work on /opt/airflow/dags/daily_summary_dag.py
[2026-10-06T17:27:06.666+0000] {processor.py:830} INFO - Processing file /opt/airflow/dags/daily_summary_dag.py for tasks to queue
[2026-10-06T17:27:06.669+0000] {logging_mixin.py:188} INFO - [2026-10-06T17:27:06.668+0000] {dagbag.py:545} INFO - Filling up the DagBag from /opt/airflow/dags/daily_summary_dag.py
[2026-10-06T17:27:06.701+0000] {processor.py:840} INFO - DAG(s) 'daily_summary_dag' retrieved from /opt/airflow/dags/daily_summary_dag.py
[2026-10-06T17:27:06.735+0000] {logging_mixin.py:188} INFO - [2026-10-06T17:27:06.735+0000] {dag.py:3089} INFO - Sync 1 DAGs
[2026-10-06T17:27:06.757+0000] {logging_mixin.py:188} INFO - [2026-10-06T17:27:06.757+0000] {dag.py:3947} INFO - Setting next_dagrun for daily_summary_dag to 2026-10-06 00:00:00+00:00, run_after=2026-10-07 00:00:00+00:00
[2026-10-06T17:27:06.787+0000] {processor.py:183} INFO - Processing /opt/airflow/dags/daily_summary_dag.py took 0.132 seconds
[2026-10-06T17:27:07.824+0000] {processor.py:161} INFO - Started process (PID=561) to work on /opt/airflow/dags/daily_summary_dag.py
[2026-10-06T17:27:07.825+0000] {processor.py:830} INFO - Processing file /opt/airflow/dags/daily_summary_dag.py for tasks to queue
[2026-10-06T17:27:07.827+0000] {logging_mixin.py:188} INFO - [2026-10-06T17:27:07.827+0000] {dagbag.py:545} INFO - Filling up the DagBag from /opt/airflow/dags/daily_summary_dag.py
[2026-10-06T17:27:07.843+0000] {logging_mixin.py:188} INFO - [2026-10-06T17:27:07.842+0000] {dagbag.py:355} ERROR - Failed to import: /opt/airflow/dags/daily_summary_dag.py
Traceback (most recent call last):
  File "/home/airflow/.local/lib/python3.12/site-packages/airflow/models/dagbag.py", line 351, in parse
    loader.exec_module(new_module)
  File "<frozen importlib._bootstrap_external>", line 991, in exec_module
  File "<frozen importlib._bootstrap_external>", line 1129, in get_code
  File "<frozen importlib._bootstrap_external>", line 1059, in source_to_code
  File "<frozen importlib._bootstrap>", line 488, in _call_with_frames_removed
  File "/opt/airflow/dags/daily_summary_dag.py", line 31
    run_reconciliation_check = BashOperator(
IndentationError: unexpected indent
[2026-10-06T17:27:07.844+0000] {processor.py:842} WARNING - No viable dags retrieved from /opt/airflow/dags/daily_summary_dag.py
[2026-10-06T17:27:07.868+0000] {processor.py:183} INFO - Processing /opt/airflow/dags/daily_summary_dag.py took 0.051 seconds
[2026-10-06T17:27:12.886+0000] {processor.py:161} INFO - Started process (PID=566) to work on /opt/airflow/dags/daily_summary_dag.py
[2026-10-06T17:27:12.887+0000] {processor.py:830} INFO - Processing file /opt/airflow/dags/daily_summary_dag.py for tasks to queue
[2026-10-06T17:27:12.889+0000] {logging_mixin.py:188} INFO - [2026-10-06T17:27:12.889+0000] {dagbag.py:545} INFO - Filling up the DagBag from /opt/airflow/dags/daily_summary_dag.py
[2026-10-06T17:27:12.924+0000] {processor.py:840} INFO - DAG(s) 'daily_summary_dag' retrieved from /opt/airflow/dags/daily_summary_dag.py
[2026-10-06T17:27:13.162+0000] {logging_mixin.py:188} INFO - [2026-10-06T17:27:13.162+0000] {dag.py:3089} INFO - Sync 1 DAGs
[2026-10-06T17:27:13.187+0000] {logging_mixin.py:188} INFO - [2026-10-06T17:27:13.187+0000] {dag.py:3947} INFO - Setting next_dagrun for daily_summary_dag to 2026-10-06 00:00:00+00:00, run_after=2026-10-07 00:00:00+00:00
[2026-10-06T17:27:13.223+0000] {processor.py:183} INFO - Processing /opt/airflow/dags/daily_summary_dag.py took 0.344 seconds
[2026-10-06T17:27:19.991+0000] {processor.py:161} INFO - Started process (PID=571) to work on /opt/airflow/dags/daily_summary_dag.py
[2026-10-06T17:27:19.992+0000] {processor.py:830} INFO - Processing file /opt/airflow/dags/daily_summary_dag.py for tasks to queue
[2026-10-06T17:27:19.995+0000] {logging_mixin.py:188} INFO - [2026-10-06T17:27:19.994+0000] {dagbag.py:545} INFO - Filling up the DagBag from /opt/airflow/dags/daily_summary_dag.py
[2026-10-06T17:27:20.035+0000] {processor.py:840} INFO - DAG(s) 'daily_summary_dag' retrieved from /opt/airflow/dags/daily_summary_dag.py
[2026-10-06T17:27:20.055+0000] {logging_mixin.py:188} INFO - [2026-10-06T17:27:20.055+0000] {dag.py:3089} INFO - Sync 1 DAGs
[2026-10-06T17:27:20.087+0000] {logging_mixin.py:188} INFO - [2026-10-06T17:27:20.087+0000] {dag.py:3947} INFO - Setting next_dagrun for daily_summary_dag to 2026-10-06 00:00:00+00:00, run_after=2026-10-07 00:00:00+00:00
[2026-10-06T17:27:20.120+0000] {processor.py:183} INFO - Processing /opt/airflow/dags/daily_summary_dag.py took 0.135 seconds
[2026-10-06T17:27:21.028+0000] {processor.py:161} INFO - Started process (PID=576) to work on /opt/airflow/dags/daily_summary_dag.py
[2026-10-06T17:27:21.029+0000] {processor.py:830} INFO - Processing file /opt/airflow/dags/daily_summary_dag.py for tasks to queue
[2026-10-06T17:27:21.032+0000] {logging_mixin.py:188} INFO - [2026-10-06T17:27:21.032+0000] {dagbag.py:545} INFO - Filling up the DagBag from /opt/airflow/dags/daily_summary_dag.py
[2026-10-06T17:27:21.071+0000] {processor.py:840} INFO - DAG(s) 'daily_summary_dag' retrieved from /opt/airflow/dags/daily_summary_dag.py
[2026-10-06T17:27:21.092+0000] {logging_mixin.py:188} INFO - [2026-10-06T17:27:21.092+0000] {dag.py:3089} INFO - Sync 1 DAGs
[2026-10-06T17:27:21.121+0000] {logging_mixin.py:188} INFO - [2026-10-06T17:27:21.121+0000] {dag.py:3947} INFO - Setting next_dagrun for daily_summary_dag to 2026-10-06 00:00:00+00:00, run_after=2026-10-07 00:00:00+00:00
[2026-10-06T17:27:21.169+0000] {processor.py:183} INFO - Processing /opt/airflow/dags/daily_summary_dag.py took 0.149 seconds
[2026-10-06T17:27:22.185+0000] {processor.py:161} INFO - Started process (PID=581) to work on /opt/airflow/dags/daily_summary_dag.py
[2026-10-06T17:27:22.186+0000] {processor.py:830} INFO - Processing file /opt/airflow/dags/daily_summary_dag.py for tasks to queue
[2026-10-06T17:27:22.189+0000] {logging_mixin.py:188} INFO - [2026-10-06T17:27:22.188+0000] {dagbag.py:545} INFO - Filling up the DagBag from /opt/airflow/dags/daily_summary_dag.py
[2026-10-06T17:27:22.219+0000] {processor.py:840} INFO - DAG(s) 'daily_summary_dag' retrieved from /opt/airflow/dags/daily_summary_dag.py
[2026-10-06T17:27:22.236+0000] {logging_mixin.py:188} INFO - [2026-10-06T17:27:22.236+0000] {dag.py:3089} INFO - Sync 1 DAGs
[2026-10-06T17:27:22.261+0000] {logging_mixin.py:188} INFO - [2026-10-06T17:27:22.261+0000] {dag.py:3947} INFO - Setting next_dagrun for daily_summary_dag to 2026-10-06 00:00:00+00:00, run_after=2026-10-07 00:00:00+00:00
[2026-10-06T17:27:22.292+0000] {processor.py:183} INFO - Processing /opt/airflow/dags/daily_summary_dag.py took 0.113 seconds
[2026-10-06T17:27:52.392+0000] {processor.py:161} INFO - Started process (PID=586) to work on /opt/airflow/dags/daily_summary_dag.py
[2026-10-06T17:27:52.394+0000] {processor.py:830} INFO - Processing file /opt/airflow/dags/daily_summary_dag.py for tasks to queue
[2026-10-06T17:27:52.396+0000] {logging_mixin.py:188} INFO - [2026-10-06T17:27:52.396+0000] {dagbag.py:545} INFO - Filling up the DagBag from /opt/airflow/dags/daily_summary_dag.py
[2026-10-06T17:27:52.417+0000] {processor.py:840} INFO - DAG(s) 'daily_summary_dag' retrieved from /opt/airflow/dags/daily_summary_dag.py
[2026-10-06T17:27:52.446+0000] {logging_mixin.py:188} INFO - [2026-10-06T17:27:52.446+0000] {dag.py:3089} INFO - Sync 1 DAGs
[2026-10-06T17:27:52.471+0000] {logging_mixin.py:188} INFO - [2026-10-06T17:27:52.471+0000] {dag.py:3947} INFO - Setting next_dagrun for daily_summary_dag to 2026-10-06 00:00:00+00:00, run_after=2026-10-07 00:00:00+00:00
[2026-10-06T17:27:52.493+0000] {processor.py:183} INFO - Processing /opt/airflow/dags/daily_summary_dag.py took 0.107 seconds
[2026-10-06T17:28:22.643+0000] {processor.py:161} INFO - Started process (PID=591) to work on /opt/airflow/dags/daily_summary_dag.py
[2026-10-06T17:28:22.645+0000] {processor.py:830} INFO - Processing file /opt/airflow/dags/daily_summary_dag.py for tasks to queue
[2026-10-06T17:28:22.647+0000] {logging_mixin.py:188} INFO - [2026-10-06T17:28:22.646+0000] {dagbag.py:545} INFO - Filling up the DagBag from /opt/airflow/dags/daily_summary_dag.py
[2026-10-06T17:28:22.666+0000] {processor.py:840} INFO - DAG(s) 'daily_summary_dag' retrieved from /opt/airflow/dags/daily_summary_dag.py
[2026-10-06T17:28:22.695+0000] {logging_mixin.py:188} INFO - [2026-10-06T17:28:22.695+0000] {dag.py:3089} INFO - Sync 1 DAGs
[2026-10-06T17:28:22.717+0000] {logging_mixin.py:188} INFO - [2026-10-06T17:28:22.717+0000] {dag.py:3947} INFO - Setting next_dagrun for daily_summary_dag to 2026-10-06 00:00:00+00:00, run_after=2026-10-07 00:00:00+00:00
[2026-10-06T17:28:22.738+0000] {processor.py:183} INFO - Processing /opt/airflow/dags/daily_summary_dag.py took 0.101 seconds
[2026-10-06T17:28:52.858+0000] {processor.py:161} INFO - Started process (PID=596) to work on /opt/airflow/dags/daily_summary_dag.py
[2026-10-06T17:28:52.859+0000] {processor.py:830} INFO - Processing file /opt/airflow/dags/daily_summary_dag.py for tasks to queue
[2026-10-06T17:28:52.862+0000] {logging_mixin.py:188} INFO - [2026-10-06T17:28:52.861+0000] {dagbag.py:545} INFO - Filling up the DagBag from /opt/airflow/dags/daily_summary_dag.py
[2026-10-06T17:28:52.882+0000] {processor.py:840} INFO - DAG(s) 'daily_summary_dag' retrieved from /opt/airflow/dags/daily_summary_dag.py
[2026-10-06T17:28:52.911+0000] {logging_mixin.py:188} INFO - [2026-10-06T17:28:52.911+0000] {dag.py:3089} INFO - Sync 1 DAGs
[2026-10-06T17:28:52.934+0000] {logging_mixin.py:188} INFO - [2026-10-06T17:28:52.934+0000] {dag.py:3947} INFO - Setting next_dagrun for daily_summary_dag to 2026-10-06 00:00:00+00:00, run_after=2026-10-07 00:00:00+00:00
[2026-10-06T17:28:52.953+0000] {processor.py:183} INFO - Processing /opt/airflow/dags/daily_summary_dag.py took 0.102 seconds
[2026-10-06T17:29:23.093+0000] {processor.py:161} INFO - Started process (PID=601) to work on /opt/airflow/dags/daily_summary_dag.py
[2026-10-06T17:29:23.094+0000] {processor.py:830} INFO - Processing file /opt/airflow/dags/daily_summary_dag.py for tasks to queue
[2026-10-06T17:29:23.097+0000] {logging_mixin.py:188} INFO - [2026-10-06T17:29:23.096+0000] {dagbag.py:545} INFO - Filling up the DagBag from /opt/airflow/dags/daily_summary_dag.py
[2026-10-06T17:29:23.126+0000] {processor.py:840} INFO - DAG(s) 'daily_summary_dag' retrieved from /opt/airflow/dags/daily_summary_dag.py
[2026-10-06T17:29:23.164+0000] {logging_mixin.py:188} INFO - [2026-10-06T17:29:23.163+0000] {dag.py:3089} INFO - Sync 1 DAGs
[2026-10-06T17:29:23.202+0000] {logging_mixin.py:188} INFO - [2026-10-06T17:29:23.202+0000] {dag.py:3947} INFO - Setting next_dagrun for daily_summary_dag to 2026-10-06 00:00:00+00:00, run_after=2026-10-07 00:00:00+00:00
[2026-10-06T17:29:23.245+0000] {processor.py:183} INFO - Processing /opt/airflow/dags/daily_summary_dag.py took 0.158 seconds
[2026-10-06T17:29:53.346+0000] {processor.py:161} INFO - Started process (PID=612) to work on /opt/airflow/dags/daily_summary_dag.py
[2026-10-06T17:29:53.349+0000] {processor.py:830} INFO - Processing file /opt/airflow/dags/daily_summary_dag.py for tasks to queue
[2026-10-06T17:29:53.351+0000] {logging_mixin.py:188} INFO - [2026-10-06T17:29:53.351+0000] {dagbag.py:545} INFO - Filling up the DagBag from /opt/airflow/dags/daily_summary_dag.py
[2026-10-06T17:29:53.383+0000] {processor.py:840} INFO - DAG(s) 'daily_summary_dag' retrieved from /opt/airflow/dags/daily_summary_dag.py
[2026-10-06T17:29:53.435+0000] {logging_mixin.py:188} INFO - [2026-10-06T17:29:53.435+0000] {dag.py:3089} INFO - Sync 1 DAGs
[2026-10-06T17:29:53.473+0000] {logging_mixin.py:188} INFO - [2026-10-06T17:29:53.473+0000] {dag.py:3947} INFO - Setting next_dagrun for daily_summary_dag to 2026-10-06 00:00:00+00:00, run_after=2026-10-07 00:00:00+00:00
[2026-10-06T17:29:53.497+0000] {processor.py:183} INFO - Processing /opt/airflow/dags/daily_summary_dag.py took 0.176 seconds
[2026-10-06T17:30:23.630+0000] {processor.py:161} INFO - Started process (PID=617) to work on /opt/airflow/dags/daily_summary_dag.py
[2026-10-06T17:30:23.632+0000] {processor.py:830} INFO - Processing file /opt/airflow/dags/daily_summary_dag.py for tasks to queue
[2026-10-06T17:30:23.635+0000] {logging_mixin.py:188} INFO - [2026-10-06T17:30:23.634+0000] {dagbag.py:545} INFO - Filling up the DagBag from /opt/airflow/dags/daily_summary_dag.py
[2026-10-06T17:30:23.659+0000] {processor.py:840} INFO - DAG(s) 'daily_summary_dag' retrieved from /opt/airflow/dags/daily_summary_dag.py
[2026-10-06T17:30:23.696+0000] {logging_mixin.py:188} INFO - [2026-10-06T17:30:23.696+0000] {dag.py:3089} INFO - Sync 1 DAGs
[2026-10-06T17:30:23.723+0000] {logging_mixin.py:188} INFO - [2026-10-06T17:30:23.723+0000] {dag.py:3947} INFO - Setting next_dagrun for daily_summary_dag to 2026-10-06 00:00:00+00:00, run_after=2026-10-07 00:00:00+00:00
[2026-10-06T17:30:23.746+0000] {processor.py:183} INFO - Processing /opt/airflow/dags/daily_summary_dag.py took 0.124 seconds
[2026-10-06T17:30:53.924+0000] {processor.py:161} INFO - Started process (PID=635) to work on /opt/airflow/dags/daily_summary_dag.py
[2026-10-06T17:30:53.926+0000] {processor.py:830} INFO - Processing file /opt/airflow/dags/daily_summary_dag.py for tasks to queue
[2026-10-06T17:30:53.929+0000] {logging_mixin.py:188} INFO - [2026-10-06T17:30:53.929+0000] {dagbag.py:545} INFO - Filling up the DagBag from /opt/airflow/dags/daily_summary_dag.py
[2026-10-06T17:30:53.986+0000] {processor.py:840} INFO - DAG(s) 'daily_summary_dag' retrieved from /opt/airflow/dags/daily_summary_dag.py
[2026-10-06T17:30:54.030+0000] {logging_mixin.py:188} INFO - [2026-10-06T17:30:54.030+0000] {dag.py:3089} INFO - Sync 1 DAGs
[2026-10-06T17:30:54.065+0000] {logging_mixin.py:188} INFO - [2026-10-06T17:30:54.064+0000] {dag.py:3947} INFO - Setting next_dagrun for daily_summary_dag to 2026-10-06 00:00:00+00:00, run_after=2026-10-07 00:00:00+00:00
[2026-10-06T17:30:54.095+0000] {processor.py:183} INFO - Processing /opt/airflow/dags/daily_summary_dag.py took 0.182 seconds
[2026-10-06T17:31:24.328+0000] {processor.py:161} INFO - Started process (PID=652) to work on /opt/airflow/dags/daily_summary_dag.py
[2026-10-06T17:31:24.330+0000] {processor.py:830} INFO - Processing file /opt/airflow/dags/daily_summary_dag.py for tasks to queue
[2026-10-06T17:31:24.335+0000] {logging_mixin.py:188} INFO - [2026-10-06T17:31:24.334+0000] {dagbag.py:545} INFO - Filling up the DagBag from /opt/airflow/dags/daily_summary_dag.py
[2026-10-06T17:31:24.369+0000] {processor.py:840} INFO - DAG(s) 'daily_summary_dag' retrieved from /opt/airflow/dags/daily_summary_dag.py
[2026-10-06T17:31:24.443+0000] {logging_mixin.py:188} INFO - [2026-10-06T17:31:24.442+0000] {dag.py:3089} INFO - Sync 1 DAGs
[2026-10-06T17:31:24.483+0000] {logging_mixin.py:188} INFO - [2026-10-06T17:31:24.482+0000] {dag.py:3947} INFO - Setting next_dagrun for daily_summary_dag to 2026-10-06 00:00:00+00:00, run_after=2026-10-07 00:00:00+00:00
[2026-10-06T17:31:24.524+0000] {processor.py:183} INFO - Processing /opt/airflow/dags/daily_summary_dag.py took 0.206 seconds
[2026-10-06T17:31:54.705+0000] {processor.py:161} INFO - Started process (PID=657) to work on /opt/airflow/dags/daily_summary_dag.py
[2026-10-06T17:31:54.706+0000] {processor.py:830} INFO - Processing file /opt/airflow/dags/daily_summary_dag.py for tasks to queue
[2026-10-06T17:31:54.709+0000] {logging_mixin.py:188} INFO - [2026-10-06T17:31:54.709+0000] {dagbag.py:545} INFO - Filling up the DagBag from /opt/airflow/dags/daily_summary_dag.py
[2026-10-06T17:31:54.742+0000] {processor.py:840} INFO - DAG(s) 'daily_summary_dag' retrieved from /opt/airflow/dags/daily_summary_dag.py
[2026-10-06T17:31:54.787+0000] {logging_mixin.py:188} INFO - [2026-10-06T17:31:54.787+0000] {dag.py:3089} INFO - Sync 1 DAGs
[2026-10-06T17:31:54.813+0000] {logging_mixin.py:188} INFO - [2026-10-06T17:31:54.813+0000] {dag.py:3947} INFO - Setting next_dagrun for daily_summary_dag to 2026-10-06 00:00:00+00:00, run_after=2026-10-07 00:00:00+00:00
[2026-10-06T17:31:54.837+0000] {processor.py:183} INFO - Processing /opt/airflow/dags/daily_summary_dag.py took 0.143 seconds
[2026-10-06T17:32:25.078+0000] {processor.py:161} INFO - Started process (PID=662) to work on /opt/airflow/dags/daily_summary_dag.py
[2026-10-06T17:32:25.080+0000] {processor.py:830} INFO - Processing file /opt/airflow/dags/daily_summary_dag.py for tasks to queue
[2026-10-06T17:32:25.083+0000] {logging_mixin.py:188} INFO - [2026-10-06T17:32:25.082+0000] {dagbag.py:545} INFO - Filling up the DagBag from /opt/airflow/dags/daily_summary_dag.py
[2026-10-06T17:32:25.121+0000] {processor.py:840} INFO - DAG(s) 'daily_summary_dag' retrieved from /opt/airflow/dags/daily_summary_dag.py
[2026-10-06T17:32:25.181+0000] {logging_mixin.py:188} INFO - [2026-10-06T17:32:25.181+0000] {dag.py:3089} INFO - Sync 1 DAGs
[2026-10-06T17:32:25.230+0000] {logging_mixin.py:188} INFO - [2026-10-06T17:32:25.230+0000] {dag.py:3947} INFO - Setting next_dagrun for daily_summary_dag to 2026-10-06 00:00:00+00:00, run_after=2026-10-07 00:00:00+00:00
[2026-10-06T17:32:25.260+0000] {processor.py:183} INFO - Processing /opt/airflow/dags/daily_summary_dag.py took 0.197 seconds
[2026-10-06T17:32:55.451+0000] {processor.py:161} INFO - Started process (PID=667) to work on /opt/airflow/dags/daily_summary_dag.py
[2026-10-06T17:32:55.452+0000] {processor.py:830} INFO - Processing file /opt/airflow/dags/daily_summary_dag.py for tasks to queue
[2026-10-06T17:32:55.455+0000] {logging_mixin.py:188} INFO - [2026-10-06T17:32:55.454+0000] {dagbag.py:545} INFO - Filling up the DagBag from /opt/airflow/dags/daily_summary_dag.py
[2026-10-06T17:32:55.476+0000] {processor.py:840} INFO - DAG(s) 'daily_summary_dag' retrieved from /opt/airflow/dags/daily_summary_dag.py
[2026-10-06T17:32:55.512+0000] {logging_mixin.py:188} INFO - [2026-10-06T17:32:55.512+0000] {dag.py:3089} INFO - Sync 1 DAGs
[2026-10-06T17:32:55.537+0000] {logging_mixin.py:188} INFO - [2026-10-06T17:32:55.537+0000] {dag.py:3947} INFO - Setting next_dagrun for daily_summary_dag to 2026-10-06 00:00:00+00:00, run_after=2026-10-07 00:00:00+00:00
[2026-10-06T17:32:55.562+0000] {processor.py:183} INFO - Processing /opt/airflow/dags/daily_summary_dag.py took 0.116 seconds
[2026-10-06T17:33:25.632+0000] {processor.py:161} INFO - Started process (PID=672) to work on /opt/airflow/dags/daily_summary_dag.py
[2026-10-06T17:33:25.634+0000] {processor.py:830} INFO - Processing file /opt/airflow/dags/daily_summary_dag.py for tasks to queue
[2026-10-06T17:33:25.636+0000] {logging_mixin.py:188} INFO - [2026-10-06T17:33:25.636+0000] {dagbag.py:545} INFO - Filling up the DagBag from /opt/airflow/dags/daily_summary_dag.py
[2026-10-06T17:33:25.659+0000] {processor.py:840} INFO - DAG(s) 'daily_summary_dag' retrieved from /opt/airflow/dags/daily_summary_dag.py
[2026-10-06T17:33:25.688+0000] {logging_mixin.py:188} INFO - [2026-10-06T17:33:25.688+0000] {dag.py:3089} INFO - Sync 1 DAGs
[2026-10-06T17:33:25.713+0000] {logging_mixin.py:188} INFO - [2026-10-06T17:33:25.713+0000] {dag.py:3947} INFO - Setting next_dagrun for daily_summary_dag to 2026-10-06 00:00:00+00:00, run_after=2026-10-07 00:00:00+00:00
[2026-10-06T17:33:25.738+0000] {processor.py:183} INFO - Processing /opt/airflow/dags/daily_summary_dag.py took 0.112 seconds
[2026-10-06T17:33:55.913+0000] {processor.py:161} INFO - Started process (PID=677) to work on /opt/airflow/dags/daily_summary_dag.py
[2026-10-06T17:33:55.915+0000] {processor.py:830} INFO - Processing file /opt/airflow/dags/daily_summary_dag.py for tasks to queue
[2026-10-06T17:33:55.917+0000] {logging_mixin.py:188} INFO - [2026-10-06T17:33:55.916+0000] {dagbag.py:545} INFO - Filling up the DagBag from /opt/airflow/dags/daily_summary_dag.py
[2026-10-06T17:33:55.940+0000] {processor.py:840} INFO - DAG(s) 'daily_summary_dag' retrieved from /opt/airflow/dags/daily_summary_dag.py
[2026-10-06T17:33:55.973+0000] {logging_mixin.py:188} INFO - [2026-10-06T17:33:55.972+0000] {dag.py:3089} INFO - Sync 1 DAGs
[2026-10-06T17:33:55.999+0000] {logging_mixin.py:188} INFO - [2026-10-06T17:33:55.999+0000] {dag.py:3947} INFO - Setting next_dagrun for daily_summary_dag to 2026-10-06 00:00:00+00:00, run_after=2026-10-07 00:00:00+00:00
[2026-10-06T17:33:56.028+0000] {processor.py:183} INFO - Processing /opt/airflow/dags/daily_summary_dag.py took 0.121 seconds
[2026-10-06T17:34:26.101+0000] {processor.py:161} INFO - Started process (PID=682) to work on /opt/airflow/dags/daily_summary_dag.py
[2026-10-06T17:34:26.103+0000] {processor.py:830} INFO - Processing file /opt/airflow/dags/daily_summary_dag.py for tasks to queue
[2026-10-06T17:34:26.105+0000] {logging_mixin.py:188} INFO - [2026-10-06T17:34:26.104+0000] {dagbag.py:545} INFO - Filling up the DagBag from /opt/airflow/dags/daily_summary_dag.py
[2026-10-06T17:34:26.129+0000] {processor.py:840} INFO - DAG(s) 'daily_summary_dag' retrieved from /opt/airflow/dags/daily_summary_dag.py
[2026-10-06T17:34:26.172+0000] {logging_mixin.py:188} INFO - [2026-10-06T17:34:26.171+0000] {dag.py:3089} INFO - Sync 1 DAGs
[2026-10-06T17:34:26.201+0000] {logging_mixin.py:188} INFO - [2026-10-06T17:34:26.200+0000] {dag.py:3947} INFO - Setting next_dagrun for daily_summary_dag to 2026-10-06 00:00:00+00:00, run_after=2026-10-07 00:00:00+00:00
[2026-10-06T17:34:26.221+0000] {processor.py:183} INFO - Processing /opt/airflow/dags/daily_summary_dag.py took 0.126 seconds
[2026-10-06T17:34:56.381+0000] {processor.py:161} INFO - Started process (PID=687) to work on /opt/airflow/dags/daily_summary_dag.py
[2026-10-06T17:34:56.382+0000] {processor.py:830} INFO - Processing file /opt/airflow/dags/daily_summary_dag.py for tasks to queue
[2026-10-06T17:34:56.384+0000] {logging_mixin.py:188} INFO - [2026-10-06T17:34:56.384+0000] {dagbag.py:545} INFO - Filling up the DagBag from /opt/airflow/dags/daily_summary_dag.py
[2026-10-06T17:34:56.405+0000] {processor.py:840} INFO - DAG(s) 'daily_summary_dag' retrieved from /opt/airflow/dags/daily_summary_dag.py
[2026-10-06T17:34:56.434+0000] {logging_mixin.py:188} INFO - [2026-10-06T17:34:56.434+0000] {dag.py:3089} INFO - Sync 1 DAGs
[2026-10-06T17:34:56.456+0000] {logging_mixin.py:188} INFO - [2026-10-06T17:34:56.455+0000] {dag.py:3947} INFO - Setting next_dagrun for daily_summary_dag to 2026-10-06 00:00:00+00:00, run_after=2026-10-07 00:00:00+00:00
[2026-10-06T17:34:56.478+0000] {processor.py:183} INFO - Processing /opt/airflow/dags/daily_summary_dag.py took 0.102 seconds
[2026-10-06T17:35:26.573+0000] {processor.py:161} INFO - Started process (PID=692) to work on /opt/airflow/dags/daily_summary_dag.py
[2026-10-06T17:35:26.574+0000] {processor.py:830} INFO - Processing file /opt/airflow/dags/daily_summary_dag.py for tasks to queue
[2026-10-06T17:35:26.575+0000] {logging_mixin.py:188} INFO - [2026-10-06T17:35:26.575+0000] {dagbag.py:545} INFO - Filling up the DagBag from /opt/airflow/dags/daily_summary_dag.py
[2026-10-06T17:35:26.597+0000] {processor.py:840} INFO - DAG(s) 'daily_summary_dag' retrieved from /opt/airflow/dags/daily_summary_dag.py
[2026-10-06T17:35:26.628+0000] {logging_mixin.py:188} INFO - [2026-10-06T17:35:26.628+0000] {dag.py:3089} INFO - Sync 1 DAGs
[2026-10-06T17:35:26.654+0000] {logging_mixin.py:188} INFO - [2026-10-06T17:35:26.653+0000] {dag.py:3947} INFO - Setting next_dagrun for daily_summary_dag to 2026-10-06 00:00:00+00:00, run_after=2026-10-07 00:00:00+00:00
[2026-10-06T17:35:26.678+0000] {processor.py:183} INFO - Processing /opt/airflow/dags/daily_summary_dag.py took 0.112 seconds
[2026-10-06T17:35:56.834+0000] {processor.py:161} INFO - Started process (PID=697) to work on /opt/airflow/dags/daily_summary_dag.py
[2026-10-06T17:35:56.836+0000] {processor.py:830} INFO - Processing file /opt/airflow/dags/daily_summary_dag.py for tasks to queue
[2026-10-06T17:35:56.838+0000] {logging_mixin.py:188} INFO - [2026-10-06T17:35:56.838+0000] {dagbag.py:545} INFO - Filling up the DagBag from /opt/airflow/dags/daily_summary_dag.py
[2026-10-06T17:35:56.860+0000] {processor.py:840} INFO - DAG(s) 'daily_summary_dag' retrieved from /opt/airflow/dags/daily_summary_dag.py
[2026-10-06T17:35:56.892+0000] {logging_mixin.py:188} INFO - [2026-10-06T17:35:56.892+0000] {dag.py:3089} INFO - Sync 1 DAGs
[2026-10-06T17:35:56.916+0000] {logging_mixin.py:188} INFO - [2026-10-06T17:35:56.916+0000] {dag.py:3947} INFO - Setting next_dagrun for daily_summary_dag to 2026-10-06 00:00:00+00:00, run_after=2026-10-07 00:00:00+00:00
[2026-10-06T17:35:56.942+0000] {processor.py:183} INFO - Processing /opt/airflow/dags/daily_summary_dag.py took 0.114 seconds
[2026-10-06T17:36:27.040+0000] {processor.py:161} INFO - Started process (PID=702) to work on /opt/airflow/dags/daily_summary_dag.py
[2026-10-06T17:36:27.041+0000] {processor.py:830} INFO - Processing file /opt/airflow/dags/daily_summary_dag.py for tasks to queue
[2026-10-06T17:36:27.043+0000] {logging_mixin.py:188} INFO - [2026-10-06T17:36:27.043+0000] {dagbag.py:545} INFO - Filling up the DagBag from /opt/airflow/dags/daily_summary_dag.py
[2026-10-06T17:36:27.064+0000] {processor.py:840} INFO - DAG(s) 'daily_summary_dag' retrieved from /opt/airflow/dags/daily_summary_dag.py
[2026-10-06T17:36:27.094+0000] {logging_mixin.py:188} INFO - [2026-10-06T17:36:27.094+0000] {dag.py:3089} INFO - Sync 1 DAGs
[2026-10-06T17:36:27.124+0000] {logging_mixin.py:188} INFO - [2026-10-06T17:36:27.124+0000] {dag.py:3947} INFO - Setting next_dagrun for daily_summary_dag to 2026-10-06 00:00:00+00:00, run_after=2026-10-07 00:00:00+00:00
[2026-10-06T17:36:27.155+0000] {processor.py:183} INFO - Processing /opt/airflow/dags/daily_summary_dag.py took 0.121 seconds
[2026-10-06T17:36:57.339+0000] {processor.py:161} INFO - Started process (PID=707) to work on /opt/airflow/dags/daily_summary_dag.py
[2026-10-06T17:36:57.340+0000] {processor.py:830} INFO - Processing file /opt/airflow/dags/daily_summary_dag.py for tasks to queue
[2026-10-06T17:36:57.343+0000] {logging_mixin.py:188} INFO - [2026-10-06T17:36:57.342+0000] {dagbag.py:545} INFO - Filling up the DagBag from /opt/airflow/dags/daily_summary_dag.py
[2026-10-06T17:36:57.365+0000] {processor.py:840} INFO - DAG(s) 'daily_summary_dag' retrieved from /opt/airflow/dags/daily_summary_dag.py
[2026-10-06T17:36:57.397+0000] {logging_mixin.py:188} INFO - [2026-10-06T17:36:57.397+0000] {dag.py:3089} INFO - Sync 1 DAGs
[2026-10-06T17:36:57.421+0000] {logging_mixin.py:188} INFO - [2026-10-06T17:36:57.421+0000] {dag.py:3947} INFO - Setting next_dagrun for daily_summary_dag to 2026-10-06 00:00:00+00:00, run_after=2026-10-07 00:00:00+00:00
[2026-10-06T17:36:57.445+0000] {processor.py:183} INFO - Processing /opt/airflow/dags/daily_summary_dag.py took 0.111 seconds
[2026-10-06T17:37:27.521+0000] {processor.py:161} INFO - Started process (PID=712) to work on /opt/airflow/dags/daily_summary_dag.py
[2026-10-06T17:37:27.523+0000] {processor.py:830} INFO - Processing file /opt/airflow/dags/daily_summary_dag.py for tasks to queue
[2026-10-06T17:37:27.525+0000] {logging_mixin.py:188} INFO - [2026-10-06T17:37:27.525+0000] {dagbag.py:545} INFO - Filling up the DagBag from /opt/airflow/dags/daily_summary_dag.py
[2026-10-06T17:37:27.547+0000] {processor.py:840} INFO - DAG(s) 'daily_summary_dag' retrieved from /opt/airflow/dags/daily_summary_dag.py
[2026-10-06T17:37:27.581+0000] {logging_mixin.py:188} INFO - [2026-10-06T17:37:27.580+0000] {dag.py:3089} INFO - Sync 1 DAGs
[2026-10-06T17:37:27.604+0000] {logging_mixin.py:188} INFO - [2026-10-06T17:37:27.603+0000] {dag.py:3947} INFO - Setting next_dagrun for daily_summary_dag to 2026-10-06 00:00:00+00:00, run_after=2026-10-07 00:00:00+00:00
[2026-10-06T17:37:27.631+0000] {processor.py:183} INFO - Processing /opt/airflow/dags/daily_summary_dag.py took 0.116 seconds
[2026-10-06T17:37:57.812+0000] {processor.py:161} INFO - Started process (PID=717) to work on /opt/airflow/dags/daily_summary_dag.py
[2026-10-06T17:37:57.813+0000] {processor.py:830} INFO - Processing file /opt/airflow/dags/daily_summary_dag.py for tasks to queue
[2026-10-06T17:37:57.816+0000] {logging_mixin.py:188} INFO - [2026-10-06T17:37:57.815+0000] {dagbag.py:545} INFO - Filling up the DagBag from /opt/airflow/dags/daily_summary_dag.py
[2026-10-06T17:37:57.838+0000] {processor.py:840} INFO - DAG(s) 'daily_summary_dag' retrieved from /opt/airflow/dags/daily_summary_dag.py
[2026-10-06T17:37:57.869+0000] {logging_mixin.py:188} INFO - [2026-10-06T17:37:57.868+0000] {dag.py:3089} INFO - Sync 1 DAGs
[2026-10-06T17:37:57.893+0000] {logging_mixin.py:188} INFO - [2026-10-06T17:37:57.893+0000] {dag.py:3947} INFO - Setting next_dagrun for daily_summary_dag to 2026-10-06 00:00:00+00:00, run_after=2026-10-07 00:00:00+00:00
[2026-10-06T17:37:57.917+0000] {processor.py:183} INFO - Processing /opt/airflow/dags/daily_summary_dag.py took 0.110 seconds
[2026-10-06T17:38:28.000+0000] {processor.py:161} INFO - Started process (PID=722) to work on /opt/airflow/dags/daily_summary_dag.py
[2026-10-06T17:38:28.001+0000] {processor.py:830} INFO - Processing file /opt/airflow/dags/daily_summary_dag.py for tasks to queue
[2026-10-06T17:38:28.004+0000] {logging_mixin.py:188} INFO - [2026-10-06T17:38:28.003+0000] {dagbag.py:545} INFO - Filling up the DagBag from /opt/airflow/dags/daily_summary_dag.py
[2026-10-06T17:38:28.025+0000] {processor.py:840} INFO - DAG(s) 'daily_summary_dag' retrieved from /opt/airflow/dags/daily_summary_dag.py
[2026-10-06T17:38:28.074+0000] {logging_mixin.py:188} INFO - [2026-10-06T17:38:28.073+0000] {dag.py:3089} INFO - Sync 1 DAGs
[2026-10-06T17:38:28.100+0000] {logging_mixin.py:188} INFO - [2026-10-06T17:38:28.099+0000] {dag.py:3947} INFO - Setting next_dagrun for daily_summary_dag to 2026-10-06 00:00:00+00:00, run_after=2026-10-07 00:00:00+00:00
[2026-10-06T17:38:28.125+0000] {processor.py:183} INFO - Processing /opt/airflow/dags/daily_summary_dag.py took 0.130 seconds
[2026-10-06T17:38:58.291+0000] {processor.py:161} INFO - Started process (PID=727) to work on /opt/airflow/dags/daily_summary_dag.py
[2026-10-06T17:38:58.293+0000] {processor.py:830} INFO - Processing file /opt/airflow/dags/daily_summary_dag.py for tasks to queue
[2026-10-06T17:38:58.295+0000] {logging_mixin.py:188} INFO - [2026-10-06T17:38:58.294+0000] {dagbag.py:545} INFO - Filling up the DagBag from /opt/airflow/dags/daily_summary_dag.py
[2026-10-06T17:38:58.315+0000] {processor.py:840} INFO - DAG(s) 'daily_summary_dag' retrieved from /opt/airflow/dags/daily_summary_dag.py
[2026-10-06T17:38:58.344+0000] {logging_mixin.py:188} INFO - [2026-10-06T17:38:58.344+0000] {dag.py:3089} INFO - Sync 1 DAGs
[2026-10-06T17:38:58.366+0000] {logging_mixin.py:188} INFO - [2026-10-06T17:38:58.366+0000] {dag.py:3947} INFO - Setting next_dagrun for daily_summary_dag to 2026-10-06 00:00:00+00:00, run_after=2026-10-07 00:00:00+00:00
[2026-10-06T17:38:58.387+0000] {processor.py:183} INFO - Processing /opt/airflow/dags/daily_summary_dag.py took 0.101 seconds
[2026-10-06T17:39:28.485+0000] {processor.py:161} INFO - Started process (PID=732) to work on /opt/airflow/dags/daily_summary_dag.py
[2026-10-06T17:39:28.486+0000] {processor.py:830} INFO - Processing file /opt/airflow/dags/daily_summary_dag.py for tasks to queue
[2026-10-06T17:39:28.489+0000] {logging_mixin.py:188} INFO - [2026-10-06T17:39:28.488+0000] {dagbag.py:545} INFO - Filling up the DagBag from /opt/airflow/dags/daily_summary_dag.py
[2026-10-06T17:39:28.509+0000] {processor.py:840} INFO - DAG(s) 'daily_summary_dag' retrieved from /opt/airflow/dags/daily_summary_dag.py
[2026-10-06T17:39:28.539+0000] {logging_mixin.py:188} INFO - [2026-10-06T17:39:28.539+0000] {dag.py:3089} INFO - Sync 1 DAGs
[2026-10-06T17:39:28.564+0000] {logging_mixin.py:188} INFO - [2026-10-06T17:39:28.564+0000] {dag.py:3947} INFO - Setting next_dagrun for daily_summary_dag to 2026-10-06 00:00:00+00:00, run_after=2026-10-07 00:00:00+00:00
[2026-10-06T17:39:28.588+0000] {processor.py:183} INFO - Processing /opt/airflow/dags/daily_summary_dag.py took 0.109 seconds
[2026-10-06T17:39:58.760+0000] {processor.py:161} INFO - Started process (PID=737) to work on /opt/airflow/dags/daily_summary_dag.py
[2026-10-06T17:39:58.761+0000] {processor.py:830} INFO - Processing file /opt/airflow/dags/daily_summary_dag.py for tasks to queue
[2026-10-06T17:39:58.764+0000] {logging_mixin.py:188} INFO - [2026-10-06T17:39:58.764+0000] {dagbag.py:545} INFO - Filling up the DagBag from /opt/airflow/dags/daily_summary_dag.py
[2026-10-06T17:39:58.786+0000] {processor.py:840} INFO - DAG(s) 'daily_summary_dag' retrieved from /opt/airflow/dags/daily_summary_dag.py
[2026-10-06T17:39:58.818+0000] {logging_mixin.py:188} INFO - [2026-10-06T17:39:58.818+0000] {dag.py:3089} INFO - Sync 1 DAGs
[2026-10-06T17:39:58.844+0000] {logging_mixin.py:188} INFO - [2026-10-06T17:39:58.843+0000] {dag.py:3947} INFO - Setting next_dagrun for daily_summary_dag to 2026-10-06 00:00:00+00:00, run_after=2026-10-07 00:00:00+00:00
[2026-10-06T17:39:58.866+0000] {processor.py:183} INFO - Processing /opt/airflow/dags/daily_summary_dag.py took 0.111 seconds
[2026-10-06T17:42:49.231+0000] {processor.py:161} INFO - Started process (PID=177) to work on /opt/airflow/dags/daily_summary_dag.py
[2026-10-06T17:42:49.233+0000] {processor.py:830} INFO - Processing file /opt/airflow/dags/daily_summary_dag.py for tasks to queue
[2026-10-06T17:42:49.236+0000] {logging_mixin.py:188} INFO - [2026-10-06T17:42:49.235+0000] {dagbag.py:545} INFO - Filling up the DagBag from /opt/airflow/dags/daily_summary_dag.py
[2026-10-06T17:42:49.269+0000] {processor.py:840} INFO - DAG(s) 'daily_summary_dag' retrieved from /opt/airflow/dags/daily_summary_dag.py
[2026-10-06T17:42:49.352+0000] {logging_mixin.py:188} INFO - [2026-10-06T17:42:49.351+0000] {dag.py:3089} INFO - Sync 1 DAGs
[2026-10-06T17:42:49.406+0000] {logging_mixin.py:188} INFO - [2026-10-06T17:42:49.405+0000] {dag.py:3947} INFO - Setting next_dagrun for daily_summary_dag to 2026-10-06 00:00:00+00:00, run_after=2026-10-07 00:00:00+00:00
[2026-10-06T17:42:49.453+0000] {processor.py:183} INFO - Processing /opt/airflow/dags/daily_summary_dag.py took 0.230 seconds
[2026-10-06T17:43:19.789+0000] {processor.py:161} INFO - Started process (PID=210) to work on /opt/airflow/dags/daily_summary_dag.py
[2026-10-06T17:43:19.795+0000] {processor.py:830} INFO - Processing file /opt/airflow/dags/daily_summary_dag.py for tasks to queue
[2026-10-06T17:43:19.805+0000] {logging_mixin.py:188} INFO - [2026-10-06T17:43:19.802+0000] {dagbag.py:545} INFO - Filling up the DagBag from /opt/airflow/dags/daily_summary_dag.py
[2026-10-06T17:43:19.861+0000] {processor.py:840} INFO - DAG(s) 'daily_summary_dag' retrieved from /opt/airflow/dags/daily_summary_dag.py
[2026-10-06T17:43:19.928+0000] {logging_mixin.py:188} INFO - [2026-10-06T17:43:19.927+0000] {dag.py:3089} INFO - Sync 1 DAGs
[2026-10-06T17:43:19.961+0000] {logging_mixin.py:188} INFO - [2026-10-06T17:43:19.960+0000] {dag.py:3947} INFO - Setting next_dagrun for daily_summary_dag to 2026-10-06 00:00:00+00:00, run_after=2026-10-07 00:00:00+00:00
[2026-10-06T17:43:19.990+0000] {processor.py:183} INFO - Processing /opt/airflow/dags/daily_summary_dag.py took 0.227 seconds
[2026-10-06T17:43:50.171+0000] {processor.py:161} INFO - Started process (PID=215) to work on /opt/airflow/dags/daily_summary_dag.py
[2026-10-06T17:43:50.172+0000] {processor.py:830} INFO - Processing file /opt/airflow/dags/daily_summary_dag.py for tasks to queue
[2026-10-06T17:43:50.174+0000] {logging_mixin.py:188} INFO - [2026-10-06T17:43:50.174+0000] {dagbag.py:545} INFO - Filling up the DagBag from /opt/airflow/dags/daily_summary_dag.py
[2026-10-06T17:43:50.196+0000] {processor.py:840} INFO - DAG(s) 'daily_summary_dag' retrieved from /opt/airflow/dags/daily_summary_dag.py
[2026-10-06T17:43:50.232+0000] {logging_mixin.py:188} INFO - [2026-10-06T17:43:50.231+0000] {dag.py:3089} INFO - Sync 1 DAGs
[2026-10-06T17:43:50.254+0000] {logging_mixin.py:188} INFO - [2026-10-06T17:43:50.254+0000] {dag.py:3947} INFO - Setting next_dagrun for daily_summary_dag to 2026-10-06 00:00:00+00:00, run_after=2026-10-07 00:00:00+00:00
[2026-10-06T17:43:50.278+0000] {processor.py:183} INFO - Processing /opt/airflow/dags/daily_summary_dag.py took 0.113 seconds
[2026-10-06T17:44:20.344+0000] {processor.py:161} INFO - Started process (PID=220) to work on /opt/airflow/dags/daily_summary_dag.py
[2026-10-06T17:44:20.345+0000] {processor.py:830} INFO - Processing file /opt/airflow/dags/daily_summary_dag.py for tasks to queue
[2026-10-06T17:44:20.352+0000] {logging_mixin.py:188} INFO - [2026-10-06T17:44:20.351+0000] {dagbag.py:545} INFO - Filling up the DagBag from /opt/airflow/dags/daily_summary_dag.py
[2026-10-06T17:44:20.381+0000] {processor.py:840} INFO - DAG(s) 'daily_summary_dag' retrieved from /opt/airflow/dags/daily_summary_dag.py
[2026-10-06T17:44:20.418+0000] {logging_mixin.py:188} INFO - [2026-10-06T17:44:20.417+0000] {dag.py:3089} INFO - Sync 1 DAGs
[2026-10-06T17:44:20.451+0000] {logging_mixin.py:188} INFO - [2026-10-06T17:44:20.451+0000] {dag.py:3947} INFO - Setting next_dagrun for daily_summary_dag to 2026-10-06 00:00:00+00:00, run_after=2026-10-07 00:00:00+00:00
[2026-10-06T17:44:20.473+0000] {processor.py:183} INFO - Processing /opt/airflow/dags/daily_summary_dag.py took 0.142 seconds
[2026-10-06T17:44:50.642+0000] {processor.py:161} INFO - Started process (PID=225) to work on /opt/airflow/dags/daily_summary_dag.py
[2026-10-06T17:44:50.643+0000] {processor.py:830} INFO - Processing file /opt/airflow/dags/daily_summary_dag.py for tasks to queue
[2026-10-06T17:44:50.646+0000] {logging_mixin.py:188} INFO - [2026-10-06T17:44:50.645+0000] {dagbag.py:545} INFO - Filling up the DagBag from /opt/airflow/dags/daily_summary_dag.py
[2026-10-06T17:44:50.669+0000] {processor.py:840} INFO - DAG(s) 'daily_summary_dag' retrieved from /opt/airflow/dags/daily_summary_dag.py
[2026-10-06T17:44:50.702+0000] {logging_mixin.py:188} INFO - [2026-10-06T17:44:50.702+0000] {dag.py:3089} INFO - Sync 1 DAGs
[2026-10-06T17:44:50.729+0000] {logging_mixin.py:188} INFO - [2026-10-06T17:44:50.728+0000] {dag.py:3947} INFO - Setting next_dagrun for daily_summary_dag to 2026-10-06 00:00:00+00:00, run_after=2026-10-07 00:00:00+00:00
[2026-10-06T17:44:50.753+0000] {processor.py:183} INFO - Processing /opt/airflow/dags/daily_summary_dag.py took 0.116 seconds
[2026-10-06T17:47:50.858+0000] {processor.py:161} INFO - Started process (PID=177) to work on /opt/airflow/dags/daily_summary_dag.py
[2026-10-06T17:47:50.860+0000] {processor.py:830} INFO - Processing file /opt/airflow/dags/daily_summary_dag.py for tasks to queue
[2026-10-06T17:47:50.863+0000] {logging_mixin.py:188} INFO - [2026-10-06T17:47:50.863+0000] {dagbag.py:545} INFO - Filling up the DagBag from /opt/airflow/dags/daily_summary_dag.py
[2026-10-06T17:47:50.901+0000] {processor.py:840} INFO - DAG(s) 'daily_summary_dag' retrieved from /opt/airflow/dags/daily_summary_dag.py
[2026-10-06T17:47:50.961+0000] {logging_mixin.py:188} INFO - [2026-10-06T17:47:50.961+0000] {dag.py:3089} INFO - Sync 1 DAGs
[2026-10-06T17:47:50.994+0000] {logging_mixin.py:188} INFO - [2026-10-06T17:47:50.994+0000] {dag.py:3947} INFO - Setting next_dagrun for daily_summary_dag to 2026-10-06 00:00:00+00:00, run_after=2026-10-07 00:00:00+00:00
[2026-10-06T17:47:51.025+0000] {processor.py:183} INFO - Processing /opt/airflow/dags/daily_summary_dag.py took 0.175 seconds
[2026-10-06T17:48:18.756+0000] {processor.py:161} INFO - Started process (PID=380) to work on /opt/airflow/dags/daily_summary_dag.py
[2026-10-06T17:48:18.793+0000] {processor.py:830} INFO - Processing file /opt/airflow/dags/daily_summary_dag.py for tasks to queue
[2026-10-06T17:48:18.830+0000] {logging_mixin.py:188} INFO - [2026-10-06T17:48:18.825+0000] {dagbag.py:545} INFO - Filling up the DagBag from /opt/airflow/dags/daily_summary_dag.py
[2026-10-06T17:48:18.961+0000] {processor.py:840} INFO - DAG(s) 'daily_summary_dag' retrieved from /opt/airflow/dags/daily_summary_dag.py
[2026-10-06T17:48:19.243+0000] {logging_mixin.py:188} INFO - [2026-10-06T17:48:19.243+0000] {dag.py:3089} INFO - Sync 1 DAGs
[2026-10-06T17:48:19.337+0000] {logging_mixin.py:188} INFO - [2026-10-06T17:48:19.336+0000] {dag.py:3947} INFO - Setting next_dagrun for daily_summary_dag to 2026-10-06 00:00:00+00:00, run_after=2026-10-07 00:00:00+00:00
[2026-10-06T17:48:19.426+0000] {processor.py:183} INFO - Processing /opt/airflow/dags/daily_summary_dag.py took 0.719 seconds
[2026-10-06T17:48:21.150+0000] {processor.py:161} INFO - Started process (PID=400) to work on /opt/airflow/dags/daily_summary_dag.py
[2026-10-06T17:48:21.158+0000] {processor.py:830} INFO - Processing file /opt/airflow/dags/daily_summary_dag.py for tasks to queue
[2026-10-06T17:48:21.183+0000] {logging_mixin.py:188} INFO - [2026-10-06T17:48:21.181+0000] {dagbag.py:545} INFO - Filling up the DagBag from /opt/airflow/dags/daily_summary_dag.py
[2026-10-06T17:48:21.268+0000] {processor.py:840} INFO - DAG(s) 'daily_summary_dag' retrieved from /opt/airflow/dags/daily_summary_dag.py
[2026-10-06T17:48:21.410+0000] {logging_mixin.py:188} INFO - [2026-10-06T17:48:21.409+0000] {dag.py:3089} INFO - Sync 1 DAGs
[2026-10-06T17:48:21.535+0000] {logging_mixin.py:188} INFO - [2026-10-06T17:48:21.533+0000] {dag.py:3947} INFO - Setting next_dagrun for daily_summary_dag to 2026-10-06 00:00:00+00:00, run_after=2026-10-07 00:00:00+00:00
[2026-10-06T17:48:21.615+0000] {processor.py:183} INFO - Processing /opt/airflow/dags/daily_summary_dag.py took 0.480 seconds
[2026-10-06T17:48:49.639+0000] {processor.py:161} INFO - Started process (PID=405) to work on /opt/airflow/dags/daily_summary_dag.py
[2026-10-06T17:48:49.641+0000] {processor.py:830} INFO - Processing file /opt/airflow/dags/daily_summary_dag.py for tasks to queue
[2026-10-06T17:48:49.645+0000] {logging_mixin.py:188} INFO - [2026-10-06T17:48:49.644+0000] {dagbag.py:545} INFO - Filling up the DagBag from /opt/airflow/dags/daily_summary_dag.py
[2026-10-06T17:48:49.679+0000] {processor.py:840} INFO - DAG(s) 'daily_summary_dag' retrieved from /opt/airflow/dags/daily_summary_dag.py
[2026-10-06T17:48:49.727+0000] {logging_mixin.py:188} INFO - [2026-10-06T17:48:49.726+0000] {dag.py:3089} INFO - Sync 1 DAGs
[2026-10-06T17:48:49.755+0000] {logging_mixin.py:188} INFO - [2026-10-06T17:48:49.755+0000] {dag.py:3947} INFO - Setting next_dagrun for daily_summary_dag to 2026-10-06 00:00:00+00:00, run_after=2026-10-07 00:00:00+00:00
[2026-10-06T17:48:49.785+0000] {processor.py:183} INFO - Processing /opt/airflow/dags/daily_summary_dag.py took 0.155 seconds
[2026-10-06T17:48:51.830+0000] {processor.py:161} INFO - Started process (PID=410) to work on /opt/airflow/dags/daily_summary_dag.py
[2026-10-06T17:48:51.831+0000] {processor.py:830} INFO - Processing file /opt/airflow/dags/daily_summary_dag.py for tasks to queue
[2026-10-06T17:48:51.834+0000] {logging_mixin.py:188} INFO - [2026-10-06T17:48:51.833+0000] {dagbag.py:545} INFO - Filling up the DagBag from /opt/airflow/dags/daily_summary_dag.py
[2026-10-06T17:48:51.868+0000] {processor.py:840} INFO - DAG(s) 'daily_summary_dag' retrieved from /opt/airflow/dags/daily_summary_dag.py
[2026-10-06T17:48:51.936+0000] {logging_mixin.py:188} INFO - [2026-10-06T17:48:51.935+0000] {dag.py:3089} INFO - Sync 1 DAGs
[2026-10-06T17:48:51.965+0000] {logging_mixin.py:188} INFO - [2026-10-06T17:48:51.965+0000] {dag.py:3947} INFO - Setting next_dagrun for daily_summary_dag to 2026-10-06 00:00:00+00:00, run_after=2026-10-07 00:00:00+00:00
[2026-10-06T17:48:51.989+0000] {processor.py:183} INFO - Processing /opt/airflow/dags/daily_summary_dag.py took 0.165 seconds
[2026-10-06T17:49:19.990+0000] {processor.py:161} INFO - Started process (PID=439) to work on /opt/airflow/dags/daily_summary_dag.py
[2026-10-06T17:49:19.992+0000] {processor.py:830} INFO - Processing file /opt/airflow/dags/daily_summary_dag.py for tasks to queue
[2026-10-06T17:49:19.994+0000] {logging_mixin.py:188} INFO - [2026-10-06T17:49:19.994+0000] {dagbag.py:545} INFO - Filling up the DagBag from /opt/airflow/dags/daily_summary_dag.py
[2026-10-06T17:49:20.025+0000] {processor.py:840} INFO - DAG(s) 'daily_summary_dag' retrieved from /opt/airflow/dags/daily_summary_dag.py
[2026-10-06T17:49:20.071+0000] {logging_mixin.py:188} INFO - [2026-10-06T17:49:20.071+0000] {dag.py:3089} INFO - Sync 1 DAGs
[2026-10-06T17:49:20.106+0000] {logging_mixin.py:188} INFO - [2026-10-06T17:49:20.105+0000] {dag.py:3947} INFO - Setting next_dagrun for daily_summary_dag to 2026-10-06 00:00:00+00:00, run_after=2026-10-07 00:00:00+00:00
[2026-10-06T17:49:20.141+0000] {processor.py:183} INFO - Processing /opt/airflow/dags/daily_summary_dag.py took 0.156 seconds
[2026-10-06T17:49:22.296+0000] {processor.py:161} INFO - Started process (PID=444) to work on /opt/airflow/dags/daily_summary_dag.py
[2026-10-06T17:49:22.299+0000] {processor.py:830} INFO - Processing file /opt/airflow/dags/daily_summary_dag.py for tasks to queue
[2026-10-06T17:49:22.305+0000] {logging_mixin.py:188} INFO - [2026-10-06T17:49:22.303+0000] {dagbag.py:545} INFO - Filling up the DagBag from /opt/airflow/dags/daily_summary_dag.py
[2026-10-06T17:49:22.440+0000] {processor.py:840} INFO - DAG(s) 'daily_summary_dag' retrieved from /opt/airflow/dags/daily_summary_dag.py
[2026-10-06T17:49:22.528+0000] {logging_mixin.py:188} INFO - [2026-10-06T17:49:22.528+0000] {dag.py:3089} INFO - Sync 1 DAGs
[2026-10-06T17:49:22.664+0000] {logging_mixin.py:188} INFO - [2026-10-06T17:49:22.663+0000] {dag.py:3947} INFO - Setting next_dagrun for daily_summary_dag to 2026-10-06 00:00:00+00:00, run_after=2026-10-07 00:00:00+00:00
[2026-10-06T17:49:22.730+0000] {processor.py:183} INFO - Processing /opt/airflow/dags/daily_summary_dag.py took 0.495 seconds
[2026-10-06T17:49:50.253+0000] {processor.py:161} INFO - Started process (PID=449) to work on /opt/airflow/dags/daily_summary_dag.py
[2026-10-06T17:49:50.255+0000] {processor.py:830} INFO - Processing file /opt/airflow/dags/daily_summary_dag.py for tasks to queue
[2026-10-06T17:49:50.263+0000] {logging_mixin.py:188} INFO - [2026-10-06T17:49:50.262+0000] {dagbag.py:545} INFO - Filling up the DagBag from /opt/airflow/dags/daily_summary_dag.py
[2026-10-06T17:49:50.410+0000] {processor.py:840} INFO - DAG(s) 'daily_summary_dag' retrieved from /opt/airflow/dags/daily_summary_dag.py
[2026-10-06T17:49:50.528+0000] {logging_mixin.py:188} INFO - [2026-10-06T17:49:50.528+0000] {dag.py:3089} INFO - Sync 1 DAGs
[2026-10-06T17:49:50.763+0000] {logging_mixin.py:188} INFO - [2026-10-06T17:49:50.760+0000] {dag.py:3947} INFO - Setting next_dagrun for daily_summary_dag to 2026-10-06 00:00:00+00:00, run_after=2026-10-07 00:00:00+00:00
[2026-10-06T17:49:51.127+0000] {processor.py:183} INFO - Processing /opt/airflow/dags/daily_summary_dag.py took 0.896 seconds
[2026-10-06T17:49:53.032+0000] {processor.py:161} INFO - Started process (PID=454) to work on /opt/airflow/dags/daily_summary_dag.py
[2026-10-06T17:49:53.033+0000] {processor.py:830} INFO - Processing file /opt/airflow/dags/daily_summary_dag.py for tasks to queue
[2026-10-06T17:49:53.036+0000] {logging_mixin.py:188} INFO - [2026-10-06T17:49:53.035+0000] {dagbag.py:545} INFO - Filling up the DagBag from /opt/airflow/dags/daily_summary_dag.py
[2026-10-06T17:49:53.056+0000] {processor.py:840} INFO - DAG(s) 'daily_summary_dag' retrieved from /opt/airflow/dags/daily_summary_dag.py
[2026-10-06T17:49:53.092+0000] {logging_mixin.py:188} INFO - [2026-10-06T17:49:53.092+0000] {dag.py:3089} INFO - Sync 1 DAGs
[2026-10-06T17:49:53.126+0000] {logging_mixin.py:188} INFO - [2026-10-06T17:49:53.125+0000] {dag.py:3947} INFO - Setting next_dagrun for daily_summary_dag to 2026-10-06 00:00:00+00:00, run_after=2026-10-07 00:00:00+00:00
[2026-10-06T17:49:53.152+0000] {processor.py:183} INFO - Processing /opt/airflow/dags/daily_summary_dag.py took 0.125 seconds
[2026-10-06T17:50:21.665+0000] {processor.py:161} INFO - Started process (PID=459) to work on /opt/airflow/dags/daily_summary_dag.py
[2026-10-06T17:50:21.667+0000] {processor.py:830} INFO - Processing file /opt/airflow/dags/daily_summary_dag.py for tasks to queue
[2026-10-06T17:50:21.671+0000] {logging_mixin.py:188} INFO - [2026-10-06T17:50:21.670+0000] {dagbag.py:545} INFO - Filling up the DagBag from /opt/airflow/dags/daily_summary_dag.py
[2026-10-06T17:50:21.698+0000] {processor.py:840} INFO - DAG(s) 'daily_summary_dag' retrieved from /opt/airflow/dags/daily_summary_dag.py
[2026-10-06T17:50:22.338+0000] {logging_mixin.py:188} INFO - [2026-10-06T17:50:22.337+0000] {dag.py:3089} INFO - Sync 1 DAGs
[2026-10-06T17:50:22.370+0000] {logging_mixin.py:188} INFO - [2026-10-06T17:50:22.370+0000] {dag.py:3947} INFO - Setting next_dagrun for daily_summary_dag to 2026-10-06 00:00:00+00:00, run_after=2026-10-07 00:00:00+00:00
[2026-10-06T17:50:22.578+0000] {processor.py:183} INFO - Processing /opt/airflow/dags/daily_summary_dag.py took 0.925 seconds
[2026-10-06T17:50:23.416+0000] {processor.py:161} INFO - Started process (PID=464) to work on /opt/airflow/dags/daily_summary_dag.py
[2026-10-06T17:50:23.417+0000] {processor.py:830} INFO - Processing file /opt/airflow/dags/daily_summary_dag.py for tasks to queue
[2026-10-06T17:50:23.420+0000] {logging_mixin.py:188} INFO - [2026-10-06T17:50:23.420+0000] {dagbag.py:545} INFO - Filling up the DagBag from /opt/airflow/dags/daily_summary_dag.py
[2026-10-06T17:50:23.442+0000] {processor.py:840} INFO - DAG(s) 'daily_summary_dag' retrieved from /opt/airflow/dags/daily_summary_dag.py
[2026-10-06T17:50:23.893+0000] {logging_mixin.py:188} INFO - [2026-10-06T17:50:23.893+0000] {dag.py:3089} INFO - Sync 1 DAGs
[2026-10-06T17:50:23.917+0000] {logging_mixin.py:188} INFO - [2026-10-06T17:50:23.917+0000] {dag.py:3947} INFO - Setting next_dagrun for daily_summary_dag to 2026-10-06 00:00:00+00:00, run_after=2026-10-07 00:00:00+00:00
[2026-10-06T17:50:24.070+0000] {processor.py:183} INFO - Processing /opt/airflow/dags/daily_summary_dag.py took 0.660 seconds
[2026-10-06T17:50:52.737+0000] {processor.py:161} INFO - Started process (PID=469) to work on /opt/airflow/dags/daily_summary_dag.py
[2026-10-06T17:50:52.739+0000] {processor.py:830} INFO - Processing file /opt/airflow/dags/daily_summary_dag.py for tasks to queue
[2026-10-06T17:50:52.743+0000] {logging_mixin.py:188} INFO - [2026-10-06T17:50:52.743+0000] {dagbag.py:545} INFO - Filling up the DagBag from /opt/airflow/dags/daily_summary_dag.py
[2026-10-06T17:50:52.772+0000] {processor.py:840} INFO - DAG(s) 'daily_summary_dag' retrieved from /opt/airflow/dags/daily_summary_dag.py
[2026-10-06T17:50:52.814+0000] {logging_mixin.py:188} INFO - [2026-10-06T17:50:52.813+0000] {dag.py:3089} INFO - Sync 1 DAGs
[2026-10-06T17:50:52.844+0000] {logging_mixin.py:188} INFO - [2026-10-06T17:50:52.844+0000] {dag.py:3947} INFO - Setting next_dagrun for daily_summary_dag to 2026-10-06 00:00:00+00:00, run_after=2026-10-07 00:00:00+00:00
[2026-10-06T17:50:52.874+0000] {processor.py:183} INFO - Processing /opt/airflow/dags/daily_summary_dag.py took 0.149 seconds
[2026-10-06T17:50:54.279+0000] {processor.py:161} INFO - Started process (PID=474) to work on /opt/airflow/dags/daily_summary_dag.py
[2026-10-06T17:50:54.281+0000] {processor.py:830} INFO - Processing file /opt/airflow/dags/daily_summary_dag.py for tasks to queue
[2026-10-06T17:50:54.282+0000] {logging_mixin.py:188} INFO - [2026-10-06T17:50:54.282+0000] {dagbag.py:545} INFO - Filling up the DagBag from /opt/airflow/dags/daily_summary_dag.py
[2026-10-06T17:50:54.303+0000] {processor.py:840} INFO - DAG(s) 'daily_summary_dag' retrieved from /opt/airflow/dags/daily_summary_dag.py
[2026-10-06T17:50:54.333+0000] {logging_mixin.py:188} INFO - [2026-10-06T17:50:54.333+0000] {dag.py:3089} INFO - Sync 1 DAGs
[2026-10-06T17:50:54.359+0000] {logging_mixin.py:188} INFO - [2026-10-06T17:50:54.359+0000] {dag.py:3947} INFO - Setting next_dagrun for daily_summary_dag to 2026-10-06 00:00:00+00:00, run_after=2026-10-07 00:00:00+00:00
[2026-10-06T17:50:54.387+0000] {processor.py:183} INFO - Processing /opt/airflow/dags/daily_summary_dag.py took 0.113 seconds
[2026-10-06T17:51:22.922+0000] {processor.py:161} INFO - Started process (PID=479) to work on /opt/airflow/dags/daily_summary_dag.py
[2026-10-06T17:51:22.924+0000] {processor.py:830} INFO - Processing file /opt/airflow/dags/daily_summary_dag.py for tasks to queue
[2026-10-06T17:51:22.927+0000] {logging_mixin.py:188} INFO - [2026-10-06T17:51:22.927+0000] {dagbag.py:545} INFO - Filling up the DagBag from /opt/airflow/dags/daily_summary_dag.py
[2026-10-06T17:51:22.951+0000] {processor.py:840} INFO - DAG(s) 'daily_summary_dag' retrieved from /opt/airflow/dags/daily_summary_dag.py
[2026-10-06T17:51:22.994+0000] {logging_mixin.py:188} INFO - [2026-10-06T17:51:22.994+0000] {dag.py:3089} INFO - Sync 1 DAGs
[2026-10-06T17:51:23.032+0000] {logging_mixin.py:188} INFO - [2026-10-06T17:51:23.032+0000] {dag.py:3947} INFO - Setting next_dagrun for daily_summary_dag to 2026-10-06 00:00:00+00:00, run_after=2026-10-07 00:00:00+00:00
[2026-10-06T17:51:23.056+0000] {processor.py:183} INFO - Processing /opt/airflow/dags/daily_summary_dag.py took 0.140 seconds
[2026-10-06T17:51:24.455+0000] {processor.py:161} INFO - Started process (PID=484) to work on /opt/airflow/dags/daily_summary_dag.py
[2026-10-06T17:51:24.456+0000] {processor.py:830} INFO - Processing file /opt/airflow/dags/daily_summary_dag.py for tasks to queue
[2026-10-06T17:51:24.459+0000] {logging_mixin.py:188} INFO - [2026-10-06T17:51:24.458+0000] {dagbag.py:545} INFO - Filling up the DagBag from /opt/airflow/dags/daily_summary_dag.py
[2026-10-06T17:51:24.488+0000] {processor.py:840} INFO - DAG(s) 'daily_summary_dag' retrieved from /opt/airflow/dags/daily_summary_dag.py
[2026-10-06T17:51:24.520+0000] {logging_mixin.py:188} INFO - [2026-10-06T17:51:24.520+0000] {dag.py:3089} INFO - Sync 1 DAGs
[2026-10-06T17:51:24.548+0000] {logging_mixin.py:188} INFO - [2026-10-06T17:51:24.547+0000] {dag.py:3947} INFO - Setting next_dagrun for daily_summary_dag to 2026-10-06 00:00:00+00:00, run_after=2026-10-07 00:00:00+00:00
[2026-10-06T17:51:24.573+0000] {processor.py:183} INFO - Processing /opt/airflow/dags/daily_summary_dag.py took 0.123 seconds
[2026-10-06T17:51:53.227+0000] {processor.py:161} INFO - Started process (PID=489) to work on /opt/airflow/dags/daily_summary_dag.py
[2026-10-06T17:51:53.229+0000] {processor.py:830} INFO - Processing file /opt/airflow/dags/daily_summary_dag.py for tasks to queue
[2026-10-06T17:51:53.232+0000] {logging_mixin.py:188} INFO - [2026-10-06T17:51:53.231+0000] {dagbag.py:545} INFO - Filling up the DagBag from /opt/airflow/dags/daily_summary_dag.py
[2026-10-06T17:51:53.250+0000] {processor.py:840} INFO - DAG(s) 'daily_summary_dag' retrieved from /opt/airflow/dags/daily_summary_dag.py
[2026-10-06T17:51:53.287+0000] {logging_mixin.py:188} INFO - [2026-10-06T17:51:53.287+0000] {dag.py:3089} INFO - Sync 1 DAGs
[2026-10-06T17:51:53.314+0000] {logging_mixin.py:188} INFO - [2026-10-06T17:51:53.314+0000] {dag.py:3947} INFO - Setting next_dagrun for daily_summary_dag to 2026-10-06 00:00:00+00:00, run_after=2026-10-07 00:00:00+00:00
[2026-10-06T17:51:53.342+0000] {processor.py:183} INFO - Processing /opt/airflow/dags/daily_summary_dag.py took 0.119 seconds
[2026-10-06T17:51:54.743+0000] {processor.py:161} INFO - Started process (PID=494) to work on /opt/airflow/dags/daily_summary_dag.py
[2026-10-06T17:51:54.744+0000] {processor.py:830} INFO - Processing file /opt/airflow/dags/daily_summary_dag.py for tasks to queue
[2026-10-06T17:51:54.746+0000] {logging_mixin.py:188} INFO - [2026-10-06T17:51:54.746+0000] {dagbag.py:545} INFO - Filling up the DagBag from /opt/airflow/dags/daily_summary_dag.py
[2026-10-06T17:51:54.765+0000] {processor.py:840} INFO - DAG(s) 'daily_summary_dag' retrieved from /opt/airflow/dags/daily_summary_dag.py
[2026-10-06T17:51:54.793+0000] {logging_mixin.py:188} INFO - [2026-10-06T17:51:54.793+0000] {dag.py:3089} INFO - Sync 1 DAGs
[2026-10-06T17:51:54.816+0000] {logging_mixin.py:188} INFO - [2026-10-06T17:51:54.816+0000] {dag.py:3947} INFO - Setting next_dagrun for daily_summary_dag to 2026-10-06 00:00:00+00:00, run_after=2026-10-07 00:00:00+00:00
[2026-10-06T17:51:54.836+0000] {processor.py:183} INFO - Processing /opt/airflow/dags/daily_summary_dag.py took 0.098 seconds
[2026-10-06T17:52:23.406+0000] {processor.py:161} INFO - Started process (PID=499) to work on /opt/airflow/dags/daily_summary_dag.py
[2026-10-06T17:52:23.408+0000] {processor.py:830} INFO - Processing file /opt/airflow/dags/daily_summary_dag.py for tasks to queue
[2026-10-06T17:52:23.410+0000] {logging_mixin.py:188} INFO - [2026-10-06T17:52:23.410+0000] {dagbag.py:545} INFO - Filling up the DagBag from /opt/airflow/dags/daily_summary_dag.py
[2026-10-06T17:52:23.429+0000] {processor.py:840} INFO - DAG(s) 'daily_summary_dag' retrieved from /opt/airflow/dags/daily_summary_dag.py
[2026-10-06T17:52:23.460+0000] {logging_mixin.py:188} INFO - [2026-10-06T17:52:23.460+0000] {dag.py:3089} INFO - Sync 1 DAGs
[2026-10-06T17:52:23.490+0000] {logging_mixin.py:188} INFO - [2026-10-06T17:52:23.490+0000] {dag.py:3947} INFO - Setting next_dagrun for daily_summary_dag to 2026-10-06 00:00:00+00:00, run_after=2026-10-07 00:00:00+00:00
[2026-10-06T17:52:23.520+0000] {processor.py:183} INFO - Processing /opt/airflow/dags/daily_summary_dag.py took 0.118 seconds
[2026-10-06T17:52:24.913+0000] {processor.py:161} INFO - Started process (PID=504) to work on /opt/airflow/dags/daily_summary_dag.py
[2026-10-06T17:52:24.914+0000] {processor.py:830} INFO - Processing file /opt/airflow/dags/daily_summary_dag.py for tasks to queue
[2026-10-06T17:52:24.917+0000] {logging_mixin.py:188} INFO - [2026-10-06T17:52:24.917+0000] {dagbag.py:545} INFO - Filling up the DagBag from /opt/airflow/dags/daily_summary_dag.py
[2026-10-06T17:52:24.936+0000] {processor.py:840} INFO - DAG(s) 'daily_summary_dag' retrieved from /opt/airflow/dags/daily_summary_dag.py
[2026-10-06T17:52:24.965+0000] {logging_mixin.py:188} INFO - [2026-10-06T17:52:24.965+0000] {dag.py:3089} INFO - Sync 1 DAGs
[2026-10-06T17:52:24.989+0000] {logging_mixin.py:188} INFO - [2026-10-06T17:52:24.989+0000] {dag.py:3947} INFO - Setting next_dagrun for daily_summary_dag to 2026-10-06 00:00:00+00:00, run_after=2026-10-07 00:00:00+00:00
[2026-10-06T17:52:25.012+0000] {processor.py:183} INFO - Processing /opt/airflow/dags/daily_summary_dag.py took 0.104 seconds
[2026-10-06T17:52:53.687+0000] {processor.py:161} INFO - Started process (PID=509) to work on /opt/airflow/dags/daily_summary_dag.py
[2026-10-06T17:52:53.688+0000] {processor.py:830} INFO - Processing file /opt/airflow/dags/daily_summary_dag.py for tasks to queue
[2026-10-06T17:52:53.690+0000] {logging_mixin.py:188} INFO - [2026-10-06T17:52:53.689+0000] {dagbag.py:545} INFO - Filling up the DagBag from /opt/airflow/dags/daily_summary_dag.py
[2026-10-06T17:52:53.708+0000] {processor.py:840} INFO - DAG(s) 'daily_summary_dag' retrieved from /opt/airflow/dags/daily_summary_dag.py
[2026-10-06T17:52:53.742+0000] {logging_mixin.py:188} INFO - [2026-10-06T17:52:53.741+0000] {dag.py:3089} INFO - Sync 1 DAGs
[2026-10-06T17:52:53.769+0000] {logging_mixin.py:188} INFO - [2026-10-06T17:52:53.769+0000] {dag.py:3947} INFO - Setting next_dagrun for daily_summary_dag to 2026-10-06 00:00:00+00:00, run_after=2026-10-07 00:00:00+00:00
[2026-10-06T17:52:53.792+0000] {processor.py:183} INFO - Processing /opt/airflow/dags/daily_summary_dag.py took 0.111 seconds
[2026-10-06T17:52:55.207+0000] {processor.py:161} INFO - Started process (PID=514) to work on /opt/airflow/dags/daily_summary_dag.py
[2026-10-06T17:52:55.208+0000] {processor.py:830} INFO - Processing file /opt/airflow/dags/daily_summary_dag.py for tasks to queue
[2026-10-06T17:52:55.209+0000] {logging_mixin.py:188} INFO - [2026-10-06T17:52:55.209+0000] {dagbag.py:545} INFO - Filling up the DagBag from /opt/airflow/dags/daily_summary_dag.py
[2026-10-06T17:52:55.228+0000] {processor.py:840} INFO - DAG(s) 'daily_summary_dag' retrieved from /opt/airflow/dags/daily_summary_dag.py
[2026-10-06T17:52:55.256+0000] {logging_mixin.py:188} INFO - [2026-10-06T17:52:55.256+0000] {dag.py:3089} INFO - Sync 1 DAGs
[2026-10-06T17:52:55.282+0000] {logging_mixin.py:188} INFO - [2026-10-06T17:52:55.281+0000] {dag.py:3947} INFO - Setting next_dagrun for daily_summary_dag to 2026-10-06 00:00:00+00:00, run_after=2026-10-07 00:00:00+00:00
[2026-10-06T17:52:55.304+0000] {processor.py:183} INFO - Processing /opt/airflow/dags/daily_summary_dag.py took 0.102 seconds
[2026-10-06T17:53:23.897+0000] {processor.py:161} INFO - Started process (PID=519) to work on /opt/airflow/dags/daily_summary_dag.py
[2026-10-06T17:53:23.899+0000] {processor.py:830} INFO - Processing file /opt/airflow/dags/daily_summary_dag.py for tasks to queue
[2026-10-06T17:53:23.901+0000] {logging_mixin.py:188} INFO - [2026-10-06T17:53:23.901+0000] {dagbag.py:545} INFO - Filling up the DagBag from /opt/airflow/dags/daily_summary_dag.py
[2026-10-06T17:53:23.920+0000] {processor.py:840} INFO - DAG(s) 'daily_summary_dag' retrieved from /opt/airflow/dags/daily_summary_dag.py
[2026-10-06T17:53:23.949+0000] {logging_mixin.py:188} INFO - [2026-10-06T17:53:23.949+0000] {dag.py:3089} INFO - Sync 1 DAGs
[2026-10-06T17:53:23.972+0000] {logging_mixin.py:188} INFO - [2026-10-06T17:53:23.972+0000] {dag.py:3947} INFO - Setting next_dagrun for daily_summary_dag to 2026-10-06 00:00:00+00:00, run_after=2026-10-07 00:00:00+00:00
[2026-10-06T17:53:23.996+0000] {processor.py:183} INFO - Processing /opt/airflow/dags/daily_summary_dag.py took 0.105 seconds
[2026-10-06T17:53:25.388+0000] {processor.py:161} INFO - Started process (PID=524) to work on /opt/airflow/dags/daily_summary_dag.py
[2026-10-06T17:53:25.389+0000] {processor.py:830} INFO - Processing file /opt/airflow/dags/daily_summary_dag.py for tasks to queue
[2026-10-06T17:53:25.391+0000] {logging_mixin.py:188} INFO - [2026-10-06T17:53:25.390+0000] {dagbag.py:545} INFO - Filling up the DagBag from /opt/airflow/dags/daily_summary_dag.py
[2026-10-06T17:53:25.410+0000] {processor.py:840} INFO - DAG(s) 'daily_summary_dag' retrieved from /opt/airflow/dags/daily_summary_dag.py
[2026-10-06T17:53:25.437+0000] {logging_mixin.py:188} INFO - [2026-10-06T17:53:25.436+0000] {dag.py:3089} INFO - Sync 1 DAGs
[2026-10-06T17:53:25.462+0000] {logging_mixin.py:188} INFO - [2026-10-06T17:53:25.462+0000] {dag.py:3947} INFO - Setting next_dagrun for daily_summary_dag to 2026-10-06 00:00:00+00:00, run_after=2026-10-07 00:00:00+00:00
[2026-10-06T17:53:25.485+0000] {processor.py:183} INFO - Processing /opt/airflow/dags/daily_summary_dag.py took 0.103 seconds
[2026-10-06T17:53:54.137+0000] {processor.py:161} INFO - Started process (PID=529) to work on /opt/airflow/dags/daily_summary_dag.py
[2026-10-06T17:53:54.139+0000] {processor.py:830} INFO - Processing file /opt/airflow/dags/daily_summary_dag.py for tasks to queue
[2026-10-06T17:53:54.141+0000] {logging_mixin.py:188} INFO - [2026-10-06T17:53:54.140+0000] {dagbag.py:545} INFO - Filling up the DagBag from /opt/airflow/dags/daily_summary_dag.py
[2026-10-06T17:53:54.161+0000] {processor.py:840} INFO - DAG(s) 'daily_summary_dag' retrieved from /opt/airflow/dags/daily_summary_dag.py
[2026-10-06T17:53:54.192+0000] {logging_mixin.py:188} INFO - [2026-10-06T17:53:54.191+0000] {dag.py:3089} INFO - Sync 1 DAGs
[2026-10-06T17:53:54.219+0000] {logging_mixin.py:188} INFO - [2026-10-06T17:53:54.219+0000] {dag.py:3947} INFO - Setting next_dagrun for daily_summary_dag to 2026-10-06 00:00:00+00:00, run_after=2026-10-07 00:00:00+00:00
[2026-10-06T17:53:54.244+0000] {processor.py:183} INFO - Processing /opt/airflow/dags/daily_summary_dag.py took 0.113 seconds
[2026-10-06T17:53:55.652+0000] {processor.py:161} INFO - Started process (PID=534) to work on /opt/airflow/dags/daily_summary_dag.py
[2026-10-06T17:53:55.654+0000] {processor.py:830} INFO - Processing file /opt/airflow/dags/daily_summary_dag.py for tasks to queue
[2026-10-06T17:53:55.656+0000] {logging_mixin.py:188} INFO - [2026-10-06T17:53:55.656+0000] {dagbag.py:545} INFO - Filling up the DagBag from /opt/airflow/dags/daily_summary_dag.py
[2026-10-06T17:53:55.675+0000] {processor.py:840} INFO - DAG(s) 'daily_summary_dag' retrieved from /opt/airflow/dags/daily_summary_dag.py
[2026-10-06T17:53:55.703+0000] {logging_mixin.py:188} INFO - [2026-10-06T17:53:55.703+0000] {dag.py:3089} INFO - Sync 1 DAGs
[2026-10-06T17:53:55.726+0000] {logging_mixin.py:188} INFO - [2026-10-06T17:53:55.726+0000] {dag.py:3947} INFO - Setting next_dagrun for daily_summary_dag to 2026-10-06 00:00:00+00:00, run_after=2026-10-07 00:00:00+00:00
[2026-10-06T17:53:55.749+0000] {processor.py:183} INFO - Processing /opt/airflow/dags/daily_summary_dag.py took 0.102 seconds
[2026-10-06T17:54:24.350+0000] {processor.py:161} INFO - Started process (PID=539) to work on /opt/airflow/dags/daily_summary_dag.py
[2026-10-06T17:54:24.351+0000] {processor.py:830} INFO - Processing file /opt/airflow/dags/daily_summary_dag.py for tasks to queue
[2026-10-06T17:54:24.353+0000] {logging_mixin.py:188} INFO - [2026-10-06T17:54:24.352+0000] {dagbag.py:545} INFO - Filling up the DagBag from /opt/airflow/dags/daily_summary_dag.py
[2026-10-06T17:54:24.372+0000] {processor.py:840} INFO - DAG(s) 'daily_summary_dag' retrieved from /opt/airflow/dags/daily_summary_dag.py
[2026-10-06T17:54:24.399+0000] {logging_mixin.py:188} INFO - [2026-10-06T17:54:24.399+0000] {dag.py:3089} INFO - Sync 1 DAGs
[2026-10-06T17:54:24.421+0000] {logging_mixin.py:188} INFO - [2026-10-06T17:54:24.421+0000] {dag.py:3947} INFO - Setting next_dagrun for daily_summary_dag to 2026-10-06 00:00:00+00:00, run_after=2026-10-07 00:00:00+00:00
[2026-10-06T17:54:24.442+0000] {processor.py:183} INFO - Processing /opt/airflow/dags/daily_summary_dag.py took 0.098 seconds
[2026-10-06T17:54:25.839+0000] {processor.py:161} INFO - Started process (PID=544) to work on /opt/airflow/dags/daily_summary_dag.py
[2026-10-06T17:54:25.840+0000] {processor.py:830} INFO - Processing file /opt/airflow/dags/daily_summary_dag.py for tasks to queue
[2026-10-06T17:54:25.843+0000] {logging_mixin.py:188} INFO - [2026-10-06T17:54:25.842+0000] {dagbag.py:545} INFO - Filling up the DagBag from /opt/airflow/dags/daily_summary_dag.py
[2026-10-06T17:54:25.865+0000] {processor.py:840} INFO - DAG(s) 'daily_summary_dag' retrieved from /opt/airflow/dags/daily_summary_dag.py
[2026-10-06T17:54:25.895+0000] {logging_mixin.py:188} INFO - [2026-10-06T17:54:25.895+0000] {dag.py:3089} INFO - Sync 1 DAGs
[2026-10-06T17:54:25.920+0000] {logging_mixin.py:188} INFO - [2026-10-06T17:54:25.920+0000] {dag.py:3947} INFO - Setting next_dagrun for daily_summary_dag to 2026-10-06 00:00:00+00:00, run_after=2026-10-07 00:00:00+00:00
[2026-10-06T17:54:25.948+0000] {processor.py:183} INFO - Processing /opt/airflow/dags/daily_summary_dag.py took 0.116 seconds
[2026-10-06T17:54:54.599+0000] {processor.py:161} INFO - Started process (PID=549) to work on /opt/airflow/dags/daily_summary_dag.py
[2026-10-06T17:54:54.600+0000] {processor.py:830} INFO - Processing file /opt/airflow/dags/daily_summary_dag.py for tasks to queue
[2026-10-06T17:54:54.602+0000] {logging_mixin.py:188} INFO - [2026-10-06T17:54:54.601+0000] {dagbag.py:545} INFO - Filling up the DagBag from /opt/airflow/dags/daily_summary_dag.py
[2026-10-06T17:54:54.620+0000] {processor.py:840} INFO - DAG(s) 'daily_summary_dag' retrieved from /opt/airflow/dags/daily_summary_dag.py
[2026-10-06T17:54:54.648+0000] {logging_mixin.py:188} INFO - [2026-10-06T17:54:54.648+0000] {dag.py:3089} INFO - Sync 1 DAGs
[2026-10-06T17:54:54.670+0000] {logging_mixin.py:188} INFO - [2026-10-06T17:54:54.669+0000] {dag.py:3947} INFO - Setting next_dagrun for daily_summary_dag to 2026-10-06 00:00:00+00:00, run_after=2026-10-07 00:00:00+00:00
[2026-10-06T17:54:54.690+0000] {processor.py:183} INFO - Processing /opt/airflow/dags/daily_summary_dag.py took 0.097 seconds
[2026-10-06T17:54:56.105+0000] {processor.py:161} INFO - Started process (PID=554) to work on /opt/airflow/dags/daily_summary_dag.py
[2026-10-06T17:54:56.108+0000] {processor.py:830} INFO - Processing file /opt/airflow/dags/daily_summary_dag.py for tasks to queue
[2026-10-06T17:54:56.111+0000] {logging_mixin.py:188} INFO - [2026-10-06T17:54:56.110+0000] {dagbag.py:545} INFO - Filling up the DagBag from /opt/airflow/dags/daily_summary_dag.py
[2026-10-06T17:54:56.136+0000] {processor.py:840} INFO - DAG(s) 'daily_summary_dag' retrieved from /opt/airflow/dags/daily_summary_dag.py
[2026-10-06T17:54:56.162+0000] {logging_mixin.py:188} INFO - [2026-10-06T17:54:56.162+0000] {dag.py:3089} INFO - Sync 1 DAGs
[2026-10-06T17:54:56.186+0000] {logging_mixin.py:188} INFO - [2026-10-06T17:54:56.186+0000] {dag.py:3947} INFO - Setting next_dagrun for daily_summary_dag to 2026-10-06 00:00:00+00:00, run_after=2026-10-07 00:00:00+00:00
[2026-10-06T17:54:56.211+0000] {processor.py:183} INFO - Processing /opt/airflow/dags/daily_summary_dag.py took 0.114 seconds
[2026-10-06T17:55:24.798+0000] {processor.py:161} INFO - Started process (PID=559) to work on /opt/airflow/dags/daily_summary_dag.py
[2026-10-06T17:55:24.800+0000] {processor.py:830} INFO - Processing file /opt/airflow/dags/daily_summary_dag.py for tasks to queue
[2026-10-06T17:55:24.802+0000] {logging_mixin.py:188} INFO - [2026-10-06T17:55:24.802+0000] {dagbag.py:545} INFO - Filling up the DagBag from /opt/airflow/dags/daily_summary_dag.py
[2026-10-06T17:55:24.825+0000] {processor.py:840} INFO - DAG(s) 'daily_summary_dag' retrieved from /opt/airflow/dags/daily_summary_dag.py
[2026-10-06T17:55:24.860+0000] {logging_mixin.py:188} INFO - [2026-10-06T17:55:24.859+0000] {dag.py:3089} INFO - Sync 1 DAGs
[2026-10-06T17:55:24.887+0000] {logging_mixin.py:188} INFO - [2026-10-06T17:55:24.887+0000] {dag.py:3947} INFO - Setting next_dagrun for daily_summary_dag to 2026-10-06 00:00:00+00:00, run_after=2026-10-07 00:00:00+00:00
[2026-10-06T17:55:24.909+0000] {processor.py:183} INFO - Processing /opt/airflow/dags/daily_summary_dag.py took 0.118 seconds
[2026-10-06T17:55:26.308+0000] {processor.py:161} INFO - Started process (PID=564) to work on /opt/airflow/dags/daily_summary_dag.py
[2026-10-06T17:55:26.309+0000] {processor.py:830} INFO - Processing file /opt/airflow/dags/daily_summary_dag.py for tasks to queue
[2026-10-06T17:55:26.311+0000] {logging_mixin.py:188} INFO - [2026-10-06T17:55:26.310+0000] {dagbag.py:545} INFO - Filling up the DagBag from /opt/airflow/dags/daily_summary_dag.py
[2026-10-06T17:55:26.330+0000] {processor.py:840} INFO - DAG(s) 'daily_summary_dag' retrieved from /opt/airflow/dags/daily_summary_dag.py
[2026-10-06T17:55:26.360+0000] {logging_mixin.py:188} INFO - [2026-10-06T17:55:26.360+0000] {dag.py:3089} INFO - Sync 1 DAGs
[2026-10-06T17:55:26.387+0000] {logging_mixin.py:188} INFO - [2026-10-06T17:55:26.387+0000] {dag.py:3947} INFO - Setting next_dagrun for daily_summary_dag to 2026-10-06 00:00:00+00:00, run_after=2026-10-07 00:00:00+00:00
[2026-10-06T17:55:26.410+0000] {processor.py:183} INFO - Processing /opt/airflow/dags/daily_summary_dag.py took 0.108 seconds
[2026-10-06T17:55:55.059+0000] {processor.py:161} INFO - Started process (PID=569) to work on /opt/airflow/dags/daily_summary_dag.py
[2026-10-06T17:55:55.060+0000] {processor.py:830} INFO - Processing file /opt/airflow/dags/daily_summary_dag.py for tasks to queue
[2026-10-06T17:55:55.063+0000] {logging_mixin.py:188} INFO - [2026-10-06T17:55:55.062+0000] {dagbag.py:545} INFO - Filling up the DagBag from /opt/airflow/dags/daily_summary_dag.py
[2026-10-06T17:55:55.091+0000] {processor.py:840} INFO - DAG(s) 'daily_summary_dag' retrieved from /opt/airflow/dags/daily_summary_dag.py
[2026-10-06T17:55:55.128+0000] {logging_mixin.py:188} INFO - [2026-10-06T17:55:55.127+0000] {dag.py:3089} INFO - Sync 1 DAGs
[2026-10-06T17:55:55.157+0000] {logging_mixin.py:188} INFO - [2026-10-06T17:55:55.157+0000] {dag.py:3947} INFO - Setting next_dagrun for daily_summary_dag to 2026-10-06 00:00:00+00:00, run_after=2026-10-07 00:00:00+00:00
[2026-10-06T17:55:55.184+0000] {processor.py:183} INFO - Processing /opt/airflow/dags/daily_summary_dag.py took 0.132 seconds
[2026-10-06T17:55:56.563+0000] {processor.py:161} INFO - Started process (PID=574) to work on /opt/airflow/dags/daily_summary_dag.py
[2026-10-06T17:55:56.564+0000] {processor.py:830} INFO - Processing file /opt/airflow/dags/daily_summary_dag.py for tasks to queue
[2026-10-06T17:55:56.565+0000] {logging_mixin.py:188} INFO - [2026-10-06T17:55:56.565+0000] {dagbag.py:545} INFO - Filling up the DagBag from /opt/airflow/dags/daily_summary_dag.py
[2026-10-06T17:55:56.585+0000] {processor.py:840} INFO - DAG(s) 'daily_summary_dag' retrieved from /opt/airflow/dags/daily_summary_dag.py
[2026-10-06T17:55:56.613+0000] {logging_mixin.py:188} INFO - [2026-10-06T17:55:56.613+0000] {dag.py:3089} INFO - Sync 1 DAGs
[2026-10-06T17:55:56.638+0000] {logging_mixin.py:188} INFO - [2026-10-06T17:55:56.638+0000] {dag.py:3947} INFO - Setting next_dagrun for daily_summary_dag to 2026-10-06 00:00:00+00:00, run_after=2026-10-07 00:00:00+00:00
[2026-10-06T17:55:56.662+0000] {processor.py:183} INFO - Processing /opt/airflow/dags/daily_summary_dag.py took 0.105 seconds
[2026-10-06T17:56:25.260+0000] {processor.py:161} INFO - Started process (PID=579) to work on /opt/airflow/dags/daily_summary_dag.py
[2026-10-06T17:56:25.262+0000] {processor.py:830} INFO - Processing file /opt/airflow/dags/daily_summary_dag.py for tasks to queue
[2026-10-06T17:56:25.266+0000] {logging_mixin.py:188} INFO - [2026-10-06T17:56:25.265+0000] {dagbag.py:545} INFO - Filling up the DagBag from /opt/airflow/dags/daily_summary_dag.py
[2026-10-06T17:56:25.290+0000] {processor.py:840} INFO - DAG(s) 'daily_summary_dag' retrieved from /opt/airflow/dags/daily_summary_dag.py
[2026-10-06T17:56:25.326+0000] {logging_mixin.py:188} INFO - [2026-10-06T17:56:25.325+0000] {dag.py:3089} INFO - Sync 1 DAGs
[2026-10-06T17:56:25.355+0000] {logging_mixin.py:188} INFO - [2026-10-06T17:56:25.355+0000] {dag.py:3947} INFO - Setting next_dagrun for daily_summary_dag to 2026-10-06 00:00:00+00:00, run_after=2026-10-07 00:00:00+00:00
[2026-10-06T17:56:25.376+0000] {processor.py:183} INFO - Processing /opt/airflow/dags/daily_summary_dag.py took 0.122 seconds
[2026-10-06T17:56:26.753+0000] {processor.py:161} INFO - Started process (PID=584) to work on /opt/airflow/dags/daily_summary_dag.py
[2026-10-06T17:56:26.755+0000] {processor.py:830} INFO - Processing file /opt/airflow/dags/daily_summary_dag.py for tasks to queue
[2026-10-06T17:56:26.756+0000] {logging_mixin.py:188} INFO - [2026-10-06T17:56:26.756+0000] {dagbag.py:545} INFO - Filling up the DagBag from /opt/airflow/dags/daily_summary_dag.py
[2026-10-06T17:56:26.774+0000] {processor.py:840} INFO - DAG(s) 'daily_summary_dag' retrieved from /opt/airflow/dags/daily_summary_dag.py
[2026-10-06T17:56:26.803+0000] {logging_mixin.py:188} INFO - [2026-10-06T17:56:26.803+0000] {dag.py:3089} INFO - Sync 1 DAGs
[2026-10-06T17:56:26.827+0000] {logging_mixin.py:188} INFO - [2026-10-06T17:56:26.827+0000] {dag.py:3947} INFO - Setting next_dagrun for daily_summary_dag to 2026-10-06 00:00:00+00:00, run_after=2026-10-07 00:00:00+00:00
[2026-10-06T17:56:26.855+0000] {processor.py:183} INFO - Processing /opt/airflow/dags/daily_summary_dag.py took 0.107 seconds
[2026-10-06T17:56:55.548+0000] {processor.py:161} INFO - Started process (PID=589) to work on /opt/airflow/dags/daily_summary_dag.py
[2026-10-06T17:56:55.549+0000] {processor.py:830} INFO - Processing file /opt/airflow/dags/daily_summary_dag.py for tasks to queue
[2026-10-06T17:56:55.552+0000] {logging_mixin.py:188} INFO - [2026-10-06T17:56:55.552+0000] {dagbag.py:545} INFO - Filling up the DagBag from /opt/airflow/dags/daily_summary_dag.py
[2026-10-06T17:56:55.577+0000] {processor.py:840} INFO - DAG(s) 'daily_summary_dag' retrieved from /opt/airflow/dags/daily_summary_dag.py
[2026-10-06T17:56:55.617+0000] {logging_mixin.py:188} INFO - [2026-10-06T17:56:55.617+0000] {dag.py:3089} INFO - Sync 1 DAGs
[2026-10-06T17:56:55.642+0000] {logging_mixin.py:188} INFO - [2026-10-06T17:56:55.642+0000] {dag.py:3947} INFO - Setting next_dagrun for daily_summary_dag to 2026-10-06 00:00:00+00:00, run_after=2026-10-07 00:00:00+00:00
[2026-10-06T17:56:55.663+0000] {processor.py:183} INFO - Processing /opt/airflow/dags/daily_summary_dag.py took 0.123 seconds
[2026-10-06T17:56:57.001+0000] {processor.py:161} INFO - Started process (PID=594) to work on /opt/airflow/dags/daily_summary_dag.py
[2026-10-06T17:56:57.003+0000] {processor.py:830} INFO - Processing file /opt/airflow/dags/daily_summary_dag.py for tasks to queue
[2026-10-06T17:56:57.005+0000] {logging_mixin.py:188} INFO - [2026-10-06T17:56:57.004+0000] {dagbag.py:545} INFO - Filling up the DagBag from /opt/airflow/dags/daily_summary_dag.py
[2026-10-06T17:56:57.024+0000] {processor.py:840} INFO - DAG(s) 'daily_summary_dag' retrieved from /opt/airflow/dags/daily_summary_dag.py
[2026-10-06T17:56:57.051+0000] {logging_mixin.py:188} INFO - [2026-10-06T17:56:57.051+0000] {dag.py:3089} INFO - Sync 1 DAGs
[2026-10-06T17:56:57.074+0000] {logging_mixin.py:188} INFO - [2026-10-06T17:56:57.074+0000] {dag.py:3947} INFO - Setting next_dagrun for daily_summary_dag to 2026-10-06 00:00:00+00:00, run_after=2026-10-07 00:00:00+00:00
[2026-10-06T17:56:57.094+0000] {processor.py:183} INFO - Processing /opt/airflow/dags/daily_summary_dag.py took 0.098 seconds
[2026-10-06T17:57:25.720+0000] {processor.py:161} INFO - Started process (PID=599) to work on /opt/airflow/dags/daily_summary_dag.py
[2026-10-06T17:57:25.722+0000] {processor.py:830} INFO - Processing file /opt/airflow/dags/daily_summary_dag.py for tasks to queue
[2026-10-06T17:57:25.724+0000] {logging_mixin.py:188} INFO - [2026-10-06T17:57:25.724+0000] {dagbag.py:545} INFO - Filling up the DagBag from /opt/airflow/dags/daily_summary_dag.py
[2026-10-06T17:57:25.747+0000] {processor.py:840} INFO - DAG(s) 'daily_summary_dag' retrieved from /opt/airflow/dags/daily_summary_dag.py
[2026-10-06T17:57:25.781+0000] {logging_mixin.py:188} INFO - [2026-10-06T17:57:25.781+0000] {dag.py:3089} INFO - Sync 1 DAGs
[2026-10-06T17:57:25.807+0000] {logging_mixin.py:188} INFO - [2026-10-06T17:57:25.807+0000] {dag.py:3947} INFO - Setting next_dagrun for daily_summary_dag to 2026-10-06 00:00:00+00:00, run_after=2026-10-07 00:00:00+00:00
[2026-10-06T17:57:25.831+0000] {processor.py:183} INFO - Processing /opt/airflow/dags/daily_summary_dag.py took 0.117 seconds
[2026-10-06T17:57:27.202+0000] {processor.py:161} INFO - Started process (PID=604) to work on /opt/airflow/dags/daily_summary_dag.py
[2026-10-06T17:57:27.203+0000] {processor.py:830} INFO - Processing file /opt/airflow/dags/daily_summary_dag.py for tasks to queue
[2026-10-06T17:57:27.205+0000] {logging_mixin.py:188} INFO - [2026-10-06T17:57:27.205+0000] {dagbag.py:545} INFO - Filling up the DagBag from /opt/airflow/dags/daily_summary_dag.py
[2026-10-06T17:57:27.223+0000] {processor.py:840} INFO - DAG(s) 'daily_summary_dag' retrieved from /opt/airflow/dags/daily_summary_dag.py
[2026-10-06T17:57:27.251+0000] {logging_mixin.py:188} INFO - [2026-10-06T17:57:27.250+0000] {dag.py:3089} INFO - Sync 1 DAGs
[2026-10-06T17:57:27.272+0000] {logging_mixin.py:188} INFO - [2026-10-06T17:57:27.272+0000] {dag.py:3947} INFO - Setting next_dagrun for daily_summary_dag to 2026-10-06 00:00:00+00:00, run_after=2026-10-07 00:00:00+00:00
[2026-10-06T17:57:27.293+0000] {processor.py:183} INFO - Processing /opt/airflow/dags/daily_summary_dag.py took 0.096 seconds
[2026-10-06T17:57:56.047+0000] {processor.py:161} INFO - Started process (PID=609) to work on /opt/airflow/dags/daily_summary_dag.py
[2026-10-06T17:57:56.049+0000] {processor.py:830} INFO - Processing file /opt/airflow/dags/daily_summary_dag.py for tasks to queue
[2026-10-06T17:57:56.052+0000] {logging_mixin.py:188} INFO - [2026-10-06T17:57:56.052+0000] {dagbag.py:545} INFO - Filling up the DagBag from /opt/airflow/dags/daily_summary_dag.py
[2026-10-06T17:57:56.081+0000] {processor.py:840} INFO - DAG(s) 'daily_summary_dag' retrieved from /opt/airflow/dags/daily_summary_dag.py
[2026-10-06T17:57:56.128+0000] {logging_mixin.py:188} INFO - [2026-10-06T17:57:56.128+0000] {dag.py:3089} INFO - Sync 1 DAGs
[2026-10-06T17:57:56.161+0000] {logging_mixin.py:188} INFO - [2026-10-06T17:57:56.160+0000] {dag.py:3947} INFO - Setting next_dagrun for daily_summary_dag to 2026-10-06 00:00:00+00:00, run_after=2026-10-07 00:00:00+00:00
[2026-10-06T17:57:56.189+0000] {processor.py:183} INFO - Processing /opt/airflow/dags/daily_summary_dag.py took 0.149 seconds
[2026-10-06T17:57:57.477+0000] {processor.py:161} INFO - Started process (PID=614) to work on /opt/airflow/dags/daily_summary_dag.py
[2026-10-06T17:57:57.478+0000] {processor.py:830} INFO - Processing file /opt/airflow/dags/daily_summary_dag.py for tasks to queue
[2026-10-06T17:57:57.480+0000] {logging_mixin.py:188} INFO - [2026-10-06T17:57:57.479+0000] {dagbag.py:545} INFO - Filling up the DagBag from /opt/airflow/dags/daily_summary_dag.py
[2026-10-06T17:57:57.502+0000] {processor.py:840} INFO - DAG(s) 'daily_summary_dag' retrieved from /opt/airflow/dags/daily_summary_dag.py
[2026-10-06T17:57:57.533+0000] {logging_mixin.py:188} INFO - [2026-10-06T17:57:57.533+0000] {dag.py:3089} INFO - Sync 1 DAGs
[2026-10-06T17:57:57.558+0000] {logging_mixin.py:188} INFO - [2026-10-06T17:57:57.557+0000] {dag.py:3947} INFO - Setting next_dagrun for daily_summary_dag to 2026-10-06 00:00:00+00:00, run_after=2026-10-07 00:00:00+00:00
[2026-10-06T17:57:57.580+0000] {processor.py:183} INFO - Processing /opt/airflow/dags/daily_summary_dag.py took 0.108 seconds
[2026-10-06T17:58:26.265+0000] {processor.py:161} INFO - Started process (PID=619) to work on /opt/airflow/dags/daily_summary_dag.py
[2026-10-06T17:58:26.266+0000] {processor.py:830} INFO - Processing file /opt/airflow/dags/daily_summary_dag.py for tasks to queue
[2026-10-06T17:58:26.268+0000] {logging_mixin.py:188} INFO - [2026-10-06T17:58:26.268+0000] {dagbag.py:545} INFO - Filling up the DagBag from /opt/airflow/dags/daily_summary_dag.py
[2026-10-06T17:58:26.290+0000] {processor.py:840} INFO - DAG(s) 'daily_summary_dag' retrieved from /opt/airflow/dags/daily_summary_dag.py
[2026-10-06T17:58:26.322+0000] {logging_mixin.py:188} INFO - [2026-10-06T17:58:26.322+0000] {dag.py:3089} INFO - Sync 1 DAGs
[2026-10-06T17:58:26.349+0000] {logging_mixin.py:188} INFO - [2026-10-06T17:58:26.349+0000] {dag.py:3947} INFO - Setting next_dagrun for daily_summary_dag to 2026-10-06 00:00:00+00:00, run_after=2026-10-07 00:00:00+00:00
[2026-10-06T17:58:26.370+0000] {processor.py:183} INFO - Processing /opt/airflow/dags/daily_summary_dag.py took 0.111 seconds
[2026-10-06T17:58:27.665+0000] {processor.py:161} INFO - Started process (PID=624) to work on /opt/airflow/dags/daily_summary_dag.py
[2026-10-06T17:58:27.666+0000] {processor.py:830} INFO - Processing file /opt/airflow/dags/daily_summary_dag.py for tasks to queue
[2026-10-06T17:58:27.668+0000] {logging_mixin.py:188} INFO - [2026-10-06T17:58:27.668+0000] {dagbag.py:545} INFO - Filling up the DagBag from /opt/airflow/dags/daily_summary_dag.py
[2026-10-06T17:58:27.686+0000] {processor.py:840} INFO - DAG(s) 'daily_summary_dag' retrieved from /opt/airflow/dags/daily_summary_dag.py
[2026-10-06T17:58:27.716+0000] {logging_mixin.py:188} INFO - [2026-10-06T17:58:27.716+0000] {dag.py:3089} INFO - Sync 1 DAGs
[2026-10-06T17:58:27.739+0000] {logging_mixin.py:188} INFO - [2026-10-06T17:58:27.739+0000] {dag.py:3947} INFO - Setting next_dagrun for daily_summary_dag to 2026-10-06 00:00:00+00:00, run_after=2026-10-07 00:00:00+00:00
[2026-10-06T17:58:27.765+0000] {processor.py:183} INFO - Processing /opt/airflow/dags/daily_summary_dag.py took 0.105 seconds
[2026-10-06T17:58:56.548+0000] {processor.py:161} INFO - Started process (PID=629) to work on /opt/airflow/dags/daily_summary_dag.py
[2026-10-06T17:58:56.549+0000] {processor.py:830} INFO - Processing file /opt/airflow/dags/daily_summary_dag.py for tasks to queue
[2026-10-06T17:58:56.551+0000] {logging_mixin.py:188} INFO - [2026-10-06T17:58:56.550+0000] {dagbag.py:545} INFO - Filling up the DagBag from /opt/airflow/dags/daily_summary_dag.py
[2026-10-06T17:58:56.570+0000] {processor.py:840} INFO - DAG(s) 'daily_summary_dag' retrieved from /opt/airflow/dags/daily_summary_dag.py
[2026-10-06T17:58:56.601+0000] {logging_mixin.py:188} INFO - [2026-10-06T17:58:56.600+0000] {dag.py:3089} INFO - Sync 1 DAGs
[2026-10-06T17:58:56.625+0000] {logging_mixin.py:188} INFO - [2026-10-06T17:58:56.624+0000] {dag.py:3947} INFO - Setting next_dagrun for daily_summary_dag to 2026-10-06 00:00:00+00:00, run_after=2026-10-07 00:00:00+00:00
[2026-10-06T17:58:56.644+0000] {processor.py:183} INFO - Processing /opt/airflow/dags/daily_summary_dag.py took 0.101 seconds
[2026-10-06T17:58:57.929+0000] {processor.py:161} INFO - Started process (PID=634) to work on /opt/airflow/dags/daily_summary_dag.py
[2026-10-06T17:58:57.931+0000] {processor.py:830} INFO - Processing file /opt/airflow/dags/daily_summary_dag.py for tasks to queue
[2026-10-06T17:58:57.932+0000] {logging_mixin.py:188} INFO - [2026-10-06T17:58:57.932+0000] {dagbag.py:545} INFO - Filling up the DagBag from /opt/airflow/dags/daily_summary_dag.py
[2026-10-06T17:58:57.955+0000] {processor.py:840} INFO - DAG(s) 'daily_summary_dag' retrieved from /opt/airflow/dags/daily_summary_dag.py
[2026-10-06T17:58:57.988+0000] {logging_mixin.py:188} INFO - [2026-10-06T17:58:57.988+0000] {dag.py:3089} INFO - Sync 1 DAGs
[2026-10-06T17:58:58.015+0000] {logging_mixin.py:188} INFO - [2026-10-06T17:58:58.015+0000] {dag.py:3947} INFO - Setting next_dagrun for daily_summary_dag to 2026-10-06 00:00:00+00:00, run_after=2026-10-07 00:00:00+00:00
[2026-10-06T17:58:58.040+0000] {processor.py:183} INFO - Processing /opt/airflow/dags/daily_summary_dag.py took 0.116 seconds
[2026-10-06T17:59:26.743+0000] {processor.py:161} INFO - Started process (PID=639) to work on /opt/airflow/dags/daily_summary_dag.py
[2026-10-06T17:59:26.745+0000] {processor.py:830} INFO - Processing file /opt/airflow/dags/daily_summary_dag.py for tasks to queue
[2026-10-06T17:59:26.747+0000] {logging_mixin.py:188} INFO - [2026-10-06T17:59:26.746+0000] {dagbag.py:545} INFO - Filling up the DagBag from /opt/airflow/dags/daily_summary_dag.py
[2026-10-06T17:59:26.775+0000] {processor.py:840} INFO - DAG(s) 'daily_summary_dag' retrieved from /opt/airflow/dags/daily_summary_dag.py
[2026-10-06T17:59:26.824+0000] {logging_mixin.py:188} INFO - [2026-10-06T17:59:26.823+0000] {dag.py:3089} INFO - Sync 1 DAGs
[2026-10-06T17:59:26.856+0000] {logging_mixin.py:188} INFO - [2026-10-06T17:59:26.856+0000] {dag.py:3947} INFO - Setting next_dagrun for daily_summary_dag to 2026-10-06 00:00:00+00:00, run_after=2026-10-07 00:00:00+00:00
[2026-10-06T17:59:26.881+0000] {processor.py:183} INFO - Processing /opt/airflow/dags/daily_summary_dag.py took 0.146 seconds
[2026-10-06T17:59:28.117+0000] {processor.py:161} INFO - Started process (PID=644) to work on /opt/airflow/dags/daily_summary_dag.py
[2026-10-06T17:59:28.118+0000] {processor.py:830} INFO - Processing file /opt/airflow/dags/daily_summary_dag.py for tasks to queue
[2026-10-06T17:59:28.121+0000] {logging_mixin.py:188} INFO - [2026-10-06T17:59:28.120+0000] {dagbag.py:545} INFO - Filling up the DagBag from /opt/airflow/dags/daily_summary_dag.py
[2026-10-06T17:59:28.143+0000] {processor.py:840} INFO - DAG(s) 'daily_summary_dag' retrieved from /opt/airflow/dags/daily_summary_dag.py
[2026-10-06T17:59:28.181+0000] {logging_mixin.py:188} INFO - [2026-10-06T17:59:28.181+0000] {dag.py:3089} INFO - Sync 1 DAGs
[2026-10-06T17:59:28.210+0000] {logging_mixin.py:188} INFO - [2026-10-06T17:59:28.210+0000] {dag.py:3947} INFO - Setting next_dagrun for daily_summary_dag to 2026-10-06 00:00:00+00:00, run_after=2026-10-07 00:00:00+00:00
[2026-10-06T17:59:28.236+0000] {processor.py:183} INFO - Processing /opt/airflow/dags/daily_summary_dag.py took 0.124 seconds
[2026-10-06T17:59:57.010+0000] {processor.py:161} INFO - Started process (PID=649) to work on /opt/airflow/dags/daily_summary_dag.py
[2026-10-06T17:59:57.012+0000] {processor.py:830} INFO - Processing file /opt/airflow/dags/daily_summary_dag.py for tasks to queue
[2026-10-06T17:59:57.015+0000] {logging_mixin.py:188} INFO - [2026-10-06T17:59:57.015+0000] {dagbag.py:545} INFO - Filling up the DagBag from /opt/airflow/dags/daily_summary_dag.py
[2026-10-06T17:59:57.042+0000] {processor.py:840} INFO - DAG(s) 'daily_summary_dag' retrieved from /opt/airflow/dags/daily_summary_dag.py
[2026-10-06T17:59:57.073+0000] {logging_mixin.py:188} INFO - [2026-10-06T17:59:57.073+0000] {dag.py:3089} INFO - Sync 1 DAGs
[2026-10-06T17:59:57.099+0000] {logging_mixin.py:188} INFO - [2026-10-06T17:59:57.098+0000] {dag.py:3947} INFO - Setting next_dagrun for daily_summary_dag to 2026-10-06 00:00:00+00:00, run_after=2026-10-07 00:00:00+00:00
[2026-10-06T17:59:57.123+0000] {processor.py:183} INFO - Processing /opt/airflow/dags/daily_summary_dag.py took 0.123 seconds
[2026-10-06T17:59:58.400+0000] {processor.py:161} INFO - Started process (PID=654) to work on /opt/airflow/dags/daily_summary_dag.py
[2026-10-06T17:59:58.401+0000] {processor.py:830} INFO - Processing file /opt/airflow/dags/daily_summary_dag.py for tasks to queue
[2026-10-06T17:59:58.404+0000] {logging_mixin.py:188} INFO - [2026-10-06T17:59:58.403+0000] {dagbag.py:545} INFO - Filling up the DagBag from /opt/airflow/dags/daily_summary_dag.py
[2026-10-06T17:59:58.424+0000] {processor.py:840} INFO - DAG(s) 'daily_summary_dag' retrieved from /opt/airflow/dags/daily_summary_dag.py
[2026-10-06T17:59:58.453+0000] {logging_mixin.py:188} INFO - [2026-10-06T17:59:58.453+0000] {dag.py:3089} INFO - Sync 1 DAGs
[2026-10-06T17:59:58.477+0000] {logging_mixin.py:188} INFO - [2026-10-06T17:59:58.477+0000] {dag.py:3947} INFO - Setting next_dagrun for daily_summary_dag to 2026-10-06 00:00:00+00:00, run_after=2026-10-07 00:00:00+00:00
[2026-10-06T17:59:58.499+0000] {processor.py:183} INFO - Processing /opt/airflow/dags/daily_summary_dag.py took 0.103 seconds
[2026-10-06T18:00:27.247+0000] {processor.py:161} INFO - Started process (PID=659) to work on /opt/airflow/dags/daily_summary_dag.py
[2026-10-06T18:00:27.249+0000] {processor.py:830} INFO - Processing file /opt/airflow/dags/daily_summary_dag.py for tasks to queue
[2026-10-06T18:00:27.251+0000] {logging_mixin.py:188} INFO - [2026-10-06T18:00:27.250+0000] {dagbag.py:545} INFO - Filling up the DagBag from /opt/airflow/dags/daily_summary_dag.py
[2026-10-06T18:00:27.273+0000] {processor.py:840} INFO - DAG(s) 'daily_summary_dag' retrieved from /opt/airflow/dags/daily_summary_dag.py
[2026-10-06T18:00:27.304+0000] {logging_mixin.py:188} INFO - [2026-10-06T18:00:27.303+0000] {dag.py:3089} INFO - Sync 1 DAGs
[2026-10-06T18:00:27.328+0000] {logging_mixin.py:188} INFO - [2026-10-06T18:00:27.328+0000] {dag.py:3947} INFO - Setting next_dagrun for daily_summary_dag to 2026-10-06 00:00:00+00:00, run_after=2026-10-07 00:00:00+00:00
[2026-10-06T18:00:27.349+0000] {processor.py:183} INFO - Processing /opt/airflow/dags/daily_summary_dag.py took 0.107 seconds
[2026-10-06T18:00:28.581+0000] {processor.py:161} INFO - Started process (PID=664) to work on /opt/airflow/dags/daily_summary_dag.py
[2026-10-06T18:00:28.582+0000] {processor.py:830} INFO - Processing file /opt/airflow/dags/daily_summary_dag.py for tasks to queue
[2026-10-06T18:00:28.584+0000] {logging_mixin.py:188} INFO - [2026-10-06T18:00:28.584+0000] {dagbag.py:545} INFO - Filling up the DagBag from /opt/airflow/dags/daily_summary_dag.py
[2026-10-06T18:00:28.602+0000] {processor.py:840} INFO - DAG(s) 'daily_summary_dag' retrieved from /opt/airflow/dags/daily_summary_dag.py
[2026-10-06T18:00:28.630+0000] {logging_mixin.py:188} INFO - [2026-10-06T18:00:28.630+0000] {dag.py:3089} INFO - Sync 1 DAGs
[2026-10-06T18:00:28.652+0000] {logging_mixin.py:188} INFO - [2026-10-06T18:00:28.652+0000] {dag.py:3947} INFO - Setting next_dagrun for daily_summary_dag to 2026-10-06 00:00:00+00:00, run_after=2026-10-07 00:00:00+00:00
[2026-10-06T18:00:28.673+0000] {processor.py:183} INFO - Processing /opt/airflow/dags/daily_summary_dag.py took 0.097 seconds
[2026-10-06T18:00:57.472+0000] {processor.py:161} INFO - Started process (PID=669) to work on /opt/airflow/dags/daily_summary_dag.py
[2026-10-06T18:00:57.474+0000] {processor.py:830} INFO - Processing file /opt/airflow/dags/daily_summary_dag.py for tasks to queue
[2026-10-06T18:00:57.476+0000] {logging_mixin.py:188} INFO - [2026-10-06T18:00:57.476+0000] {dagbag.py:545} INFO - Filling up the DagBag from /opt/airflow/dags/daily_summary_dag.py
[2026-10-06T18:00:57.499+0000] {processor.py:840} INFO - DAG(s) 'daily_summary_dag' retrieved from /opt/airflow/dags/daily_summary_dag.py
[2026-10-06T18:00:57.534+0000] {logging_mixin.py:188} INFO - [2026-10-06T18:00:57.533+0000] {dag.py:3089} INFO - Sync 1 DAGs
[2026-10-06T18:00:57.561+0000] {logging_mixin.py:188} INFO - [2026-10-06T18:00:57.561+0000] {dag.py:3947} INFO - Setting next_dagrun for daily_summary_dag to 2026-10-06 00:00:00+00:00, run_after=2026-10-07 00:00:00+00:00
[2026-10-06T18:00:57.586+0000] {processor.py:183} INFO - Processing /opt/airflow/dags/daily_summary_dag.py took 0.120 seconds
[2026-10-06T18:00:58.847+0000] {processor.py:161} INFO - Started process (PID=674) to work on /opt/airflow/dags/daily_summary_dag.py
[2026-10-06T18:00:58.848+0000] {processor.py:830} INFO - Processing file /opt/airflow/dags/daily_summary_dag.py for tasks to queue
[2026-10-06T18:00:58.850+0000] {logging_mixin.py:188} INFO - [2026-10-06T18:00:58.850+0000] {dagbag.py:545} INFO - Filling up the DagBag from /opt/airflow/dags/daily_summary_dag.py
[2026-10-06T18:00:58.872+0000] {processor.py:840} INFO - DAG(s) 'daily_summary_dag' retrieved from /opt/airflow/dags/daily_summary_dag.py
[2026-10-06T18:00:58.902+0000] {logging_mixin.py:188} INFO - [2026-10-06T18:00:58.902+0000] {dag.py:3089} INFO - Sync 1 DAGs
[2026-10-06T18:00:58.927+0000] {logging_mixin.py:188} INFO - [2026-10-06T18:00:58.926+0000] {dag.py:3947} INFO - Setting next_dagrun for daily_summary_dag to 2026-10-06 00:00:00+00:00, run_after=2026-10-07 00:00:00+00:00
[2026-10-06T18:00:58.950+0000] {processor.py:183} INFO - Processing /opt/airflow/dags/daily_summary_dag.py took 0.109 seconds
[2026-10-06T18:01:27.709+0000] {processor.py:161} INFO - Started process (PID=679) to work on /opt/airflow/dags/daily_summary_dag.py
[2026-10-06T18:01:27.710+0000] {processor.py:830} INFO - Processing file /opt/airflow/dags/daily_summary_dag.py for tasks to queue
[2026-10-06T18:01:27.712+0000] {logging_mixin.py:188} INFO - [2026-10-06T18:01:27.712+0000] {dagbag.py:545} INFO - Filling up the DagBag from /opt/airflow/dags/daily_summary_dag.py
[2026-10-06T18:01:27.738+0000] {processor.py:840} INFO - DAG(s) 'daily_summary_dag' retrieved from /opt/airflow/dags/daily_summary_dag.py
[2026-10-06T18:01:27.775+0000] {logging_mixin.py:188} INFO - [2026-10-06T18:01:27.774+0000] {dag.py:3089} INFO - Sync 1 DAGs
[2026-10-06T18:01:27.803+0000] {logging_mixin.py:188} INFO - [2026-10-06T18:01:27.803+0000] {dag.py:3947} INFO - Setting next_dagrun for daily_summary_dag to 2026-10-06 00:00:00+00:00, run_after=2026-10-07 00:00:00+00:00
[2026-10-06T18:01:27.831+0000] {processor.py:183} INFO - Processing /opt/airflow/dags/daily_summary_dag.py took 0.130 seconds
[2026-10-06T18:01:29.029+0000] {processor.py:161} INFO - Started process (PID=684) to work on /opt/airflow/dags/daily_summary_dag.py
[2026-10-06T18:01:29.030+0000] {processor.py:830} INFO - Processing file /opt/airflow/dags/daily_summary_dag.py for tasks to queue
[2026-10-06T18:01:29.033+0000] {logging_mixin.py:188} INFO - [2026-10-06T18:01:29.033+0000] {dagbag.py:545} INFO - Filling up the DagBag from /opt/airflow/dags/daily_summary_dag.py
[2026-10-06T18:01:29.057+0000] {processor.py:840} INFO - DAG(s) 'daily_summary_dag' retrieved from /opt/airflow/dags/daily_summary_dag.py
[2026-10-06T18:01:29.099+0000] {logging_mixin.py:188} INFO - [2026-10-06T18:01:29.099+0000] {dag.py:3089} INFO - Sync 1 DAGs
[2026-10-06T18:01:29.148+0000] {logging_mixin.py:188} INFO - [2026-10-06T18:01:29.146+0000] {dag.py:3947} INFO - Setting next_dagrun for daily_summary_dag to 2026-10-06 00:00:00+00:00, run_after=2026-10-07 00:00:00+00:00
[2026-10-06T18:01:29.217+0000] {processor.py:183} INFO - Processing /opt/airflow/dags/daily_summary_dag.py took 0.192 seconds
[2026-10-06T18:01:57.954+0000] {processor.py:161} INFO - Started process (PID=689) to work on /opt/airflow/dags/daily_summary_dag.py
[2026-10-06T18:01:57.956+0000] {processor.py:830} INFO - Processing file /opt/airflow/dags/daily_summary_dag.py for tasks to queue
[2026-10-06T18:01:57.958+0000] {logging_mixin.py:188} INFO - [2026-10-06T18:01:57.958+0000] {dagbag.py:545} INFO - Filling up the DagBag from /opt/airflow/dags/daily_summary_dag.py
[2026-10-06T18:01:57.982+0000] {processor.py:840} INFO - DAG(s) 'daily_summary_dag' retrieved from /opt/airflow/dags/daily_summary_dag.py
[2026-10-06T18:01:58.015+0000] {logging_mixin.py:188} INFO - [2026-10-06T18:01:58.015+0000] {dag.py:3089} INFO - Sync 1 DAGs
[2026-10-06T18:01:58.042+0000] {logging_mixin.py:188} INFO - [2026-10-06T18:01:58.042+0000] {dag.py:3947} INFO - Setting next_dagrun for daily_summary_dag to 2026-10-06 00:00:00+00:00, run_after=2026-10-07 00:00:00+00:00
[2026-10-06T18:01:58.067+0000] {processor.py:183} INFO - Processing /opt/airflow/dags/daily_summary_dag.py took 0.121 seconds
[2026-10-06T18:01:59.303+0000] {processor.py:161} INFO - Started process (PID=694) to work on /opt/airflow/dags/daily_summary_dag.py
[2026-10-06T18:01:59.305+0000] {processor.py:830} INFO - Processing file /opt/airflow/dags/daily_summary_dag.py for tasks to queue
[2026-10-06T18:01:59.306+0000] {logging_mixin.py:188} INFO - [2026-10-06T18:01:59.306+0000] {dagbag.py:545} INFO - Filling up the DagBag from /opt/airflow/dags/daily_summary_dag.py
[2026-10-06T18:01:59.326+0000] {processor.py:840} INFO - DAG(s) 'daily_summary_dag' retrieved from /opt/airflow/dags/daily_summary_dag.py
[2026-10-06T18:01:59.359+0000] {logging_mixin.py:188} INFO - [2026-10-06T18:01:59.359+0000] {dag.py:3089} INFO - Sync 1 DAGs
[2026-10-06T18:01:59.383+0000] {logging_mixin.py:188} INFO - [2026-10-06T18:01:59.382+0000] {dag.py:3947} INFO - Setting next_dagrun for daily_summary_dag to 2026-10-06 00:00:00+00:00, run_after=2026-10-07 00:00:00+00:00
[2026-10-06T18:01:59.405+0000] {processor.py:183} INFO - Processing /opt/airflow/dags/daily_summary_dag.py took 0.108 seconds
[2026-10-06T18:02:28.213+0000] {processor.py:161} INFO - Started process (PID=699) to work on /opt/airflow/dags/daily_summary_dag.py
[2026-10-06T18:02:28.214+0000] {processor.py:830} INFO - Processing file /opt/airflow/dags/daily_summary_dag.py for tasks to queue
[2026-10-06T18:02:28.217+0000] {logging_mixin.py:188} INFO - [2026-10-06T18:02:28.217+0000] {dagbag.py:545} INFO - Filling up the DagBag from /opt/airflow/dags/daily_summary_dag.py
[2026-10-06T18:02:28.244+0000] {processor.py:840} INFO - DAG(s) 'daily_summary_dag' retrieved from /opt/airflow/dags/daily_summary_dag.py
[2026-10-06T18:02:28.285+0000] {logging_mixin.py:188} INFO - [2026-10-06T18:02:28.285+0000] {dag.py:3089} INFO - Sync 1 DAGs
[2026-10-06T18:02:28.314+0000] {logging_mixin.py:188} INFO - [2026-10-06T18:02:28.314+0000] {dag.py:3947} INFO - Setting next_dagrun for daily_summary_dag to 2026-10-06 00:00:00+00:00, run_after=2026-10-07 00:00:00+00:00
[2026-10-06T18:02:28.344+0000] {processor.py:183} INFO - Processing /opt/airflow/dags/daily_summary_dag.py took 0.139 seconds
[2026-10-06T18:02:29.593+0000] {processor.py:161} INFO - Started process (PID=704) to work on /opt/airflow/dags/daily_summary_dag.py
[2026-10-06T18:02:29.594+0000] {processor.py:830} INFO - Processing file /opt/airflow/dags/daily_summary_dag.py for tasks to queue
[2026-10-06T18:02:29.596+0000] {logging_mixin.py:188} INFO - [2026-10-06T18:02:29.596+0000] {dagbag.py:545} INFO - Filling up the DagBag from /opt/airflow/dags/daily_summary_dag.py
[2026-10-06T18:02:29.617+0000] {processor.py:840} INFO - DAG(s) 'daily_summary_dag' retrieved from /opt/airflow/dags/daily_summary_dag.py
[2026-10-06T18:02:29.647+0000] {logging_mixin.py:188} INFO - [2026-10-06T18:02:29.647+0000] {dag.py:3089} INFO - Sync 1 DAGs
[2026-10-06T18:02:29.670+0000] {logging_mixin.py:188} INFO - [2026-10-06T18:02:29.670+0000] {dag.py:3947} INFO - Setting next_dagrun for daily_summary_dag to 2026-10-06 00:00:00+00:00, run_after=2026-10-07 00:00:00+00:00
[2026-10-06T18:02:29.698+0000] {processor.py:183} INFO - Processing /opt/airflow/dags/daily_summary_dag.py took 0.111 seconds
[2026-10-06T18:02:58.430+0000] {processor.py:161} INFO - Started process (PID=709) to work on /opt/airflow/dags/daily_summary_dag.py
[2026-10-06T18:02:58.431+0000] {processor.py:830} INFO - Processing file /opt/airflow/dags/daily_summary_dag.py for tasks to queue
[2026-10-06T18:02:58.433+0000] {logging_mixin.py:188} INFO - [2026-10-06T18:02:58.433+0000] {dagbag.py:545} INFO - Filling up the DagBag from /opt/airflow/dags/daily_summary_dag.py
[2026-10-06T18:02:58.455+0000] {processor.py:840} INFO - DAG(s) 'daily_summary_dag' retrieved from /opt/airflow/dags/daily_summary_dag.py
[2026-10-06T18:02:58.493+0000] {logging_mixin.py:188} INFO - [2026-10-06T18:02:58.493+0000] {dag.py:3089} INFO - Sync 1 DAGs
[2026-10-06T18:02:58.522+0000] {logging_mixin.py:188} INFO - [2026-10-06T18:02:58.522+0000] {dag.py:3947} INFO - Setting next_dagrun for daily_summary_dag to 2026-10-06 00:00:00+00:00, run_after=2026-10-07 00:00:00+00:00
[2026-10-06T18:02:58.549+0000] {processor.py:183} INFO - Processing /opt/airflow/dags/daily_summary_dag.py took 0.125 seconds
[2026-10-06T18:02:59.802+0000] {processor.py:161} INFO - Started process (PID=714) to work on /opt/airflow/dags/daily_summary_dag.py
[2026-10-06T18:02:59.803+0000] {processor.py:830} INFO - Processing file /opt/airflow/dags/daily_summary_dag.py for tasks to queue
[2026-10-06T18:02:59.804+0000] {logging_mixin.py:188} INFO - [2026-10-06T18:02:59.804+0000] {dagbag.py:545} INFO - Filling up the DagBag from /opt/airflow/dags/daily_summary_dag.py
[2026-10-06T18:02:59.825+0000] {processor.py:840} INFO - DAG(s) 'daily_summary_dag' retrieved from /opt/airflow/dags/daily_summary_dag.py
[2026-10-06T18:02:59.858+0000] {logging_mixin.py:188} INFO - [2026-10-06T18:02:59.858+0000] {dag.py:3089} INFO - Sync 1 DAGs
[2026-10-06T18:02:59.881+0000] {logging_mixin.py:188} INFO - [2026-10-06T18:02:59.881+0000] {dag.py:3947} INFO - Setting next_dagrun for daily_summary_dag to 2026-10-06 00:00:00+00:00, run_after=2026-10-07 00:00:00+00:00
[2026-10-06T18:02:59.904+0000] {processor.py:183} INFO - Processing /opt/airflow/dags/daily_summary_dag.py took 0.108 seconds
[2026-10-06T18:03:28.791+0000] {processor.py:161} INFO - Started process (PID=719) to work on /opt/airflow/dags/daily_summary_dag.py
[2026-10-06T18:03:28.792+0000] {processor.py:830} INFO - Processing file /opt/airflow/dags/daily_summary_dag.py for tasks to queue
[2026-10-06T18:03:28.796+0000] {logging_mixin.py:188} INFO - [2026-10-06T18:03:28.795+0000] {dagbag.py:545} INFO - Filling up the DagBag from /opt/airflow/dags/daily_summary_dag.py
[2026-10-06T18:03:28.827+0000] {processor.py:840} INFO - DAG(s) 'daily_summary_dag' retrieved from /opt/airflow/dags/daily_summary_dag.py
[2026-10-06T18:03:28.874+0000] {logging_mixin.py:188} INFO - [2026-10-06T18:03:28.874+0000] {dag.py:3089} INFO - Sync 1 DAGs
[2026-10-06T18:03:28.905+0000] {logging_mixin.py:188} INFO - [2026-10-06T18:03:28.905+0000] {dag.py:3947} INFO - Setting next_dagrun for daily_summary_dag to 2026-10-06 00:00:00+00:00, run_after=2026-10-07 00:00:00+00:00
[2026-10-06T18:03:28.937+0000] {processor.py:183} INFO - Processing /opt/airflow/dags/daily_summary_dag.py took 0.155 seconds
[2026-10-06T18:03:30.120+0000] {processor.py:161} INFO - Started process (PID=724) to work on /opt/airflow/dags/daily_summary_dag.py
[2026-10-06T18:03:30.122+0000] {processor.py:830} INFO - Processing file /opt/airflow/dags/daily_summary_dag.py for tasks to queue
[2026-10-06T18:03:30.125+0000] {logging_mixin.py:188} INFO - [2026-10-06T18:03:30.125+0000] {dagbag.py:545} INFO - Filling up the DagBag from /opt/airflow/dags/daily_summary_dag.py
[2026-10-06T18:03:30.175+0000] {processor.py:840} INFO - DAG(s) 'daily_summary_dag' retrieved from /opt/airflow/dags/daily_summary_dag.py
[2026-10-06T18:03:30.229+0000] {logging_mixin.py:188} INFO - [2026-10-06T18:03:30.229+0000] {dag.py:3089} INFO - Sync 1 DAGs
[2026-10-06T18:03:30.263+0000] {logging_mixin.py:188} INFO - [2026-10-06T18:03:30.263+0000] {dag.py:3947} INFO - Setting next_dagrun for daily_summary_dag to 2026-10-06 00:00:00+00:00, run_after=2026-10-07 00:00:00+00:00
[2026-10-06T18:03:30.296+0000] {processor.py:183} INFO - Processing /opt/airflow/dags/daily_summary_dag.py took 0.185 seconds
[2026-10-06T18:03:58.997+0000] {processor.py:161} INFO - Started process (PID=729) to work on /opt/airflow/dags/daily_summary_dag.py
[2026-10-06T18:03:58.998+0000] {processor.py:830} INFO - Processing file /opt/airflow/dags/daily_summary_dag.py for tasks to queue
[2026-10-06T18:03:59.000+0000] {logging_mixin.py:188} INFO - [2026-10-06T18:03:59.000+0000] {dagbag.py:545} INFO - Filling up the DagBag from /opt/airflow/dags/daily_summary_dag.py
[2026-10-06T18:03:59.021+0000] {processor.py:840} INFO - DAG(s) 'daily_summary_dag' retrieved from /opt/airflow/dags/daily_summary_dag.py
[2026-10-06T18:03:59.062+0000] {logging_mixin.py:188} INFO - [2026-10-06T18:03:59.061+0000] {dag.py:3089} INFO - Sync 1 DAGs
[2026-10-06T18:03:59.094+0000] {logging_mixin.py:188} INFO - [2026-10-06T18:03:59.094+0000] {dag.py:3947} INFO - Setting next_dagrun for daily_summary_dag to 2026-10-06 00:00:00+00:00, run_after=2026-10-07 00:00:00+00:00
[2026-10-06T18:03:59.123+0000] {processor.py:183} INFO - Processing /opt/airflow/dags/daily_summary_dag.py took 0.135 seconds
[2026-10-06T18:04:00.512+0000] {processor.py:161} INFO - Started process (PID=734) to work on /opt/airflow/dags/daily_summary_dag.py
[2026-10-06T18:04:00.514+0000] {processor.py:830} INFO - Processing file /opt/airflow/dags/daily_summary_dag.py for tasks to queue
[2026-10-06T18:04:00.516+0000] {logging_mixin.py:188} INFO - [2026-10-06T18:04:00.516+0000] {dagbag.py:545} INFO - Filling up the DagBag from /opt/airflow/dags/daily_summary_dag.py
[2026-10-06T18:04:00.538+0000] {processor.py:840} INFO - DAG(s) 'daily_summary_dag' retrieved from /opt/airflow/dags/daily_summary_dag.py
[2026-10-06T18:04:00.569+0000] {logging_mixin.py:188} INFO - [2026-10-06T18:04:00.569+0000] {dag.py:3089} INFO - Sync 1 DAGs
[2026-10-06T18:04:00.597+0000] {logging_mixin.py:188} INFO - [2026-10-06T18:04:00.597+0000] {dag.py:3947} INFO - Setting next_dagrun for daily_summary_dag to 2026-10-06 00:00:00+00:00, run_after=2026-10-07 00:00:00+00:00
[2026-10-06T18:04:00.624+0000] {processor.py:183} INFO - Processing /opt/airflow/dags/daily_summary_dag.py took 0.117 seconds
[2026-10-06T18:04:29.333+0000] {processor.py:161} INFO - Started process (PID=739) to work on /opt/airflow/dags/daily_summary_dag.py
[2026-10-06T18:04:29.336+0000] {processor.py:830} INFO - Processing file /opt/airflow/dags/daily_summary_dag.py for tasks to queue
[2026-10-06T18:04:29.338+0000] {logging_mixin.py:188} INFO - [2026-10-06T18:04:29.338+0000] {dagbag.py:545} INFO - Filling up the DagBag from /opt/airflow/dags/daily_summary_dag.py
[2026-10-06T18:04:29.366+0000] {processor.py:840} INFO - DAG(s) 'daily_summary_dag' retrieved from /opt/airflow/dags/daily_summary_dag.py
[2026-10-06T18:04:29.402+0000] {logging_mixin.py:188} INFO - [2026-10-06T18:04:29.401+0000] {dag.py:3089} INFO - Sync 1 DAGs
[2026-10-06T18:04:29.428+0000] {logging_mixin.py:188} INFO - [2026-10-06T18:04:29.428+0000] {dag.py:3947} INFO - Setting next_dagrun for daily_summary_dag to 2026-10-06 00:00:00+00:00, run_after=2026-10-07 00:00:00+00:00
[2026-10-06T18:04:29.451+0000] {processor.py:183} INFO - Processing /opt/airflow/dags/daily_summary_dag.py took 0.125 seconds
[2026-10-06T18:04:30.723+0000] {processor.py:161} INFO - Started process (PID=744) to work on /opt/airflow/dags/daily_summary_dag.py
[2026-10-06T18:04:30.725+0000] {processor.py:830} INFO - Processing file /opt/airflow/dags/daily_summary_dag.py for tasks to queue
[2026-10-06T18:04:30.728+0000] {logging_mixin.py:188} INFO - [2026-10-06T18:04:30.728+0000] {dagbag.py:545} INFO - Filling up the DagBag from /opt/airflow/dags/daily_summary_dag.py
[2026-10-06T18:04:30.756+0000] {processor.py:840} INFO - DAG(s) 'daily_summary_dag' retrieved from /opt/airflow/dags/daily_summary_dag.py
[2026-10-06T18:04:30.794+0000] {logging_mixin.py:188} INFO - [2026-10-06T18:04:30.794+0000] {dag.py:3089} INFO - Sync 1 DAGs
[2026-10-06T18:04:30.821+0000] {logging_mixin.py:188} INFO - [2026-10-06T18:04:30.821+0000] {dag.py:3947} INFO - Setting next_dagrun for daily_summary_dag to 2026-10-06 00:00:00+00:00, run_after=2026-10-07 00:00:00+00:00
[2026-10-06T18:04:30.850+0000] {processor.py:183} INFO - Processing /opt/airflow/dags/daily_summary_dag.py took 0.134 seconds
[2026-10-06T18:04:59.529+0000] {processor.py:161} INFO - Started process (PID=749) to work on /opt/airflow/dags/daily_summary_dag.py
[2026-10-06T18:04:59.530+0000] {processor.py:830} INFO - Processing file /opt/airflow/dags/daily_summary_dag.py for tasks to queue
[2026-10-06T18:04:59.533+0000] {logging_mixin.py:188} INFO - [2026-10-06T18:04:59.532+0000] {dagbag.py:545} INFO - Filling up the DagBag from /opt/airflow/dags/daily_summary_dag.py
[2026-10-06T18:04:59.553+0000] {processor.py:840} INFO - DAG(s) 'daily_summary_dag' retrieved from /opt/airflow/dags/daily_summary_dag.py
[2026-10-06T18:04:59.584+0000] {logging_mixin.py:188} INFO - [2026-10-06T18:04:59.584+0000] {dag.py:3089} INFO - Sync 1 DAGs
[2026-10-06T18:04:59.610+0000] {logging_mixin.py:188} INFO - [2026-10-06T18:04:59.610+0000] {dag.py:3947} INFO - Setting next_dagrun for daily_summary_dag to 2026-10-06 00:00:00+00:00, run_after=2026-10-07 00:00:00+00:00
[2026-10-06T18:04:59.633+0000] {processor.py:183} INFO - Processing /opt/airflow/dags/daily_summary_dag.py took 0.109 seconds
[2026-10-06T18:05:01.003+0000] {processor.py:161} INFO - Started process (PID=754) to work on /opt/airflow/dags/daily_summary_dag.py
[2026-10-06T18:05:01.004+0000] {processor.py:830} INFO - Processing file /opt/airflow/dags/daily_summary_dag.py for tasks to queue
[2026-10-06T18:05:01.006+0000] {logging_mixin.py:188} INFO - [2026-10-06T18:05:01.006+0000] {dagbag.py:545} INFO - Filling up the DagBag from /opt/airflow/dags/daily_summary_dag.py
[2026-10-06T18:05:01.027+0000] {processor.py:840} INFO - DAG(s) 'daily_summary_dag' retrieved from /opt/airflow/dags/daily_summary_dag.py
[2026-10-06T18:05:01.056+0000] {logging_mixin.py:188} INFO - [2026-10-06T18:05:01.055+0000] {dag.py:3089} INFO - Sync 1 DAGs
[2026-10-06T18:05:01.078+0000] {logging_mixin.py:188} INFO - [2026-10-06T18:05:01.077+0000] {dag.py:3947} INFO - Setting next_dagrun for daily_summary_dag to 2026-10-06 00:00:00+00:00, run_after=2026-10-07 00:00:00+00:00
[2026-10-06T18:05:01.098+0000] {processor.py:183} INFO - Processing /opt/airflow/dags/daily_summary_dag.py took 0.100 seconds
[2026-10-06T18:05:29.813+0000] {processor.py:161} INFO - Started process (PID=759) to work on /opt/airflow/dags/daily_summary_dag.py
[2026-10-06T18:05:29.815+0000] {processor.py:830} INFO - Processing file /opt/airflow/dags/daily_summary_dag.py for tasks to queue
[2026-10-06T18:05:29.817+0000] {logging_mixin.py:188} INFO - [2026-10-06T18:05:29.817+0000] {dagbag.py:545} INFO - Filling up the DagBag from /opt/airflow/dags/daily_summary_dag.py
[2026-10-06T18:05:29.837+0000] {processor.py:840} INFO - DAG(s) 'daily_summary_dag' retrieved from /opt/airflow/dags/daily_summary_dag.py
[2026-10-06T18:05:29.872+0000] {logging_mixin.py:188} INFO - [2026-10-06T18:05:29.871+0000] {dag.py:3089} INFO - Sync 1 DAGs
[2026-10-06T18:05:29.895+0000] {logging_mixin.py:188} INFO - [2026-10-06T18:05:29.895+0000] {dag.py:3947} INFO - Setting next_dagrun for daily_summary_dag to 2026-10-06 00:00:00+00:00, run_after=2026-10-07 00:00:00+00:00
[2026-10-06T18:05:29.918+0000] {processor.py:183} INFO - Processing /opt/airflow/dags/daily_summary_dag.py took 0.110 seconds
[2026-10-06T18:05:31.488+0000] {processor.py:161} INFO - Started process (PID=764) to work on /opt/airflow/dags/daily_summary_dag.py
[2026-10-06T18:05:31.516+0000] {processor.py:830} INFO - Processing file /opt/airflow/dags/daily_summary_dag.py for tasks to queue
[2026-10-06T18:05:31.548+0000] {logging_mixin.py:188} INFO - [2026-10-06T18:05:31.544+0000] {dagbag.py:545} INFO - Filling up the DagBag from /opt/airflow/dags/daily_summary_dag.py
[2026-10-06T18:05:31.786+0000] {processor.py:840} INFO - DAG(s) 'daily_summary_dag' retrieved from /opt/airflow/dags/daily_summary_dag.py
[2026-10-06T18:05:32.156+0000] {logging_mixin.py:188} INFO - [2026-10-06T18:05:32.156+0000] {dag.py:3089} INFO - Sync 1 DAGs
[2026-10-06T18:05:32.351+0000] {logging_mixin.py:188} INFO - [2026-10-06T18:05:32.350+0000] {dag.py:3947} INFO - Setting next_dagrun for daily_summary_dag to 2026-10-06 00:00:00+00:00, run_after=2026-10-07 00:00:00+00:00
[2026-10-06T18:05:32.482+0000] {processor.py:183} INFO - Processing /opt/airflow/dags/daily_summary_dag.py took 1.152 seconds
[2026-10-06T18:06:00.032+0000] {processor.py:161} INFO - Started process (PID=769) to work on /opt/airflow/dags/daily_summary_dag.py
[2026-10-06T18:06:00.033+0000] {processor.py:830} INFO - Processing file /opt/airflow/dags/daily_summary_dag.py for tasks to queue
[2026-10-06T18:06:00.036+0000] {logging_mixin.py:188} INFO - [2026-10-06T18:06:00.036+0000] {dagbag.py:545} INFO - Filling up the DagBag from /opt/airflow/dags/daily_summary_dag.py
[2026-10-06T18:06:00.061+0000] {processor.py:840} INFO - DAG(s) 'daily_summary_dag' retrieved from /opt/airflow/dags/daily_summary_dag.py
[2026-10-06T18:06:00.294+0000] {logging_mixin.py:188} INFO - [2026-10-06T18:06:00.293+0000] {dag.py:3089} INFO - Sync 1 DAGs
[2026-10-06T18:06:00.463+0000] {logging_mixin.py:188} INFO - [2026-10-06T18:06:00.463+0000] {dag.py:3947} INFO - Setting next_dagrun for daily_summary_dag to 2026-10-06 00:00:00+00:00, run_after=2026-10-07 00:00:00+00:00
[2026-10-06T18:06:00.544+0000] {processor.py:183} INFO - Processing /opt/airflow/dags/daily_summary_dag.py took 0.521 seconds
[2026-10-06T18:06:02.665+0000] {processor.py:161} INFO - Started process (PID=774) to work on /opt/airflow/dags/daily_summary_dag.py
[2026-10-06T18:06:02.666+0000] {processor.py:830} INFO - Processing file /opt/airflow/dags/daily_summary_dag.py for tasks to queue
[2026-10-06T18:06:02.670+0000] {logging_mixin.py:188} INFO - [2026-10-06T18:06:02.669+0000] {dagbag.py:545} INFO - Filling up the DagBag from /opt/airflow/dags/daily_summary_dag.py
[2026-10-06T18:06:02.700+0000] {processor.py:840} INFO - DAG(s) 'daily_summary_dag' retrieved from /opt/airflow/dags/daily_summary_dag.py
[2026-10-06T18:06:02.742+0000] {logging_mixin.py:188} INFO - [2026-10-06T18:06:02.742+0000] {dag.py:3089} INFO - Sync 1 DAGs
[2026-10-06T18:06:02.792+0000] {logging_mixin.py:188} INFO - [2026-10-06T18:06:02.792+0000] {dag.py:3947} INFO - Setting next_dagrun for daily_summary_dag to 2026-10-06 00:00:00+00:00, run_after=2026-10-07 00:00:00+00:00
[2026-10-06T18:06:02.904+0000] {processor.py:183} INFO - Processing /opt/airflow/dags/daily_summary_dag.py took 0.248 seconds
[2026-10-06T18:06:30.860+0000] {processor.py:161} INFO - Started process (PID=779) to work on /opt/airflow/dags/daily_summary_dag.py
[2026-10-06T18:06:30.863+0000] {processor.py:830} INFO - Processing file /opt/airflow/dags/daily_summary_dag.py for tasks to queue
[2026-10-06T18:06:30.868+0000] {logging_mixin.py:188} INFO - [2026-10-06T18:06:30.867+0000] {dagbag.py:545} INFO - Filling up the DagBag from /opt/airflow/dags/daily_summary_dag.py
[2026-10-06T18:06:30.953+0000] {processor.py:840} INFO - DAG(s) 'daily_summary_dag' retrieved from /opt/airflow/dags/daily_summary_dag.py
[2026-10-06T18:06:31.064+0000] {logging_mixin.py:188} INFO - [2026-10-06T18:06:31.063+0000] {dag.py:3089} INFO - Sync 1 DAGs
[2026-10-06T18:06:31.102+0000] {logging_mixin.py:188} INFO - [2026-10-06T18:06:31.102+0000] {dag.py:3947} INFO - Setting next_dagrun for daily_summary_dag to 2026-10-06 00:00:00+00:00, run_after=2026-10-07 00:00:00+00:00
[2026-10-06T18:06:31.150+0000] {processor.py:183} INFO - Processing /opt/airflow/dags/daily_summary_dag.py took 0.330 seconds
[2026-10-06T18:06:33.110+0000] {processor.py:161} INFO - Started process (PID=784) to work on /opt/airflow/dags/daily_summary_dag.py
[2026-10-06T18:06:33.111+0000] {processor.py:830} INFO - Processing file /opt/airflow/dags/daily_summary_dag.py for tasks to queue
[2026-10-06T18:06:33.114+0000] {logging_mixin.py:188} INFO - [2026-10-06T18:06:33.113+0000] {dagbag.py:545} INFO - Filling up the DagBag from /opt/airflow/dags/daily_summary_dag.py
[2026-10-06T18:06:33.134+0000] {processor.py:840} INFO - DAG(s) 'daily_summary_dag' retrieved from /opt/airflow/dags/daily_summary_dag.py
[2026-10-06T18:06:33.164+0000] {logging_mixin.py:188} INFO - [2026-10-06T18:06:33.164+0000] {dag.py:3089} INFO - Sync 1 DAGs
[2026-10-06T18:06:33.188+0000] {logging_mixin.py:188} INFO - [2026-10-06T18:06:33.188+0000] {dag.py:3947} INFO - Setting next_dagrun for daily_summary_dag to 2026-10-06 00:00:00+00:00, run_after=2026-10-07 00:00:00+00:00
[2026-10-06T18:06:33.212+0000] {processor.py:183} INFO - Processing /opt/airflow/dags/daily_summary_dag.py took 0.108 seconds
[2026-10-06T18:07:01.361+0000] {processor.py:161} INFO - Started process (PID=789) to work on /opt/airflow/dags/daily_summary_dag.py
[2026-10-06T18:07:01.362+0000] {processor.py:830} INFO - Processing file /opt/airflow/dags/daily_summary_dag.py for tasks to queue
[2026-10-06T18:07:01.367+0000] {logging_mixin.py:188} INFO - [2026-10-06T18:07:01.366+0000] {dagbag.py:545} INFO - Filling up the DagBag from /opt/airflow/dags/daily_summary_dag.py
[2026-10-06T18:07:01.398+0000] {processor.py:840} INFO - DAG(s) 'daily_summary_dag' retrieved from /opt/airflow/dags/daily_summary_dag.py
[2026-10-06T18:07:01.442+0000] {logging_mixin.py:188} INFO - [2026-10-06T18:07:01.442+0000] {dag.py:3089} INFO - Sync 1 DAGs
[2026-10-06T18:07:01.467+0000] {logging_mixin.py:188} INFO - [2026-10-06T18:07:01.466+0000] {dag.py:3947} INFO - Setting next_dagrun for daily_summary_dag to 2026-10-06 00:00:00+00:00, run_after=2026-10-07 00:00:00+00:00
[2026-10-06T18:07:01.497+0000] {processor.py:183} INFO - Processing /opt/airflow/dags/daily_summary_dag.py took 0.150 seconds
[2026-10-06T18:07:03.288+0000] {processor.py:161} INFO - Started process (PID=794) to work on /opt/airflow/dags/daily_summary_dag.py
[2026-10-06T18:07:03.289+0000] {processor.py:830} INFO - Processing file /opt/airflow/dags/daily_summary_dag.py for tasks to queue
[2026-10-06T18:07:03.291+0000] {logging_mixin.py:188} INFO - [2026-10-06T18:07:03.291+0000] {dagbag.py:545} INFO - Filling up the DagBag from /opt/airflow/dags/daily_summary_dag.py
[2026-10-06T18:07:03.310+0000] {processor.py:840} INFO - DAG(s) 'daily_summary_dag' retrieved from /opt/airflow/dags/daily_summary_dag.py
[2026-10-06T18:07:03.345+0000] {logging_mixin.py:188} INFO - [2026-10-06T18:07:03.344+0000] {dag.py:3089} INFO - Sync 1 DAGs
[2026-10-06T18:07:03.372+0000] {logging_mixin.py:188} INFO - [2026-10-06T18:07:03.372+0000] {dag.py:3947} INFO - Setting next_dagrun for daily_summary_dag to 2026-10-06 00:00:00+00:00, run_after=2026-10-07 00:00:00+00:00
[2026-10-06T18:07:03.396+0000] {processor.py:183} INFO - Processing /opt/airflow/dags/daily_summary_dag.py took 0.114 seconds
[2026-10-06T18:07:31.683+0000] {processor.py:161} INFO - Started process (PID=799) to work on /opt/airflow/dags/daily_summary_dag.py
[2026-10-06T18:07:31.685+0000] {processor.py:830} INFO - Processing file /opt/airflow/dags/daily_summary_dag.py for tasks to queue
[2026-10-06T18:07:31.687+0000] {logging_mixin.py:188} INFO - [2026-10-06T18:07:31.686+0000] {dagbag.py:545} INFO - Filling up the DagBag from /opt/airflow/dags/daily_summary_dag.py
[2026-10-06T18:07:31.707+0000] {processor.py:840} INFO - DAG(s) 'daily_summary_dag' retrieved from /opt/airflow/dags/daily_summary_dag.py
[2026-10-06T18:07:31.743+0000] {logging_mixin.py:188} INFO - [2026-10-06T18:07:31.743+0000] {dag.py:3089} INFO - Sync 1 DAGs
[2026-10-06T18:07:31.768+0000] {logging_mixin.py:188} INFO - [2026-10-06T18:07:31.768+0000] {dag.py:3947} INFO - Setting next_dagrun for daily_summary_dag to 2026-10-06 00:00:00+00:00, run_after=2026-10-07 00:00:00+00:00
[2026-10-06T18:07:31.792+0000] {processor.py:183} INFO - Processing /opt/airflow/dags/daily_summary_dag.py took 0.114 seconds
[2026-10-06T18:07:33.563+0000] {processor.py:161} INFO - Started process (PID=804) to work on /opt/airflow/dags/daily_summary_dag.py
[2026-10-06T18:07:33.565+0000] {processor.py:830} INFO - Processing file /opt/airflow/dags/daily_summary_dag.py for tasks to queue
[2026-10-06T18:07:33.566+0000] {logging_mixin.py:188} INFO - [2026-10-06T18:07:33.566+0000] {dagbag.py:545} INFO - Filling up the DagBag from /opt/airflow/dags/daily_summary_dag.py
[2026-10-06T18:07:33.585+0000] {processor.py:840} INFO - DAG(s) 'daily_summary_dag' retrieved from /opt/airflow/dags/daily_summary_dag.py
[2026-10-06T18:07:33.616+0000] {logging_mixin.py:188} INFO - [2026-10-06T18:07:33.616+0000] {dag.py:3089} INFO - Sync 1 DAGs
[2026-10-06T18:07:33.641+0000] {logging_mixin.py:188} INFO - [2026-10-06T18:07:33.641+0000] {dag.py:3947} INFO - Setting next_dagrun for daily_summary_dag to 2026-10-06 00:00:00+00:00, run_after=2026-10-07 00:00:00+00:00
[2026-10-06T18:07:33.662+0000] {processor.py:183} INFO - Processing /opt/airflow/dags/daily_summary_dag.py took 0.104 seconds
[2026-10-06T18:08:01.852+0000] {processor.py:161} INFO - Started process (PID=809) to work on /opt/airflow/dags/daily_summary_dag.py
[2026-10-06T18:08:01.853+0000] {processor.py:830} INFO - Processing file /opt/airflow/dags/daily_summary_dag.py for tasks to queue
[2026-10-06T18:08:01.855+0000] {logging_mixin.py:188} INFO - [2026-10-06T18:08:01.855+0000] {dagbag.py:545} INFO - Filling up the DagBag from /opt/airflow/dags/daily_summary_dag.py
[2026-10-06T18:08:01.876+0000] {processor.py:840} INFO - DAG(s) 'daily_summary_dag' retrieved from /opt/airflow/dags/daily_summary_dag.py
[2026-10-06T18:08:01.908+0000] {logging_mixin.py:188} INFO - [2026-10-06T18:08:01.908+0000] {dag.py:3089} INFO - Sync 1 DAGs
[2026-10-06T18:08:01.935+0000] {logging_mixin.py:188} INFO - [2026-10-06T18:08:01.934+0000] {dag.py:3947} INFO - Setting next_dagrun for daily_summary_dag to 2026-10-06 00:00:00+00:00, run_after=2026-10-07 00:00:00+00:00
[2026-10-06T18:08:01.964+0000] {processor.py:183} INFO - Processing /opt/airflow/dags/daily_summary_dag.py took 0.120 seconds
[2026-10-06T18:08:03.751+0000] {processor.py:161} INFO - Started process (PID=814) to work on /opt/airflow/dags/daily_summary_dag.py
[2026-10-06T18:08:03.754+0000] {processor.py:830} INFO - Processing file /opt/airflow/dags/daily_summary_dag.py for tasks to queue
[2026-10-06T18:08:03.756+0000] {logging_mixin.py:188} INFO - [2026-10-06T18:08:03.756+0000] {dagbag.py:545} INFO - Filling up the DagBag from /opt/airflow/dags/daily_summary_dag.py
[2026-10-06T18:08:03.777+0000] {processor.py:840} INFO - DAG(s) 'daily_summary_dag' retrieved from /opt/airflow/dags/daily_summary_dag.py
[2026-10-06T18:08:03.809+0000] {logging_mixin.py:188} INFO - [2026-10-06T18:08:03.809+0000] {dag.py:3089} INFO - Sync 1 DAGs
[2026-10-06T18:08:03.835+0000] {logging_mixin.py:188} INFO - [2026-10-06T18:08:03.835+0000] {dag.py:3947} INFO - Setting next_dagrun for daily_summary_dag to 2026-10-06 00:00:00+00:00, run_after=2026-10-07 00:00:00+00:00
[2026-10-06T18:08:03.860+0000] {processor.py:183} INFO - Processing /opt/airflow/dags/daily_summary_dag.py took 0.116 seconds
[2026-10-06T18:08:32.179+0000] {processor.py:161} INFO - Started process (PID=819) to work on /opt/airflow/dags/daily_summary_dag.py
[2026-10-06T18:08:32.180+0000] {processor.py:830} INFO - Processing file /opt/airflow/dags/daily_summary_dag.py for tasks to queue
[2026-10-06T18:08:32.183+0000] {logging_mixin.py:188} INFO - [2026-10-06T18:08:32.182+0000] {dagbag.py:545} INFO - Filling up the DagBag from /opt/airflow/dags/daily_summary_dag.py
[2026-10-06T18:08:32.203+0000] {processor.py:840} INFO - DAG(s) 'daily_summary_dag' retrieved from /opt/airflow/dags/daily_summary_dag.py
[2026-10-06T18:08:32.234+0000] {logging_mixin.py:188} INFO - [2026-10-06T18:08:32.234+0000] {dag.py:3089} INFO - Sync 1 DAGs
[2026-10-06T18:08:32.259+0000] {logging_mixin.py:188} INFO - [2026-10-06T18:08:32.259+0000] {dag.py:3947} INFO - Setting next_dagrun for daily_summary_dag to 2026-10-06 00:00:00+00:00, run_after=2026-10-07 00:00:00+00:00
[2026-10-06T18:08:32.302+0000] {processor.py:183} INFO - Processing /opt/airflow/dags/daily_summary_dag.py took 0.127 seconds
[2026-10-06T18:08:34.050+0000] {processor.py:161} INFO - Started process (PID=824) to work on /opt/airflow/dags/daily_summary_dag.py
[2026-10-06T18:08:34.051+0000] {processor.py:830} INFO - Processing file /opt/airflow/dags/daily_summary_dag.py for tasks to queue
[2026-10-06T18:08:34.053+0000] {logging_mixin.py:188} INFO - [2026-10-06T18:08:34.053+0000] {dagbag.py:545} INFO - Filling up the DagBag from /opt/airflow/dags/daily_summary_dag.py
[2026-10-06T18:08:34.073+0000] {processor.py:840} INFO - DAG(s) 'daily_summary_dag' retrieved from /opt/airflow/dags/daily_summary_dag.py
[2026-10-06T18:08:34.104+0000] {logging_mixin.py:188} INFO - [2026-10-06T18:08:34.103+0000] {dag.py:3089} INFO - Sync 1 DAGs
[2026-10-06T18:08:34.127+0000] {logging_mixin.py:188} INFO - [2026-10-06T18:08:34.127+0000] {dag.py:3947} INFO - Setting next_dagrun for daily_summary_dag to 2026-10-06 00:00:00+00:00, run_after=2026-10-07 00:00:00+00:00
[2026-10-06T18:08:34.150+0000] {processor.py:183} INFO - Processing /opt/airflow/dags/daily_summary_dag.py took 0.106 seconds
[2026-10-06T18:09:02.365+0000] {processor.py:161} INFO - Started process (PID=829) to work on /opt/airflow/dags/daily_summary_dag.py
[2026-10-06T18:09:02.367+0000] {processor.py:830} INFO - Processing file /opt/airflow/dags/daily_summary_dag.py for tasks to queue
[2026-10-06T18:09:02.370+0000] {logging_mixin.py:188} INFO - [2026-10-06T18:09:02.370+0000] {dagbag.py:545} INFO - Filling up the DagBag from /opt/airflow/dags/daily_summary_dag.py
[2026-10-06T18:09:02.394+0000] {processor.py:840} INFO - DAG(s) 'daily_summary_dag' retrieved from /opt/airflow/dags/daily_summary_dag.py
[2026-10-06T18:09:02.430+0000] {logging_mixin.py:188} INFO - [2026-10-06T18:09:02.429+0000] {dag.py:3089} INFO - Sync 1 DAGs
[2026-10-06T18:09:02.462+0000] {logging_mixin.py:188} INFO - [2026-10-06T18:09:02.462+0000] {dag.py:3947} INFO - Setting next_dagrun for daily_summary_dag to 2026-10-06 00:00:00+00:00, run_after=2026-10-07 00:00:00+00:00
[2026-10-06T18:09:02.484+0000] {processor.py:183} INFO - Processing /opt/airflow/dags/daily_summary_dag.py took 0.128 seconds
[2026-10-06T18:09:04.229+0000] {processor.py:161} INFO - Started process (PID=834) to work on /opt/airflow/dags/daily_summary_dag.py
[2026-10-06T18:09:04.231+0000] {processor.py:830} INFO - Processing file /opt/airflow/dags/daily_summary_dag.py for tasks to queue
[2026-10-06T18:09:04.233+0000] {logging_mixin.py:188} INFO - [2026-10-06T18:09:04.232+0000] {dagbag.py:545} INFO - Filling up the DagBag from /opt/airflow/dags/daily_summary_dag.py
[2026-10-06T18:09:04.254+0000] {processor.py:840} INFO - DAG(s) 'daily_summary_dag' retrieved from /opt/airflow/dags/daily_summary_dag.py
[2026-10-06T18:09:04.284+0000] {logging_mixin.py:188} INFO - [2026-10-06T18:09:04.283+0000] {dag.py:3089} INFO - Sync 1 DAGs
[2026-10-06T18:09:04.307+0000] {logging_mixin.py:188} INFO - [2026-10-06T18:09:04.307+0000] {dag.py:3947} INFO - Setting next_dagrun for daily_summary_dag to 2026-10-06 00:00:00+00:00, run_after=2026-10-07 00:00:00+00:00
[2026-10-06T18:09:04.332+0000] {processor.py:183} INFO - Processing /opt/airflow/dags/daily_summary_dag.py took 0.108 seconds
[2026-10-06T18:09:32.679+0000] {processor.py:161} INFO - Started process (PID=839) to work on /opt/airflow/dags/daily_summary_dag.py
[2026-10-06T18:09:32.680+0000] {processor.py:830} INFO - Processing file /opt/airflow/dags/daily_summary_dag.py for tasks to queue
[2026-10-06T18:09:32.682+0000] {logging_mixin.py:188} INFO - [2026-10-06T18:09:32.682+0000] {dagbag.py:545} INFO - Filling up the DagBag from /opt/airflow/dags/daily_summary_dag.py
[2026-10-06T18:09:32.713+0000] {processor.py:840} INFO - DAG(s) 'daily_summary_dag' retrieved from /opt/airflow/dags/daily_summary_dag.py
[2026-10-06T18:09:32.762+0000] {logging_mixin.py:188} INFO - [2026-10-06T18:09:32.762+0000] {dag.py:3089} INFO - Sync 1 DAGs
[2026-10-06T18:09:32.792+0000] {logging_mixin.py:188} INFO - [2026-10-06T18:09:32.792+0000] {dag.py:3947} INFO - Setting next_dagrun for daily_summary_dag to 2026-10-06 00:00:00+00:00, run_after=2026-10-07 00:00:00+00:00
[2026-10-06T18:09:32.819+0000] {processor.py:183} INFO - Processing /opt/airflow/dags/daily_summary_dag.py took 0.152 seconds
[2026-10-06T18:09:34.500+0000] {processor.py:161} INFO - Started process (PID=844) to work on /opt/airflow/dags/daily_summary_dag.py
[2026-10-06T18:09:34.502+0000] {processor.py:830} INFO - Processing file /opt/airflow/dags/daily_summary_dag.py for tasks to queue
[2026-10-06T18:09:34.503+0000] {logging_mixin.py:188} INFO - [2026-10-06T18:09:34.503+0000] {dagbag.py:545} INFO - Filling up the DagBag from /opt/airflow/dags/daily_summary_dag.py
[2026-10-06T18:09:34.524+0000] {processor.py:840} INFO - DAG(s) 'daily_summary_dag' retrieved from /opt/airflow/dags/daily_summary_dag.py
[2026-10-06T18:09:34.552+0000] {logging_mixin.py:188} INFO - [2026-10-06T18:09:34.552+0000] {dag.py:3089} INFO - Sync 1 DAGs
[2026-10-06T18:09:34.577+0000] {logging_mixin.py:188} INFO - [2026-10-06T18:09:34.576+0000] {dag.py:3947} INFO - Setting next_dagrun for daily_summary_dag to 2026-10-06 00:00:00+00:00, run_after=2026-10-07 00:00:00+00:00
[2026-10-06T18:09:34.604+0000] {processor.py:183} INFO - Processing /opt/airflow/dags/daily_summary_dag.py took 0.109 seconds
[2026-10-06T18:10:03.006+0000] {processor.py:161} INFO - Started process (PID=849) to work on /opt/airflow/dags/daily_summary_dag.py
[2026-10-06T18:10:03.008+0000] {processor.py:830} INFO - Processing file /opt/airflow/dags/daily_summary_dag.py for tasks to queue
[2026-10-06T18:10:03.010+0000] {logging_mixin.py:188} INFO - [2026-10-06T18:10:03.009+0000] {dagbag.py:545} INFO - Filling up the DagBag from /opt/airflow/dags/daily_summary_dag.py
[2026-10-06T18:10:03.030+0000] {processor.py:840} INFO - DAG(s) 'daily_summary_dag' retrieved from /opt/airflow/dags/daily_summary_dag.py
[2026-10-06T18:10:03.062+0000] {logging_mixin.py:188} INFO - [2026-10-06T18:10:03.062+0000] {dag.py:3089} INFO - Sync 1 DAGs
[2026-10-06T18:10:03.090+0000] {logging_mixin.py:188} INFO - [2026-10-06T18:10:03.090+0000] {dag.py:3947} INFO - Setting next_dagrun for daily_summary_dag to 2026-10-06 00:00:00+00:00, run_after=2026-10-07 00:00:00+00:00
[2026-10-06T18:10:03.132+0000] {processor.py:183} INFO - Processing /opt/airflow/dags/daily_summary_dag.py took 0.131 seconds
[2026-10-06T18:10:04.687+0000] {processor.py:161} INFO - Started process (PID=854) to work on /opt/airflow/dags/daily_summary_dag.py
[2026-10-06T18:10:04.688+0000] {processor.py:830} INFO - Processing file /opt/airflow/dags/daily_summary_dag.py for tasks to queue
[2026-10-06T18:10:04.690+0000] {logging_mixin.py:188} INFO - [2026-10-06T18:10:04.690+0000] {dagbag.py:545} INFO - Filling up the DagBag from /opt/airflow/dags/daily_summary_dag.py
[2026-10-06T18:10:04.710+0000] {processor.py:840} INFO - DAG(s) 'daily_summary_dag' retrieved from /opt/airflow/dags/daily_summary_dag.py
[2026-10-06T18:10:04.744+0000] {logging_mixin.py:188} INFO - [2026-10-06T18:10:04.744+0000] {dag.py:3089} INFO - Sync 1 DAGs
[2026-10-06T18:10:04.775+0000] {logging_mixin.py:188} INFO - [2026-10-06T18:10:04.775+0000] {dag.py:3947} INFO - Setting next_dagrun for daily_summary_dag to 2026-10-06 00:00:00+00:00, run_after=2026-10-07 00:00:00+00:00
[2026-10-06T18:10:04.803+0000] {processor.py:183} INFO - Processing /opt/airflow/dags/daily_summary_dag.py took 0.122 seconds
[2026-10-06T18:10:33.321+0000] {processor.py:161} INFO - Started process (PID=859) to work on /opt/airflow/dags/daily_summary_dag.py
[2026-10-06T18:10:33.322+0000] {processor.py:830} INFO - Processing file /opt/airflow/dags/daily_summary_dag.py for tasks to queue
[2026-10-06T18:10:33.324+0000] {logging_mixin.py:188} INFO - [2026-10-06T18:10:33.324+0000] {dagbag.py:545} INFO - Filling up the DagBag from /opt/airflow/dags/daily_summary_dag.py
[2026-10-06T18:10:33.344+0000] {processor.py:840} INFO - DAG(s) 'daily_summary_dag' retrieved from /opt/airflow/dags/daily_summary_dag.py
[2026-10-06T18:10:33.377+0000] {logging_mixin.py:188} INFO - [2026-10-06T18:10:33.377+0000] {dag.py:3089} INFO - Sync 1 DAGs
[2026-10-06T18:10:33.399+0000] {logging_mixin.py:188} INFO - [2026-10-06T18:10:33.399+0000] {dag.py:3947} INFO - Setting next_dagrun for daily_summary_dag to 2026-10-06 00:00:00+00:00, run_after=2026-10-07 00:00:00+00:00
[2026-10-06T18:10:33.420+0000] {processor.py:183} INFO - Processing /opt/airflow/dags/daily_summary_dag.py took 0.106 seconds
[2026-10-06T18:10:34.948+0000] {processor.py:161} INFO - Started process (PID=864) to work on /opt/airflow/dags/daily_summary_dag.py
[2026-10-06T18:10:34.950+0000] {processor.py:830} INFO - Processing file /opt/airflow/dags/daily_summary_dag.py for tasks to queue
[2026-10-06T18:10:34.951+0000] {logging_mixin.py:188} INFO - [2026-10-06T18:10:34.951+0000] {dagbag.py:545} INFO - Filling up the DagBag from /opt/airflow/dags/daily_summary_dag.py
[2026-10-06T18:10:34.972+0000] {processor.py:840} INFO - DAG(s) 'daily_summary_dag' retrieved from /opt/airflow/dags/daily_summary_dag.py
[2026-10-06T18:10:35.005+0000] {logging_mixin.py:188} INFO - [2026-10-06T18:10:35.005+0000] {dag.py:3089} INFO - Sync 1 DAGs
[2026-10-06T18:10:35.028+0000] {logging_mixin.py:188} INFO - [2026-10-06T18:10:35.028+0000] {dag.py:3947} INFO - Setting next_dagrun for daily_summary_dag to 2026-10-06 00:00:00+00:00, run_after=2026-10-07 00:00:00+00:00
[2026-10-06T18:10:35.051+0000] {processor.py:183} INFO - Processing /opt/airflow/dags/daily_summary_dag.py took 0.109 seconds
[2026-10-06T18:11:03.483+0000] {processor.py:161} INFO - Started process (PID=869) to work on /opt/airflow/dags/daily_summary_dag.py
[2026-10-06T18:11:03.484+0000] {processor.py:830} INFO - Processing file /opt/airflow/dags/daily_summary_dag.py for tasks to queue
[2026-10-06T18:11:03.486+0000] {logging_mixin.py:188} INFO - [2026-10-06T18:11:03.486+0000] {dagbag.py:545} INFO - Filling up the DagBag from /opt/airflow/dags/daily_summary_dag.py
[2026-10-06T18:11:03.507+0000] {processor.py:840} INFO - DAG(s) 'daily_summary_dag' retrieved from /opt/airflow/dags/daily_summary_dag.py
[2026-10-06T18:11:03.539+0000] {logging_mixin.py:188} INFO - [2026-10-06T18:11:03.539+0000] {dag.py:3089} INFO - Sync 1 DAGs
[2026-10-06T18:11:03.563+0000] {logging_mixin.py:188} INFO - [2026-10-06T18:11:03.563+0000] {dag.py:3947} INFO - Setting next_dagrun for daily_summary_dag to 2026-10-06 00:00:00+00:00, run_after=2026-10-07 00:00:00+00:00
[2026-10-06T18:11:03.587+0000] {processor.py:183} INFO - Processing /opt/airflow/dags/daily_summary_dag.py took 0.110 seconds
[2026-10-06T18:11:05.150+0000] {processor.py:161} INFO - Started process (PID=874) to work on /opt/airflow/dags/daily_summary_dag.py
[2026-10-06T18:11:05.151+0000] {processor.py:830} INFO - Processing file /opt/airflow/dags/daily_summary_dag.py for tasks to queue
[2026-10-06T18:11:05.153+0000] {logging_mixin.py:188} INFO - [2026-10-06T18:11:05.153+0000] {dagbag.py:545} INFO - Filling up the DagBag from /opt/airflow/dags/daily_summary_dag.py
[2026-10-06T18:11:05.173+0000] {processor.py:840} INFO - DAG(s) 'daily_summary_dag' retrieved from /opt/airflow/dags/daily_summary_dag.py
[2026-10-06T18:11:05.204+0000] {logging_mixin.py:188} INFO - [2026-10-06T18:11:05.203+0000] {dag.py:3089} INFO - Sync 1 DAGs
[2026-10-06T18:11:05.226+0000] {logging_mixin.py:188} INFO - [2026-10-06T18:11:05.226+0000] {dag.py:3947} INFO - Setting next_dagrun for daily_summary_dag to 2026-10-06 00:00:00+00:00, run_after=2026-10-07 00:00:00+00:00
[2026-10-06T18:11:05.249+0000] {processor.py:183} INFO - Processing /opt/airflow/dags/daily_summary_dag.py took 0.104 seconds
[2026-10-06T18:11:33.775+0000] {processor.py:161} INFO - Started process (PID=879) to work on /opt/airflow/dags/daily_summary_dag.py
[2026-10-06T18:11:33.776+0000] {processor.py:830} INFO - Processing file /opt/airflow/dags/daily_summary_dag.py for tasks to queue
[2026-10-06T18:11:33.778+0000] {logging_mixin.py:188} INFO - [2026-10-06T18:11:33.777+0000] {dagbag.py:545} INFO - Filling up the DagBag from /opt/airflow/dags/daily_summary_dag.py
[2026-10-06T18:11:33.797+0000] {processor.py:840} INFO - DAG(s) 'daily_summary_dag' retrieved from /opt/airflow/dags/daily_summary_dag.py
[2026-10-06T18:11:33.830+0000] {logging_mixin.py:188} INFO - [2026-10-06T18:11:33.830+0000] {dag.py:3089} INFO - Sync 1 DAGs
[2026-10-06T18:11:33.853+0000] {logging_mixin.py:188} INFO - [2026-10-06T18:11:33.853+0000] {dag.py:3947} INFO - Setting next_dagrun for daily_summary_dag to 2026-10-06 00:00:00+00:00, run_after=2026-10-07 00:00:00+00:00
[2026-10-06T18:11:33.877+0000] {processor.py:183} INFO - Processing /opt/airflow/dags/daily_summary_dag.py took 0.108 seconds
[2026-10-06T18:11:35.410+0000] {processor.py:161} INFO - Started process (PID=884) to work on /opt/airflow/dags/daily_summary_dag.py
[2026-10-06T18:11:35.412+0000] {processor.py:830} INFO - Processing file /opt/airflow/dags/daily_summary_dag.py for tasks to queue
[2026-10-06T18:11:35.415+0000] {logging_mixin.py:188} INFO - [2026-10-06T18:11:35.414+0000] {dagbag.py:545} INFO - Filling up the DagBag from /opt/airflow/dags/daily_summary_dag.py
[2026-10-06T18:11:35.435+0000] {processor.py:840} INFO - DAG(s) 'daily_summary_dag' retrieved from /opt/airflow/dags/daily_summary_dag.py
[2026-10-06T18:11:35.465+0000] {logging_mixin.py:188} INFO - [2026-10-06T18:11:35.465+0000] {dag.py:3089} INFO - Sync 1 DAGs
[2026-10-06T18:11:35.487+0000] {logging_mixin.py:188} INFO - [2026-10-06T18:11:35.487+0000] {dag.py:3947} INFO - Setting next_dagrun for daily_summary_dag to 2026-10-06 00:00:00+00:00, run_after=2026-10-07 00:00:00+00:00
[2026-10-06T18:11:35.510+0000] {processor.py:183} INFO - Processing /opt/airflow/dags/daily_summary_dag.py took 0.105 seconds
[2026-10-06T18:12:03.950+0000] {processor.py:161} INFO - Started process (PID=889) to work on /opt/airflow/dags/daily_summary_dag.py
[2026-10-06T18:12:03.951+0000] {processor.py:830} INFO - Processing file /opt/airflow/dags/daily_summary_dag.py for tasks to queue
[2026-10-06T18:12:03.953+0000] {logging_mixin.py:188} INFO - [2026-10-06T18:12:03.953+0000] {dagbag.py:545} INFO - Filling up the DagBag from /opt/airflow/dags/daily_summary_dag.py
[2026-10-06T18:12:03.978+0000] {processor.py:840} INFO - DAG(s) 'daily_summary_dag' retrieved from /opt/airflow/dags/daily_summary_dag.py
[2026-10-06T18:12:04.008+0000] {logging_mixin.py:188} INFO - [2026-10-06T18:12:04.008+0000] {dag.py:3089} INFO - Sync 1 DAGs
[2026-10-06T18:12:04.032+0000] {logging_mixin.py:188} INFO - [2026-10-06T18:12:04.032+0000] {dag.py:3947} INFO - Setting next_dagrun for daily_summary_dag to 2026-10-06 00:00:00+00:00, run_after=2026-10-07 00:00:00+00:00
[2026-10-06T18:12:04.055+0000] {processor.py:183} INFO - Processing /opt/airflow/dags/daily_summary_dag.py took 0.110 seconds
[2026-10-06T18:12:05.615+0000] {processor.py:161} INFO - Started process (PID=894) to work on /opt/airflow/dags/daily_summary_dag.py
[2026-10-06T18:12:05.616+0000] {processor.py:830} INFO - Processing file /opt/airflow/dags/daily_summary_dag.py for tasks to queue
[2026-10-06T18:12:05.618+0000] {logging_mixin.py:188} INFO - [2026-10-06T18:12:05.618+0000] {dagbag.py:545} INFO - Filling up the DagBag from /opt/airflow/dags/daily_summary_dag.py
[2026-10-06T18:12:05.638+0000] {processor.py:840} INFO - DAG(s) 'daily_summary_dag' retrieved from /opt/airflow/dags/daily_summary_dag.py
[2026-10-06T18:12:05.669+0000] {logging_mixin.py:188} INFO - [2026-10-06T18:12:05.669+0000] {dag.py:3089} INFO - Sync 1 DAGs
[2026-10-06T18:12:05.692+0000] {logging_mixin.py:188} INFO - [2026-10-06T18:12:05.692+0000] {dag.py:3947} INFO - Setting next_dagrun for daily_summary_dag to 2026-10-06 00:00:00+00:00, run_after=2026-10-07 00:00:00+00:00
[2026-10-06T18:12:05.714+0000] {processor.py:183} INFO - Processing /opt/airflow/dags/daily_summary_dag.py took 0.105 seconds
[2026-10-06T18:12:34.252+0000] {processor.py:161} INFO - Started process (PID=899) to work on /opt/airflow/dags/daily_summary_dag.py
[2026-10-06T18:12:34.253+0000] {processor.py:830} INFO - Processing file /opt/airflow/dags/daily_summary_dag.py for tasks to queue
[2026-10-06T18:12:34.256+0000] {logging_mixin.py:188} INFO - [2026-10-06T18:12:34.255+0000] {dagbag.py:545} INFO - Filling up the DagBag from /opt/airflow/dags/daily_summary_dag.py
[2026-10-06T18:12:34.283+0000] {processor.py:840} INFO - DAG(s) 'daily_summary_dag' retrieved from /opt/airflow/dags/daily_summary_dag.py
[2026-10-06T18:12:34.320+0000] {logging_mixin.py:188} INFO - [2026-10-06T18:12:34.320+0000] {dag.py:3089} INFO - Sync 1 DAGs
[2026-10-06T18:12:34.350+0000] {logging_mixin.py:188} INFO - [2026-10-06T18:12:34.349+0000] {dag.py:3947} INFO - Setting next_dagrun for daily_summary_dag to 2026-10-06 00:00:00+00:00, run_after=2026-10-07 00:00:00+00:00
[2026-10-06T18:12:34.381+0000] {processor.py:183} INFO - Processing /opt/airflow/dags/daily_summary_dag.py took 0.135 seconds
[2026-10-06T18:12:35.884+0000] {processor.py:161} INFO - Started process (PID=904) to work on /opt/airflow/dags/daily_summary_dag.py
[2026-10-06T18:12:35.885+0000] {processor.py:830} INFO - Processing file /opt/airflow/dags/daily_summary_dag.py for tasks to queue
[2026-10-06T18:12:35.887+0000] {logging_mixin.py:188} INFO - [2026-10-06T18:12:35.886+0000] {dagbag.py:545} INFO - Filling up the DagBag from /opt/airflow/dags/daily_summary_dag.py
[2026-10-06T18:12:35.915+0000] {processor.py:840} INFO - DAG(s) 'daily_summary_dag' retrieved from /opt/airflow/dags/daily_summary_dag.py
[2026-10-06T18:12:35.962+0000] {logging_mixin.py:188} INFO - [2026-10-06T18:12:35.961+0000] {dag.py:3089} INFO - Sync 1 DAGs
[2026-10-06T18:12:35.997+0000] {logging_mixin.py:188} INFO - [2026-10-06T18:12:35.997+0000] {dag.py:3947} INFO - Setting next_dagrun for daily_summary_dag to 2026-10-06 00:00:00+00:00, run_after=2026-10-07 00:00:00+00:00
[2026-10-06T18:12:36.063+0000] {processor.py:183} INFO - Processing /opt/airflow/dags/daily_summary_dag.py took 0.185 seconds
[2026-10-06T18:13:04.472+0000] {processor.py:161} INFO - Started process (PID=909) to work on /opt/airflow/dags/daily_summary_dag.py
[2026-10-06T18:13:04.474+0000] {processor.py:830} INFO - Processing file /opt/airflow/dags/daily_summary_dag.py for tasks to queue
[2026-10-06T18:13:04.478+0000] {logging_mixin.py:188} INFO - [2026-10-06T18:13:04.478+0000] {dagbag.py:545} INFO - Filling up the DagBag from /opt/airflow/dags/daily_summary_dag.py
[2026-10-06T18:13:04.519+0000] {processor.py:840} INFO - DAG(s) 'daily_summary_dag' retrieved from /opt/airflow/dags/daily_summary_dag.py
[2026-10-06T18:13:04.555+0000] {logging_mixin.py:188} INFO - [2026-10-06T18:13:04.555+0000] {dag.py:3089} INFO - Sync 1 DAGs
[2026-10-06T18:13:04.585+0000] {logging_mixin.py:188} INFO - [2026-10-06T18:13:04.585+0000] {dag.py:3947} INFO - Setting next_dagrun for daily_summary_dag to 2026-10-06 00:00:00+00:00, run_after=2026-10-07 00:00:00+00:00
[2026-10-06T18:13:04.616+0000] {processor.py:183} INFO - Processing /opt/airflow/dags/daily_summary_dag.py took 0.153 seconds
[2026-10-06T18:13:06.132+0000] {processor.py:161} INFO - Started process (PID=914) to work on /opt/airflow/dags/daily_summary_dag.py
[2026-10-06T18:13:06.134+0000] {processor.py:830} INFO - Processing file /opt/airflow/dags/daily_summary_dag.py for tasks to queue
[2026-10-06T18:13:06.137+0000] {logging_mixin.py:188} INFO - [2026-10-06T18:13:06.136+0000] {dagbag.py:545} INFO - Filling up the DagBag from /opt/airflow/dags/daily_summary_dag.py
[2026-10-06T18:13:06.163+0000] {processor.py:840} INFO - DAG(s) 'daily_summary_dag' retrieved from /opt/airflow/dags/daily_summary_dag.py
[2026-10-06T18:13:06.260+0000] {logging_mixin.py:188} INFO - [2026-10-06T18:13:06.259+0000] {dag.py:3089} INFO - Sync 1 DAGs
[2026-10-06T18:13:06.294+0000] {logging_mixin.py:188} INFO - [2026-10-06T18:13:06.294+0000] {dag.py:3947} INFO - Setting next_dagrun for daily_summary_dag to 2026-10-06 00:00:00+00:00, run_after=2026-10-07 00:00:00+00:00
[2026-10-06T18:13:06.327+0000] {processor.py:183} INFO - Processing /opt/airflow/dags/daily_summary_dag.py took 0.205 seconds
[2026-10-06T18:13:34.851+0000] {processor.py:161} INFO - Started process (PID=919) to work on /opt/airflow/dags/daily_summary_dag.py
[2026-10-06T18:13:34.854+0000] {processor.py:830} INFO - Processing file /opt/airflow/dags/daily_summary_dag.py for tasks to queue
[2026-10-06T18:13:34.858+0000] {logging_mixin.py:188} INFO - [2026-10-06T18:13:34.857+0000] {dagbag.py:545} INFO - Filling up the DagBag from /opt/airflow/dags/daily_summary_dag.py
[2026-10-06T18:13:34.891+0000] {processor.py:840} INFO - DAG(s) 'daily_summary_dag' retrieved from /opt/airflow/dags/daily_summary_dag.py
[2026-10-06T18:13:34.935+0000] {logging_mixin.py:188} INFO - [2026-10-06T18:13:34.935+0000] {dag.py:3089} INFO - Sync 1 DAGs
[2026-10-06T18:13:34.967+0000] {logging_mixin.py:188} INFO - [2026-10-06T18:13:34.967+0000] {dag.py:3947} INFO - Setting next_dagrun for daily_summary_dag to 2026-10-06 00:00:00+00:00, run_after=2026-10-07 00:00:00+00:00
[2026-10-06T18:13:34.994+0000] {processor.py:183} INFO - Processing /opt/airflow/dags/daily_summary_dag.py took 0.151 seconds
[2026-10-06T18:13:36.480+0000] {processor.py:161} INFO - Started process (PID=924) to work on /opt/airflow/dags/daily_summary_dag.py
[2026-10-06T18:13:36.483+0000] {processor.py:830} INFO - Processing file /opt/airflow/dags/daily_summary_dag.py for tasks to queue
[2026-10-06T18:13:36.488+0000] {logging_mixin.py:188} INFO - [2026-10-06T18:13:36.487+0000] {dagbag.py:545} INFO - Filling up the DagBag from /opt/airflow/dags/daily_summary_dag.py
[2026-10-06T18:13:36.513+0000] {processor.py:840} INFO - DAG(s) 'daily_summary_dag' retrieved from /opt/airflow/dags/daily_summary_dag.py
[2026-10-06T18:13:36.547+0000] {logging_mixin.py:188} INFO - [2026-10-06T18:13:36.547+0000] {dag.py:3089} INFO - Sync 1 DAGs
[2026-10-06T18:13:36.573+0000] {logging_mixin.py:188} INFO - [2026-10-06T18:13:36.573+0000] {dag.py:3947} INFO - Setting next_dagrun for daily_summary_dag to 2026-10-06 00:00:00+00:00, run_after=2026-10-07 00:00:00+00:00
[2026-10-06T18:13:36.602+0000] {processor.py:183} INFO - Processing /opt/airflow/dags/daily_summary_dag.py took 0.128 seconds
[2026-10-06T18:14:05.055+0000] {processor.py:161} INFO - Started process (PID=929) to work on /opt/airflow/dags/daily_summary_dag.py
[2026-10-06T18:14:05.057+0000] {processor.py:830} INFO - Processing file /opt/airflow/dags/daily_summary_dag.py for tasks to queue
[2026-10-06T18:14:05.059+0000] {logging_mixin.py:188} INFO - [2026-10-06T18:14:05.059+0000] {dagbag.py:545} INFO - Filling up the DagBag from /opt/airflow/dags/daily_summary_dag.py
[2026-10-06T18:14:05.079+0000] {processor.py:840} INFO - DAG(s) 'daily_summary_dag' retrieved from /opt/airflow/dags/daily_summary_dag.py
[2026-10-06T18:14:05.114+0000] {logging_mixin.py:188} INFO - [2026-10-06T18:14:05.113+0000] {dag.py:3089} INFO - Sync 1 DAGs
[2026-10-06T18:14:05.139+0000] {logging_mixin.py:188} INFO - [2026-10-06T18:14:05.139+0000] {dag.py:3947} INFO - Setting next_dagrun for daily_summary_dag to 2026-10-06 00:00:00+00:00, run_after=2026-10-07 00:00:00+00:00
[2026-10-06T18:14:05.165+0000] {processor.py:183} INFO - Processing /opt/airflow/dags/daily_summary_dag.py took 0.115 seconds
[2026-10-06T18:14:06.735+0000] {processor.py:161} INFO - Started process (PID=934) to work on /opt/airflow/dags/daily_summary_dag.py
[2026-10-06T18:14:06.737+0000] {processor.py:830} INFO - Processing file /opt/airflow/dags/daily_summary_dag.py for tasks to queue
[2026-10-06T18:14:06.738+0000] {logging_mixin.py:188} INFO - [2026-10-06T18:14:06.738+0000] {dagbag.py:545} INFO - Filling up the DagBag from /opt/airflow/dags/daily_summary_dag.py
[2026-10-06T18:14:06.758+0000] {processor.py:840} INFO - DAG(s) 'daily_summary_dag' retrieved from /opt/airflow/dags/daily_summary_dag.py
[2026-10-06T18:14:06.786+0000] {logging_mixin.py:188} INFO - [2026-10-06T18:14:06.786+0000] {dag.py:3089} INFO - Sync 1 DAGs
[2026-10-06T18:14:06.808+0000] {logging_mixin.py:188} INFO - [2026-10-06T18:14:06.808+0000] {dag.py:3947} INFO - Setting next_dagrun for daily_summary_dag to 2026-10-06 00:00:00+00:00, run_after=2026-10-07 00:00:00+00:00
[2026-10-06T18:14:06.829+0000] {processor.py:183} INFO - Processing /opt/airflow/dags/daily_summary_dag.py took 0.099 seconds
[2026-10-06T18:14:35.419+0000] {processor.py:161} INFO - Started process (PID=939) to work on /opt/airflow/dags/daily_summary_dag.py
[2026-10-06T18:14:35.421+0000] {processor.py:830} INFO - Processing file /opt/airflow/dags/daily_summary_dag.py for tasks to queue
[2026-10-06T18:14:35.423+0000] {logging_mixin.py:188} INFO - [2026-10-06T18:14:35.423+0000] {dagbag.py:545} INFO - Filling up the DagBag from /opt/airflow/dags/daily_summary_dag.py
[2026-10-06T18:14:35.450+0000] {processor.py:840} INFO - DAG(s) 'daily_summary_dag' retrieved from /opt/airflow/dags/daily_summary_dag.py
[2026-10-06T18:14:35.490+0000] {logging_mixin.py:188} INFO - [2026-10-06T18:14:35.490+0000] {dag.py:3089} INFO - Sync 1 DAGs
[2026-10-06T18:14:35.524+0000] {logging_mixin.py:188} INFO - [2026-10-06T18:14:35.524+0000] {dag.py:3947} INFO - Setting next_dagrun for daily_summary_dag to 2026-10-06 00:00:00+00:00, run_after=2026-10-07 00:00:00+00:00
[2026-10-06T18:14:35.557+0000] {processor.py:183} INFO - Processing /opt/airflow/dags/daily_summary_dag.py took 0.145 seconds
[2026-10-06T18:14:37.018+0000] {processor.py:161} INFO - Started process (PID=944) to work on /opt/airflow/dags/daily_summary_dag.py
[2026-10-06T18:14:37.019+0000] {processor.py:830} INFO - Processing file /opt/airflow/dags/daily_summary_dag.py for tasks to queue
[2026-10-06T18:14:37.024+0000] {logging_mixin.py:188} INFO - [2026-10-06T18:14:37.023+0000] {dagbag.py:545} INFO - Filling up the DagBag from /opt/airflow/dags/daily_summary_dag.py
[2026-10-06T18:14:37.063+0000] {processor.py:840} INFO - DAG(s) 'daily_summary_dag' retrieved from /opt/airflow/dags/daily_summary_dag.py
[2026-10-06T18:14:37.119+0000] {logging_mixin.py:188} INFO - [2026-10-06T18:14:37.118+0000] {dag.py:3089} INFO - Sync 1 DAGs
[2026-10-06T18:14:37.154+0000] {logging_mixin.py:188} INFO - [2026-10-06T18:14:37.153+0000] {dag.py:3947} INFO - Setting next_dagrun for daily_summary_dag to 2026-10-06 00:00:00+00:00, run_after=2026-10-07 00:00:00+00:00
[2026-10-06T18:14:37.189+0000] {processor.py:183} INFO - Processing /opt/airflow/dags/daily_summary_dag.py took 0.185 seconds
[2026-10-06T18:15:05.625+0000] {processor.py:161} INFO - Started process (PID=949) to work on /opt/airflow/dags/daily_summary_dag.py
[2026-10-06T18:15:05.627+0000] {processor.py:830} INFO - Processing file /opt/airflow/dags/daily_summary_dag.py for tasks to queue
[2026-10-06T18:15:05.630+0000] {logging_mixin.py:188} INFO - [2026-10-06T18:15:05.629+0000] {dagbag.py:545} INFO - Filling up the DagBag from /opt/airflow/dags/daily_summary_dag.py
[2026-10-06T18:15:05.661+0000] {processor.py:840} INFO - DAG(s) 'daily_summary_dag' retrieved from /opt/airflow/dags/daily_summary_dag.py
[2026-10-06T18:15:05.698+0000] {logging_mixin.py:188} INFO - [2026-10-06T18:15:05.698+0000] {dag.py:3089} INFO - Sync 1 DAGs
[2026-10-06T18:15:05.727+0000] {logging_mixin.py:188} INFO - [2026-10-06T18:15:05.727+0000] {dag.py:3947} INFO - Setting next_dagrun for daily_summary_dag to 2026-10-06 00:00:00+00:00, run_after=2026-10-07 00:00:00+00:00
[2026-10-06T18:15:05.752+0000] {processor.py:183} INFO - Processing /opt/airflow/dags/daily_summary_dag.py took 0.134 seconds
[2026-10-06T18:15:07.397+0000] {processor.py:161} INFO - Started process (PID=954) to work on /opt/airflow/dags/daily_summary_dag.py
[2026-10-06T18:15:07.398+0000] {processor.py:830} INFO - Processing file /opt/airflow/dags/daily_summary_dag.py for tasks to queue
[2026-10-06T18:15:07.400+0000] {logging_mixin.py:188} INFO - [2026-10-06T18:15:07.400+0000] {dagbag.py:545} INFO - Filling up the DagBag from /opt/airflow/dags/daily_summary_dag.py
[2026-10-06T18:15:07.421+0000] {processor.py:840} INFO - DAG(s) 'daily_summary_dag' retrieved from /opt/airflow/dags/daily_summary_dag.py
[2026-10-06T18:15:07.455+0000] {logging_mixin.py:188} INFO - [2026-10-06T18:15:07.454+0000] {dag.py:3089} INFO - Sync 1 DAGs
[2026-10-06T18:15:07.481+0000] {logging_mixin.py:188} INFO - [2026-10-06T18:15:07.481+0000] {dag.py:3947} INFO - Setting next_dagrun for daily_summary_dag to 2026-10-06 00:00:00+00:00, run_after=2026-10-07 00:00:00+00:00
[2026-10-06T18:15:07.511+0000] {processor.py:183} INFO - Processing /opt/airflow/dags/daily_summary_dag.py took 0.120 seconds
[2026-10-06T18:15:35.942+0000] {processor.py:161} INFO - Started process (PID=959) to work on /opt/airflow/dags/daily_summary_dag.py
[2026-10-06T18:15:35.943+0000] {processor.py:830} INFO - Processing file /opt/airflow/dags/daily_summary_dag.py for tasks to queue
[2026-10-06T18:15:35.946+0000] {logging_mixin.py:188} INFO - [2026-10-06T18:15:35.945+0000] {dagbag.py:545} INFO - Filling up the DagBag from /opt/airflow/dags/daily_summary_dag.py
[2026-10-06T18:15:35.978+0000] {processor.py:840} INFO - DAG(s) 'daily_summary_dag' retrieved from /opt/airflow/dags/daily_summary_dag.py
[2026-10-06T18:15:36.026+0000] {logging_mixin.py:188} INFO - [2026-10-06T18:15:36.025+0000] {dag.py:3089} INFO - Sync 1 DAGs
[2026-10-06T18:15:36.059+0000] {logging_mixin.py:188} INFO - [2026-10-06T18:15:36.059+0000] {dag.py:3947} INFO - Setting next_dagrun for daily_summary_dag to 2026-10-06 00:00:00+00:00, run_after=2026-10-07 00:00:00+00:00
[2026-10-06T18:15:36.092+0000] {processor.py:183} INFO - Processing /opt/airflow/dags/daily_summary_dag.py took 0.161 seconds
[2026-10-06T18:15:37.560+0000] {processor.py:161} INFO - Started process (PID=964) to work on /opt/airflow/dags/daily_summary_dag.py
[2026-10-06T18:15:37.561+0000] {processor.py:830} INFO - Processing file /opt/airflow/dags/daily_summary_dag.py for tasks to queue
[2026-10-06T18:15:37.563+0000] {logging_mixin.py:188} INFO - [2026-10-06T18:15:37.563+0000] {dagbag.py:545} INFO - Filling up the DagBag from /opt/airflow/dags/daily_summary_dag.py
[2026-10-06T18:15:37.582+0000] {processor.py:840} INFO - DAG(s) 'daily_summary_dag' retrieved from /opt/airflow/dags/daily_summary_dag.py
[2026-10-06T18:15:37.610+0000] {logging_mixin.py:188} INFO - [2026-10-06T18:15:37.610+0000] {dag.py:3089} INFO - Sync 1 DAGs
[2026-10-06T18:15:37.633+0000] {logging_mixin.py:188} INFO - [2026-10-06T18:15:37.633+0000] {dag.py:3947} INFO - Setting next_dagrun for daily_summary_dag to 2026-10-06 00:00:00+00:00, run_after=2026-10-07 00:00:00+00:00
[2026-10-06T18:15:37.655+0000] {processor.py:183} INFO - Processing /opt/airflow/dags/daily_summary_dag.py took 0.101 seconds
[2026-10-06T18:16:06.275+0000] {processor.py:161} INFO - Started process (PID=969) to work on /opt/airflow/dags/daily_summary_dag.py
[2026-10-06T18:16:06.277+0000] {processor.py:830} INFO - Processing file /opt/airflow/dags/daily_summary_dag.py for tasks to queue
[2026-10-06T18:16:06.279+0000] {logging_mixin.py:188} INFO - [2026-10-06T18:16:06.279+0000] {dagbag.py:545} INFO - Filling up the DagBag from /opt/airflow/dags/daily_summary_dag.py
[2026-10-06T18:16:06.302+0000] {processor.py:840} INFO - DAG(s) 'daily_summary_dag' retrieved from /opt/airflow/dags/daily_summary_dag.py
[2026-10-06T18:16:06.336+0000] {logging_mixin.py:188} INFO - [2026-10-06T18:16:06.336+0000] {dag.py:3089} INFO - Sync 1 DAGs
[2026-10-06T18:16:06.361+0000] {logging_mixin.py:188} INFO - [2026-10-06T18:16:06.360+0000] {dag.py:3947} INFO - Setting next_dagrun for daily_summary_dag to 2026-10-06 00:00:00+00:00, run_after=2026-10-07 00:00:00+00:00
[2026-10-06T18:16:06.383+0000] {processor.py:183} INFO - Processing /opt/airflow/dags/daily_summary_dag.py took 0.114 seconds
[2026-10-06T18:16:07.731+0000] {processor.py:161} INFO - Started process (PID=974) to work on /opt/airflow/dags/daily_summary_dag.py
[2026-10-06T18:16:07.733+0000] {processor.py:830} INFO - Processing file /opt/airflow/dags/daily_summary_dag.py for tasks to queue
[2026-10-06T18:16:07.735+0000] {logging_mixin.py:188} INFO - [2026-10-06T18:16:07.735+0000] {dagbag.py:545} INFO - Filling up the DagBag from /opt/airflow/dags/daily_summary_dag.py
[2026-10-06T18:16:07.754+0000] {processor.py:840} INFO - DAG(s) 'daily_summary_dag' retrieved from /opt/airflow/dags/daily_summary_dag.py
[2026-10-06T18:16:07.787+0000] {logging_mixin.py:188} INFO - [2026-10-06T18:16:07.786+0000] {dag.py:3089} INFO - Sync 1 DAGs
[2026-10-06T18:16:07.811+0000] {logging_mixin.py:188} INFO - [2026-10-06T18:16:07.810+0000] {dag.py:3947} INFO - Setting next_dagrun for daily_summary_dag to 2026-10-06 00:00:00+00:00, run_after=2026-10-07 00:00:00+00:00
[2026-10-06T18:16:07.830+0000] {processor.py:183} INFO - Processing /opt/airflow/dags/daily_summary_dag.py took 0.104 seconds
[2026-10-06T18:16:36.453+0000] {processor.py:161} INFO - Started process (PID=979) to work on /opt/airflow/dags/daily_summary_dag.py
[2026-10-06T18:16:36.454+0000] {processor.py:830} INFO - Processing file /opt/airflow/dags/daily_summary_dag.py for tasks to queue
[2026-10-06T18:16:36.457+0000] {logging_mixin.py:188} INFO - [2026-10-06T18:16:36.457+0000] {dagbag.py:545} INFO - Filling up the DagBag from /opt/airflow/dags/daily_summary_dag.py
[2026-10-06T18:16:36.482+0000] {processor.py:840} INFO - DAG(s) 'daily_summary_dag' retrieved from /opt/airflow/dags/daily_summary_dag.py
[2026-10-06T18:16:36.528+0000] {logging_mixin.py:188} INFO - [2026-10-06T18:16:36.527+0000] {dag.py:3089} INFO - Sync 1 DAGs
[2026-10-06T18:16:36.563+0000] {logging_mixin.py:188} INFO - [2026-10-06T18:16:36.562+0000] {dag.py:3947} INFO - Setting next_dagrun for daily_summary_dag to 2026-10-06 00:00:00+00:00, run_after=2026-10-07 00:00:00+00:00
[2026-10-06T18:16:36.596+0000] {processor.py:183} INFO - Processing /opt/airflow/dags/daily_summary_dag.py took 0.150 seconds
[2026-10-06T18:16:37.996+0000] {processor.py:161} INFO - Started process (PID=984) to work on /opt/airflow/dags/daily_summary_dag.py
[2026-10-06T18:16:37.997+0000] {processor.py:830} INFO - Processing file /opt/airflow/dags/daily_summary_dag.py for tasks to queue
[2026-10-06T18:16:37.999+0000] {logging_mixin.py:188} INFO - [2026-10-06T18:16:37.998+0000] {dagbag.py:545} INFO - Filling up the DagBag from /opt/airflow/dags/daily_summary_dag.py
[2026-10-06T18:16:38.021+0000] {processor.py:840} INFO - DAG(s) 'daily_summary_dag' retrieved from /opt/airflow/dags/daily_summary_dag.py
[2026-10-06T18:16:38.053+0000] {logging_mixin.py:188} INFO - [2026-10-06T18:16:38.053+0000] {dag.py:3089} INFO - Sync 1 DAGs
[2026-10-06T18:16:38.079+0000] {logging_mixin.py:188} INFO - [2026-10-06T18:16:38.078+0000] {dag.py:3947} INFO - Setting next_dagrun for daily_summary_dag to 2026-10-06 00:00:00+00:00, run_after=2026-10-07 00:00:00+00:00
[2026-10-06T18:16:38.101+0000] {processor.py:183} INFO - Processing /opt/airflow/dags/daily_summary_dag.py took 0.110 seconds
[2026-10-06T18:17:06.724+0000] {processor.py:161} INFO - Started process (PID=989) to work on /opt/airflow/dags/daily_summary_dag.py
[2026-10-06T18:17:06.726+0000] {processor.py:830} INFO - Processing file /opt/airflow/dags/daily_summary_dag.py for tasks to queue
[2026-10-06T18:17:06.728+0000] {logging_mixin.py:188} INFO - [2026-10-06T18:17:06.728+0000] {dagbag.py:545} INFO - Filling up the DagBag from /opt/airflow/dags/daily_summary_dag.py
[2026-10-06T18:17:06.752+0000] {processor.py:840} INFO - DAG(s) 'daily_summary_dag' retrieved from /opt/airflow/dags/daily_summary_dag.py
[2026-10-06T18:17:06.796+0000] {logging_mixin.py:188} INFO - [2026-10-06T18:17:06.796+0000] {dag.py:3089} INFO - Sync 1 DAGs
[2026-10-06T18:17:06.823+0000] {logging_mixin.py:188} INFO - [2026-10-06T18:17:06.823+0000] {dag.py:3947} INFO - Setting next_dagrun for daily_summary_dag to 2026-10-06 00:00:00+00:00, run_after=2026-10-07 00:00:00+00:00
[2026-10-06T18:17:06.848+0000] {processor.py:183} INFO - Processing /opt/airflow/dags/daily_summary_dag.py took 0.130 seconds
[2026-10-06T18:17:08.190+0000] {processor.py:161} INFO - Started process (PID=994) to work on /opt/airflow/dags/daily_summary_dag.py
[2026-10-06T18:17:08.191+0000] {processor.py:830} INFO - Processing file /opt/airflow/dags/daily_summary_dag.py for tasks to queue
[2026-10-06T18:17:08.193+0000] {logging_mixin.py:188} INFO - [2026-10-06T18:17:08.193+0000] {dagbag.py:545} INFO - Filling up the DagBag from /opt/airflow/dags/daily_summary_dag.py
[2026-10-06T18:17:08.212+0000] {processor.py:840} INFO - DAG(s) 'daily_summary_dag' retrieved from /opt/airflow/dags/daily_summary_dag.py
[2026-10-06T18:17:08.246+0000] {logging_mixin.py:188} INFO - [2026-10-06T18:17:08.245+0000] {dag.py:3089} INFO - Sync 1 DAGs
[2026-10-06T18:17:08.274+0000] {logging_mixin.py:188} INFO - [2026-10-06T18:17:08.273+0000] {dag.py:3947} INFO - Setting next_dagrun for daily_summary_dag to 2026-10-06 00:00:00+00:00, run_after=2026-10-07 00:00:00+00:00
[2026-10-06T18:17:08.297+0000] {processor.py:183} INFO - Processing /opt/airflow/dags/daily_summary_dag.py took 0.112 seconds
[2026-10-06T18:17:36.946+0000] {processor.py:161} INFO - Started process (PID=999) to work on /opt/airflow/dags/daily_summary_dag.py
[2026-10-06T18:17:36.947+0000] {processor.py:830} INFO - Processing file /opt/airflow/dags/daily_summary_dag.py for tasks to queue
[2026-10-06T18:17:36.950+0000] {logging_mixin.py:188} INFO - [2026-10-06T18:17:36.949+0000] {dagbag.py:545} INFO - Filling up the DagBag from /opt/airflow/dags/daily_summary_dag.py
[2026-10-06T18:17:36.977+0000] {processor.py:840} INFO - DAG(s) 'daily_summary_dag' retrieved from /opt/airflow/dags/daily_summary_dag.py
[2026-10-06T18:17:37.029+0000] {logging_mixin.py:188} INFO - [2026-10-06T18:17:37.028+0000] {dag.py:3089} INFO - Sync 1 DAGs
[2026-10-06T18:17:37.078+0000] {logging_mixin.py:188} INFO - [2026-10-06T18:17:37.077+0000] {dag.py:3947} INFO - Setting next_dagrun for daily_summary_dag to 2026-10-06 00:00:00+00:00, run_after=2026-10-07 00:00:00+00:00
[2026-10-06T18:17:37.104+0000] {processor.py:183} INFO - Processing /opt/airflow/dags/daily_summary_dag.py took 0.165 seconds
[2026-10-06T18:17:38.447+0000] {processor.py:161} INFO - Started process (PID=1004) to work on /opt/airflow/dags/daily_summary_dag.py
[2026-10-06T18:17:38.448+0000] {processor.py:830} INFO - Processing file /opt/airflow/dags/daily_summary_dag.py for tasks to queue
[2026-10-06T18:17:38.450+0000] {logging_mixin.py:188} INFO - [2026-10-06T18:17:38.450+0000] {dagbag.py:545} INFO - Filling up the DagBag from /opt/airflow/dags/daily_summary_dag.py
[2026-10-06T18:17:38.472+0000] {processor.py:840} INFO - DAG(s) 'daily_summary_dag' retrieved from /opt/airflow/dags/daily_summary_dag.py
[2026-10-06T18:17:38.502+0000] {logging_mixin.py:188} INFO - [2026-10-06T18:17:38.502+0000] {dag.py:3089} INFO - Sync 1 DAGs
[2026-10-06T18:17:38.525+0000] {logging_mixin.py:188} INFO - [2026-10-06T18:17:38.525+0000] {dag.py:3947} INFO - Setting next_dagrun for daily_summary_dag to 2026-10-06 00:00:00+00:00, run_after=2026-10-07 00:00:00+00:00
[2026-10-06T18:17:38.547+0000] {processor.py:183} INFO - Processing /opt/airflow/dags/daily_summary_dag.py took 0.107 seconds
[2026-10-06T18:18:07.215+0000] {processor.py:161} INFO - Started process (PID=1009) to work on /opt/airflow/dags/daily_summary_dag.py
[2026-10-06T18:18:07.216+0000] {processor.py:830} INFO - Processing file /opt/airflow/dags/daily_summary_dag.py for tasks to queue
[2026-10-06T18:18:07.219+0000] {logging_mixin.py:188} INFO - [2026-10-06T18:18:07.218+0000] {dagbag.py:545} INFO - Filling up the DagBag from /opt/airflow/dags/daily_summary_dag.py
[2026-10-06T18:18:07.254+0000] {processor.py:840} INFO - DAG(s) 'daily_summary_dag' retrieved from /opt/airflow/dags/daily_summary_dag.py
[2026-10-06T18:18:07.299+0000] {logging_mixin.py:188} INFO - [2026-10-06T18:18:07.299+0000] {dag.py:3089} INFO - Sync 1 DAGs
[2026-10-06T18:18:07.327+0000] {logging_mixin.py:188} INFO - [2026-10-06T18:18:07.327+0000] {dag.py:3947} INFO - Setting next_dagrun for daily_summary_dag to 2026-10-06 00:00:00+00:00, run_after=2026-10-07 00:00:00+00:00
[2026-10-06T18:18:07.363+0000] {processor.py:183} INFO - Processing /opt/airflow/dags/daily_summary_dag.py took 0.158 seconds
[2026-10-06T18:18:08.697+0000] {processor.py:161} INFO - Started process (PID=1014) to work on /opt/airflow/dags/daily_summary_dag.py
[2026-10-06T18:18:08.698+0000] {processor.py:830} INFO - Processing file /opt/airflow/dags/daily_summary_dag.py for tasks to queue
[2026-10-06T18:18:08.700+0000] {logging_mixin.py:188} INFO - [2026-10-06T18:18:08.700+0000] {dagbag.py:545} INFO - Filling up the DagBag from /opt/airflow/dags/daily_summary_dag.py
[2026-10-06T18:18:08.729+0000] {processor.py:840} INFO - DAG(s) 'daily_summary_dag' retrieved from /opt/airflow/dags/daily_summary_dag.py
[2026-10-06T18:18:08.784+0000] {logging_mixin.py:188} INFO - [2026-10-06T18:18:08.783+0000] {dag.py:3089} INFO - Sync 1 DAGs
[2026-10-06T18:18:08.809+0000] {logging_mixin.py:188} INFO - [2026-10-06T18:18:08.808+0000] {dag.py:3947} INFO - Setting next_dagrun for daily_summary_dag to 2026-10-06 00:00:00+00:00, run_after=2026-10-07 00:00:00+00:00
[2026-10-06T18:18:08.835+0000] {processor.py:183} INFO - Processing /opt/airflow/dags/daily_summary_dag.py took 0.144 seconds
[2026-10-06T18:18:37.521+0000] {processor.py:161} INFO - Started process (PID=1019) to work on /opt/airflow/dags/daily_summary_dag.py
[2026-10-06T18:18:37.523+0000] {processor.py:830} INFO - Processing file /opt/airflow/dags/daily_summary_dag.py for tasks to queue
[2026-10-06T18:18:37.528+0000] {logging_mixin.py:188} INFO - [2026-10-06T18:18:37.527+0000] {dagbag.py:545} INFO - Filling up the DagBag from /opt/airflow/dags/daily_summary_dag.py
[2026-10-06T18:18:37.550+0000] {processor.py:840} INFO - DAG(s) 'daily_summary_dag' retrieved from /opt/airflow/dags/daily_summary_dag.py
[2026-10-06T18:18:37.603+0000] {logging_mixin.py:188} INFO - [2026-10-06T18:18:37.603+0000] {dag.py:3089} INFO - Sync 1 DAGs
[2026-10-06T18:18:37.633+0000] {logging_mixin.py:188} INFO - [2026-10-06T18:18:37.633+0000] {dag.py:3947} INFO - Setting next_dagrun for daily_summary_dag to 2026-10-06 00:00:00+00:00, run_after=2026-10-07 00:00:00+00:00
[2026-10-06T18:18:37.667+0000] {processor.py:183} INFO - Processing /opt/airflow/dags/daily_summary_dag.py took 0.157 seconds
[2026-10-06T18:18:38.897+0000] {processor.py:161} INFO - Started process (PID=1024) to work on /opt/airflow/dags/daily_summary_dag.py
[2026-10-06T18:18:38.898+0000] {processor.py:830} INFO - Processing file /opt/airflow/dags/daily_summary_dag.py for tasks to queue
[2026-10-06T18:18:38.901+0000] {logging_mixin.py:188} INFO - [2026-10-06T18:18:38.900+0000] {dagbag.py:545} INFO - Filling up the DagBag from /opt/airflow/dags/daily_summary_dag.py
[2026-10-06T18:18:38.921+0000] {processor.py:840} INFO - DAG(s) 'daily_summary_dag' retrieved from /opt/airflow/dags/daily_summary_dag.py
[2026-10-06T18:18:38.950+0000] {logging_mixin.py:188} INFO - [2026-10-06T18:18:38.950+0000] {dag.py:3089} INFO - Sync 1 DAGs
[2026-10-06T18:18:38.974+0000] {logging_mixin.py:188} INFO - [2026-10-06T18:18:38.974+0000] {dag.py:3947} INFO - Setting next_dagrun for daily_summary_dag to 2026-10-06 00:00:00+00:00, run_after=2026-10-07 00:00:00+00:00
[2026-10-06T18:18:38.996+0000] {processor.py:183} INFO - Processing /opt/airflow/dags/daily_summary_dag.py took 0.104 seconds
[2026-10-06T18:19:07.845+0000] {processor.py:161} INFO - Started process (PID=1029) to work on /opt/airflow/dags/daily_summary_dag.py
[2026-10-06T18:19:07.846+0000] {processor.py:830} INFO - Processing file /opt/airflow/dags/daily_summary_dag.py for tasks to queue
[2026-10-06T18:19:07.849+0000] {logging_mixin.py:188} INFO - [2026-10-06T18:19:07.848+0000] {dagbag.py:545} INFO - Filling up the DagBag from /opt/airflow/dags/daily_summary_dag.py
[2026-10-06T18:19:07.871+0000] {processor.py:840} INFO - DAG(s) 'daily_summary_dag' retrieved from /opt/airflow/dags/daily_summary_dag.py
[2026-10-06T18:19:07.908+0000] {logging_mixin.py:188} INFO - [2026-10-06T18:19:07.908+0000] {dag.py:3089} INFO - Sync 1 DAGs
[2026-10-06T18:19:07.932+0000] {logging_mixin.py:188} INFO - [2026-10-06T18:19:07.932+0000] {dag.py:3947} INFO - Setting next_dagrun for daily_summary_dag to 2026-10-06 00:00:00+00:00, run_after=2026-10-07 00:00:00+00:00
[2026-10-06T18:19:07.961+0000] {processor.py:183} INFO - Processing /opt/airflow/dags/daily_summary_dag.py took 0.124 seconds
[2026-10-06T18:19:09.175+0000] {processor.py:161} INFO - Started process (PID=1034) to work on /opt/airflow/dags/daily_summary_dag.py
[2026-10-06T18:19:09.177+0000] {processor.py:830} INFO - Processing file /opt/airflow/dags/daily_summary_dag.py for tasks to queue
[2026-10-06T18:19:09.178+0000] {logging_mixin.py:188} INFO - [2026-10-06T18:19:09.178+0000] {dagbag.py:545} INFO - Filling up the DagBag from /opt/airflow/dags/daily_summary_dag.py
[2026-10-06T18:19:09.197+0000] {processor.py:840} INFO - DAG(s) 'daily_summary_dag' retrieved from /opt/airflow/dags/daily_summary_dag.py
[2026-10-06T18:19:09.226+0000] {logging_mixin.py:188} INFO - [2026-10-06T18:19:09.226+0000] {dag.py:3089} INFO - Sync 1 DAGs
[2026-10-06T18:19:09.250+0000] {logging_mixin.py:188} INFO - [2026-10-06T18:19:09.250+0000] {dag.py:3947} INFO - Setting next_dagrun for daily_summary_dag to 2026-10-06 00:00:00+00:00, run_after=2026-10-07 00:00:00+00:00
[2026-10-06T18:19:09.279+0000] {processor.py:183} INFO - Processing /opt/airflow/dags/daily_summary_dag.py took 0.109 seconds
[2026-10-06T18:19:38.023+0000] {processor.py:161} INFO - Started process (PID=1039) to work on /opt/airflow/dags/daily_summary_dag.py
[2026-10-06T18:19:38.024+0000] {processor.py:830} INFO - Processing file /opt/airflow/dags/daily_summary_dag.py for tasks to queue
[2026-10-06T18:19:38.027+0000] {logging_mixin.py:188} INFO - [2026-10-06T18:19:38.026+0000] {dagbag.py:545} INFO - Filling up the DagBag from /opt/airflow/dags/daily_summary_dag.py
[2026-10-06T18:19:38.045+0000] {processor.py:840} INFO - DAG(s) 'daily_summary_dag' retrieved from /opt/airflow/dags/daily_summary_dag.py
[2026-10-06T18:19:38.075+0000] {logging_mixin.py:188} INFO - [2026-10-06T18:19:38.075+0000] {dag.py:3089} INFO - Sync 1 DAGs
[2026-10-06T18:19:38.115+0000] {logging_mixin.py:188} INFO - [2026-10-06T18:19:38.115+0000] {dag.py:3947} INFO - Setting next_dagrun for daily_summary_dag to 2026-10-06 00:00:00+00:00, run_after=2026-10-07 00:00:00+00:00
[2026-10-06T18:19:38.134+0000] {processor.py:183} INFO - Processing /opt/airflow/dags/daily_summary_dag.py took 0.117 seconds
[2026-10-06T18:19:39.357+0000] {processor.py:161} INFO - Started process (PID=1044) to work on /opt/airflow/dags/daily_summary_dag.py
[2026-10-06T18:19:39.358+0000] {processor.py:830} INFO - Processing file /opt/airflow/dags/daily_summary_dag.py for tasks to queue
[2026-10-06T18:19:39.360+0000] {logging_mixin.py:188} INFO - [2026-10-06T18:19:39.360+0000] {dagbag.py:545} INFO - Filling up the DagBag from /opt/airflow/dags/daily_summary_dag.py
[2026-10-06T18:19:39.379+0000] {processor.py:840} INFO - DAG(s) 'daily_summary_dag' retrieved from /opt/airflow/dags/daily_summary_dag.py
[2026-10-06T18:19:39.408+0000] {logging_mixin.py:188} INFO - [2026-10-06T18:19:39.407+0000] {dag.py:3089} INFO - Sync 1 DAGs
[2026-10-06T18:19:39.431+0000] {logging_mixin.py:188} INFO - [2026-10-06T18:19:39.431+0000] {dag.py:3947} INFO - Setting next_dagrun for daily_summary_dag to 2026-10-06 00:00:00+00:00, run_after=2026-10-07 00:00:00+00:00
[2026-10-06T18:19:39.451+0000] {processor.py:183} INFO - Processing /opt/airflow/dags/daily_summary_dag.py took 0.100 seconds
[2026-10-06T18:20:08.371+0000] {processor.py:161} INFO - Started process (PID=1049) to work on /opt/airflow/dags/daily_summary_dag.py
[2026-10-06T18:20:08.373+0000] {processor.py:830} INFO - Processing file /opt/airflow/dags/daily_summary_dag.py for tasks to queue
[2026-10-06T18:20:08.376+0000] {logging_mixin.py:188} INFO - [2026-10-06T18:20:08.375+0000] {dagbag.py:545} INFO - Filling up the DagBag from /opt/airflow/dags/daily_summary_dag.py
[2026-10-06T18:20:08.409+0000] {processor.py:840} INFO - DAG(s) 'daily_summary_dag' retrieved from /opt/airflow/dags/daily_summary_dag.py
[2026-10-06T18:20:08.451+0000] {logging_mixin.py:188} INFO - [2026-10-06T18:20:08.451+0000] {dag.py:3089} INFO - Sync 1 DAGs
[2026-10-06T18:20:08.480+0000] {logging_mixin.py:188} INFO - [2026-10-06T18:20:08.480+0000] {dag.py:3947} INFO - Setting next_dagrun for daily_summary_dag to 2026-10-06 00:00:00+00:00, run_after=2026-10-07 00:00:00+00:00
[2026-10-06T18:20:08.504+0000] {processor.py:183} INFO - Processing /opt/airflow/dags/daily_summary_dag.py took 0.141 seconds
[2026-10-06T18:20:09.662+0000] {processor.py:161} INFO - Started process (PID=1054) to work on /opt/airflow/dags/daily_summary_dag.py
[2026-10-06T18:20:09.663+0000] {processor.py:830} INFO - Processing file /opt/airflow/dags/daily_summary_dag.py for tasks to queue
[2026-10-06T18:20:09.667+0000] {logging_mixin.py:188} INFO - [2026-10-06T18:20:09.666+0000] {dagbag.py:545} INFO - Filling up the DagBag from /opt/airflow/dags/daily_summary_dag.py
[2026-10-06T18:20:09.688+0000] {processor.py:840} INFO - DAG(s) 'daily_summary_dag' retrieved from /opt/airflow/dags/daily_summary_dag.py
[2026-10-06T18:20:09.723+0000] {logging_mixin.py:188} INFO - [2026-10-06T18:20:09.723+0000] {dag.py:3089} INFO - Sync 1 DAGs
[2026-10-06T18:20:09.750+0000] {logging_mixin.py:188} INFO - [2026-10-06T18:20:09.750+0000] {dag.py:3947} INFO - Setting next_dagrun for daily_summary_dag to 2026-10-06 00:00:00+00:00, run_after=2026-10-07 00:00:00+00:00
[2026-10-06T18:20:09.775+0000] {processor.py:183} INFO - Processing /opt/airflow/dags/daily_summary_dag.py took 0.119 seconds
[2026-10-06T18:20:38.558+0000] {processor.py:161} INFO - Started process (PID=1059) to work on /opt/airflow/dags/daily_summary_dag.py
[2026-10-06T18:20:38.560+0000] {processor.py:830} INFO - Processing file /opt/airflow/dags/daily_summary_dag.py for tasks to queue
[2026-10-06T18:20:38.562+0000] {logging_mixin.py:188} INFO - [2026-10-06T18:20:38.562+0000] {dagbag.py:545} INFO - Filling up the DagBag from /opt/airflow/dags/daily_summary_dag.py
[2026-10-06T18:20:38.582+0000] {processor.py:840} INFO - DAG(s) 'daily_summary_dag' retrieved from /opt/airflow/dags/daily_summary_dag.py
[2026-10-06T18:20:38.616+0000] {logging_mixin.py:188} INFO - [2026-10-06T18:20:38.616+0000] {dag.py:3089} INFO - Sync 1 DAGs
[2026-10-06T18:20:38.641+0000] {logging_mixin.py:188} INFO - [2026-10-06T18:20:38.641+0000] {dag.py:3947} INFO - Setting next_dagrun for daily_summary_dag to 2026-10-06 00:00:00+00:00, run_after=2026-10-07 00:00:00+00:00
[2026-10-06T18:20:38.663+0000] {processor.py:183} INFO - Processing /opt/airflow/dags/daily_summary_dag.py took 0.110 seconds
[2026-10-06T18:20:39.834+0000] {processor.py:161} INFO - Started process (PID=1064) to work on /opt/airflow/dags/daily_summary_dag.py
[2026-10-06T18:20:39.835+0000] {processor.py:830} INFO - Processing file /opt/airflow/dags/daily_summary_dag.py for tasks to queue
[2026-10-06T18:20:39.837+0000] {logging_mixin.py:188} INFO - [2026-10-06T18:20:39.837+0000] {dagbag.py:545} INFO - Filling up the DagBag from /opt/airflow/dags/daily_summary_dag.py
[2026-10-06T18:20:39.857+0000] {processor.py:840} INFO - DAG(s) 'daily_summary_dag' retrieved from /opt/airflow/dags/daily_summary_dag.py
[2026-10-06T18:20:39.889+0000] {logging_mixin.py:188} INFO - [2026-10-06T18:20:39.888+0000] {dag.py:3089} INFO - Sync 1 DAGs
[2026-10-06T18:20:39.911+0000] {logging_mixin.py:188} INFO - [2026-10-06T18:20:39.910+0000] {dag.py:3947} INFO - Setting next_dagrun for daily_summary_dag to 2026-10-06 00:00:00+00:00, run_after=2026-10-07 00:00:00+00:00
[2026-10-06T18:20:39.933+0000] {processor.py:183} INFO - Processing /opt/airflow/dags/daily_summary_dag.py took 0.105 seconds
[2026-10-06T18:21:08.855+0000] {processor.py:161} INFO - Started process (PID=1069) to work on /opt/airflow/dags/daily_summary_dag.py
[2026-10-06T18:21:08.857+0000] {processor.py:830} INFO - Processing file /opt/airflow/dags/daily_summary_dag.py for tasks to queue
[2026-10-06T18:21:08.859+0000] {logging_mixin.py:188} INFO - [2026-10-06T18:21:08.859+0000] {dagbag.py:545} INFO - Filling up the DagBag from /opt/airflow/dags/daily_summary_dag.py
[2026-10-06T18:21:08.879+0000] {processor.py:840} INFO - DAG(s) 'daily_summary_dag' retrieved from /opt/airflow/dags/daily_summary_dag.py
[2026-10-06T18:21:08.909+0000] {logging_mixin.py:188} INFO - [2026-10-06T18:21:08.908+0000] {dag.py:3089} INFO - Sync 1 DAGs
[2026-10-06T18:21:08.931+0000] {logging_mixin.py:188} INFO - [2026-10-06T18:21:08.931+0000] {dag.py:3947} INFO - Setting next_dagrun for daily_summary_dag to 2026-10-06 00:00:00+00:00, run_after=2026-10-07 00:00:00+00:00
[2026-10-06T18:21:08.951+0000] {processor.py:183} INFO - Processing /opt/airflow/dags/daily_summary_dag.py took 0.101 seconds
[2026-10-06T18:21:10.123+0000] {processor.py:161} INFO - Started process (PID=1074) to work on /opt/airflow/dags/daily_summary_dag.py
[2026-10-06T18:21:10.124+0000] {processor.py:830} INFO - Processing file /opt/airflow/dags/daily_summary_dag.py for tasks to queue
[2026-10-06T18:21:10.126+0000] {logging_mixin.py:188} INFO - [2026-10-06T18:21:10.126+0000] {dagbag.py:545} INFO - Filling up the DagBag from /opt/airflow/dags/daily_summary_dag.py
[2026-10-06T18:21:10.145+0000] {processor.py:840} INFO - DAG(s) 'daily_summary_dag' retrieved from /opt/airflow/dags/daily_summary_dag.py
[2026-10-06T18:21:10.174+0000] {logging_mixin.py:188} INFO - [2026-10-06T18:21:10.174+0000] {dag.py:3089} INFO - Sync 1 DAGs
[2026-10-06T18:21:10.197+0000] {logging_mixin.py:188} INFO - [2026-10-06T18:21:10.197+0000] {dag.py:3947} INFO - Setting next_dagrun for daily_summary_dag to 2026-10-06 00:00:00+00:00, run_after=2026-10-07 00:00:00+00:00
[2026-10-06T18:21:10.219+0000] {processor.py:183} INFO - Processing /opt/airflow/dags/daily_summary_dag.py took 0.101 seconds
[2026-10-06T18:21:39.037+0000] {processor.py:161} INFO - Started process (PID=1079) to work on /opt/airflow/dags/daily_summary_dag.py
[2026-10-06T18:21:39.038+0000] {processor.py:830} INFO - Processing file /opt/airflow/dags/daily_summary_dag.py for tasks to queue
[2026-10-06T18:21:39.040+0000] {logging_mixin.py:188} INFO - [2026-10-06T18:21:39.040+0000] {dagbag.py:545} INFO - Filling up the DagBag from /opt/airflow/dags/daily_summary_dag.py
[2026-10-06T18:21:39.060+0000] {processor.py:840} INFO - DAG(s) 'daily_summary_dag' retrieved from /opt/airflow/dags/daily_summary_dag.py
[2026-10-06T18:21:39.090+0000] {logging_mixin.py:188} INFO - [2026-10-06T18:21:39.090+0000] {dag.py:3089} INFO - Sync 1 DAGs
[2026-10-06T18:21:39.111+0000] {logging_mixin.py:188} INFO - [2026-10-06T18:21:39.111+0000] {dag.py:3947} INFO - Setting next_dagrun for daily_summary_dag to 2026-10-06 00:00:00+00:00, run_after=2026-10-07 00:00:00+00:00
[2026-10-06T18:21:39.134+0000] {processor.py:183} INFO - Processing /opt/airflow/dags/daily_summary_dag.py took 0.103 seconds
[2026-10-06T18:21:40.301+0000] {processor.py:161} INFO - Started process (PID=1084) to work on /opt/airflow/dags/daily_summary_dag.py
[2026-10-06T18:21:40.302+0000] {processor.py:830} INFO - Processing file /opt/airflow/dags/daily_summary_dag.py for tasks to queue
[2026-10-06T18:21:40.305+0000] {logging_mixin.py:188} INFO - [2026-10-06T18:21:40.305+0000] {dagbag.py:545} INFO - Filling up the DagBag from /opt/airflow/dags/daily_summary_dag.py
[2026-10-06T18:21:40.327+0000] {processor.py:840} INFO - DAG(s) 'daily_summary_dag' retrieved from /opt/airflow/dags/daily_summary_dag.py
[2026-10-06T18:21:40.356+0000] {logging_mixin.py:188} INFO - [2026-10-06T18:21:40.355+0000] {dag.py:3089} INFO - Sync 1 DAGs
[2026-10-06T18:21:40.378+0000] {logging_mixin.py:188} INFO - [2026-10-06T18:21:40.378+0000] {dag.py:3947} INFO - Setting next_dagrun for daily_summary_dag to 2026-10-06 00:00:00+00:00, run_after=2026-10-07 00:00:00+00:00
[2026-10-06T18:21:40.399+0000] {processor.py:183} INFO - Processing /opt/airflow/dags/daily_summary_dag.py took 0.103 seconds
[2026-10-06T18:22:09.296+0000] {processor.py:161} INFO - Started process (PID=1089) to work on /opt/airflow/dags/daily_summary_dag.py
[2026-10-06T18:22:09.297+0000] {processor.py:830} INFO - Processing file /opt/airflow/dags/daily_summary_dag.py for tasks to queue
[2026-10-06T18:22:09.299+0000] {logging_mixin.py:188} INFO - [2026-10-06T18:22:09.299+0000] {dagbag.py:545} INFO - Filling up the DagBag from /opt/airflow/dags/daily_summary_dag.py
[2026-10-06T18:22:09.318+0000] {processor.py:840} INFO - DAG(s) 'daily_summary_dag' retrieved from /opt/airflow/dags/daily_summary_dag.py
[2026-10-06T18:22:09.346+0000] {logging_mixin.py:188} INFO - [2026-10-06T18:22:09.346+0000] {dag.py:3089} INFO - Sync 1 DAGs
[2026-10-06T18:22:09.373+0000] {logging_mixin.py:188} INFO - [2026-10-06T18:22:09.373+0000] {dag.py:3947} INFO - Setting next_dagrun for daily_summary_dag to 2026-10-06 00:00:00+00:00, run_after=2026-10-07 00:00:00+00:00
[2026-10-06T18:22:09.398+0000] {processor.py:183} INFO - Processing /opt/airflow/dags/daily_summary_dag.py took 0.107 seconds
[2026-10-06T18:22:10.571+0000] {processor.py:161} INFO - Started process (PID=1094) to work on /opt/airflow/dags/daily_summary_dag.py
[2026-10-06T18:22:10.572+0000] {processor.py:830} INFO - Processing file /opt/airflow/dags/daily_summary_dag.py for tasks to queue
[2026-10-06T18:22:10.574+0000] {logging_mixin.py:188} INFO - [2026-10-06T18:22:10.574+0000] {dagbag.py:545} INFO - Filling up the DagBag from /opt/airflow/dags/daily_summary_dag.py
[2026-10-06T18:22:10.593+0000] {processor.py:840} INFO - DAG(s) 'daily_summary_dag' retrieved from /opt/airflow/dags/daily_summary_dag.py
[2026-10-06T18:22:10.625+0000] {logging_mixin.py:188} INFO - [2026-10-06T18:22:10.625+0000] {dag.py:3089} INFO - Sync 1 DAGs
[2026-10-06T18:22:10.647+0000] {logging_mixin.py:188} INFO - [2026-10-06T18:22:10.646+0000] {dag.py:3947} INFO - Setting next_dagrun for daily_summary_dag to 2026-10-06 00:00:00+00:00, run_after=2026-10-07 00:00:00+00:00
[2026-10-06T18:22:10.668+0000] {processor.py:183} INFO - Processing /opt/airflow/dags/daily_summary_dag.py took 0.102 seconds
[2026-10-06T18:22:39.479+0000] {processor.py:161} INFO - Started process (PID=1099) to work on /opt/airflow/dags/daily_summary_dag.py
[2026-10-06T18:22:39.480+0000] {processor.py:830} INFO - Processing file /opt/airflow/dags/daily_summary_dag.py for tasks to queue
[2026-10-06T18:22:39.482+0000] {logging_mixin.py:188} INFO - [2026-10-06T18:22:39.482+0000] {dagbag.py:545} INFO - Filling up the DagBag from /opt/airflow/dags/daily_summary_dag.py
[2026-10-06T18:22:39.503+0000] {processor.py:840} INFO - DAG(s) 'daily_summary_dag' retrieved from /opt/airflow/dags/daily_summary_dag.py
[2026-10-06T18:22:39.532+0000] {logging_mixin.py:188} INFO - [2026-10-06T18:22:39.532+0000] {dag.py:3089} INFO - Sync 1 DAGs
[2026-10-06T18:22:39.555+0000] {logging_mixin.py:188} INFO - [2026-10-06T18:22:39.555+0000] {dag.py:3947} INFO - Setting next_dagrun for daily_summary_dag to 2026-10-06 00:00:00+00:00, run_after=2026-10-07 00:00:00+00:00
[2026-10-06T18:22:39.582+0000] {processor.py:183} INFO - Processing /opt/airflow/dags/daily_summary_dag.py took 0.109 seconds
[2026-10-06T18:22:40.745+0000] {processor.py:161} INFO - Started process (PID=1104) to work on /opt/airflow/dags/daily_summary_dag.py
[2026-10-06T18:22:40.747+0000] {processor.py:830} INFO - Processing file /opt/airflow/dags/daily_summary_dag.py for tasks to queue
[2026-10-06T18:22:40.749+0000] {logging_mixin.py:188} INFO - [2026-10-06T18:22:40.749+0000] {dagbag.py:545} INFO - Filling up the DagBag from /opt/airflow/dags/daily_summary_dag.py
[2026-10-06T18:22:40.769+0000] {processor.py:840} INFO - DAG(s) 'daily_summary_dag' retrieved from /opt/airflow/dags/daily_summary_dag.py
[2026-10-06T18:22:40.800+0000] {logging_mixin.py:188} INFO - [2026-10-06T18:22:40.799+0000] {dag.py:3089} INFO - Sync 1 DAGs
[2026-10-06T18:22:40.824+0000] {logging_mixin.py:188} INFO - [2026-10-06T18:22:40.824+0000] {dag.py:3947} INFO - Setting next_dagrun for daily_summary_dag to 2026-10-06 00:00:00+00:00, run_after=2026-10-07 00:00:00+00:00
[2026-10-06T18:22:40.845+0000] {processor.py:183} INFO - Processing /opt/airflow/dags/daily_summary_dag.py took 0.105 seconds
[2026-10-06T18:23:09.743+0000] {processor.py:161} INFO - Started process (PID=1109) to work on /opt/airflow/dags/daily_summary_dag.py
[2026-10-06T18:23:09.744+0000] {processor.py:830} INFO - Processing file /opt/airflow/dags/daily_summary_dag.py for tasks to queue
[2026-10-06T18:23:09.746+0000] {logging_mixin.py:188} INFO - [2026-10-06T18:23:09.746+0000] {dagbag.py:545} INFO - Filling up the DagBag from /opt/airflow/dags/daily_summary_dag.py
[2026-10-06T18:23:09.765+0000] {processor.py:840} INFO - DAG(s) 'daily_summary_dag' retrieved from /opt/airflow/dags/daily_summary_dag.py
[2026-10-06T18:23:09.791+0000] {logging_mixin.py:188} INFO - [2026-10-06T18:23:09.791+0000] {dag.py:3089} INFO - Sync 1 DAGs
[2026-10-06T18:23:09.817+0000] {logging_mixin.py:188} INFO - [2026-10-06T18:23:09.817+0000] {dag.py:3947} INFO - Setting next_dagrun for daily_summary_dag to 2026-10-06 00:00:00+00:00, run_after=2026-10-07 00:00:00+00:00
[2026-10-06T18:23:09.839+0000] {processor.py:183} INFO - Processing /opt/airflow/dags/daily_summary_dag.py took 0.102 seconds
[2026-10-06T18:23:11.043+0000] {processor.py:161} INFO - Started process (PID=1114) to work on /opt/airflow/dags/daily_summary_dag.py
[2026-10-06T18:23:11.045+0000] {processor.py:830} INFO - Processing file /opt/airflow/dags/daily_summary_dag.py for tasks to queue
[2026-10-06T18:23:11.046+0000] {logging_mixin.py:188} INFO - [2026-10-06T18:23:11.046+0000] {dagbag.py:545} INFO - Filling up the DagBag from /opt/airflow/dags/daily_summary_dag.py
[2026-10-06T18:23:11.066+0000] {processor.py:840} INFO - DAG(s) 'daily_summary_dag' retrieved from /opt/airflow/dags/daily_summary_dag.py
[2026-10-06T18:23:11.093+0000] {logging_mixin.py:188} INFO - [2026-10-06T18:23:11.093+0000] {dag.py:3089} INFO - Sync 1 DAGs
[2026-10-06T18:23:11.115+0000] {logging_mixin.py:188} INFO - [2026-10-06T18:23:11.115+0000] {dag.py:3947} INFO - Setting next_dagrun for daily_summary_dag to 2026-10-06 00:00:00+00:00, run_after=2026-10-07 00:00:00+00:00
[2026-10-06T18:23:11.144+0000] {processor.py:183} INFO - Processing /opt/airflow/dags/daily_summary_dag.py took 0.106 seconds
[2026-10-06T18:23:39.999+0000] {processor.py:161} INFO - Started process (PID=1119) to work on /opt/airflow/dags/daily_summary_dag.py
[2026-10-06T18:23:40.000+0000] {processor.py:830} INFO - Processing file /opt/airflow/dags/daily_summary_dag.py for tasks to queue
[2026-10-06T18:23:40.002+0000] {logging_mixin.py:188} INFO - [2026-10-06T18:23:40.002+0000] {dagbag.py:545} INFO - Filling up the DagBag from /opt/airflow/dags/daily_summary_dag.py
[2026-10-06T18:23:40.022+0000] {processor.py:840} INFO - DAG(s) 'daily_summary_dag' retrieved from /opt/airflow/dags/daily_summary_dag.py
[2026-10-06T18:23:40.050+0000] {logging_mixin.py:188} INFO - [2026-10-06T18:23:40.049+0000] {dag.py:3089} INFO - Sync 1 DAGs
[2026-10-06T18:23:40.072+0000] {logging_mixin.py:188} INFO - [2026-10-06T18:23:40.072+0000] {dag.py:3947} INFO - Setting next_dagrun for daily_summary_dag to 2026-10-06 00:00:00+00:00, run_after=2026-10-07 00:00:00+00:00
[2026-10-06T18:23:40.092+0000] {processor.py:183} INFO - Processing /opt/airflow/dags/daily_summary_dag.py took 0.097 seconds
[2026-10-06T18:23:41.220+0000] {processor.py:161} INFO - Started process (PID=1124) to work on /opt/airflow/dags/daily_summary_dag.py
[2026-10-06T18:23:41.221+0000] {processor.py:830} INFO - Processing file /opt/airflow/dags/daily_summary_dag.py for tasks to queue
[2026-10-06T18:23:41.223+0000] {logging_mixin.py:188} INFO - [2026-10-06T18:23:41.223+0000] {dagbag.py:545} INFO - Filling up the DagBag from /opt/airflow/dags/daily_summary_dag.py
[2026-10-06T18:23:41.242+0000] {processor.py:840} INFO - DAG(s) 'daily_summary_dag' retrieved from /opt/airflow/dags/daily_summary_dag.py
[2026-10-06T18:23:41.271+0000] {logging_mixin.py:188} INFO - [2026-10-06T18:23:41.271+0000] {dag.py:3089} INFO - Sync 1 DAGs
[2026-10-06T18:23:41.294+0000] {logging_mixin.py:188} INFO - [2026-10-06T18:23:41.294+0000] {dag.py:3947} INFO - Setting next_dagrun for daily_summary_dag to 2026-10-06 00:00:00+00:00, run_after=2026-10-07 00:00:00+00:00
[2026-10-06T18:23:41.315+0000] {processor.py:183} INFO - Processing /opt/airflow/dags/daily_summary_dag.py took 0.101 seconds
[2026-10-06T18:24:10.306+0000] {processor.py:161} INFO - Started process (PID=1129) to work on /opt/airflow/dags/daily_summary_dag.py
[2026-10-06T18:24:10.307+0000] {processor.py:830} INFO - Processing file /opt/airflow/dags/daily_summary_dag.py for tasks to queue
[2026-10-06T18:24:10.310+0000] {logging_mixin.py:188} INFO - [2026-10-06T18:24:10.309+0000] {dagbag.py:545} INFO - Filling up the DagBag from /opt/airflow/dags/daily_summary_dag.py
[2026-10-06T18:24:10.333+0000] {processor.py:840} INFO - DAG(s) 'daily_summary_dag' retrieved from /opt/airflow/dags/daily_summary_dag.py
[2026-10-06T18:24:10.364+0000] {logging_mixin.py:188} INFO - [2026-10-06T18:24:10.363+0000] {dag.py:3089} INFO - Sync 1 DAGs
[2026-10-06T18:24:10.387+0000] {logging_mixin.py:188} INFO - [2026-10-06T18:24:10.386+0000] {dag.py:3947} INFO - Setting next_dagrun for daily_summary_dag to 2026-10-06 00:00:00+00:00, run_after=2026-10-07 00:00:00+00:00
[2026-10-06T18:24:10.408+0000] {processor.py:183} INFO - Processing /opt/airflow/dags/daily_summary_dag.py took 0.110 seconds
[2026-10-06T18:24:11.548+0000] {processor.py:161} INFO - Started process (PID=1134) to work on /opt/airflow/dags/daily_summary_dag.py
[2026-10-06T18:24:11.549+0000] {processor.py:830} INFO - Processing file /opt/airflow/dags/daily_summary_dag.py for tasks to queue
[2026-10-06T18:24:11.551+0000] {logging_mixin.py:188} INFO - [2026-10-06T18:24:11.550+0000] {dagbag.py:545} INFO - Filling up the DagBag from /opt/airflow/dags/daily_summary_dag.py
[2026-10-06T18:24:11.570+0000] {processor.py:840} INFO - DAG(s) 'daily_summary_dag' retrieved from /opt/airflow/dags/daily_summary_dag.py
[2026-10-06T18:24:11.607+0000] {logging_mixin.py:188} INFO - [2026-10-06T18:24:11.606+0000] {dag.py:3089} INFO - Sync 1 DAGs
[2026-10-06T18:24:11.632+0000] {logging_mixin.py:188} INFO - [2026-10-06T18:24:11.632+0000] {dag.py:3947} INFO - Setting next_dagrun for daily_summary_dag to 2026-10-06 00:00:00+00:00, run_after=2026-10-07 00:00:00+00:00
[2026-10-06T18:24:11.657+0000] {processor.py:183} INFO - Processing /opt/airflow/dags/daily_summary_dag.py took 0.115 seconds
