[2026-10-08T07:16:22.346+0000] {local_task_job_runner.py:120} INFO - ::group::Pre task execution logs
[2026-10-08T07:16:22.450+0000] {taskinstance.py:2076} INFO - Dependencies all met for dep_context=non-requeueable deps ti=<TaskInstance: daily_summary_dag.run_daily_summary_job scheduled__2026-10-07T00:00:00+00:00 [queued]>
[2026-10-08T07:16:22.456+0000] {taskinstance.py:2076} INFO - Dependencies all met for dep_context=requeueable deps ti=<TaskInstance: daily_summary_dag.run_daily_summary_job scheduled__2026-10-07T00:00:00+00:00 [queued]>
[2026-10-08T07:16:22.457+0000] {taskinstance.py:2306} INFO - Starting attempt 1 of 1
[2026-10-08T07:16:22.471+0000] {taskinstance.py:2330} INFO - Executing <Task(BashOperator): run_daily_summary_job> on 2026-10-07 00:00:00+00:00
[2026-10-08T07:16:22.478+0000] {standard_task_runner.py:64} INFO - Started process 121 to run task
[2026-10-08T07:16:22.482+0000] {standard_task_runner.py:90} INFO - Running: ['airflow', 'tasks', 'run', 'daily_summary_dag', 'run_daily_summary_job', 'scheduled__2026-10-07T00:00:00+00:00', '--job-id', '2', '--raw', '--subdir', 'DAGS_FOLDER/daily_summary_dag.py', '--cfg-path', '/tmp/tmpe77fp1va']
[2026-10-08T07:16:22.484+0000] {standard_task_runner.py:91} INFO - Job 2: Subtask run_daily_summary_job
[2026-10-08T07:16:22.530+0000] {task_command.py:426} INFO - Running <TaskInstance: daily_summary_dag.run_daily_summary_job scheduled__2026-10-07T00:00:00+00:00 [running]> on host 042aafadaf90
[2026-10-08T07:16:22.597+0000] {taskinstance.py:2648} INFO - Exporting env vars: AIRFLOW_CTX_DAG_OWNER='akhil' AIRFLOW_CTX_DAG_ID='daily_summary_dag' AIRFLOW_CTX_TASK_ID='run_daily_summary_job' AIRFLOW_CTX_EXECUTION_DATE='2026-10-07T00:00:00+00:00' AIRFLOW_CTX_TRY_NUMBER='1' AIRFLOW_CTX_DAG_RUN_ID='scheduled__2026-10-07T00:00:00+00:00'
[2026-10-08T07:16:22.599+0000] {taskinstance.py:430} INFO - ::endgroup::
[2026-10-08T07:16:22.649+0000] {subprocess.py:63} INFO - Tmp dir root location: /tmp
[2026-10-08T07:16:22.651+0000] {subprocess.py:75} INFO - Running command: ['/usr/bin/bash', '-c', 'docker exec -e PYTHONPATH=/opt/app payments-spark /opt/spark/bin/spark-submit --packages io.delta:delta-spark_2.12:3.2.0 --conf spark.sql.extensions=io.delta.sql.DeltaSparkSessionExtension --conf spark.sql.catalog.spark_catalog=org.apache.spark.sql.delta.catalog.DeltaCatalog /opt/app/src/streaming/gold_daily_summary.py']
[2026-10-08T07:16:22.665+0000] {subprocess.py:86} INFO - Output:
[2026-10-08T07:16:22.815+0000] {subprocess.py:93} INFO - Error response from daemon: container d2c30ec5c415c830066abd895f0673822804c4c8d5778ff59461c1ab688f10d5 is not running
[2026-10-08T07:16:22.817+0000] {subprocess.py:97} INFO - Command exited with return code 1
[2026-10-08T07:16:22.818+0000] {taskinstance.py:441} INFO - ::group::Post task execution logs
[2026-10-08T07:16:22.823+0000] {taskinstance.py:2905} ERROR - Task failed with exception
Traceback (most recent call last):
  File "/home/airflow/.local/lib/python3.12/site-packages/airflow/models/taskinstance.py", line 465, in _execute_task
    result = _execute_callable(context=context, **execute_callable_kwargs)
             ^^^^^^^^^^^^^^^^^^^^^^^^^^^^^^^^^^^^^^^^^^^^^^^^^^^^^^^^^^^^^
  File "/home/airflow/.local/lib/python3.12/site-packages/airflow/models/taskinstance.py", line 432, in _execute_callable
    return execute_callable(context=context, **execute_callable_kwargs)
           ^^^^^^^^^^^^^^^^^^^^^^^^^^^^^^^^^^^^^^^^^^^^^^^^^^^^^^^^^^^^
  File "/home/airflow/.local/lib/python3.12/site-packages/airflow/models/baseoperator.py", line 401, in wrapper
    return func(self, *args, **kwargs)
           ^^^^^^^^^^^^^^^^^^^^^^^^^^^
  File "/home/airflow/.local/lib/python3.12/site-packages/airflow/operators/bash.py", line 243, in execute
    raise AirflowException(
airflow.exceptions.AirflowException: Bash command failed. The command returned a non-zero exit code 1.
[2026-10-08T07:16:22.827+0000] {taskinstance.py:1206} INFO - Marking task as FAILED. dag_id=daily_summary_dag, task_id=run_daily_summary_job, run_id=scheduled__2026-10-07T00:00:00+00:00, execution_date=20261007T000000, start_date=20261008T071622, end_date=20261008T071622
[2026-10-08T07:16:22.839+0000] {standard_task_runner.py:110} ERROR - Failed to execute job 2 for task run_daily_summary_job (Bash command failed. The command returned a non-zero exit code 1.; 121)
[2026-10-08T07:16:22.856+0000] {local_task_job_runner.py:243} INFO - Task exited with return code 1
[2026-10-08T07:16:22.870+0000] {taskinstance.py:3503} INFO - 0 downstream tasks scheduled from follow-on schedule check
[2026-10-08T07:16:22.877+0000] {local_task_job_runner.py:222} INFO - ::endgroup::
[2026-10-08T07:43:08.097+0000] {local_task_job_runner.py:120} INFO - ::group::Pre task execution logs
[2026-10-08T07:43:08.202+0000] {taskinstance.py:2076} INFO - Dependencies all met for dep_context=non-requeueable deps ti=<TaskInstance: daily_summary_dag.run_daily_summary_job scheduled__2026-10-07T00:00:00+00:00 [queued]>
[2026-10-08T07:43:08.209+0000] {taskinstance.py:2076} INFO - Dependencies all met for dep_context=requeueable deps ti=<TaskInstance: daily_summary_dag.run_daily_summary_job scheduled__2026-10-07T00:00:00+00:00 [queued]>
[2026-10-08T07:43:08.209+0000] {taskinstance.py:2306} INFO - Starting attempt 1 of 1
[2026-10-08T07:43:08.225+0000] {taskinstance.py:2330} INFO - Executing <Task(BashOperator): run_daily_summary_job> on 2026-10-07 00:00:00+00:00
[2026-10-08T07:43:08.232+0000] {standard_task_runner.py:64} INFO - Started process 279 to run task
[2026-10-08T07:43:08.234+0000] {standard_task_runner.py:90} INFO - Running: ['airflow', 'tasks', 'run', 'daily_summary_dag', 'run_daily_summary_job', 'scheduled__2026-10-07T00:00:00+00:00', '--job-id', '6', '--raw', '--subdir', 'DAGS_FOLDER/daily_summary_dag.py', '--cfg-path', '/tmp/tmpfc10pnq5']
[2026-10-08T07:43:08.236+0000] {standard_task_runner.py:91} INFO - Job 6: Subtask run_daily_summary_job
[2026-10-08T07:43:08.276+0000] {task_command.py:426} INFO - Running <TaskInstance: daily_summary_dag.run_daily_summary_job scheduled__2026-10-07T00:00:00+00:00 [running]> on host 042aafadaf90
[2026-10-08T07:43:08.340+0000] {taskinstance.py:2648} INFO - Exporting env vars: AIRFLOW_CTX_DAG_OWNER='akhil' AIRFLOW_CTX_DAG_ID='daily_summary_dag' AIRFLOW_CTX_TASK_ID='run_daily_summary_job' AIRFLOW_CTX_EXECUTION_DATE='2026-10-07T00:00:00+00:00' AIRFLOW_CTX_TRY_NUMBER='1' AIRFLOW_CTX_DAG_RUN_ID='scheduled__2026-10-07T00:00:00+00:00'
[2026-10-08T07:43:08.341+0000] {taskinstance.py:430} INFO - ::endgroup::
[2026-10-08T07:43:08.354+0000] {subprocess.py:63} INFO - Tmp dir root location: /tmp
[2026-10-08T07:43:08.355+0000] {subprocess.py:75} INFO - Running command: ['/usr/bin/bash', '-c', 'docker exec -e PYTHONPATH=/opt/app payments-spark /opt/spark/bin/spark-submit --packages io.delta:delta-spark_2.12:3.2.0 --conf spark.sql.extensions=io.delta.sql.DeltaSparkSessionExtension --conf spark.sql.catalog.spark_catalog=org.apache.spark.sql.delta.catalog.DeltaCatalog /opt/app/src/streaming/gold_daily_summary.py']
[2026-10-08T07:43:08.368+0000] {subprocess.py:86} INFO - Output:
[2026-10-08T07:43:10.458+0000] {subprocess.py:93} INFO - :: loading settings :: url = jar:file:/opt/spark/jars/ivy-2.5.1.jar!/org/apache/ivy/core/settings/ivysettings.xml
[2026-10-08T07:43:10.552+0000] {subprocess.py:93} INFO - Ivy Default Cache set to: /root/.ivy2/cache
[2026-10-08T07:43:10.553+0000] {subprocess.py:93} INFO - The jars for the packages stored in: /root/.ivy2/jars
[2026-10-08T07:43:10.558+0000] {subprocess.py:93} INFO - io.delta#delta-spark_2.12 added as a dependency
[2026-10-08T07:43:10.560+0000] {subprocess.py:93} INFO - :: resolving dependencies :: org.apache.spark#spark-submit-parent-7999e306-f6ef-45f8-83c0-427e3c96ded0;1.0
[2026-10-08T07:43:10.561+0000] {subprocess.py:93} INFO - 	confs: [default]
[2026-10-08T07:43:10.654+0000] {subprocess.py:93} INFO - 	found io.delta#delta-spark_2.12;3.2.0 in central
[2026-10-08T07:43:10.683+0000] {subprocess.py:93} INFO - 	found io.delta#delta-storage;3.2.0 in central
[2026-10-08T07:43:10.705+0000] {subprocess.py:93} INFO - 	found org.antlr#antlr4-runtime;4.9.3 in central
[2026-10-08T07:43:10.726+0000] {subprocess.py:93} INFO - :: resolution report :: resolve 158ms :: artifacts dl 7ms
[2026-10-08T07:43:10.727+0000] {subprocess.py:93} INFO - 	:: modules in use:
[2026-10-08T07:43:10.729+0000] {subprocess.py:93} INFO - 	io.delta#delta-spark_2.12;3.2.0 from central in [default]
[2026-10-08T07:43:10.729+0000] {subprocess.py:93} INFO - 	io.delta#delta-storage;3.2.0 from central in [default]
[2026-10-08T07:43:10.730+0000] {subprocess.py:93} INFO - 	org.antlr#antlr4-runtime;4.9.3 from central in [default]
[2026-10-08T07:43:10.731+0000] {subprocess.py:93} INFO - 	---------------------------------------------------------------------
[2026-10-08T07:43:10.732+0000] {subprocess.py:93} INFO - 	|                  |            modules            ||   artifacts   |
[2026-10-08T07:43:10.733+0000] {subprocess.py:93} INFO - 	|       conf       | number| search|dwnlded|evicted|| number|dwnlded|
[2026-10-08T07:43:10.733+0000] {subprocess.py:93} INFO - 	---------------------------------------------------------------------
[2026-10-08T07:43:10.734+0000] {subprocess.py:93} INFO - 	|      default     |   3   |   0   |   0   |   0   ||   3   |   0   |
[2026-10-08T07:43:10.735+0000] {subprocess.py:93} INFO - 	---------------------------------------------------------------------
[2026-10-08T07:43:10.735+0000] {subprocess.py:93} INFO - :: retrieving :: org.apache.spark#spark-submit-parent-7999e306-f6ef-45f8-83c0-427e3c96ded0
[2026-10-08T07:43:10.736+0000] {subprocess.py:93} INFO - 	confs: [default]
[2026-10-08T07:43:10.742+0000] {subprocess.py:93} INFO - 	0 artifacts copied, 3 already retrieved (0kB/7ms)
[2026-10-08T07:43:10.938+0000] {subprocess.py:93} INFO - 26/10/08 07:43:10 WARN NativeCodeLoader: Unable to load native-hadoop library for your platform... using builtin-java classes where applicable
[2026-10-08T07:43:11.734+0000] {subprocess.py:93} INFO - 26/10/08 07:43:11 INFO SparkContext: Running Spark version 3.5.3
[2026-10-08T07:43:11.735+0000] {subprocess.py:93} INFO - 26/10/08 07:43:11 INFO SparkContext: OS info Linux, 5.15.153.1-microsoft-standard-WSL2, amd64
[2026-10-08T07:43:11.736+0000] {subprocess.py:93} INFO - 26/10/08 07:43:11 INFO SparkContext: Java version 11.0.24
[2026-10-08T07:43:11.760+0000] {subprocess.py:93} INFO - 26/10/08 07:43:11 INFO ResourceUtils: ==============================================================
[2026-10-08T07:43:11.761+0000] {subprocess.py:93} INFO - 26/10/08 07:43:11 INFO ResourceUtils: No custom resources configured for spark.driver.
[2026-10-08T07:43:11.762+0000] {subprocess.py:93} INFO - 26/10/08 07:43:11 INFO ResourceUtils: ==============================================================
[2026-10-08T07:43:11.763+0000] {subprocess.py:93} INFO - 26/10/08 07:43:11 INFO SparkContext: Submitted application: GoldDailySummary
[2026-10-08T07:43:11.791+0000] {subprocess.py:93} INFO - 26/10/08 07:43:11 INFO ResourceProfile: Default ResourceProfile created, executor resources: Map(cores -> name: cores, amount: 1, script: , vendor: , memory -> name: memory, amount: 1024, script: , vendor: , offHeap -> name: offHeap, amount: 0, script: , vendor: ), task resources: Map(cpus -> name: cpus, amount: 1.0)
[2026-10-08T07:43:11.804+0000] {subprocess.py:93} INFO - 26/10/08 07:43:11 INFO ResourceProfile: Limiting resource is cpu
[2026-10-08T07:43:11.805+0000] {subprocess.py:93} INFO - 26/10/08 07:43:11 INFO ResourceProfileManager: Added ResourceProfile id: 0
[2026-10-08T07:43:11.869+0000] {subprocess.py:93} INFO - 26/10/08 07:43:11 INFO SecurityManager: Changing view acls to: root
[2026-10-08T07:43:11.870+0000] {subprocess.py:93} INFO - 26/10/08 07:43:11 INFO SecurityManager: Changing modify acls to: root
[2026-10-08T07:43:11.871+0000] {subprocess.py:93} INFO - 26/10/08 07:43:11 INFO SecurityManager: Changing view acls groups to:
[2026-10-08T07:43:11.872+0000] {subprocess.py:93} INFO - 26/10/08 07:43:11 INFO SecurityManager: Changing modify acls groups to:
[2026-10-08T07:43:11.873+0000] {subprocess.py:93} INFO - 26/10/08 07:43:11 INFO SecurityManager: SecurityManager: authentication disabled; ui acls disabled; users with view permissions: root; groups with view permissions: EMPTY; users with modify permissions: root; groups with modify permissions: EMPTY
[2026-10-08T07:43:12.162+0000] {subprocess.py:93} INFO - 26/10/08 07:43:12 INFO Utils: Successfully started service 'sparkDriver' on port 38351.
[2026-10-08T07:43:12.197+0000] {subprocess.py:93} INFO - 26/10/08 07:43:12 INFO SparkEnv: Registering MapOutputTracker
[2026-10-08T07:43:12.233+0000] {subprocess.py:93} INFO - 26/10/08 07:43:12 INFO SparkEnv: Registering BlockManagerMaster
[2026-10-08T07:43:12.250+0000] {subprocess.py:93} INFO - 26/10/08 07:43:12 INFO BlockManagerMasterEndpoint: Using org.apache.spark.storage.DefaultTopologyMapper for getting topology information
[2026-10-08T07:43:12.251+0000] {subprocess.py:93} INFO - 26/10/08 07:43:12 INFO BlockManagerMasterEndpoint: BlockManagerMasterEndpoint up
[2026-10-08T07:43:12.256+0000] {subprocess.py:93} INFO - 26/10/08 07:43:12 INFO SparkEnv: Registering BlockManagerMasterHeartbeat
[2026-10-08T07:43:12.278+0000] {subprocess.py:93} INFO - 26/10/08 07:43:12 INFO DiskBlockManager: Created local directory at /tmp/blockmgr-51a916c3-8ce9-47de-bc7e-70d9963c5490
[2026-10-08T07:43:12.295+0000] {subprocess.py:93} INFO - 26/10/08 07:43:12 INFO MemoryStore: MemoryStore started with capacity 434.4 MiB
[2026-10-08T07:43:12.311+0000] {subprocess.py:93} INFO - 26/10/08 07:43:12 INFO SparkEnv: Registering OutputCommitCoordinator
[2026-10-08T07:43:12.461+0000] {subprocess.py:93} INFO - 26/10/08 07:43:12 INFO JettyUtils: Start Jetty 0.0.0.0:4040 for SparkUI
[2026-10-08T07:43:12.529+0000] {subprocess.py:93} INFO - 26/10/08 07:43:12 INFO Utils: Successfully started service 'SparkUI' on port 4040.
[2026-10-08T07:43:12.573+0000] {subprocess.py:93} INFO - 26/10/08 07:43:12 INFO SparkContext: Added JAR file:///root/.ivy2/jars/io.delta_delta-spark_2.12-3.2.0.jar at spark://d2c30ec5c415:38351/jars/io.delta_delta-spark_2.12-3.2.0.jar with timestamp 1791445391719
[2026-10-08T07:43:12.574+0000] {subprocess.py:93} INFO - 26/10/08 07:43:12 INFO SparkContext: Added JAR file:///root/.ivy2/jars/io.delta_delta-storage-3.2.0.jar at spark://d2c30ec5c415:38351/jars/io.delta_delta-storage-3.2.0.jar with timestamp 1791445391719
[2026-10-08T07:43:12.575+0000] {subprocess.py:93} INFO - 26/10/08 07:43:12 INFO SparkContext: Added JAR file:///root/.ivy2/jars/org.antlr_antlr4-runtime-4.9.3.jar at spark://d2c30ec5c415:38351/jars/org.antlr_antlr4-runtime-4.9.3.jar with timestamp 1791445391719
[2026-10-08T07:43:12.579+0000] {subprocess.py:93} INFO - 26/10/08 07:43:12 INFO SparkContext: Added file file:///root/.ivy2/jars/io.delta_delta-spark_2.12-3.2.0.jar at file:///root/.ivy2/jars/io.delta_delta-spark_2.12-3.2.0.jar with timestamp 1791445391719
[2026-10-08T07:43:12.581+0000] {subprocess.py:93} INFO - 26/10/08 07:43:12 INFO Utils: Copying /root/.ivy2/jars/io.delta_delta-spark_2.12-3.2.0.jar to /tmp/spark-7036bad3-6bfe-49f7-a539-2b4411d1f2ec/userFiles-bc45e2d0-29da-476a-ada0-01182004633a/io.delta_delta-spark_2.12-3.2.0.jar
[2026-10-08T07:43:12.612+0000] {subprocess.py:93} INFO - 26/10/08 07:43:12 INFO SparkContext: Added file file:///root/.ivy2/jars/io.delta_delta-storage-3.2.0.jar at file:///root/.ivy2/jars/io.delta_delta-storage-3.2.0.jar with timestamp 1791445391719
[2026-10-08T07:43:12.613+0000] {subprocess.py:93} INFO - 26/10/08 07:43:12 INFO Utils: Copying /root/.ivy2/jars/io.delta_delta-storage-3.2.0.jar to /tmp/spark-7036bad3-6bfe-49f7-a539-2b4411d1f2ec/userFiles-bc45e2d0-29da-476a-ada0-01182004633a/io.delta_delta-storage-3.2.0.jar
[2026-10-08T07:43:12.620+0000] {subprocess.py:93} INFO - 26/10/08 07:43:12 INFO SparkContext: Added file file:///root/.ivy2/jars/org.antlr_antlr4-runtime-4.9.3.jar at file:///root/.ivy2/jars/org.antlr_antlr4-runtime-4.9.3.jar with timestamp 1791445391719
[2026-10-08T07:43:12.621+0000] {subprocess.py:93} INFO - 26/10/08 07:43:12 INFO Utils: Copying /root/.ivy2/jars/org.antlr_antlr4-runtime-4.9.3.jar to /tmp/spark-7036bad3-6bfe-49f7-a539-2b4411d1f2ec/userFiles-bc45e2d0-29da-476a-ada0-01182004633a/org.antlr_antlr4-runtime-4.9.3.jar
[2026-10-08T07:43:12.697+0000] {subprocess.py:93} INFO - 26/10/08 07:43:12 INFO Executor: Starting executor ID driver on host d2c30ec5c415
[2026-10-08T07:43:12.697+0000] {subprocess.py:93} INFO - 26/10/08 07:43:12 INFO Executor: OS info Linux, 5.15.153.1-microsoft-standard-WSL2, amd64
[2026-10-08T07:43:12.698+0000] {subprocess.py:93} INFO - 26/10/08 07:43:12 INFO Executor: Java version 11.0.24
[2026-10-08T07:43:12.705+0000] {subprocess.py:93} INFO - 26/10/08 07:43:12 INFO Executor: Starting executor with user classpath (userClassPathFirst = false): ''
[2026-10-08T07:43:12.706+0000] {subprocess.py:93} INFO - 26/10/08 07:43:12 INFO Executor: Created or updated repl class loader org.apache.spark.util.MutableURLClassLoader@7c4ea5eb for default.
[2026-10-08T07:43:12.722+0000] {subprocess.py:93} INFO - 26/10/08 07:43:12 INFO Executor: Fetching file:///root/.ivy2/jars/io.delta_delta-spark_2.12-3.2.0.jar with timestamp 1791445391719
[2026-10-08T07:43:12.750+0000] {subprocess.py:93} INFO - 26/10/08 07:43:12 INFO Utils: /root/.ivy2/jars/io.delta_delta-spark_2.12-3.2.0.jar has been previously copied to /tmp/spark-7036bad3-6bfe-49f7-a539-2b4411d1f2ec/userFiles-bc45e2d0-29da-476a-ada0-01182004633a/io.delta_delta-spark_2.12-3.2.0.jar
[2026-10-08T07:43:12.756+0000] {subprocess.py:93} INFO - 26/10/08 07:43:12 INFO Executor: Fetching file:///root/.ivy2/jars/io.delta_delta-storage-3.2.0.jar with timestamp 1791445391719
[2026-10-08T07:43:12.757+0000] {subprocess.py:93} INFO - 26/10/08 07:43:12 INFO Utils: /root/.ivy2/jars/io.delta_delta-storage-3.2.0.jar has been previously copied to /tmp/spark-7036bad3-6bfe-49f7-a539-2b4411d1f2ec/userFiles-bc45e2d0-29da-476a-ada0-01182004633a/io.delta_delta-storage-3.2.0.jar
[2026-10-08T07:43:12.763+0000] {subprocess.py:93} INFO - 26/10/08 07:43:12 INFO Executor: Fetching file:///root/.ivy2/jars/org.antlr_antlr4-runtime-4.9.3.jar with timestamp 1791445391719
[2026-10-08T07:43:12.764+0000] {subprocess.py:93} INFO - 26/10/08 07:43:12 INFO Utils: /root/.ivy2/jars/org.antlr_antlr4-runtime-4.9.3.jar has been previously copied to /tmp/spark-7036bad3-6bfe-49f7-a539-2b4411d1f2ec/userFiles-bc45e2d0-29da-476a-ada0-01182004633a/org.antlr_antlr4-runtime-4.9.3.jar
[2026-10-08T07:43:12.773+0000] {subprocess.py:93} INFO - 26/10/08 07:43:12 INFO Executor: Fetching spark://d2c30ec5c415:38351/jars/io.delta_delta-spark_2.12-3.2.0.jar with timestamp 1791445391719
[2026-10-08T07:43:12.813+0000] {subprocess.py:93} INFO - 26/10/08 07:43:12 INFO TransportClientFactory: Successfully created connection to d2c30ec5c415/172.20.0.2:38351 after 28 ms (0 ms spent in bootstraps)
[2026-10-08T07:43:12.824+0000] {subprocess.py:93} INFO - 26/10/08 07:43:12 INFO Utils: Fetching spark://d2c30ec5c415:38351/jars/io.delta_delta-spark_2.12-3.2.0.jar to /tmp/spark-7036bad3-6bfe-49f7-a539-2b4411d1f2ec/userFiles-bc45e2d0-29da-476a-ada0-01182004633a/fetchFileTemp16892724613686905218.tmp
[2026-10-08T07:43:12.899+0000] {subprocess.py:93} INFO - 26/10/08 07:43:12 INFO Utils: /tmp/spark-7036bad3-6bfe-49f7-a539-2b4411d1f2ec/userFiles-bc45e2d0-29da-476a-ada0-01182004633a/fetchFileTemp16892724613686905218.tmp has been previously copied to /tmp/spark-7036bad3-6bfe-49f7-a539-2b4411d1f2ec/userFiles-bc45e2d0-29da-476a-ada0-01182004633a/io.delta_delta-spark_2.12-3.2.0.jar
[2026-10-08T07:43:12.908+0000] {subprocess.py:93} INFO - 26/10/08 07:43:12 INFO Executor: Adding file:/tmp/spark-7036bad3-6bfe-49f7-a539-2b4411d1f2ec/userFiles-bc45e2d0-29da-476a-ada0-01182004633a/io.delta_delta-spark_2.12-3.2.0.jar to class loader default
[2026-10-08T07:43:12.909+0000] {subprocess.py:93} INFO - 26/10/08 07:43:12 INFO Executor: Fetching spark://d2c30ec5c415:38351/jars/io.delta_delta-storage-3.2.0.jar with timestamp 1791445391719
[2026-10-08T07:43:12.910+0000] {subprocess.py:93} INFO - 26/10/08 07:43:12 INFO Utils: Fetching spark://d2c30ec5c415:38351/jars/io.delta_delta-storage-3.2.0.jar to /tmp/spark-7036bad3-6bfe-49f7-a539-2b4411d1f2ec/userFiles-bc45e2d0-29da-476a-ada0-01182004633a/fetchFileTemp14704168239751219235.tmp
[2026-10-08T07:43:12.912+0000] {subprocess.py:93} INFO - 26/10/08 07:43:12 INFO Utils: /tmp/spark-7036bad3-6bfe-49f7-a539-2b4411d1f2ec/userFiles-bc45e2d0-29da-476a-ada0-01182004633a/fetchFileTemp14704168239751219235.tmp has been previously copied to /tmp/spark-7036bad3-6bfe-49f7-a539-2b4411d1f2ec/userFiles-bc45e2d0-29da-476a-ada0-01182004633a/io.delta_delta-storage-3.2.0.jar
[2026-10-08T07:43:12.919+0000] {subprocess.py:93} INFO - 26/10/08 07:43:12 INFO Executor: Adding file:/tmp/spark-7036bad3-6bfe-49f7-a539-2b4411d1f2ec/userFiles-bc45e2d0-29da-476a-ada0-01182004633a/io.delta_delta-storage-3.2.0.jar to class loader default
[2026-10-08T07:43:12.920+0000] {subprocess.py:93} INFO - 26/10/08 07:43:12 INFO Executor: Fetching spark://d2c30ec5c415:38351/jars/org.antlr_antlr4-runtime-4.9.3.jar with timestamp 1791445391719
[2026-10-08T07:43:12.921+0000] {subprocess.py:93} INFO - 26/10/08 07:43:12 INFO Utils: Fetching spark://d2c30ec5c415:38351/jars/org.antlr_antlr4-runtime-4.9.3.jar to /tmp/spark-7036bad3-6bfe-49f7-a539-2b4411d1f2ec/userFiles-bc45e2d0-29da-476a-ada0-01182004633a/fetchFileTemp3144234998020253040.tmp
[2026-10-08T07:43:12.924+0000] {subprocess.py:93} INFO - 26/10/08 07:43:12 INFO Utils: /tmp/spark-7036bad3-6bfe-49f7-a539-2b4411d1f2ec/userFiles-bc45e2d0-29da-476a-ada0-01182004633a/fetchFileTemp3144234998020253040.tmp has been previously copied to /tmp/spark-7036bad3-6bfe-49f7-a539-2b4411d1f2ec/userFiles-bc45e2d0-29da-476a-ada0-01182004633a/org.antlr_antlr4-runtime-4.9.3.jar
[2026-10-08T07:43:12.930+0000] {subprocess.py:93} INFO - 26/10/08 07:43:12 INFO Executor: Adding file:/tmp/spark-7036bad3-6bfe-49f7-a539-2b4411d1f2ec/userFiles-bc45e2d0-29da-476a-ada0-01182004633a/org.antlr_antlr4-runtime-4.9.3.jar to class loader default
[2026-10-08T07:43:12.942+0000] {subprocess.py:93} INFO - 26/10/08 07:43:12 INFO Utils: Successfully started service 'org.apache.spark.network.netty.NettyBlockTransferService' on port 33067.
[2026-10-08T07:43:12.943+0000] {subprocess.py:93} INFO - 26/10/08 07:43:12 INFO NettyBlockTransferService: Server created on d2c30ec5c415:33067
[2026-10-08T07:43:12.945+0000] {subprocess.py:93} INFO - 26/10/08 07:43:12 INFO BlockManager: Using org.apache.spark.storage.RandomBlockReplicationPolicy for block replication policy
[2026-10-08T07:43:12.952+0000] {subprocess.py:93} INFO - 26/10/08 07:43:12 INFO BlockManagerMaster: Registering BlockManager BlockManagerId(driver, d2c30ec5c415, 33067, None)
[2026-10-08T07:43:12.956+0000] {subprocess.py:93} INFO - 26/10/08 07:43:12 INFO BlockManagerMasterEndpoint: Registering block manager d2c30ec5c415:33067 with 434.4 MiB RAM, BlockManagerId(driver, d2c30ec5c415, 33067, None)
[2026-10-08T07:43:12.959+0000] {subprocess.py:93} INFO - 26/10/08 07:43:12 INFO BlockManagerMaster: Registered BlockManager BlockManagerId(driver, d2c30ec5c415, 33067, None)
[2026-10-08T07:43:12.961+0000] {subprocess.py:93} INFO - 26/10/08 07:43:12 INFO BlockManager: Initialized BlockManager: BlockManagerId(driver, d2c30ec5c415, 33067, None)
[2026-10-08T07:43:21.481+0000] {subprocess.py:93} INFO - 26/10/08 07:43:21 WARN ResolveWriteToStream: spark.sql.adaptive.enabled is not supported in streaming DataFrames/Datasets and will be disabled.
[2026-10-08T07:43:22.543+0000] {subprocess.py:97} INFO - Command exited with return code 0
[2026-10-08T07:43:22.544+0000] {taskinstance.py:441} INFO - ::group::Post task execution logs
[2026-10-08T07:43:22.560+0000] {taskinstance.py:1206} INFO - Marking task as SUCCESS. dag_id=daily_summary_dag, task_id=run_daily_summary_job, run_id=scheduled__2026-10-07T00:00:00+00:00, execution_date=20261007T000000, start_date=20261008T074308, end_date=20261008T074322
[2026-10-08T07:43:22.583+0000] {local_task_job_runner.py:243} INFO - Task exited with return code 0
[2026-10-08T07:43:22.594+0000] {taskinstance.py:3503} INFO - 1 downstream tasks scheduled from follow-on schedule check
[2026-10-08T07:43:22.602+0000] {local_task_job_runner.py:222} INFO - ::endgroup::
[2026-10-08T07:59:10.478+0000] {local_task_job_runner.py:120} INFO - ::group::Pre task execution logs
[2026-10-08T07:59:10.585+0000] {taskinstance.py:2076} INFO - Dependencies all met for dep_context=non-requeueable deps ti=<TaskInstance: daily_summary_dag.run_daily_summary_job scheduled__2026-10-07T00:00:00+00:00 [queued]>
[2026-10-08T07:59:10.591+0000] {taskinstance.py:2076} INFO - Dependencies all met for dep_context=requeueable deps ti=<TaskInstance: daily_summary_dag.run_daily_summary_job scheduled__2026-10-07T00:00:00+00:00 [queued]>
[2026-10-08T07:59:10.592+0000] {taskinstance.py:2306} INFO - Starting attempt 1 of 1
[2026-10-08T07:59:10.606+0000] {taskinstance.py:2330} INFO - Executing <Task(BashOperator): run_daily_summary_job> on 2026-10-07 00:00:00+00:00
[2026-10-08T07:59:10.611+0000] {standard_task_runner.py:64} INFO - Started process 389 to run task
[2026-10-08T07:59:10.620+0000] {standard_task_runner.py:90} INFO - Running: ['airflow', 'tasks', 'run', 'daily_summary_dag', 'run_daily_summary_job', 'scheduled__2026-10-07T00:00:00+00:00', '--job-id', '9', '--raw', '--subdir', 'DAGS_FOLDER/daily_summary_dag.py', '--cfg-path', '/tmp/tmpbeqi5a7f']
[2026-10-08T07:59:10.623+0000] {standard_task_runner.py:91} INFO - Job 9: Subtask run_daily_summary_job
[2026-10-08T07:59:10.664+0000] {task_command.py:426} INFO - Running <TaskInstance: daily_summary_dag.run_daily_summary_job scheduled__2026-10-07T00:00:00+00:00 [running]> on host 042aafadaf90
[2026-10-08T07:59:10.728+0000] {taskinstance.py:2648} INFO - Exporting env vars: AIRFLOW_CTX_DAG_OWNER='akhil' AIRFLOW_CTX_DAG_ID='daily_summary_dag' AIRFLOW_CTX_TASK_ID='run_daily_summary_job' AIRFLOW_CTX_EXECUTION_DATE='2026-10-07T00:00:00+00:00' AIRFLOW_CTX_TRY_NUMBER='1' AIRFLOW_CTX_DAG_RUN_ID='scheduled__2026-10-07T00:00:00+00:00'
[2026-10-08T07:59:10.729+0000] {taskinstance.py:430} INFO - ::endgroup::
[2026-10-08T07:59:10.750+0000] {subprocess.py:63} INFO - Tmp dir root location: /tmp
[2026-10-08T07:59:10.752+0000] {subprocess.py:75} INFO - Running command: ['/usr/bin/bash', '-c', 'docker exec -e PYTHONPATH=/opt/app payments-spark /opt/spark/bin/spark-submit --packages io.delta:delta-spark_2.12:3.2.0 --conf spark.sql.extensions=io.delta.sql.DeltaSparkSessionExtension --conf spark.sql.catalog.spark_catalog=org.apache.spark.sql.delta.catalog.DeltaCatalog /opt/app/src/streaming/gold_daily_summary.py']
[2026-10-08T07:59:10.767+0000] {subprocess.py:86} INFO - Output:
[2026-10-08T07:59:13.769+0000] {subprocess.py:93} INFO - :: loading settings :: url = jar:file:/opt/spark/jars/ivy-2.5.1.jar!/org/apache/ivy/core/settings/ivysettings.xml
[2026-10-08T07:59:13.912+0000] {subprocess.py:93} INFO - Ivy Default Cache set to: /root/.ivy2/cache
[2026-10-08T07:59:13.914+0000] {subprocess.py:93} INFO - The jars for the packages stored in: /root/.ivy2/jars
[2026-10-08T07:59:13.920+0000] {subprocess.py:93} INFO - io.delta#delta-spark_2.12 added as a dependency
[2026-10-08T07:59:13.922+0000] {subprocess.py:93} INFO - :: resolving dependencies :: org.apache.spark#spark-submit-parent-f0e8dfb4-f4de-44b1-aec9-76bd2439d0a1;1.0
[2026-10-08T07:59:13.922+0000] {subprocess.py:93} INFO - 	confs: [default]
[2026-10-08T07:59:14.071+0000] {subprocess.py:93} INFO - 	found io.delta#delta-spark_2.12;3.2.0 in central
[2026-10-08T07:59:14.102+0000] {subprocess.py:93} INFO - 	found io.delta#delta-storage;3.2.0 in central
[2026-10-08T07:59:14.123+0000] {subprocess.py:93} INFO - 	found org.antlr#antlr4-runtime;4.9.3 in central
[2026-10-08T07:59:14.146+0000] {subprocess.py:93} INFO - :: resolution report :: resolve 216ms :: artifacts dl 8ms
[2026-10-08T07:59:14.147+0000] {subprocess.py:93} INFO - 	:: modules in use:
[2026-10-08T07:59:14.148+0000] {subprocess.py:93} INFO - 	io.delta#delta-spark_2.12;3.2.0 from central in [default]
[2026-10-08T07:59:14.149+0000] {subprocess.py:93} INFO - 	io.delta#delta-storage;3.2.0 from central in [default]
[2026-10-08T07:59:14.150+0000] {subprocess.py:93} INFO - 	org.antlr#antlr4-runtime;4.9.3 from central in [default]
[2026-10-08T07:59:14.151+0000] {subprocess.py:93} INFO - 	---------------------------------------------------------------------
[2026-10-08T07:59:14.152+0000] {subprocess.py:93} INFO - 	|                  |            modules            ||   artifacts   |
[2026-10-08T07:59:14.153+0000] {subprocess.py:93} INFO - 	|       conf       | number| search|dwnlded|evicted|| number|dwnlded|
[2026-10-08T07:59:14.154+0000] {subprocess.py:93} INFO - 	---------------------------------------------------------------------
[2026-10-08T07:59:14.154+0000] {subprocess.py:93} INFO - 	|      default     |   3   |   0   |   0   |   0   ||   3   |   0   |
[2026-10-08T07:59:14.155+0000] {subprocess.py:93} INFO - 	---------------------------------------------------------------------
[2026-10-08T07:59:14.155+0000] {subprocess.py:93} INFO - :: retrieving :: org.apache.spark#spark-submit-parent-f0e8dfb4-f4de-44b1-aec9-76bd2439d0a1
[2026-10-08T07:59:14.156+0000] {subprocess.py:93} INFO - 	confs: [default]
[2026-10-08T07:59:14.159+0000] {subprocess.py:93} INFO - 	0 artifacts copied, 3 already retrieved (0kB/7ms)
[2026-10-08T07:59:14.458+0000] {subprocess.py:93} INFO - 26/10/08 07:59:14 WARN NativeCodeLoader: Unable to load native-hadoop library for your platform... using builtin-java classes where applicable
[2026-10-08T07:59:15.484+0000] {subprocess.py:93} INFO - 26/10/08 07:59:15 INFO SparkContext: Running Spark version 3.5.3
[2026-10-08T07:59:15.486+0000] {subprocess.py:93} INFO - 26/10/08 07:59:15 INFO SparkContext: OS info Linux, 5.15.153.1-microsoft-standard-WSL2, amd64
[2026-10-08T07:59:15.486+0000] {subprocess.py:93} INFO - 26/10/08 07:59:15 INFO SparkContext: Java version 11.0.24
[2026-10-08T07:59:15.516+0000] {subprocess.py:93} INFO - 26/10/08 07:59:15 INFO ResourceUtils: ==============================================================
[2026-10-08T07:59:15.517+0000] {subprocess.py:93} INFO - 26/10/08 07:59:15 INFO ResourceUtils: No custom resources configured for spark.driver.
[2026-10-08T07:59:15.518+0000] {subprocess.py:93} INFO - 26/10/08 07:59:15 INFO ResourceUtils: ==============================================================
[2026-10-08T07:59:15.519+0000] {subprocess.py:93} INFO - 26/10/08 07:59:15 INFO SparkContext: Submitted application: GoldDailySummary
[2026-10-08T07:59:15.553+0000] {subprocess.py:93} INFO - 26/10/08 07:59:15 INFO ResourceProfile: Default ResourceProfile created, executor resources: Map(cores -> name: cores, amount: 1, script: , vendor: , memory -> name: memory, amount: 1024, script: , vendor: , offHeap -> name: offHeap, amount: 0, script: , vendor: ), task resources: Map(cpus -> name: cpus, amount: 1.0)
[2026-10-08T07:59:15.567+0000] {subprocess.py:93} INFO - 26/10/08 07:59:15 INFO ResourceProfile: Limiting resource is cpu
[2026-10-08T07:59:15.567+0000] {subprocess.py:93} INFO - 26/10/08 07:59:15 INFO ResourceProfileManager: Added ResourceProfile id: 0
[2026-10-08T07:59:15.668+0000] {subprocess.py:93} INFO - 26/10/08 07:59:15 INFO SecurityManager: Changing view acls to: root
[2026-10-08T07:59:15.669+0000] {subprocess.py:93} INFO - 26/10/08 07:59:15 INFO SecurityManager: Changing modify acls to: root
[2026-10-08T07:59:15.671+0000] {subprocess.py:93} INFO - 26/10/08 07:59:15 INFO SecurityManager: Changing view acls groups to:
[2026-10-08T07:59:15.672+0000] {subprocess.py:93} INFO - 26/10/08 07:59:15 INFO SecurityManager: Changing modify acls groups to:
[2026-10-08T07:59:15.674+0000] {subprocess.py:93} INFO - 26/10/08 07:59:15 INFO SecurityManager: SecurityManager: authentication disabled; ui acls disabled; users with view permissions: root; groups with view permissions: EMPTY; users with modify permissions: root; groups with modify permissions: EMPTY
[2026-10-08T07:59:16.181+0000] {subprocess.py:93} INFO - 26/10/08 07:59:16 INFO Utils: Successfully started service 'sparkDriver' on port 43055.
[2026-10-08T07:59:16.233+0000] {subprocess.py:93} INFO - 26/10/08 07:59:16 INFO SparkEnv: Registering MapOutputTracker
[2026-10-08T07:59:16.277+0000] {subprocess.py:93} INFO - 26/10/08 07:59:16 INFO SparkEnv: Registering BlockManagerMaster
[2026-10-08T07:59:16.301+0000] {subprocess.py:93} INFO - 26/10/08 07:59:16 INFO BlockManagerMasterEndpoint: Using org.apache.spark.storage.DefaultTopologyMapper for getting topology information
[2026-10-08T07:59:16.302+0000] {subprocess.py:93} INFO - 26/10/08 07:59:16 INFO BlockManagerMasterEndpoint: BlockManagerMasterEndpoint up
[2026-10-08T07:59:16.308+0000] {subprocess.py:93} INFO - 26/10/08 07:59:16 INFO SparkEnv: Registering BlockManagerMasterHeartbeat
[2026-10-08T07:59:16.344+0000] {subprocess.py:93} INFO - 26/10/08 07:59:16 INFO DiskBlockManager: Created local directory at /tmp/blockmgr-2e3bf0c5-d895-4cc0-a35c-d7c35e8217ce
[2026-10-08T07:59:16.365+0000] {subprocess.py:93} INFO - 26/10/08 07:59:16 INFO MemoryStore: MemoryStore started with capacity 434.4 MiB
[2026-10-08T07:59:16.384+0000] {subprocess.py:93} INFO - 26/10/08 07:59:16 INFO SparkEnv: Registering OutputCommitCoordinator
[2026-10-08T07:59:16.586+0000] {subprocess.py:93} INFO - 26/10/08 07:59:16 INFO JettyUtils: Start Jetty 0.0.0.0:4040 for SparkUI
[2026-10-08T07:59:16.672+0000] {subprocess.py:93} INFO - 26/10/08 07:59:16 INFO Utils: Successfully started service 'SparkUI' on port 4040.
[2026-10-08T07:59:16.717+0000] {subprocess.py:93} INFO - 26/10/08 07:59:16 INFO SparkContext: Added JAR file:///root/.ivy2/jars/io.delta_delta-spark_2.12-3.2.0.jar at spark://d2c30ec5c415:43055/jars/io.delta_delta-spark_2.12-3.2.0.jar with timestamp 1791446355471
[2026-10-08T07:59:16.718+0000] {subprocess.py:93} INFO - 26/10/08 07:59:16 INFO SparkContext: Added JAR file:///root/.ivy2/jars/io.delta_delta-storage-3.2.0.jar at spark://d2c30ec5c415:43055/jars/io.delta_delta-storage-3.2.0.jar with timestamp 1791446355471
[2026-10-08T07:59:16.718+0000] {subprocess.py:93} INFO - 26/10/08 07:59:16 INFO SparkContext: Added JAR file:///root/.ivy2/jars/org.antlr_antlr4-runtime-4.9.3.jar at spark://d2c30ec5c415:43055/jars/org.antlr_antlr4-runtime-4.9.3.jar with timestamp 1791446355471
[2026-10-08T07:59:16.722+0000] {subprocess.py:93} INFO - 26/10/08 07:59:16 INFO SparkContext: Added file file:///root/.ivy2/jars/io.delta_delta-spark_2.12-3.2.0.jar at file:///root/.ivy2/jars/io.delta_delta-spark_2.12-3.2.0.jar with timestamp 1791446355471
[2026-10-08T07:59:16.724+0000] {subprocess.py:93} INFO - 26/10/08 07:59:16 INFO Utils: Copying /root/.ivy2/jars/io.delta_delta-spark_2.12-3.2.0.jar to /tmp/spark-f9a9e5f4-7bc6-4a99-be72-4bee90664b22/userFiles-dad47770-2d78-4b78-aa05-79e56ac5c41e/io.delta_delta-spark_2.12-3.2.0.jar
[2026-10-08T07:59:16.759+0000] {subprocess.py:93} INFO - 26/10/08 07:59:16 INFO SparkContext: Added file file:///root/.ivy2/jars/io.delta_delta-storage-3.2.0.jar at file:///root/.ivy2/jars/io.delta_delta-storage-3.2.0.jar with timestamp 1791446355471
[2026-10-08T07:59:16.760+0000] {subprocess.py:93} INFO - 26/10/08 07:59:16 INFO Utils: Copying /root/.ivy2/jars/io.delta_delta-storage-3.2.0.jar to /tmp/spark-f9a9e5f4-7bc6-4a99-be72-4bee90664b22/userFiles-dad47770-2d78-4b78-aa05-79e56ac5c41e/io.delta_delta-storage-3.2.0.jar
[2026-10-08T07:59:16.769+0000] {subprocess.py:93} INFO - 26/10/08 07:59:16 INFO SparkContext: Added file file:///root/.ivy2/jars/org.antlr_antlr4-runtime-4.9.3.jar at file:///root/.ivy2/jars/org.antlr_antlr4-runtime-4.9.3.jar with timestamp 1791446355471
[2026-10-08T07:59:16.769+0000] {subprocess.py:93} INFO - 26/10/08 07:59:16 INFO Utils: Copying /root/.ivy2/jars/org.antlr_antlr4-runtime-4.9.3.jar to /tmp/spark-f9a9e5f4-7bc6-4a99-be72-4bee90664b22/userFiles-dad47770-2d78-4b78-aa05-79e56ac5c41e/org.antlr_antlr4-runtime-4.9.3.jar
[2026-10-08T07:59:16.868+0000] {subprocess.py:93} INFO - 26/10/08 07:59:16 INFO Executor: Starting executor ID driver on host d2c30ec5c415
[2026-10-08T07:59:16.869+0000] {subprocess.py:93} INFO - 26/10/08 07:59:16 INFO Executor: OS info Linux, 5.15.153.1-microsoft-standard-WSL2, amd64
[2026-10-08T07:59:16.869+0000] {subprocess.py:93} INFO - 26/10/08 07:59:16 INFO Executor: Java version 11.0.24
[2026-10-08T07:59:16.877+0000] {subprocess.py:93} INFO - 26/10/08 07:59:16 INFO Executor: Starting executor with user classpath (userClassPathFirst = false): ''
[2026-10-08T07:59:16.878+0000] {subprocess.py:93} INFO - 26/10/08 07:59:16 INFO Executor: Created or updated repl class loader org.apache.spark.util.MutableURLClassLoader@f372c8a for default.
[2026-10-08T07:59:16.893+0000] {subprocess.py:93} INFO - 26/10/08 07:59:16 INFO Executor: Fetching file:///root/.ivy2/jars/io.delta_delta-spark_2.12-3.2.0.jar with timestamp 1791446355471
[2026-10-08T07:59:16.924+0000] {subprocess.py:93} INFO - 26/10/08 07:59:16 INFO Utils: /root/.ivy2/jars/io.delta_delta-spark_2.12-3.2.0.jar has been previously copied to /tmp/spark-f9a9e5f4-7bc6-4a99-be72-4bee90664b22/userFiles-dad47770-2d78-4b78-aa05-79e56ac5c41e/io.delta_delta-spark_2.12-3.2.0.jar
[2026-10-08T07:59:16.930+0000] {subprocess.py:93} INFO - 26/10/08 07:59:16 INFO Executor: Fetching file:///root/.ivy2/jars/io.delta_delta-storage-3.2.0.jar with timestamp 1791446355471
[2026-10-08T07:59:16.930+0000] {subprocess.py:93} INFO - 26/10/08 07:59:16 INFO Utils: /root/.ivy2/jars/io.delta_delta-storage-3.2.0.jar has been previously copied to /tmp/spark-f9a9e5f4-7bc6-4a99-be72-4bee90664b22/userFiles-dad47770-2d78-4b78-aa05-79e56ac5c41e/io.delta_delta-storage-3.2.0.jar
[2026-10-08T07:59:16.935+0000] {subprocess.py:93} INFO - 26/10/08 07:59:16 INFO Executor: Fetching file:///root/.ivy2/jars/org.antlr_antlr4-runtime-4.9.3.jar with timestamp 1791446355471
[2026-10-08T07:59:16.935+0000] {subprocess.py:93} INFO - 26/10/08 07:59:16 INFO Utils: /root/.ivy2/jars/org.antlr_antlr4-runtime-4.9.3.jar has been previously copied to /tmp/spark-f9a9e5f4-7bc6-4a99-be72-4bee90664b22/userFiles-dad47770-2d78-4b78-aa05-79e56ac5c41e/org.antlr_antlr4-runtime-4.9.3.jar
[2026-10-08T07:59:16.943+0000] {subprocess.py:93} INFO - 26/10/08 07:59:16 INFO Executor: Fetching spark://d2c30ec5c415:43055/jars/org.antlr_antlr4-runtime-4.9.3.jar with timestamp 1791446355471
[2026-10-08T07:59:16.990+0000] {subprocess.py:93} INFO - 26/10/08 07:59:16 INFO TransportClientFactory: Successfully created connection to d2c30ec5c415/172.20.0.2:43055 after 33 ms (0 ms spent in bootstraps)
[2026-10-08T07:59:17.001+0000] {subprocess.py:93} INFO - 26/10/08 07:59:16 INFO Utils: Fetching spark://d2c30ec5c415:43055/jars/org.antlr_antlr4-runtime-4.9.3.jar to /tmp/spark-f9a9e5f4-7bc6-4a99-be72-4bee90664b22/userFiles-dad47770-2d78-4b78-aa05-79e56ac5c41e/fetchFileTemp16236703099620407474.tmp
[2026-10-08T07:59:17.031+0000] {subprocess.py:93} INFO - 26/10/08 07:59:17 INFO Utils: /tmp/spark-f9a9e5f4-7bc6-4a99-be72-4bee90664b22/userFiles-dad47770-2d78-4b78-aa05-79e56ac5c41e/fetchFileTemp16236703099620407474.tmp has been previously copied to /tmp/spark-f9a9e5f4-7bc6-4a99-be72-4bee90664b22/userFiles-dad47770-2d78-4b78-aa05-79e56ac5c41e/org.antlr_antlr4-runtime-4.9.3.jar
[2026-10-08T07:59:17.038+0000] {subprocess.py:93} INFO - 26/10/08 07:59:17 INFO Executor: Adding file:/tmp/spark-f9a9e5f4-7bc6-4a99-be72-4bee90664b22/userFiles-dad47770-2d78-4b78-aa05-79e56ac5c41e/org.antlr_antlr4-runtime-4.9.3.jar to class loader default
[2026-10-08T07:59:17.039+0000] {subprocess.py:93} INFO - 26/10/08 07:59:17 INFO Executor: Fetching spark://d2c30ec5c415:43055/jars/io.delta_delta-storage-3.2.0.jar with timestamp 1791446355471
[2026-10-08T07:59:17.040+0000] {subprocess.py:93} INFO - 26/10/08 07:59:17 INFO Utils: Fetching spark://d2c30ec5c415:43055/jars/io.delta_delta-storage-3.2.0.jar to /tmp/spark-f9a9e5f4-7bc6-4a99-be72-4bee90664b22/userFiles-dad47770-2d78-4b78-aa05-79e56ac5c41e/fetchFileTemp14695583494133490796.tmp
[2026-10-08T07:59:17.043+0000] {subprocess.py:93} INFO - 26/10/08 07:59:17 INFO Utils: /tmp/spark-f9a9e5f4-7bc6-4a99-be72-4bee90664b22/userFiles-dad47770-2d78-4b78-aa05-79e56ac5c41e/fetchFileTemp14695583494133490796.tmp has been previously copied to /tmp/spark-f9a9e5f4-7bc6-4a99-be72-4bee90664b22/userFiles-dad47770-2d78-4b78-aa05-79e56ac5c41e/io.delta_delta-storage-3.2.0.jar
[2026-10-08T07:59:17.049+0000] {subprocess.py:93} INFO - 26/10/08 07:59:17 INFO Executor: Adding file:/tmp/spark-f9a9e5f4-7bc6-4a99-be72-4bee90664b22/userFiles-dad47770-2d78-4b78-aa05-79e56ac5c41e/io.delta_delta-storage-3.2.0.jar to class loader default
[2026-10-08T07:59:17.050+0000] {subprocess.py:93} INFO - 26/10/08 07:59:17 INFO Executor: Fetching spark://d2c30ec5c415:43055/jars/io.delta_delta-spark_2.12-3.2.0.jar with timestamp 1791446355471
[2026-10-08T07:59:17.050+0000] {subprocess.py:93} INFO - 26/10/08 07:59:17 INFO Utils: Fetching spark://d2c30ec5c415:43055/jars/io.delta_delta-spark_2.12-3.2.0.jar to /tmp/spark-f9a9e5f4-7bc6-4a99-be72-4bee90664b22/userFiles-dad47770-2d78-4b78-aa05-79e56ac5c41e/fetchFileTemp524768254137746824.tmp
[2026-10-08T07:59:17.100+0000] {subprocess.py:93} INFO - 26/10/08 07:59:17 INFO Utils: /tmp/spark-f9a9e5f4-7bc6-4a99-be72-4bee90664b22/userFiles-dad47770-2d78-4b78-aa05-79e56ac5c41e/fetchFileTemp524768254137746824.tmp has been previously copied to /tmp/spark-f9a9e5f4-7bc6-4a99-be72-4bee90664b22/userFiles-dad47770-2d78-4b78-aa05-79e56ac5c41e/io.delta_delta-spark_2.12-3.2.0.jar
[2026-10-08T07:59:17.105+0000] {subprocess.py:93} INFO - 26/10/08 07:59:17 INFO Executor: Adding file:/tmp/spark-f9a9e5f4-7bc6-4a99-be72-4bee90664b22/userFiles-dad47770-2d78-4b78-aa05-79e56ac5c41e/io.delta_delta-spark_2.12-3.2.0.jar to class loader default
[2026-10-08T07:59:17.117+0000] {subprocess.py:93} INFO - 26/10/08 07:59:17 INFO Utils: Successfully started service 'org.apache.spark.network.netty.NettyBlockTransferService' on port 42725.
[2026-10-08T07:59:17.118+0000] {subprocess.py:93} INFO - 26/10/08 07:59:17 INFO NettyBlockTransferService: Server created on d2c30ec5c415:42725
[2026-10-08T07:59:17.121+0000] {subprocess.py:93} INFO - 26/10/08 07:59:17 INFO BlockManager: Using org.apache.spark.storage.RandomBlockReplicationPolicy for block replication policy
[2026-10-08T07:59:17.129+0000] {subprocess.py:93} INFO - 26/10/08 07:59:17 INFO BlockManagerMaster: Registering BlockManager BlockManagerId(driver, d2c30ec5c415, 42725, None)
[2026-10-08T07:59:17.133+0000] {subprocess.py:93} INFO - 26/10/08 07:59:17 INFO BlockManagerMasterEndpoint: Registering block manager d2c30ec5c415:42725 with 434.4 MiB RAM, BlockManagerId(driver, d2c30ec5c415, 42725, None)
[2026-10-08T07:59:17.136+0000] {subprocess.py:93} INFO - 26/10/08 07:59:17 INFO BlockManagerMaster: Registered BlockManager BlockManagerId(driver, d2c30ec5c415, 42725, None)
[2026-10-08T07:59:17.138+0000] {subprocess.py:93} INFO - 26/10/08 07:59:17 INFO BlockManager: Initialized BlockManager: BlockManagerId(driver, d2c30ec5c415, 42725, None)
[2026-10-08T07:59:26.238+0000] {subprocess.py:93} INFO - 26/10/08 07:59:26 WARN ResolveWriteToStream: spark.sql.adaptive.enabled is not supported in streaming DataFrames/Datasets and will be disabled.
[2026-10-08T07:59:27.199+0000] {subprocess.py:97} INFO - Command exited with return code 0
[2026-10-08T07:59:27.200+0000] {taskinstance.py:441} INFO - ::group::Post task execution logs
[2026-10-08T07:59:27.216+0000] {taskinstance.py:1206} INFO - Marking task as SUCCESS. dag_id=daily_summary_dag, task_id=run_daily_summary_job, run_id=scheduled__2026-10-07T00:00:00+00:00, execution_date=20261007T000000, start_date=20261008T075910, end_date=20261008T075927
[2026-10-08T07:59:27.251+0000] {local_task_job_runner.py:243} INFO - Task exited with return code 0
[2026-10-08T07:59:27.262+0000] {taskinstance.py:3503} INFO - 1 downstream tasks scheduled from follow-on schedule check
[2026-10-08T07:59:27.268+0000] {local_task_job_runner.py:222} INFO - ::endgroup::
[2026-10-08T08:14:46.598+0000] {local_task_job_runner.py:120} INFO - ::group::Pre task execution logs
[2026-10-08T08:14:46.700+0000] {taskinstance.py:2076} INFO - Dependencies all met for dep_context=non-requeueable deps ti=<TaskInstance: daily_summary_dag.run_daily_summary_job scheduled__2026-10-07T00:00:00+00:00 [queued]>
[2026-10-08T08:14:46.705+0000] {taskinstance.py:2076} INFO - Dependencies all met for dep_context=requeueable deps ti=<TaskInstance: daily_summary_dag.run_daily_summary_job scheduled__2026-10-07T00:00:00+00:00 [queued]>
[2026-10-08T08:14:46.706+0000] {taskinstance.py:2306} INFO - Starting attempt 1 of 1
[2026-10-08T08:14:46.720+0000] {taskinstance.py:2330} INFO - Executing <Task(BashOperator): run_daily_summary_job> on 2026-10-07 00:00:00+00:00
[2026-10-08T08:14:46.726+0000] {standard_task_runner.py:64} INFO - Started process 527 to run task
[2026-10-08T08:14:46.729+0000] {standard_task_runner.py:90} INFO - Running: ['airflow', 'tasks', 'run', 'daily_summary_dag', 'run_daily_summary_job', 'scheduled__2026-10-07T00:00:00+00:00', '--job-id', '13', '--raw', '--subdir', 'DAGS_FOLDER/daily_summary_dag.py', '--cfg-path', '/tmp/tmp7rw3kxtw']
[2026-10-08T08:14:46.731+0000] {standard_task_runner.py:91} INFO - Job 13: Subtask run_daily_summary_job
[2026-10-08T08:14:46.771+0000] {task_command.py:426} INFO - Running <TaskInstance: daily_summary_dag.run_daily_summary_job scheduled__2026-10-07T00:00:00+00:00 [running]> on host 042aafadaf90
[2026-10-08T08:14:46.837+0000] {taskinstance.py:2648} INFO - Exporting env vars: AIRFLOW_CTX_DAG_OWNER='akhil' AIRFLOW_CTX_DAG_ID='daily_summary_dag' AIRFLOW_CTX_TASK_ID='run_daily_summary_job' AIRFLOW_CTX_EXECUTION_DATE='2026-10-07T00:00:00+00:00' AIRFLOW_CTX_TRY_NUMBER='1' AIRFLOW_CTX_DAG_RUN_ID='scheduled__2026-10-07T00:00:00+00:00'
[2026-10-08T08:14:46.838+0000] {taskinstance.py:430} INFO - ::endgroup::
[2026-10-08T08:14:46.852+0000] {subprocess.py:63} INFO - Tmp dir root location: /tmp
[2026-10-08T08:14:46.853+0000] {subprocess.py:75} INFO - Running command: ['/usr/bin/bash', '-c', 'docker exec -e PYTHONPATH=/opt/app payments-spark /opt/spark/bin/spark-submit --packages io.delta:delta-spark_2.12:3.2.0 --conf spark.sql.extensions=io.delta.sql.DeltaSparkSessionExtension --conf spark.sql.catalog.spark_catalog=org.apache.spark.sql.delta.catalog.DeltaCatalog /opt/app/src/streaming/gold_daily_summary.py']
[2026-10-08T08:14:46.862+0000] {subprocess.py:86} INFO - Output:
[2026-10-08T08:14:48.992+0000] {subprocess.py:93} INFO - :: loading settings :: url = jar:file:/opt/spark/jars/ivy-2.5.1.jar!/org/apache/ivy/core/settings/ivysettings.xml
[2026-10-08T08:14:49.117+0000] {subprocess.py:93} INFO - Ivy Default Cache set to: /root/.ivy2/cache
[2026-10-08T08:14:49.118+0000] {subprocess.py:93} INFO - The jars for the packages stored in: /root/.ivy2/jars
[2026-10-08T08:14:49.125+0000] {subprocess.py:93} INFO - io.delta#delta-spark_2.12 added as a dependency
[2026-10-08T08:14:49.127+0000] {subprocess.py:93} INFO - :: resolving dependencies :: org.apache.spark#spark-submit-parent-0dbf2062-b8a7-499e-b9ab-06ce7224a424;1.0
[2026-10-08T08:14:49.129+0000] {subprocess.py:93} INFO - 	confs: [default]
[2026-10-08T08:14:49.255+0000] {subprocess.py:93} INFO - 	found io.delta#delta-spark_2.12;3.2.0 in central
[2026-10-08T08:14:49.296+0000] {subprocess.py:93} INFO - 	found io.delta#delta-storage;3.2.0 in central
[2026-10-08T08:14:49.327+0000] {subprocess.py:93} INFO - 	found org.antlr#antlr4-runtime;4.9.3 in central
[2026-10-08T08:14:49.356+0000] {subprocess.py:93} INFO - :: resolution report :: resolve 217ms :: artifacts dl 10ms
[2026-10-08T08:14:49.357+0000] {subprocess.py:93} INFO - 	:: modules in use:
[2026-10-08T08:14:49.359+0000] {subprocess.py:93} INFO - 	io.delta#delta-spark_2.12;3.2.0 from central in [default]
[2026-10-08T08:14:49.361+0000] {subprocess.py:93} INFO - 	io.delta#delta-storage;3.2.0 from central in [default]
[2026-10-08T08:14:49.362+0000] {subprocess.py:93} INFO - 	org.antlr#antlr4-runtime;4.9.3 from central in [default]
[2026-10-08T08:14:49.363+0000] {subprocess.py:93} INFO - 	---------------------------------------------------------------------
[2026-10-08T08:14:49.364+0000] {subprocess.py:93} INFO - 	|                  |            modules            ||   artifacts   |
[2026-10-08T08:14:49.365+0000] {subprocess.py:93} INFO - 	|       conf       | number| search|dwnlded|evicted|| number|dwnlded|
[2026-10-08T08:14:49.366+0000] {subprocess.py:93} INFO - 	---------------------------------------------------------------------
[2026-10-08T08:14:49.366+0000] {subprocess.py:93} INFO - 	|      default     |   3   |   0   |   0   |   0   ||   3   |   0   |
[2026-10-08T08:14:49.366+0000] {subprocess.py:93} INFO - 	---------------------------------------------------------------------
[2026-10-08T08:14:49.367+0000] {subprocess.py:93} INFO - :: retrieving :: org.apache.spark#spark-submit-parent-0dbf2062-b8a7-499e-b9ab-06ce7224a424
[2026-10-08T08:14:49.367+0000] {subprocess.py:93} INFO - 	confs: [default]
[2026-10-08T08:14:49.374+0000] {subprocess.py:93} INFO - 	0 artifacts copied, 3 already retrieved (0kB/8ms)
[2026-10-08T08:14:49.609+0000] {subprocess.py:93} INFO - 26/10/08 08:14:49 WARN NativeCodeLoader: Unable to load native-hadoop library for your platform... using builtin-java classes where applicable
[2026-10-08T08:14:50.564+0000] {subprocess.py:93} INFO - 26/10/08 08:14:50 INFO SparkContext: Running Spark version 3.5.3
[2026-10-08T08:14:50.565+0000] {subprocess.py:93} INFO - 26/10/08 08:14:50 INFO SparkContext: OS info Linux, 5.15.153.1-microsoft-standard-WSL2, amd64
[2026-10-08T08:14:50.565+0000] {subprocess.py:93} INFO - 26/10/08 08:14:50 INFO SparkContext: Java version 11.0.24
[2026-10-08T08:14:50.593+0000] {subprocess.py:93} INFO - 26/10/08 08:14:50 INFO ResourceUtils: ==============================================================
[2026-10-08T08:14:50.594+0000] {subprocess.py:93} INFO - 26/10/08 08:14:50 INFO ResourceUtils: No custom resources configured for spark.driver.
[2026-10-08T08:14:50.594+0000] {subprocess.py:93} INFO - 26/10/08 08:14:50 INFO ResourceUtils: ==============================================================
[2026-10-08T08:14:50.595+0000] {subprocess.py:93} INFO - 26/10/08 08:14:50 INFO SparkContext: Submitted application: GoldDailySummary
[2026-10-08T08:14:50.622+0000] {subprocess.py:93} INFO - 26/10/08 08:14:50 INFO ResourceProfile: Default ResourceProfile created, executor resources: Map(cores -> name: cores, amount: 1, script: , vendor: , memory -> name: memory, amount: 1024, script: , vendor: , offHeap -> name: offHeap, amount: 0, script: , vendor: ), task resources: Map(cpus -> name: cpus, amount: 1.0)
[2026-10-08T08:14:50.637+0000] {subprocess.py:93} INFO - 26/10/08 08:14:50 INFO ResourceProfile: Limiting resource is cpu
[2026-10-08T08:14:50.637+0000] {subprocess.py:93} INFO - 26/10/08 08:14:50 INFO ResourceProfileManager: Added ResourceProfile id: 0
[2026-10-08T08:14:50.715+0000] {subprocess.py:93} INFO - 26/10/08 08:14:50 INFO SecurityManager: Changing view acls to: root
[2026-10-08T08:14:50.717+0000] {subprocess.py:93} INFO - 26/10/08 08:14:50 INFO SecurityManager: Changing modify acls to: root
[2026-10-08T08:14:50.720+0000] {subprocess.py:93} INFO - 26/10/08 08:14:50 INFO SecurityManager: Changing view acls groups to:
[2026-10-08T08:14:50.721+0000] {subprocess.py:93} INFO - 26/10/08 08:14:50 INFO SecurityManager: Changing modify acls groups to:
[2026-10-08T08:14:50.723+0000] {subprocess.py:93} INFO - 26/10/08 08:14:50 INFO SecurityManager: SecurityManager: authentication disabled; ui acls disabled; users with view permissions: root; groups with view permissions: EMPTY; users with modify permissions: root; groups with modify permissions: EMPTY
[2026-10-08T08:14:51.047+0000] {subprocess.py:93} INFO - 26/10/08 08:14:51 INFO Utils: Successfully started service 'sparkDriver' on port 42087.
[2026-10-08T08:14:51.080+0000] {subprocess.py:93} INFO - 26/10/08 08:14:51 INFO SparkEnv: Registering MapOutputTracker
[2026-10-08T08:14:51.116+0000] {subprocess.py:93} INFO - 26/10/08 08:14:51 INFO SparkEnv: Registering BlockManagerMaster
[2026-10-08T08:14:51.133+0000] {subprocess.py:93} INFO - 26/10/08 08:14:51 INFO BlockManagerMasterEndpoint: Using org.apache.spark.storage.DefaultTopologyMapper for getting topology information
[2026-10-08T08:14:51.134+0000] {subprocess.py:93} INFO - 26/10/08 08:14:51 INFO BlockManagerMasterEndpoint: BlockManagerMasterEndpoint up
[2026-10-08T08:14:51.139+0000] {subprocess.py:93} INFO - 26/10/08 08:14:51 INFO SparkEnv: Registering BlockManagerMasterHeartbeat
[2026-10-08T08:14:51.158+0000] {subprocess.py:93} INFO - 26/10/08 08:14:51 INFO DiskBlockManager: Created local directory at /tmp/blockmgr-433481e7-f38d-4bfa-a5c5-3d48ee73f4a5
[2026-10-08T08:14:51.173+0000] {subprocess.py:93} INFO - 26/10/08 08:14:51 INFO MemoryStore: MemoryStore started with capacity 434.4 MiB
[2026-10-08T08:14:51.189+0000] {subprocess.py:93} INFO - 26/10/08 08:14:51 INFO SparkEnv: Registering OutputCommitCoordinator
[2026-10-08T08:14:51.329+0000] {subprocess.py:93} INFO - 26/10/08 08:14:51 INFO JettyUtils: Start Jetty 0.0.0.0:4040 for SparkUI
[2026-10-08T08:14:51.395+0000] {subprocess.py:93} INFO - 26/10/08 08:14:51 INFO Utils: Successfully started service 'SparkUI' on port 4040.
[2026-10-08T08:14:51.435+0000] {subprocess.py:93} INFO - 26/10/08 08:14:51 INFO SparkContext: Added JAR file:///root/.ivy2/jars/io.delta_delta-spark_2.12-3.2.0.jar at spark://d2c30ec5c415:42087/jars/io.delta_delta-spark_2.12-3.2.0.jar with timestamp 1791447290552
[2026-10-08T08:14:51.436+0000] {subprocess.py:93} INFO - 26/10/08 08:14:51 INFO SparkContext: Added JAR file:///root/.ivy2/jars/io.delta_delta-storage-3.2.0.jar at spark://d2c30ec5c415:42087/jars/io.delta_delta-storage-3.2.0.jar with timestamp 1791447290552
[2026-10-08T08:14:51.436+0000] {subprocess.py:93} INFO - 26/10/08 08:14:51 INFO SparkContext: Added JAR file:///root/.ivy2/jars/org.antlr_antlr4-runtime-4.9.3.jar at spark://d2c30ec5c415:42087/jars/org.antlr_antlr4-runtime-4.9.3.jar with timestamp 1791447290552
[2026-10-08T08:14:51.441+0000] {subprocess.py:93} INFO - 26/10/08 08:14:51 INFO SparkContext: Added file file:///root/.ivy2/jars/io.delta_delta-spark_2.12-3.2.0.jar at file:///root/.ivy2/jars/io.delta_delta-spark_2.12-3.2.0.jar with timestamp 1791447290552
[2026-10-08T08:14:51.443+0000] {subprocess.py:93} INFO - 26/10/08 08:14:51 INFO Utils: Copying /root/.ivy2/jars/io.delta_delta-spark_2.12-3.2.0.jar to /tmp/spark-dd2ede5a-d101-4508-9ac3-3a1059c24a7d/userFiles-e1a84872-92a9-476c-842c-3c91348d6410/io.delta_delta-spark_2.12-3.2.0.jar
[2026-10-08T08:14:51.469+0000] {subprocess.py:93} INFO - 26/10/08 08:14:51 INFO SparkContext: Added file file:///root/.ivy2/jars/io.delta_delta-storage-3.2.0.jar at file:///root/.ivy2/jars/io.delta_delta-storage-3.2.0.jar with timestamp 1791447290552
[2026-10-08T08:14:51.470+0000] {subprocess.py:93} INFO - 26/10/08 08:14:51 INFO Utils: Copying /root/.ivy2/jars/io.delta_delta-storage-3.2.0.jar to /tmp/spark-dd2ede5a-d101-4508-9ac3-3a1059c24a7d/userFiles-e1a84872-92a9-476c-842c-3c91348d6410/io.delta_delta-storage-3.2.0.jar
[2026-10-08T08:14:51.474+0000] {subprocess.py:93} INFO - 26/10/08 08:14:51 INFO SparkContext: Added file file:///root/.ivy2/jars/org.antlr_antlr4-runtime-4.9.3.jar at file:///root/.ivy2/jars/org.antlr_antlr4-runtime-4.9.3.jar with timestamp 1791447290552
[2026-10-08T08:14:51.475+0000] {subprocess.py:93} INFO - 26/10/08 08:14:51 INFO Utils: Copying /root/.ivy2/jars/org.antlr_antlr4-runtime-4.9.3.jar to /tmp/spark-dd2ede5a-d101-4508-9ac3-3a1059c24a7d/userFiles-e1a84872-92a9-476c-842c-3c91348d6410/org.antlr_antlr4-runtime-4.9.3.jar
[2026-10-08T08:14:51.544+0000] {subprocess.py:93} INFO - 26/10/08 08:14:51 INFO Executor: Starting executor ID driver on host d2c30ec5c415
[2026-10-08T08:14:51.545+0000] {subprocess.py:93} INFO - 26/10/08 08:14:51 INFO Executor: OS info Linux, 5.15.153.1-microsoft-standard-WSL2, amd64
[2026-10-08T08:14:51.546+0000] {subprocess.py:93} INFO - 26/10/08 08:14:51 INFO Executor: Java version 11.0.24
[2026-10-08T08:14:51.553+0000] {subprocess.py:93} INFO - 26/10/08 08:14:51 INFO Executor: Starting executor with user classpath (userClassPathFirst = false): ''
[2026-10-08T08:14:51.554+0000] {subprocess.py:93} INFO - 26/10/08 08:14:51 INFO Executor: Created or updated repl class loader org.apache.spark.util.MutableURLClassLoader@2c443828 for default.
[2026-10-08T08:14:51.568+0000] {subprocess.py:93} INFO - 26/10/08 08:14:51 INFO Executor: Fetching file:///root/.ivy2/jars/io.delta_delta-spark_2.12-3.2.0.jar with timestamp 1791447290552
[2026-10-08T08:14:51.606+0000] {subprocess.py:93} INFO - 26/10/08 08:14:51 INFO Utils: /root/.ivy2/jars/io.delta_delta-spark_2.12-3.2.0.jar has been previously copied to /tmp/spark-dd2ede5a-d101-4508-9ac3-3a1059c24a7d/userFiles-e1a84872-92a9-476c-842c-3c91348d6410/io.delta_delta-spark_2.12-3.2.0.jar
[2026-10-08T08:14:51.611+0000] {subprocess.py:93} INFO - 26/10/08 08:14:51 INFO Executor: Fetching file:///root/.ivy2/jars/io.delta_delta-storage-3.2.0.jar with timestamp 1791447290552
[2026-10-08T08:14:51.612+0000] {subprocess.py:93} INFO - 26/10/08 08:14:51 INFO Utils: /root/.ivy2/jars/io.delta_delta-storage-3.2.0.jar has been previously copied to /tmp/spark-dd2ede5a-d101-4508-9ac3-3a1059c24a7d/userFiles-e1a84872-92a9-476c-842c-3c91348d6410/io.delta_delta-storage-3.2.0.jar
[2026-10-08T08:14:51.617+0000] {subprocess.py:93} INFO - 26/10/08 08:14:51 INFO Executor: Fetching file:///root/.ivy2/jars/org.antlr_antlr4-runtime-4.9.3.jar with timestamp 1791447290552
[2026-10-08T08:14:51.618+0000] {subprocess.py:93} INFO - 26/10/08 08:14:51 INFO Utils: /root/.ivy2/jars/org.antlr_antlr4-runtime-4.9.3.jar has been previously copied to /tmp/spark-dd2ede5a-d101-4508-9ac3-3a1059c24a7d/userFiles-e1a84872-92a9-476c-842c-3c91348d6410/org.antlr_antlr4-runtime-4.9.3.jar
[2026-10-08T08:14:51.625+0000] {subprocess.py:93} INFO - 26/10/08 08:14:51 INFO Executor: Fetching spark://d2c30ec5c415:42087/jars/org.antlr_antlr4-runtime-4.9.3.jar with timestamp 1791447290552
[2026-10-08T08:14:51.665+0000] {subprocess.py:93} INFO - 26/10/08 08:14:51 INFO TransportClientFactory: Successfully created connection to d2c30ec5c415/172.20.0.2:42087 after 28 ms (0 ms spent in bootstraps)
[2026-10-08T08:14:51.676+0000] {subprocess.py:93} INFO - 26/10/08 08:14:51 INFO Utils: Fetching spark://d2c30ec5c415:42087/jars/org.antlr_antlr4-runtime-4.9.3.jar to /tmp/spark-dd2ede5a-d101-4508-9ac3-3a1059c24a7d/userFiles-e1a84872-92a9-476c-842c-3c91348d6410/fetchFileTemp6182115725527672353.tmp
[2026-10-08T08:14:51.703+0000] {subprocess.py:93} INFO - 26/10/08 08:14:51 INFO Utils: /tmp/spark-dd2ede5a-d101-4508-9ac3-3a1059c24a7d/userFiles-e1a84872-92a9-476c-842c-3c91348d6410/fetchFileTemp6182115725527672353.tmp has been previously copied to /tmp/spark-dd2ede5a-d101-4508-9ac3-3a1059c24a7d/userFiles-e1a84872-92a9-476c-842c-3c91348d6410/org.antlr_antlr4-runtime-4.9.3.jar
[2026-10-08T08:14:51.708+0000] {subprocess.py:93} INFO - 26/10/08 08:14:51 INFO Executor: Adding file:/tmp/spark-dd2ede5a-d101-4508-9ac3-3a1059c24a7d/userFiles-e1a84872-92a9-476c-842c-3c91348d6410/org.antlr_antlr4-runtime-4.9.3.jar to class loader default
[2026-10-08T08:14:51.709+0000] {subprocess.py:93} INFO - 26/10/08 08:14:51 INFO Executor: Fetching spark://d2c30ec5c415:42087/jars/io.delta_delta-spark_2.12-3.2.0.jar with timestamp 1791447290552
[2026-10-08T08:14:51.710+0000] {subprocess.py:93} INFO - 26/10/08 08:14:51 INFO Utils: Fetching spark://d2c30ec5c415:42087/jars/io.delta_delta-spark_2.12-3.2.0.jar to /tmp/spark-dd2ede5a-d101-4508-9ac3-3a1059c24a7d/userFiles-e1a84872-92a9-476c-842c-3c91348d6410/fetchFileTemp2031235467750419053.tmp
[2026-10-08T08:14:51.758+0000] {subprocess.py:93} INFO - 26/10/08 08:14:51 INFO Utils: /tmp/spark-dd2ede5a-d101-4508-9ac3-3a1059c24a7d/userFiles-e1a84872-92a9-476c-842c-3c91348d6410/fetchFileTemp2031235467750419053.tmp has been previously copied to /tmp/spark-dd2ede5a-d101-4508-9ac3-3a1059c24a7d/userFiles-e1a84872-92a9-476c-842c-3c91348d6410/io.delta_delta-spark_2.12-3.2.0.jar
[2026-10-08T08:14:51.764+0000] {subprocess.py:93} INFO - 26/10/08 08:14:51 INFO Executor: Adding file:/tmp/spark-dd2ede5a-d101-4508-9ac3-3a1059c24a7d/userFiles-e1a84872-92a9-476c-842c-3c91348d6410/io.delta_delta-spark_2.12-3.2.0.jar to class loader default
[2026-10-08T08:14:51.765+0000] {subprocess.py:93} INFO - 26/10/08 08:14:51 INFO Executor: Fetching spark://d2c30ec5c415:42087/jars/io.delta_delta-storage-3.2.0.jar with timestamp 1791447290552
[2026-10-08T08:14:51.766+0000] {subprocess.py:93} INFO - 26/10/08 08:14:51 INFO Utils: Fetching spark://d2c30ec5c415:42087/jars/io.delta_delta-storage-3.2.0.jar to /tmp/spark-dd2ede5a-d101-4508-9ac3-3a1059c24a7d/userFiles-e1a84872-92a9-476c-842c-3c91348d6410/fetchFileTemp11656915112956509639.tmp
[2026-10-08T08:14:51.769+0000] {subprocess.py:93} INFO - 26/10/08 08:14:51 INFO Utils: /tmp/spark-dd2ede5a-d101-4508-9ac3-3a1059c24a7d/userFiles-e1a84872-92a9-476c-842c-3c91348d6410/fetchFileTemp11656915112956509639.tmp has been previously copied to /tmp/spark-dd2ede5a-d101-4508-9ac3-3a1059c24a7d/userFiles-e1a84872-92a9-476c-842c-3c91348d6410/io.delta_delta-storage-3.2.0.jar
[2026-10-08T08:14:51.773+0000] {subprocess.py:93} INFO - 26/10/08 08:14:51 INFO Executor: Adding file:/tmp/spark-dd2ede5a-d101-4508-9ac3-3a1059c24a7d/userFiles-e1a84872-92a9-476c-842c-3c91348d6410/io.delta_delta-storage-3.2.0.jar to class loader default
[2026-10-08T08:14:51.785+0000] {subprocess.py:93} INFO - 26/10/08 08:14:51 INFO Utils: Successfully started service 'org.apache.spark.network.netty.NettyBlockTransferService' on port 37117.
[2026-10-08T08:14:51.786+0000] {subprocess.py:93} INFO - 26/10/08 08:14:51 INFO NettyBlockTransferService: Server created on d2c30ec5c415:37117
[2026-10-08T08:14:51.788+0000] {subprocess.py:93} INFO - 26/10/08 08:14:51 INFO BlockManager: Using org.apache.spark.storage.RandomBlockReplicationPolicy for block replication policy
[2026-10-08T08:14:51.794+0000] {subprocess.py:93} INFO - 26/10/08 08:14:51 INFO BlockManagerMaster: Registering BlockManager BlockManagerId(driver, d2c30ec5c415, 37117, None)
[2026-10-08T08:14:51.798+0000] {subprocess.py:93} INFO - 26/10/08 08:14:51 INFO BlockManagerMasterEndpoint: Registering block manager d2c30ec5c415:37117 with 434.4 MiB RAM, BlockManagerId(driver, d2c30ec5c415, 37117, None)
[2026-10-08T08:14:51.801+0000] {subprocess.py:93} INFO - 26/10/08 08:14:51 INFO BlockManagerMaster: Registered BlockManager BlockManagerId(driver, d2c30ec5c415, 37117, None)
[2026-10-08T08:14:51.803+0000] {subprocess.py:93} INFO - 26/10/08 08:14:51 INFO BlockManager: Initialized BlockManager: BlockManagerId(driver, d2c30ec5c415, 37117, None)
[2026-10-08T08:15:00.356+0000] {subprocess.py:93} INFO - 26/10/08 08:15:00 WARN ResolveWriteToStream: spark.sql.adaptive.enabled is not supported in streaming DataFrames/Datasets and will be disabled.
[2026-10-08T08:15:04.239+0000] {subprocess.py:93} INFO - 26/10/08 08:15:04 WARN SparkStringUtils: Truncated the string representation of a plan since it was too large. This behavior can be adjusted by setting 'spark.sql.debug.maxToStringFields'.
[2026-10-08T08:15:10.780+0000] {subprocess.py:93} INFO - 26/10/08 08:15:10 WARN HDFSBackedStateStoreProvider: The state for version 2 doesn't exist in loadedMaps. Reading snapshot file and delta files if needed...Note that this is normal for the first batch of starting query.
[2026-10-08T08:15:10.804+0000] {subprocess.py:93} INFO - 26/10/08 08:15:10 WARN HDFSBackedStateStoreProvider: The state for version 2 doesn't exist in loadedMaps. Reading snapshot file and delta files if needed...Note that this is normal for the first batch of starting query.
[2026-10-08T08:15:10.823+0000] {subprocess.py:93} INFO - 26/10/08 08:15:10 WARN HDFSBackedStateStoreProvider: The state for version 2 doesn't exist in loadedMaps. Reading snapshot file and delta files if needed...Note that this is normal for the first batch of starting query.
[2026-10-08T08:15:10.833+0000] {subprocess.py:93} INFO - 26/10/08 08:15:10 WARN HDFSBackedStateStoreProvider: The state for version 2 doesn't exist in loadedMaps. Reading snapshot file and delta files if needed...Note that this is normal for the first batch of starting query.
[2026-10-08T08:15:10.843+0000] {subprocess.py:93} INFO - 26/10/08 08:15:10 WARN HDFSBackedStateStoreProvider: The state for version 2 doesn't exist in loadedMaps. Reading snapshot file and delta files if needed...Note that this is normal for the first batch of starting query.
[2026-10-08T08:15:10.853+0000] {subprocess.py:93} INFO - 26/10/08 08:15:10 WARN HDFSBackedStateStoreProvider: The state for version 2 doesn't exist in loadedMaps. Reading snapshot file and delta files if needed...Note that this is normal for the first batch of starting query.
[2026-10-08T08:15:10.865+0000] {subprocess.py:93} INFO - 26/10/08 08:15:10 WARN HDFSBackedStateStoreProvider: The state for version 2 doesn't exist in loadedMaps. Reading snapshot file and delta files if needed...Note that this is normal for the first batch of starting query.
[2026-10-08T08:15:10.879+0000] {subprocess.py:93} INFO - 26/10/08 08:15:10 WARN HDFSBackedStateStoreProvider: The state for version 2 doesn't exist in loadedMaps. Reading snapshot file and delta files if needed...Note that this is normal for the first batch of starting query.
[2026-10-08T08:15:10.896+0000] {subprocess.py:93} INFO - 26/10/08 08:15:10 WARN HDFSBackedStateStoreProvider: The state for version 2 doesn't exist in loadedMaps. Reading snapshot file and delta files if needed...Note that this is normal for the first batch of starting query.
[2026-10-08T08:15:10.917+0000] {subprocess.py:93} INFO - 26/10/08 08:15:10 WARN HDFSBackedStateStoreProvider: The state for version 2 doesn't exist in loadedMaps. Reading snapshot file and delta files if needed...Note that this is normal for the first batch of starting query.
[2026-10-08T08:15:10.935+0000] {subprocess.py:93} INFO - 26/10/08 08:15:10 WARN HDFSBackedStateStoreProvider: The state for version 2 doesn't exist in loadedMaps. Reading snapshot file and delta files if needed...Note that this is normal for the first batch of starting query.
[2026-10-08T08:15:10.951+0000] {subprocess.py:93} INFO - 26/10/08 08:15:10 WARN HDFSBackedStateStoreProvider: The state for version 2 doesn't exist in loadedMaps. Reading snapshot file and delta files if needed...Note that this is normal for the first batch of starting query.
[2026-10-08T08:15:10.966+0000] {subprocess.py:93} INFO - 26/10/08 08:15:10 WARN HDFSBackedStateStoreProvider: The state for version 2 doesn't exist in loadedMaps. Reading snapshot file and delta files if needed...Note that this is normal for the first batch of starting query.
[2026-10-08T08:15:11.089+0000] {subprocess.py:93} INFO - 26/10/08 08:15:11 WARN HDFSBackedStateStoreProvider: The state for version 2 doesn't exist in loadedMaps. Reading snapshot file and delta files if needed...Note that this is normal for the first batch of starting query.
[2026-10-08T08:15:11.099+0000] {subprocess.py:93} INFO - 26/10/08 08:15:11 WARN HDFSBackedStateStoreProvider: The state for version 2 doesn't exist in loadedMaps. Reading snapshot file and delta files if needed...Note that this is normal for the first batch of starting query.
[2026-10-08T08:15:11.114+0000] {subprocess.py:93} INFO - 26/10/08 08:15:11 WARN HDFSBackedStateStoreProvider: The state for version 2 doesn't exist in loadedMaps. Reading snapshot file and delta files if needed...Note that this is normal for the first batch of starting query.
[2026-10-08T08:15:12.140+0000] {subprocess.py:93} INFO - 26/10/08 08:15:12 WARN HDFSBackedStateStoreProvider: The state for version 2 doesn't exist in loadedMaps. Reading snapshot file and delta files if needed...Note that this is normal for the first batch of starting query.
[2026-10-08T08:15:12.160+0000] {subprocess.py:93} INFO - 26/10/08 08:15:12 WARN HDFSBackedStateStoreProvider: The state for version 2 doesn't exist in loadedMaps. Reading snapshot file and delta files if needed...Note that this is normal for the first batch of starting query.
[2026-10-08T08:15:12.176+0000] {subprocess.py:93} INFO - 26/10/08 08:15:12 WARN HDFSBackedStateStoreProvider: The state for version 2 doesn't exist in loadedMaps. Reading snapshot file and delta files if needed...Note that this is normal for the first batch of starting query.
[2026-10-08T08:15:12.193+0000] {subprocess.py:93} INFO - 26/10/08 08:15:12 WARN HDFSBackedStateStoreProvider: The state for version 2 doesn't exist in loadedMaps. Reading snapshot file and delta files if needed...Note that this is normal for the first batch of starting query.
[2026-10-08T08:15:12.208+0000] {subprocess.py:93} INFO - 26/10/08 08:15:12 WARN HDFSBackedStateStoreProvider: The state for version 2 doesn't exist in loadedMaps. Reading snapshot file and delta files if needed...Note that this is normal for the first batch of starting query.
[2026-10-08T08:15:12.228+0000] {subprocess.py:93} INFO - 26/10/08 08:15:12 WARN HDFSBackedStateStoreProvider: The state for version 2 doesn't exist in loadedMaps. Reading snapshot file and delta files if needed...Note that this is normal for the first batch of starting query.
[2026-10-08T08:15:12.246+0000] {subprocess.py:93} INFO - 26/10/08 08:15:12 WARN HDFSBackedStateStoreProvider: The state for version 2 doesn't exist in loadedMaps. Reading snapshot file and delta files if needed...Note that this is normal for the first batch of starting query.
[2026-10-08T08:15:12.258+0000] {subprocess.py:93} INFO - 26/10/08 08:15:12 WARN HDFSBackedStateStoreProvider: The state for version 2 doesn't exist in loadedMaps. Reading snapshot file and delta files if needed...Note that this is normal for the first batch of starting query.
[2026-10-08T08:15:12.267+0000] {subprocess.py:93} INFO - 26/10/08 08:15:12 WARN HDFSBackedStateStoreProvider: The state for version 2 doesn't exist in loadedMaps. Reading snapshot file and delta files if needed...Note that this is normal for the first batch of starting query.
[2026-10-08T08:15:12.295+0000] {subprocess.py:93} INFO - 26/10/08 08:15:12 WARN HDFSBackedStateStoreProvider: The state for version 2 doesn't exist in loadedMaps. Reading snapshot file and delta files if needed...Note that this is normal for the first batch of starting query.
[2026-10-08T08:15:12.306+0000] {subprocess.py:93} INFO - 26/10/08 08:15:12 WARN HDFSBackedStateStoreProvider: The state for version 2 doesn't exist in loadedMaps. Reading snapshot file and delta files if needed...Note that this is normal for the first batch of starting query.
[2026-10-08T08:15:12.316+0000] {subprocess.py:93} INFO - 26/10/08 08:15:12 WARN HDFSBackedStateStoreProvider: The state for version 2 doesn't exist in loadedMaps. Reading snapshot file and delta files if needed...Note that this is normal for the first batch of starting query.
[2026-10-08T08:15:12.327+0000] {subprocess.py:93} INFO - 26/10/08 08:15:12 WARN HDFSBackedStateStoreProvider: The state for version 2 doesn't exist in loadedMaps. Reading snapshot file and delta files if needed...Note that this is normal for the first batch of starting query.
[2026-10-08T08:15:12.366+0000] {subprocess.py:93} INFO - 26/10/08 08:15:12 WARN HDFSBackedStateStoreProvider: The state for version 2 doesn't exist in loadedMaps. Reading snapshot file and delta files if needed...Note that this is normal for the first batch of starting query.
[2026-10-08T08:15:12.385+0000] {subprocess.py:93} INFO - 26/10/08 08:15:12 WARN HDFSBackedStateStoreProvider: The state for version 2 doesn't exist in loadedMaps. Reading snapshot file and delta files if needed...Note that this is normal for the first batch of starting query.
[2026-10-08T08:15:12.896+0000] {subprocess.py:93} INFO - 26/10/08 08:15:12 WARN HDFSBackedStateStoreProvider: The state for version 2 doesn't exist in loadedMaps. Reading snapshot file and delta files if needed...Note that this is normal for the first batch of starting query.
[2026-10-08T08:15:13.099+0000] {subprocess.py:93} INFO - 26/10/08 08:15:13 WARN HDFSBackedStateStoreProvider: The state for version 2 doesn't exist in loadedMaps. Reading snapshot file and delta files if needed...Note that this is normal for the first batch of starting query.
[2026-10-08T08:15:13.186+0000] {subprocess.py:93} INFO - 26/10/08 08:15:13 WARN HDFSBackedStateStoreProvider: The state for version 2 doesn't exist in loadedMaps. Reading snapshot file and delta files if needed...Note that this is normal for the first batch of starting query.
[2026-10-08T08:15:13.240+0000] {subprocess.py:93} INFO - 26/10/08 08:15:13 WARN HDFSBackedStateStoreProvider: The state for version 2 doesn't exist in loadedMaps. Reading snapshot file and delta files if needed...Note that this is normal for the first batch of starting query.
[2026-10-08T08:15:13.280+0000] {subprocess.py:93} INFO - 26/10/08 08:15:13 WARN HDFSBackedStateStoreProvider: The state for version 2 doesn't exist in loadedMaps. Reading snapshot file and delta files if needed...Note that this is normal for the first batch of starting query.
[2026-10-08T08:15:13.316+0000] {subprocess.py:93} INFO - 26/10/08 08:15:13 WARN HDFSBackedStateStoreProvider: The state for version 2 doesn't exist in loadedMaps. Reading snapshot file and delta files if needed...Note that this is normal for the first batch of starting query.
[2026-10-08T08:15:13.343+0000] {subprocess.py:93} INFO - 26/10/08 08:15:13 WARN HDFSBackedStateStoreProvider: The state for version 2 doesn't exist in loadedMaps. Reading snapshot file and delta files if needed...Note that this is normal for the first batch of starting query.
[2026-10-08T08:15:13.375+0000] {subprocess.py:93} INFO - 26/10/08 08:15:13 WARN HDFSBackedStateStoreProvider: The state for version 2 doesn't exist in loadedMaps. Reading snapshot file and delta files if needed...Note that this is normal for the first batch of starting query.
[2026-10-08T08:15:13.399+0000] {subprocess.py:93} INFO - 26/10/08 08:15:13 WARN HDFSBackedStateStoreProvider: The state for version 2 doesn't exist in loadedMaps. Reading snapshot file and delta files if needed...Note that this is normal for the first batch of starting query.
[2026-10-08T08:15:13.419+0000] {subprocess.py:93} INFO - 26/10/08 08:15:13 WARN HDFSBackedStateStoreProvider: The state for version 2 doesn't exist in loadedMaps. Reading snapshot file and delta files if needed...Note that this is normal for the first batch of starting query.
[2026-10-08T08:15:13.443+0000] {subprocess.py:93} INFO - 26/10/08 08:15:13 WARN HDFSBackedStateStoreProvider: The state for version 2 doesn't exist in loadedMaps. Reading snapshot file and delta files if needed...Note that this is normal for the first batch of starting query.
[2026-10-08T08:15:13.459+0000] {subprocess.py:93} INFO - 26/10/08 08:15:13 WARN HDFSBackedStateStoreProvider: The state for version 2 doesn't exist in loadedMaps. Reading snapshot file and delta files if needed...Note that this is normal for the first batch of starting query.
[2026-10-08T08:15:13.480+0000] {subprocess.py:93} INFO - 26/10/08 08:15:13 WARN HDFSBackedStateStoreProvider: The state for version 2 doesn't exist in loadedMaps. Reading snapshot file and delta files if needed...Note that this is normal for the first batch of starting query.
[2026-10-08T08:15:13.500+0000] {subprocess.py:93} INFO - 26/10/08 08:15:13 WARN HDFSBackedStateStoreProvider: The state for version 2 doesn't exist in loadedMaps. Reading snapshot file and delta files if needed...Note that this is normal for the first batch of starting query.
[2026-10-08T08:15:13.518+0000] {subprocess.py:93} INFO - 26/10/08 08:15:13 WARN HDFSBackedStateStoreProvider: The state for version 2 doesn't exist in loadedMaps. Reading snapshot file and delta files if needed...Note that this is normal for the first batch of starting query.
[2026-10-08T08:15:13.543+0000] {subprocess.py:93} INFO - 26/10/08 08:15:13 WARN HDFSBackedStateStoreProvider: The state for version 2 doesn't exist in loadedMaps. Reading snapshot file and delta files if needed...Note that this is normal for the first batch of starting query.
[2026-10-08T08:15:14.030+0000] {subprocess.py:93} INFO - 26/10/08 08:15:14 WARN HDFSBackedStateStoreProvider: The state for version 2 doesn't exist in loadedMaps. Reading snapshot file and delta files if needed...Note that this is normal for the first batch of starting query.
[2026-10-08T08:15:14.197+0000] {subprocess.py:93} INFO - 26/10/08 08:15:14 WARN HDFSBackedStateStoreProvider: The state for version 2 doesn't exist in loadedMaps. Reading snapshot file and delta files if needed...Note that this is normal for the first batch of starting query.
[2026-10-08T08:15:14.245+0000] {subprocess.py:93} INFO - 26/10/08 08:15:14 WARN HDFSBackedStateStoreProvider: The state for version 2 doesn't exist in loadedMaps. Reading snapshot file and delta files if needed...Note that this is normal for the first batch of starting query.
[2026-10-08T08:15:14.354+0000] {subprocess.py:93} INFO - 26/10/08 08:15:14 WARN HDFSBackedStateStoreProvider: The state for version 2 doesn't exist in loadedMaps. Reading snapshot file and delta files if needed...Note that this is normal for the first batch of starting query.
[2026-10-08T08:15:14.391+0000] {subprocess.py:93} INFO - 26/10/08 08:15:14 WARN HDFSBackedStateStoreProvider: The state for version 2 doesn't exist in loadedMaps. Reading snapshot file and delta files if needed...Note that this is normal for the first batch of starting query.
[2026-10-08T08:15:14.416+0000] {subprocess.py:93} INFO - 26/10/08 08:15:14 WARN HDFSBackedStateStoreProvider: The state for version 2 doesn't exist in loadedMaps. Reading snapshot file and delta files if needed...Note that this is normal for the first batch of starting query.
[2026-10-08T08:15:14.436+0000] {subprocess.py:93} INFO - 26/10/08 08:15:14 WARN HDFSBackedStateStoreProvider: The state for version 2 doesn't exist in loadedMaps. Reading snapshot file and delta files if needed...Note that this is normal for the first batch of starting query.
[2026-10-08T08:15:14.455+0000] {subprocess.py:93} INFO - 26/10/08 08:15:14 WARN HDFSBackedStateStoreProvider: The state for version 2 doesn't exist in loadedMaps. Reading snapshot file and delta files if needed...Note that this is normal for the first batch of starting query.
[2026-10-08T08:15:14.476+0000] {subprocess.py:93} INFO - 26/10/08 08:15:14 WARN HDFSBackedStateStoreProvider: The state for version 2 doesn't exist in loadedMaps. Reading snapshot file and delta files if needed...Note that this is normal for the first batch of starting query.
[2026-10-08T08:15:14.519+0000] {subprocess.py:93} INFO - 26/10/08 08:15:14 WARN HDFSBackedStateStoreProvider: The state for version 2 doesn't exist in loadedMaps. Reading snapshot file and delta files if needed...Note that this is normal for the first batch of starting query.
[2026-10-08T08:15:14.552+0000] {subprocess.py:93} INFO - 26/10/08 08:15:14 WARN HDFSBackedStateStoreProvider: The state for version 2 doesn't exist in loadedMaps. Reading snapshot file and delta files if needed...Note that this is normal for the first batch of starting query.
[2026-10-08T08:15:14.575+0000] {subprocess.py:93} INFO - 26/10/08 08:15:14 WARN HDFSBackedStateStoreProvider: The state for version 2 doesn't exist in loadedMaps. Reading snapshot file and delta files if needed...Note that this is normal for the first batch of starting query.
[2026-10-08T08:15:14.601+0000] {subprocess.py:93} INFO - 26/10/08 08:15:14 WARN HDFSBackedStateStoreProvider: The state for version 2 doesn't exist in loadedMaps. Reading snapshot file and delta files if needed...Note that this is normal for the first batch of starting query.
[2026-10-08T08:15:14.625+0000] {subprocess.py:93} INFO - 26/10/08 08:15:14 WARN HDFSBackedStateStoreProvider: The state for version 2 doesn't exist in loadedMaps. Reading snapshot file and delta files if needed...Note that this is normal for the first batch of starting query.
[2026-10-08T08:15:14.651+0000] {subprocess.py:93} INFO - 26/10/08 08:15:14 WARN HDFSBackedStateStoreProvider: The state for version 2 doesn't exist in loadedMaps. Reading snapshot file and delta files if needed...Note that this is normal for the first batch of starting query.
[2026-10-08T08:15:14.695+0000] {subprocess.py:93} INFO - 26/10/08 08:15:14 WARN HDFSBackedStateStoreProvider: The state for version 2 doesn't exist in loadedMaps. Reading snapshot file and delta files if needed...Note that this is normal for the first batch of starting query.
[2026-10-08T08:15:15.031+0000] {subprocess.py:93} INFO - 26/10/08 08:15:15 WARN HDFSBackedStateStoreProvider: The state for version 2 doesn't exist in loadedMaps. Reading snapshot file and delta files if needed...Note that this is normal for the first batch of starting query.
[2026-10-08T08:15:15.314+0000] {subprocess.py:93} INFO - 26/10/08 08:15:15 WARN HDFSBackedStateStoreProvider: The state for version 2 doesn't exist in loadedMaps. Reading snapshot file and delta files if needed...Note that this is normal for the first batch of starting query.
[2026-10-08T08:15:15.350+0000] {subprocess.py:93} INFO - 26/10/08 08:15:15 WARN HDFSBackedStateStoreProvider: The state for version 2 doesn't exist in loadedMaps. Reading snapshot file and delta files if needed...Note that this is normal for the first batch of starting query.
[2026-10-08T08:15:15.423+0000] {subprocess.py:93} INFO - 26/10/08 08:15:15 WARN HDFSBackedStateStoreProvider: The state for version 2 doesn't exist in loadedMaps. Reading snapshot file and delta files if needed...Note that this is normal for the first batch of starting query.
[2026-10-08T08:15:15.474+0000] {subprocess.py:93} INFO - 26/10/08 08:15:15 WARN HDFSBackedStateStoreProvider: The state for version 2 doesn't exist in loadedMaps. Reading snapshot file and delta files if needed...Note that this is normal for the first batch of starting query.
[2026-10-08T08:15:15.502+0000] {subprocess.py:93} INFO - 26/10/08 08:15:15 WARN HDFSBackedStateStoreProvider: The state for version 2 doesn't exist in loadedMaps. Reading snapshot file and delta files if needed...Note that this is normal for the first batch of starting query.
[2026-10-08T08:15:15.541+0000] {subprocess.py:93} INFO - 26/10/08 08:15:15 WARN HDFSBackedStateStoreProvider: The state for version 2 doesn't exist in loadedMaps. Reading snapshot file and delta files if needed...Note that this is normal for the first batch of starting query.
[2026-10-08T08:15:15.563+0000] {subprocess.py:93} INFO - 26/10/08 08:15:15 WARN HDFSBackedStateStoreProvider: The state for version 2 doesn't exist in loadedMaps. Reading snapshot file and delta files if needed...Note that this is normal for the first batch of starting query.
[2026-10-08T08:15:15.597+0000] {subprocess.py:93} INFO - 26/10/08 08:15:15 WARN HDFSBackedStateStoreProvider: The state for version 2 doesn't exist in loadedMaps. Reading snapshot file and delta files if needed...Note that this is normal for the first batch of starting query.
[2026-10-08T08:15:15.617+0000] {subprocess.py:93} INFO - 26/10/08 08:15:15 WARN HDFSBackedStateStoreProvider: The state for version 2 doesn't exist in loadedMaps. Reading snapshot file and delta files if needed...Note that this is normal for the first batch of starting query.
[2026-10-08T08:15:15.635+0000] {subprocess.py:93} INFO - 26/10/08 08:15:15 WARN HDFSBackedStateStoreProvider: The state for version 2 doesn't exist in loadedMaps. Reading snapshot file and delta files if needed...Note that this is normal for the first batch of starting query.
[2026-10-08T08:15:15.652+0000] {subprocess.py:93} INFO - 26/10/08 08:15:15 WARN HDFSBackedStateStoreProvider: The state for version 2 doesn't exist in loadedMaps. Reading snapshot file and delta files if needed...Note that this is normal for the first batch of starting query.
[2026-10-08T08:15:15.670+0000] {subprocess.py:93} INFO - 26/10/08 08:15:15 WARN HDFSBackedStateStoreProvider: The state for version 2 doesn't exist in loadedMaps. Reading snapshot file and delta files if needed...Note that this is normal for the first batch of starting query.
[2026-10-08T08:15:15.683+0000] {subprocess.py:93} INFO - 26/10/08 08:15:15 WARN HDFSBackedStateStoreProvider: The state for version 2 doesn't exist in loadedMaps. Reading snapshot file and delta files if needed...Note that this is normal for the first batch of starting query.
[2026-10-08T08:15:15.712+0000] {subprocess.py:93} INFO - 26/10/08 08:15:15 WARN HDFSBackedStateStoreProvider: The state for version 2 doesn't exist in loadedMaps. Reading snapshot file and delta files if needed...Note that this is normal for the first batch of starting query.
[2026-10-08T08:15:15.745+0000] {subprocess.py:93} INFO - 26/10/08 08:15:15 WARN HDFSBackedStateStoreProvider: The state for version 2 doesn't exist in loadedMaps. Reading snapshot file and delta files if needed...Note that this is normal for the first batch of starting query.
[2026-10-08T08:15:15.938+0000] {subprocess.py:93} INFO - 26/10/08 08:15:15 WARN HDFSBackedStateStoreProvider: The state for version 2 doesn't exist in loadedMaps. Reading snapshot file and delta files if needed...Note that this is normal for the first batch of starting query.
[2026-10-08T08:15:16.124+0000] {subprocess.py:93} INFO - 26/10/08 08:15:16 WARN HDFSBackedStateStoreProvider: The state for version 2 doesn't exist in loadedMaps. Reading snapshot file and delta files if needed...Note that this is normal for the first batch of starting query.
[2026-10-08T08:15:16.398+0000] {subprocess.py:93} INFO - 26/10/08 08:15:16 WARN HDFSBackedStateStoreProvider: The state for version 2 doesn't exist in loadedMaps. Reading snapshot file and delta files if needed...Note that this is normal for the first batch of starting query.
[2026-10-08T08:15:16.508+0000] {subprocess.py:93} INFO - 26/10/08 08:15:16 WARN HDFSBackedStateStoreProvider: The state for version 2 doesn't exist in loadedMaps. Reading snapshot file and delta files if needed...Note that this is normal for the first batch of starting query.
[2026-10-08T08:15:16.533+0000] {subprocess.py:93} INFO - 26/10/08 08:15:16 WARN HDFSBackedStateStoreProvider: The state for version 2 doesn't exist in loadedMaps. Reading snapshot file and delta files if needed...Note that this is normal for the first batch of starting query.
[2026-10-08T08:15:16.585+0000] {subprocess.py:93} INFO - 26/10/08 08:15:16 WARN HDFSBackedStateStoreProvider: The state for version 2 doesn't exist in loadedMaps. Reading snapshot file and delta files if needed...Note that this is normal for the first batch of starting query.
[2026-10-08T08:15:16.606+0000] {subprocess.py:93} INFO - 26/10/08 08:15:16 WARN HDFSBackedStateStoreProvider: The state for version 2 doesn't exist in loadedMaps. Reading snapshot file and delta files if needed...Note that this is normal for the first batch of starting query.
[2026-10-08T08:15:16.629+0000] {subprocess.py:93} INFO - 26/10/08 08:15:16 WARN HDFSBackedStateStoreProvider: The state for version 2 doesn't exist in loadedMaps. Reading snapshot file and delta files if needed...Note that this is normal for the first batch of starting query.
[2026-10-08T08:15:16.652+0000] {subprocess.py:93} INFO - 26/10/08 08:15:16 WARN HDFSBackedStateStoreProvider: The state for version 2 doesn't exist in loadedMaps. Reading snapshot file and delta files if needed...Note that this is normal for the first batch of starting query.
[2026-10-08T08:15:16.675+0000] {subprocess.py:93} INFO - 26/10/08 08:15:16 WARN HDFSBackedStateStoreProvider: The state for version 2 doesn't exist in loadedMaps. Reading snapshot file and delta files if needed...Note that this is normal for the first batch of starting query.
[2026-10-08T08:15:16.692+0000] {subprocess.py:93} INFO - 26/10/08 08:15:16 WARN HDFSBackedStateStoreProvider: The state for version 2 doesn't exist in loadedMaps. Reading snapshot file and delta files if needed...Note that this is normal for the first batch of starting query.
[2026-10-08T08:15:16.724+0000] {subprocess.py:93} INFO - 26/10/08 08:15:16 WARN HDFSBackedStateStoreProvider: The state for version 2 doesn't exist in loadedMaps. Reading snapshot file and delta files if needed...Note that this is normal for the first batch of starting query.
[2026-10-08T08:15:16.744+0000] {subprocess.py:93} INFO - 26/10/08 08:15:16 WARN HDFSBackedStateStoreProvider: The state for version 2 doesn't exist in loadedMaps. Reading snapshot file and delta files if needed...Note that this is normal for the first batch of starting query.
[2026-10-08T08:15:16.764+0000] {subprocess.py:93} INFO - 26/10/08 08:15:16 WARN HDFSBackedStateStoreProvider: The state for version 2 doesn't exist in loadedMaps. Reading snapshot file and delta files if needed...Note that this is normal for the first batch of starting query.
[2026-10-08T08:15:16.789+0000] {subprocess.py:93} INFO - 26/10/08 08:15:16 WARN HDFSBackedStateStoreProvider: The state for version 2 doesn't exist in loadedMaps. Reading snapshot file and delta files if needed...Note that this is normal for the first batch of starting query.
[2026-10-08T08:15:16.814+0000] {subprocess.py:93} INFO - 26/10/08 08:15:16 WARN HDFSBackedStateStoreProvider: The state for version 2 doesn't exist in loadedMaps. Reading snapshot file and delta files if needed...Note that this is normal for the first batch of starting query.
[2026-10-08T08:15:16.912+0000] {subprocess.py:93} INFO - 26/10/08 08:15:16 WARN HDFSBackedStateStoreProvider: The state for version 2 doesn't exist in loadedMaps. Reading snapshot file and delta files if needed...Note that this is normal for the first batch of starting query.
[2026-10-08T08:15:17.130+0000] {subprocess.py:93} INFO - 26/10/08 08:15:17 WARN HDFSBackedStateStoreProvider: The state for version 2 doesn't exist in loadedMaps. Reading snapshot file and delta files if needed...Note that this is normal for the first batch of starting query.
[2026-10-08T08:15:17.430+0000] {subprocess.py:93} INFO - 26/10/08 08:15:17 WARN HDFSBackedStateStoreProvider: The state for version 2 doesn't exist in loadedMaps. Reading snapshot file and delta files if needed...Note that this is normal for the first batch of starting query.
[2026-10-08T08:15:17.468+0000] {subprocess.py:93} INFO - 26/10/08 08:15:17 WARN HDFSBackedStateStoreProvider: The state for version 2 doesn't exist in loadedMaps. Reading snapshot file and delta files if needed...Note that this is normal for the first batch of starting query.
[2026-10-08T08:15:17.496+0000] {subprocess.py:93} INFO - 26/10/08 08:15:17 WARN HDFSBackedStateStoreProvider: The state for version 2 doesn't exist in loadedMaps. Reading snapshot file and delta files if needed...Note that this is normal for the first batch of starting query.
[2026-10-08T08:15:17.520+0000] {subprocess.py:93} INFO - 26/10/08 08:15:17 WARN HDFSBackedStateStoreProvider: The state for version 2 doesn't exist in loadedMaps. Reading snapshot file and delta files if needed...Note that this is normal for the first batch of starting query.
[2026-10-08T08:15:17.546+0000] {subprocess.py:93} INFO - 26/10/08 08:15:17 WARN HDFSBackedStateStoreProvider: The state for version 2 doesn't exist in loadedMaps. Reading snapshot file and delta files if needed...Note that this is normal for the first batch of starting query.
[2026-10-08T08:15:17.560+0000] {subprocess.py:93} INFO - 26/10/08 08:15:17 WARN HDFSBackedStateStoreProvider: The state for version 2 doesn't exist in loadedMaps. Reading snapshot file and delta files if needed...Note that this is normal for the first batch of starting query.
[2026-10-08T08:15:17.576+0000] {subprocess.py:93} INFO - 26/10/08 08:15:17 WARN HDFSBackedStateStoreProvider: The state for version 2 doesn't exist in loadedMaps. Reading snapshot file and delta files if needed...Note that this is normal for the first batch of starting query.
[2026-10-08T08:15:17.594+0000] {subprocess.py:93} INFO - 26/10/08 08:15:17 WARN HDFSBackedStateStoreProvider: The state for version 2 doesn't exist in loadedMaps. Reading snapshot file and delta files if needed...Note that this is normal for the first batch of starting query.
[2026-10-08T08:15:17.628+0000] {subprocess.py:93} INFO - 26/10/08 08:15:17 WARN HDFSBackedStateStoreProvider: The state for version 2 doesn't exist in loadedMaps. Reading snapshot file and delta files if needed...Note that this is normal for the first batch of starting query.
[2026-10-08T08:15:17.647+0000] {subprocess.py:93} INFO - 26/10/08 08:15:17 WARN HDFSBackedStateStoreProvider: The state for version 2 doesn't exist in loadedMaps. Reading snapshot file and delta files if needed...Note that this is normal for the first batch of starting query.
[2026-10-08T08:15:17.663+0000] {subprocess.py:93} INFO - 26/10/08 08:15:17 WARN HDFSBackedStateStoreProvider: The state for version 2 doesn't exist in loadedMaps. Reading snapshot file and delta files if needed...Note that this is normal for the first batch of starting query.
[2026-10-08T08:15:17.698+0000] {subprocess.py:93} INFO - 26/10/08 08:15:17 WARN HDFSBackedStateStoreProvider: The state for version 2 doesn't exist in loadedMaps. Reading snapshot file and delta files if needed...Note that this is normal for the first batch of starting query.
[2026-10-08T08:15:17.714+0000] {subprocess.py:93} INFO - 26/10/08 08:15:17 WARN HDFSBackedStateStoreProvider: The state for version 2 doesn't exist in loadedMaps. Reading snapshot file and delta files if needed...Note that this is normal for the first batch of starting query.
[2026-10-08T08:15:17.737+0000] {subprocess.py:93} INFO - 26/10/08 08:15:17 WARN HDFSBackedStateStoreProvider: The state for version 2 doesn't exist in loadedMaps. Reading snapshot file and delta files if needed...Note that this is normal for the first batch of starting query.
[2026-10-08T08:15:17.773+0000] {subprocess.py:93} INFO - 26/10/08 08:15:17 WARN HDFSBackedStateStoreProvider: The state for version 2 doesn't exist in loadedMaps. Reading snapshot file and delta files if needed...Note that this is normal for the first batch of starting query.
[2026-10-08T08:15:17.965+0000] {subprocess.py:93} INFO - 26/10/08 08:15:17 WARN HDFSBackedStateStoreProvider: The state for version 2 doesn't exist in loadedMaps. Reading snapshot file and delta files if needed...Note that this is normal for the first batch of starting query.
[2026-10-08T08:15:18.298+0000] {subprocess.py:93} INFO - 26/10/08 08:15:18 WARN HDFSBackedStateStoreProvider: The state for version 2 doesn't exist in loadedMaps. Reading snapshot file and delta files if needed...Note that this is normal for the first batch of starting query.
[2026-10-08T08:15:18.334+0000] {subprocess.py:93} INFO - 26/10/08 08:15:18 WARN HDFSBackedStateStoreProvider: The state for version 2 doesn't exist in loadedMaps. Reading snapshot file and delta files if needed...Note that this is normal for the first batch of starting query.
[2026-10-08T08:15:18.358+0000] {subprocess.py:93} INFO - 26/10/08 08:15:18 WARN HDFSBackedStateStoreProvider: The state for version 2 doesn't exist in loadedMaps. Reading snapshot file and delta files if needed...Note that this is normal for the first batch of starting query.
[2026-10-08T08:15:18.436+0000] {subprocess.py:93} INFO - 26/10/08 08:15:18 WARN HDFSBackedStateStoreProvider: The state for version 2 doesn't exist in loadedMaps. Reading snapshot file and delta files if needed...Note that this is normal for the first batch of starting query.
[2026-10-08T08:15:18.463+0000] {subprocess.py:93} INFO - 26/10/08 08:15:18 WARN HDFSBackedStateStoreProvider: The state for version 2 doesn't exist in loadedMaps. Reading snapshot file and delta files if needed...Note that this is normal for the first batch of starting query.
[2026-10-08T08:15:18.491+0000] {subprocess.py:93} INFO - 26/10/08 08:15:18 WARN HDFSBackedStateStoreProvider: The state for version 2 doesn't exist in loadedMaps. Reading snapshot file and delta files if needed...Note that this is normal for the first batch of starting query.
[2026-10-08T08:15:18.526+0000] {subprocess.py:93} INFO - 26/10/08 08:15:18 WARN HDFSBackedStateStoreProvider: The state for version 2 doesn't exist in loadedMaps. Reading snapshot file and delta files if needed...Note that this is normal for the first batch of starting query.
[2026-10-08T08:15:18.553+0000] {subprocess.py:93} INFO - 26/10/08 08:15:18 WARN HDFSBackedStateStoreProvider: The state for version 2 doesn't exist in loadedMaps. Reading snapshot file and delta files if needed...Note that this is normal for the first batch of starting query.
[2026-10-08T08:15:18.594+0000] {subprocess.py:93} INFO - 26/10/08 08:15:18 WARN HDFSBackedStateStoreProvider: The state for version 2 doesn't exist in loadedMaps. Reading snapshot file and delta files if needed...Note that this is normal for the first batch of starting query.
[2026-10-08T08:15:18.617+0000] {subprocess.py:93} INFO - 26/10/08 08:15:18 WARN HDFSBackedStateStoreProvider: The state for version 2 doesn't exist in loadedMaps. Reading snapshot file and delta files if needed...Note that this is normal for the first batch of starting query.
[2026-10-08T08:15:18.652+0000] {subprocess.py:93} INFO - 26/10/08 08:15:18 WARN HDFSBackedStateStoreProvider: The state for version 2 doesn't exist in loadedMaps. Reading snapshot file and delta files if needed...Note that this is normal for the first batch of starting query.
[2026-10-08T08:15:18.672+0000] {subprocess.py:93} INFO - 26/10/08 08:15:18 WARN HDFSBackedStateStoreProvider: The state for version 2 doesn't exist in loadedMaps. Reading snapshot file and delta files if needed...Note that this is normal for the first batch of starting query.
[2026-10-08T08:15:18.704+0000] {subprocess.py:93} INFO - 26/10/08 08:15:18 WARN HDFSBackedStateStoreProvider: The state for version 2 doesn't exist in loadedMaps. Reading snapshot file and delta files if needed...Note that this is normal for the first batch of starting query.
[2026-10-08T08:15:18.734+0000] {subprocess.py:93} INFO - 26/10/08 08:15:18 WARN HDFSBackedStateStoreProvider: The state for version 2 doesn't exist in loadedMaps. Reading snapshot file and delta files if needed...Note that this is normal for the first batch of starting query.
[2026-10-08T08:15:18.803+0000] {subprocess.py:93} INFO - 26/10/08 08:15:18 WARN HDFSBackedStateStoreProvider: The state for version 2 doesn't exist in loadedMaps. Reading snapshot file and delta files if needed...Note that this is normal for the first batch of starting query.
[2026-10-08T08:15:18.851+0000] {subprocess.py:93} INFO - 26/10/08 08:15:18 WARN HDFSBackedStateStoreProvider: The state for version 2 doesn't exist in loadedMaps. Reading snapshot file and delta files if needed...Note that this is normal for the first batch of starting query.
[2026-10-08T08:15:19.501+0000] {subprocess.py:93} INFO - 26/10/08 08:15:19 WARN HDFSBackedStateStoreProvider: The state for version 2 doesn't exist in loadedMaps. Reading snapshot file and delta files if needed...Note that this is normal for the first batch of starting query.
[2026-10-08T08:15:19.552+0000] {subprocess.py:93} INFO - 26/10/08 08:15:19 WARN HDFSBackedStateStoreProvider: The state for version 2 doesn't exist in loadedMaps. Reading snapshot file and delta files if needed...Note that this is normal for the first batch of starting query.
[2026-10-08T08:15:19.602+0000] {subprocess.py:93} INFO - 26/10/08 08:15:19 WARN HDFSBackedStateStoreProvider: The state for version 2 doesn't exist in loadedMaps. Reading snapshot file and delta files if needed...Note that this is normal for the first batch of starting query.
[2026-10-08T08:15:19.649+0000] {subprocess.py:93} INFO - 26/10/08 08:15:19 WARN HDFSBackedStateStoreProvider: The state for version 2 doesn't exist in loadedMaps. Reading snapshot file and delta files if needed...Note that this is normal for the first batch of starting query.
[2026-10-08T08:15:19.711+0000] {subprocess.py:93} INFO - 26/10/08 08:15:19 WARN HDFSBackedStateStoreProvider: The state for version 2 doesn't exist in loadedMaps. Reading snapshot file and delta files if needed...Note that this is normal for the first batch of starting query.
[2026-10-08T08:15:19.766+0000] {subprocess.py:93} INFO - 26/10/08 08:15:19 WARN HDFSBackedStateStoreProvider: The state for version 2 doesn't exist in loadedMaps. Reading snapshot file and delta files if needed...Note that this is normal for the first batch of starting query.
[2026-10-08T08:15:19.787+0000] {subprocess.py:93} INFO - 26/10/08 08:15:19 WARN HDFSBackedStateStoreProvider: The state for version 2 doesn't exist in loadedMaps. Reading snapshot file and delta files if needed...Note that this is normal for the first batch of starting query.
[2026-10-08T08:15:19.821+0000] {subprocess.py:93} INFO - 26/10/08 08:15:19 WARN HDFSBackedStateStoreProvider: The state for version 2 doesn't exist in loadedMaps. Reading snapshot file and delta files if needed...Note that this is normal for the first batch of starting query.
[2026-10-08T08:15:19.847+0000] {subprocess.py:93} INFO - 26/10/08 08:15:19 WARN HDFSBackedStateStoreProvider: The state for version 2 doesn't exist in loadedMaps. Reading snapshot file and delta files if needed...Note that this is normal for the first batch of starting query.
[2026-10-08T08:15:19.868+0000] {subprocess.py:93} INFO - 26/10/08 08:15:19 WARN HDFSBackedStateStoreProvider: The state for version 2 doesn't exist in loadedMaps. Reading snapshot file and delta files if needed...Note that this is normal for the first batch of starting query.
[2026-10-08T08:15:19.891+0000] {subprocess.py:93} INFO - 26/10/08 08:15:19 WARN HDFSBackedStateStoreProvider: The state for version 2 doesn't exist in loadedMaps. Reading snapshot file and delta files if needed...Note that this is normal for the first batch of starting query.
[2026-10-08T08:15:19.906+0000] {subprocess.py:93} INFO - 26/10/08 08:15:19 WARN HDFSBackedStateStoreProvider: The state for version 2 doesn't exist in loadedMaps. Reading snapshot file and delta files if needed...Note that this is normal for the first batch of starting query.
[2026-10-08T08:15:19.925+0000] {subprocess.py:93} INFO - 26/10/08 08:15:19 WARN HDFSBackedStateStoreProvider: The state for version 2 doesn't exist in loadedMaps. Reading snapshot file and delta files if needed...Note that this is normal for the first batch of starting query.
[2026-10-08T08:15:19.959+0000] {subprocess.py:93} INFO - 26/10/08 08:15:19 WARN HDFSBackedStateStoreProvider: The state for version 2 doesn't exist in loadedMaps. Reading snapshot file and delta files if needed...Note that this is normal for the first batch of starting query.
[2026-10-08T08:15:19.978+0000] {subprocess.py:93} INFO - 26/10/08 08:15:19 WARN HDFSBackedStateStoreProvider: The state for version 2 doesn't exist in loadedMaps. Reading snapshot file and delta files if needed...Note that this is normal for the first batch of starting query.
[2026-10-08T08:15:20.023+0000] {subprocess.py:93} INFO - 26/10/08 08:15:20 WARN HDFSBackedStateStoreProvider: The state for version 2 doesn't exist in loadedMaps. Reading snapshot file and delta files if needed...Note that this is normal for the first batch of starting query.
[2026-10-08T08:15:20.478+0000] {subprocess.py:93} INFO - 26/10/08 08:15:20 WARN HDFSBackedStateStoreProvider: The state for version 2 doesn't exist in loadedMaps. Reading snapshot file and delta files if needed...Note that this is normal for the first batch of starting query.
[2026-10-08T08:15:20.514+0000] {subprocess.py:93} INFO - 26/10/08 08:15:20 WARN HDFSBackedStateStoreProvider: The state for version 2 doesn't exist in loadedMaps. Reading snapshot file and delta files if needed...Note that this is normal for the first batch of starting query.
[2026-10-08T08:15:20.548+0000] {subprocess.py:93} INFO - 26/10/08 08:15:20 WARN HDFSBackedStateStoreProvider: The state for version 2 doesn't exist in loadedMaps. Reading snapshot file and delta files if needed...Note that this is normal for the first batch of starting query.
[2026-10-08T08:15:20.655+0000] {subprocess.py:93} INFO - 26/10/08 08:15:20 WARN HDFSBackedStateStoreProvider: The state for version 2 doesn't exist in loadedMaps. Reading snapshot file and delta files if needed...Note that this is normal for the first batch of starting query.
[2026-10-08T08:15:20.704+0000] {subprocess.py:93} INFO - 26/10/08 08:15:20 WARN HDFSBackedStateStoreProvider: The state for version 2 doesn't exist in loadedMaps. Reading snapshot file and delta files if needed...Note that this is normal for the first batch of starting query.
[2026-10-08T08:15:20.766+0000] {subprocess.py:93} INFO - 26/10/08 08:15:20 WARN HDFSBackedStateStoreProvider: The state for version 2 doesn't exist in loadedMaps. Reading snapshot file and delta files if needed...Note that this is normal for the first batch of starting query.
[2026-10-08T08:15:20.800+0000] {subprocess.py:93} INFO - 26/10/08 08:15:20 WARN HDFSBackedStateStoreProvider: The state for version 2 doesn't exist in loadedMaps. Reading snapshot file and delta files if needed...Note that this is normal for the first batch of starting query.
[2026-10-08T08:15:20.845+0000] {subprocess.py:93} INFO - 26/10/08 08:15:20 WARN HDFSBackedStateStoreProvider: The state for version 2 doesn't exist in loadedMaps. Reading snapshot file and delta files if needed...Note that this is normal for the first batch of starting query.
[2026-10-08T08:15:20.884+0000] {subprocess.py:93} INFO - 26/10/08 08:15:20 WARN HDFSBackedStateStoreProvider: The state for version 2 doesn't exist in loadedMaps. Reading snapshot file and delta files if needed...Note that this is normal for the first batch of starting query.
[2026-10-08T08:15:20.911+0000] {subprocess.py:93} INFO - 26/10/08 08:15:20 WARN HDFSBackedStateStoreProvider: The state for version 2 doesn't exist in loadedMaps. Reading snapshot file and delta files if needed...Note that this is normal for the first batch of starting query.
[2026-10-08T08:15:20.942+0000] {subprocess.py:93} INFO - 26/10/08 08:15:20 WARN HDFSBackedStateStoreProvider: The state for version 2 doesn't exist in loadedMaps. Reading snapshot file and delta files if needed...Note that this is normal for the first batch of starting query.
[2026-10-08T08:15:20.998+0000] {subprocess.py:93} INFO - 26/10/08 08:15:20 WARN HDFSBackedStateStoreProvider: The state for version 2 doesn't exist in loadedMaps. Reading snapshot file and delta files if needed...Note that this is normal for the first batch of starting query.
[2026-10-08T08:15:21.025+0000] {subprocess.py:93} INFO - 26/10/08 08:15:21 WARN HDFSBackedStateStoreProvider: The state for version 2 doesn't exist in loadedMaps. Reading snapshot file and delta files if needed...Note that this is normal for the first batch of starting query.
[2026-10-08T08:15:21.053+0000] {subprocess.py:93} INFO - 26/10/08 08:15:21 WARN HDFSBackedStateStoreProvider: The state for version 2 doesn't exist in loadedMaps. Reading snapshot file and delta files if needed...Note that this is normal for the first batch of starting query.
[2026-10-08T08:15:21.108+0000] {subprocess.py:93} INFO - 26/10/08 08:15:21 WARN HDFSBackedStateStoreProvider: The state for version 2 doesn't exist in loadedMaps. Reading snapshot file and delta files if needed...Note that this is normal for the first batch of starting query.
[2026-10-08T08:15:21.144+0000] {subprocess.py:93} INFO - 26/10/08 08:15:21 WARN HDFSBackedStateStoreProvider: The state for version 2 doesn't exist in loadedMaps. Reading snapshot file and delta files if needed...Note that this is normal for the first batch of starting query.
[2026-10-08T08:15:21.530+0000] {subprocess.py:93} INFO - 26/10/08 08:15:21 WARN HDFSBackedStateStoreProvider: The state for version 2 doesn't exist in loadedMaps. Reading snapshot file and delta files if needed...Note that this is normal for the first batch of starting query.
[2026-10-08T08:15:21.600+0000] {subprocess.py:93} INFO - 26/10/08 08:15:21 WARN HDFSBackedStateStoreProvider: The state for version 2 doesn't exist in loadedMaps. Reading snapshot file and delta files if needed...Note that this is normal for the first batch of starting query.
[2026-10-08T08:15:21.652+0000] {subprocess.py:93} INFO - 26/10/08 08:15:21 WARN HDFSBackedStateStoreProvider: The state for version 2 doesn't exist in loadedMaps. Reading snapshot file and delta files if needed...Note that this is normal for the first batch of starting query.
[2026-10-08T08:15:22.166+0000] {subprocess.py:93} INFO - 26/10/08 08:15:22 WARN HDFSBackedStateStoreProvider: The state for version 2 doesn't exist in loadedMaps. Reading snapshot file and delta files if needed...Note that this is normal for the first batch of starting query.
[2026-10-08T08:15:22.311+0000] {subprocess.py:93} INFO - 26/10/08 08:15:22 WARN HDFSBackedStateStoreProvider: The state for version 2 doesn't exist in loadedMaps. Reading snapshot file and delta files if needed...Note that this is normal for the first batch of starting query.
[2026-10-08T08:15:22.330+0000] {subprocess.py:93} INFO - 26/10/08 08:15:22 WARN HDFSBackedStateStoreProvider: The state for version 2 doesn't exist in loadedMaps. Reading snapshot file and delta files if needed...Note that this is normal for the first batch of starting query.
[2026-10-08T08:15:22.359+0000] {subprocess.py:93} INFO - 26/10/08 08:15:22 WARN HDFSBackedStateStoreProvider: The state for version 2 doesn't exist in loadedMaps. Reading snapshot file and delta files if needed...Note that this is normal for the first batch of starting query.
[2026-10-08T08:15:22.393+0000] {subprocess.py:93} INFO - 26/10/08 08:15:22 WARN HDFSBackedStateStoreProvider: The state for version 2 doesn't exist in loadedMaps. Reading snapshot file and delta files if needed...Note that this is normal for the first batch of starting query.
[2026-10-08T08:15:22.420+0000] {subprocess.py:93} INFO - 26/10/08 08:15:22 WARN HDFSBackedStateStoreProvider: The state for version 2 doesn't exist in loadedMaps. Reading snapshot file and delta files if needed...Note that this is normal for the first batch of starting query.
[2026-10-08T08:15:22.437+0000] {subprocess.py:93} INFO - 26/10/08 08:15:22 WARN HDFSBackedStateStoreProvider: The state for version 2 doesn't exist in loadedMaps. Reading snapshot file and delta files if needed...Note that this is normal for the first batch of starting query.
[2026-10-08T08:15:22.461+0000] {subprocess.py:93} INFO - 26/10/08 08:15:22 WARN HDFSBackedStateStoreProvider: The state for version 2 doesn't exist in loadedMaps. Reading snapshot file and delta files if needed...Note that this is normal for the first batch of starting query.
[2026-10-08T08:15:22.489+0000] {subprocess.py:93} INFO - 26/10/08 08:15:22 WARN HDFSBackedStateStoreProvider: The state for version 2 doesn't exist in loadedMaps. Reading snapshot file and delta files if needed...Note that this is normal for the first batch of starting query.
[2026-10-08T08:15:22.505+0000] {subprocess.py:93} INFO - 26/10/08 08:15:22 WARN HDFSBackedStateStoreProvider: The state for version 2 doesn't exist in loadedMaps. Reading snapshot file and delta files if needed...Note that this is normal for the first batch of starting query.
[2026-10-08T08:15:22.523+0000] {subprocess.py:93} INFO - 26/10/08 08:15:22 WARN HDFSBackedStateStoreProvider: The state for version 2 doesn't exist in loadedMaps. Reading snapshot file and delta files if needed...Note that this is normal for the first batch of starting query.
[2026-10-08T08:15:22.553+0000] {subprocess.py:93} INFO - 26/10/08 08:15:22 WARN HDFSBackedStateStoreProvider: The state for version 2 doesn't exist in loadedMaps. Reading snapshot file and delta files if needed...Note that this is normal for the first batch of starting query.
[2026-10-08T08:15:22.581+0000] {subprocess.py:93} INFO - 26/10/08 08:15:22 WARN HDFSBackedStateStoreProvider: The state for version 2 doesn't exist in loadedMaps. Reading snapshot file and delta files if needed...Note that this is normal for the first batch of starting query.
[2026-10-08T08:15:22.726+0000] {subprocess.py:93} INFO - 26/10/08 08:15:22 WARN HDFSBackedStateStoreProvider: The state for version 2 doesn't exist in loadedMaps. Reading snapshot file and delta files if needed...Note that this is normal for the first batch of starting query.
[2026-10-08T08:15:22.763+0000] {subprocess.py:93} INFO - 26/10/08 08:15:22 WARN HDFSBackedStateStoreProvider: The state for version 2 doesn't exist in loadedMaps. Reading snapshot file and delta files if needed...Note that this is normal for the first batch of starting query.
[2026-10-08T08:15:22.937+0000] {subprocess.py:93} INFO - 26/10/08 08:15:22 WARN HDFSBackedStateStoreProvider: The state for version 2 doesn't exist in loadedMaps. Reading snapshot file and delta files if needed...Note that this is normal for the first batch of starting query.
[2026-10-08T08:15:23.303+0000] {subprocess.py:93} INFO - 26/10/08 08:15:23 WARN HDFSBackedStateStoreProvider: The state for version 2 doesn't exist in loadedMaps. Reading snapshot file and delta files if needed...Note that this is normal for the first batch of starting query.
[2026-10-08T08:15:23.330+0000] {subprocess.py:93} INFO - 26/10/08 08:15:23 WARN HDFSBackedStateStoreProvider: The state for version 2 doesn't exist in loadedMaps. Reading snapshot file and delta files if needed...Note that this is normal for the first batch of starting query.
[2026-10-08T08:15:23.358+0000] {subprocess.py:93} INFO - 26/10/08 08:15:23 WARN HDFSBackedStateStoreProvider: The state for version 2 doesn't exist in loadedMaps. Reading snapshot file and delta files if needed...Note that this is normal for the first batch of starting query.
[2026-10-08T08:15:23.449+0000] {subprocess.py:93} INFO - 26/10/08 08:15:23 WARN HDFSBackedStateStoreProvider: The state for version 2 doesn't exist in loadedMaps. Reading snapshot file and delta files if needed...Note that this is normal for the first batch of starting query.
[2026-10-08T08:15:23.486+0000] {subprocess.py:93} INFO - 26/10/08 08:15:23 WARN HDFSBackedStateStoreProvider: The state for version 2 doesn't exist in loadedMaps. Reading snapshot file and delta files if needed...Note that this is normal for the first batch of starting query.
[2026-10-08T08:15:23.519+0000] {subprocess.py:93} INFO - 26/10/08 08:15:23 WARN HDFSBackedStateStoreProvider: The state for version 2 doesn't exist in loadedMaps. Reading snapshot file and delta files if needed...Note that this is normal for the first batch of starting query.
[2026-10-08T08:15:23.554+0000] {subprocess.py:93} INFO - 26/10/08 08:15:23 WARN HDFSBackedStateStoreProvider: The state for version 2 doesn't exist in loadedMaps. Reading snapshot file and delta files if needed...Note that this is normal for the first batch of starting query.
[2026-10-08T08:15:23.773+0000] {subprocess.py:93} INFO - 26/10/08 08:15:23 WARN HDFSBackedStateStoreProvider: The state for version 2 doesn't exist in loadedMaps. Reading snapshot file and delta files if needed...Note that this is normal for the first batch of starting query.
[2026-10-08T08:15:23.801+0000] {subprocess.py:93} INFO - 26/10/08 08:15:23 WARN HDFSBackedStateStoreProvider: The state for version 2 doesn't exist in loadedMaps. Reading snapshot file and delta files if needed...Note that this is normal for the first batch of starting query.
[2026-10-08T08:15:23.832+0000] {subprocess.py:93} INFO - 26/10/08 08:15:23 WARN HDFSBackedStateStoreProvider: The state for version 2 doesn't exist in loadedMaps. Reading snapshot file and delta files if needed...Note that this is normal for the first batch of starting query.
[2026-10-08T08:15:23.937+0000] {subprocess.py:93} INFO - 26/10/08 08:15:23 WARN HDFSBackedStateStoreProvider: The state for version 2 doesn't exist in loadedMaps. Reading snapshot file and delta files if needed...Note that this is normal for the first batch of starting query.
[2026-10-08T08:15:23.981+0000] {subprocess.py:93} INFO - 26/10/08 08:15:23 WARN HDFSBackedStateStoreProvider: The state for version 2 doesn't exist in loadedMaps. Reading snapshot file and delta files if needed...Note that this is normal for the first batch of starting query.
[2026-10-08T08:15:24.002+0000] {subprocess.py:93} INFO - 26/10/08 08:15:23 WARN HDFSBackedStateStoreProvider: The state for version 2 doesn't exist in loadedMaps. Reading snapshot file and delta files if needed...Note that this is normal for the first batch of starting query.
[2026-10-08T08:15:24.029+0000] {subprocess.py:93} INFO - 26/10/08 08:15:24 WARN HDFSBackedStateStoreProvider: The state for version 2 doesn't exist in loadedMaps. Reading snapshot file and delta files if needed...Note that this is normal for the first batch of starting query.
[2026-10-08T08:15:24.060+0000] {subprocess.py:93} INFO - 26/10/08 08:15:24 WARN HDFSBackedStateStoreProvider: The state for version 2 doesn't exist in loadedMaps. Reading snapshot file and delta files if needed...Note that this is normal for the first batch of starting query.
[2026-10-08T08:15:24.092+0000] {subprocess.py:93} INFO - 26/10/08 08:15:24 WARN HDFSBackedStateStoreProvider: The state for version 2 doesn't exist in loadedMaps. Reading snapshot file and delta files if needed...Note that this is normal for the first batch of starting query.
[2026-10-08T08:15:24.478+0000] {subprocess.py:93} INFO - 26/10/08 08:15:24 WARN HDFSBackedStateStoreProvider: The state for version 2 doesn't exist in loadedMaps. Reading snapshot file and delta files if needed...Note that this is normal for the first batch of starting query.
[2026-10-08T08:15:24.527+0000] {subprocess.py:93} INFO - 26/10/08 08:15:24 WARN HDFSBackedStateStoreProvider: The state for version 2 doesn't exist in loadedMaps. Reading snapshot file and delta files if needed...Note that this is normal for the first batch of starting query.
[2026-10-08T08:15:24.549+0000] {subprocess.py:93} INFO - 26/10/08 08:15:24 WARN HDFSBackedStateStoreProvider: The state for version 2 doesn't exist in loadedMaps. Reading snapshot file and delta files if needed...Note that this is normal for the first batch of starting query.
[2026-10-08T08:15:24.597+0000] {subprocess.py:93} INFO - 26/10/08 08:15:24 WARN HDFSBackedStateStoreProvider: The state for version 2 doesn't exist in loadedMaps. Reading snapshot file and delta files if needed...Note that this is normal for the first batch of starting query.
[2026-10-08T08:15:38.201+0000] {subprocess.py:97} INFO - Command exited with return code 0
[2026-10-08T08:15:38.208+0000] {taskinstance.py:441} INFO - ::group::Post task execution logs
[2026-10-08T08:15:38.323+0000] {taskinstance.py:1206} INFO - Marking task as SUCCESS. dag_id=daily_summary_dag, task_id=run_daily_summary_job, run_id=scheduled__2026-10-07T00:00:00+00:00, execution_date=20261007T000000, start_date=20261008T081446, end_date=20261008T081538
[2026-10-08T08:15:38.423+0000] {local_task_job_runner.py:243} INFO - Task exited with return code 0
[2026-10-08T08:15:38.491+0000] {taskinstance.py:3503} INFO - 1 downstream tasks scheduled from follow-on schedule check
[2026-10-08T08:15:38.498+0000] {local_task_job_runner.py:222} INFO - ::endgroup::
